{
  "type": "FeatureCollection",
  "features": [
    {
      "type": "Feature",
      "geometry": {
        "type": "Point",
        "coordinates": [
          2.2879055,
          48.8624983
        ]
      },
      "properties": {
        "id": "mymaps:16UuI7FsZ44eye0vxkXhEnBNu44I2NqE:bb9c83b6e1b5a4798e2e",
        "sourceKey": "mymaps:16UuI7FsZ44eye0vxkXhEnBNu44I2NqE:bb9c83b6e1b5a4798e2e",
        "name": "铁塔观景平台\n鐵塔觀景平台",
        "category": "2023 Paris Japan Expo",
        "subcategory": "2023 Paris Japan Expo",
        "categoryColor": "#3b82f6",
        "address": "",
        "sceneTitle": "铁塔观景平台\n鐵塔觀景平台",
        "sceneNote": "credit to @geniustracy on ins",
        "sourceLabel": "FULL of Sakurazaka46 OVERSEA Map",
        "sourceUrl": "https://www.google.com/maps/d/viewer?mid=16UuI7FsZ44eye0vxkXhEnBNu44I2NqE",
        "referenceUrl": "https://www.google.com/maps/d/viewer?mid=16UuI7FsZ44eye0vxkXhEnBNu44I2NqE",
        "tags": [
          "海外",
          "2023 Paris Japan Expo"
        ],
        "images": [],
        "members": [],
        "source": {
          "provider": "FULL of Sakurazaka46 OVERSEA Map",
          "url": "https://www.google.com/maps/d/viewer?mid=16UuI7FsZ44eye0vxkXhEnBNu44I2NqE",
          "mapId": "16UuI7FsZ44eye0vxkXhEnBNu44I2NqE",
          "layer": "2023 Paris Japan Expo",
          "tags": [
            "海外",
            "2023 Paris Japan Expo"
          ],
          "name": "铁塔观景平台\n鐵塔觀景平台"
        },
        "classification": {
          "category": "2023 Paris Japan Expo",
          "subcategory": "2023 Paris Japan Expo",
          "method": "source-layer",
          "status": "source"
        },
        "classificationCandidates": {
          "members": [],
          "projects": [],
          "contentTypes": []
        }
      }
    },
    {
      "type": "Feature",
      "geometry": {
        "type": "Point",
        "coordinates": [
          2.3557635,
          48.8520675
        ]
      },
      "properties": {
        "id": "mymaps:16UuI7FsZ44eye0vxkXhEnBNu44I2NqE:f128ca7f4e6aab9ff689",
        "sourceKey": "mymaps:16UuI7FsZ44eye0vxkXhEnBNu44I2NqE:f128ca7f4e6aab9ff689",
        "name": "冰淇凌店\n雪糕店",
        "category": "2023 Paris Japan Expo",
        "subcategory": "2023 Paris Japan Expo",
        "categoryColor": "#3b82f6",
        "address": "",
        "sceneTitle": "冰淇凌店\n雪糕店",
        "sceneNote": "credit to @geniustracy on ins",
        "sourceLabel": "FULL of Sakurazaka46 OVERSEA Map",
        "sourceUrl": "https://www.google.com/maps/d/viewer?mid=16UuI7FsZ44eye0vxkXhEnBNu44I2NqE",
        "referenceUrl": "https://www.google.com/maps/d/viewer?mid=16UuI7FsZ44eye0vxkXhEnBNu44I2NqE",
        "tags": [
          "海外",
          "2023 Paris Japan Expo"
        ],
        "images": [],
        "members": [],
        "source": {
          "provider": "FULL of Sakurazaka46 OVERSEA Map",
          "url": "https://www.google.com/maps/d/viewer?mid=16UuI7FsZ44eye0vxkXhEnBNu44I2NqE",
          "mapId": "16UuI7FsZ44eye0vxkXhEnBNu44I2NqE",
          "layer": "2023 Paris Japan Expo",
          "tags": [
            "海外",
            "2023 Paris Japan Expo"
          ],
          "name": "冰淇凌店\n雪糕店"
        },
        "classification": {
          "category": "2023 Paris Japan Expo",
          "subcategory": "2023 Paris Japan Expo",
          "method": "source-layer",
          "status": "source"
        },
        "classificationCandidates": {
          "members": [],
          "projects": [],
          "contentTypes": []
        }
      }
    },
    {
      "type": "Feature",
      "geometry": {
        "type": "Point",
        "coordinates": [
          2.2845602,
          48.8775471
        ]
      },
      "properties": {
        "id": "mymaps:16UuI7FsZ44eye0vxkXhEnBNu44I2NqE:6638115fd76ce04c3bb3",
        "sourceKey": "mymaps:16UuI7FsZ44eye0vxkXhEnBNu44I2NqE:6638115fd76ce04c3bb3",
        "name": "开头成员们一起吃的餐厅",
        "category": "2023 Paris Japan Expo",
        "subcategory": "2023 Paris Japan Expo",
        "categoryColor": "#3b82f6",
        "address": "",
        "sceneTitle": "开头成员们一起吃的餐厅",
        "sceneNote": "credit to @geniustracy on ins",
        "sourceLabel": "FULL of Sakurazaka46 OVERSEA Map",
        "sourceUrl": "https://www.google.com/maps/d/viewer?mid=16UuI7FsZ44eye0vxkXhEnBNu44I2NqE",
        "referenceUrl": "https://www.google.com/maps/d/viewer?mid=16UuI7FsZ44eye0vxkXhEnBNu44I2NqE",
        "tags": [
          "海外",
          "2023 Paris Japan Expo"
        ],
        "images": [
          "https://pub-6d7574c4452b41519ab8adf1541d7f9e.r2.dev/seichi/oversea/3AAjQbR5F9Iw89MUnNh6qhdkFEg79idCc3gey9RT_dcac5b5b.png"
        ],
        "members": [],
        "source": {
          "provider": "FULL of Sakurazaka46 OVERSEA Map",
          "url": "https://www.google.com/maps/d/viewer?mid=16UuI7FsZ44eye0vxkXhEnBNu44I2NqE",
          "mapId": "16UuI7FsZ44eye0vxkXhEnBNu44I2NqE",
          "layer": "2023 Paris Japan Expo",
          "tags": [
            "海外",
            "2023 Paris Japan Expo"
          ],
          "name": "开头成员们一起吃的餐厅"
        },
        "classification": {
          "category": "2023 Paris Japan Expo",
          "subcategory": "2023 Paris Japan Expo",
          "method": "source-layer",
          "status": "source"
        },
        "classificationCandidates": {
          "members": [],
          "projects": [],
          "contentTypes": []
        }
      }
    },
    {
      "type": "Feature",
      "geometry": {
        "type": "Point",
        "coordinates": [
          2.284718,
          48.8800897
        ]
      },
      "properties": {
        "id": "mymaps:16UuI7FsZ44eye0vxkXhEnBNu44I2NqE:bbe9c8898ea267fd9ae4",
        "sourceKey": "mymaps:16UuI7FsZ44eye0vxkXhEnBNu44I2NqE:bbe9c8898ea267fd9ae4",
        "name": "之后一起吃的第二家餐厅",
        "category": "2023 Paris Japan Expo",
        "subcategory": "2023 Paris Japan Expo",
        "categoryColor": "#3b82f6",
        "address": "",
        "sceneTitle": "之后一起吃的第二家餐厅",
        "sceneNote": "credit to @geniustracy on ins",
        "sourceLabel": "FULL of Sakurazaka46 OVERSEA Map",
        "sourceUrl": "https://www.google.com/maps/d/viewer?mid=16UuI7FsZ44eye0vxkXhEnBNu44I2NqE",
        "referenceUrl": "https://www.google.com/maps/d/viewer?mid=16UuI7FsZ44eye0vxkXhEnBNu44I2NqE",
        "tags": [
          "海外",
          "2023 Paris Japan Expo"
        ],
        "images": [],
        "members": [],
        "source": {
          "provider": "FULL of Sakurazaka46 OVERSEA Map",
          "url": "https://www.google.com/maps/d/viewer?mid=16UuI7FsZ44eye0vxkXhEnBNu44I2NqE",
          "mapId": "16UuI7FsZ44eye0vxkXhEnBNu44I2NqE",
          "layer": "2023 Paris Japan Expo",
          "tags": [
            "海外",
            "2023 Paris Japan Expo"
          ],
          "name": "之后一起吃的第二家餐厅"
        },
        "classification": {
          "category": "2023 Paris Japan Expo",
          "subcategory": "2023 Paris Japan Expo",
          "method": "source-layer",
          "status": "source"
        },
        "classificationCandidates": {
          "members": [],
          "projects": [],
          "contentTypes": []
        }
      }
    },
    {
      "type": "Feature",
      "geometry": {
        "type": "Point",
        "coordinates": [
          2.2862578,
          48.8818511
        ]
      },
      "properties": {
        "id": "mymaps:16UuI7FsZ44eye0vxkXhEnBNu44I2NqE:768730a58c3af70ae2ae",
        "sourceKey": "mymaps:16UuI7FsZ44eye0vxkXhEnBNu44I2NqE:768730a58c3af70ae2ae",
        "name": "成员们逛的超市-榨汁机",
        "category": "2023 Paris Japan Expo",
        "subcategory": "2023 Paris Japan Expo",
        "categoryColor": "#3b82f6",
        "address": "",
        "sceneTitle": "成员们逛的超市-榨汁机",
        "sceneNote": "credit to @geniustracy on ins",
        "sourceLabel": "FULL of Sakurazaka46 OVERSEA Map",
        "sourceUrl": "https://www.google.com/maps/d/viewer?mid=16UuI7FsZ44eye0vxkXhEnBNu44I2NqE",
        "referenceUrl": "https://www.google.com/maps/d/viewer?mid=16UuI7FsZ44eye0vxkXhEnBNu44I2NqE",
        "tags": [
          "海外",
          "2023 Paris Japan Expo"
        ],
        "images": [
          "https://pub-6d7574c4452b41519ab8adf1541d7f9e.r2.dev/seichi/oversea/3AAjQbR4jQHTekdbwIEU_hH-CS2Mi0ghoMS_qkl5_0e127cf7.png"
        ],
        "members": [],
        "source": {
          "provider": "FULL of Sakurazaka46 OVERSEA Map",
          "url": "https://www.google.com/maps/d/viewer?mid=16UuI7FsZ44eye0vxkXhEnBNu44I2NqE",
          "mapId": "16UuI7FsZ44eye0vxkXhEnBNu44I2NqE",
          "layer": "2023 Paris Japan Expo",
          "tags": [
            "海外",
            "2023 Paris Japan Expo"
          ],
          "name": "成员们逛的超市-榨汁机"
        },
        "classification": {
          "category": "2023 Paris Japan Expo",
          "subcategory": "2023 Paris Japan Expo",
          "method": "source-layer",
          "status": "source"
        },
        "classificationCandidates": {
          "members": [],
          "projects": [],
          "contentTypes": []
        }
      }
    },
    {
      "type": "Feature",
      "geometry": {
        "type": "Point",
        "coordinates": [
          2.3248679,
          48.8418938
        ]
      },
      "properties": {
        "id": "mymaps:16UuI7FsZ44eye0vxkXhEnBNu44I2NqE:4c3034ba3807269f7932",
        "sourceKey": "mymaps:16UuI7FsZ44eye0vxkXhEnBNu44I2NqE:4c3034ba3807269f7932",
        "name": "面包店",
        "category": "2023 Paris Japan Expo",
        "subcategory": "2023 Paris Japan Expo",
        "categoryColor": "#3b82f6",
        "address": "",
        "sceneTitle": "面包店",
        "sceneNote": "credit to @geniustracy on ins",
        "sourceLabel": "FULL of Sakurazaka46 OVERSEA Map",
        "sourceUrl": "https://www.google.com/maps/d/viewer?mid=16UuI7FsZ44eye0vxkXhEnBNu44I2NqE",
        "referenceUrl": "https://www.google.com/maps/d/viewer?mid=16UuI7FsZ44eye0vxkXhEnBNu44I2NqE",
        "tags": [
          "海外",
          "2023 Paris Japan Expo"
        ],
        "images": [],
        "members": [],
        "source": {
          "provider": "FULL of Sakurazaka46 OVERSEA Map",
          "url": "https://www.google.com/maps/d/viewer?mid=16UuI7FsZ44eye0vxkXhEnBNu44I2NqE",
          "mapId": "16UuI7FsZ44eye0vxkXhEnBNu44I2NqE",
          "layer": "2023 Paris Japan Expo",
          "tags": [
            "海外",
            "2023 Paris Japan Expo"
          ],
          "name": "面包店"
        },
        "classification": {
          "category": "2023 Paris Japan Expo",
          "subcategory": "2023 Paris Japan Expo",
          "method": "source-layer",
          "status": "source"
        },
        "classificationCandidates": {
          "members": [],
          "projects": [],
          "contentTypes": []
        }
      }
    },
    {
      "type": "Feature",
      "geometry": {
        "type": "Point",
        "coordinates": [
          2.2921052,
          48.8746678
        ]
      },
      "properties": {
        "id": "mymaps:16UuI7FsZ44eye0vxkXhEnBNu44I2NqE:38acd4f405fa65e58514",
        "sourceKey": "mymaps:16UuI7FsZ44eye0vxkXhEnBNu44I2NqE:38acd4f405fa65e58514",
        "name": "成员们在香街附近玩",
        "category": "2023 Paris Japan Expo",
        "subcategory": "2023 Paris Japan Expo",
        "categoryColor": "#3b82f6",
        "address": "",
        "sceneTitle": "成员们在香街附近玩",
        "sceneNote": "天酱站在地下通风口上耍帅 credit to @geniustracy on ins",
        "sourceLabel": "FULL of Sakurazaka46 OVERSEA Map",
        "sourceUrl": "https://www.google.com/maps/d/viewer?mid=16UuI7FsZ44eye0vxkXhEnBNu44I2NqE",
        "referenceUrl": "https://www.google.com/maps/d/viewer?mid=16UuI7FsZ44eye0vxkXhEnBNu44I2NqE",
        "tags": [
          "海外",
          "2023 Paris Japan Expo"
        ],
        "images": [
          "https://pub-6d7574c4452b41519ab8adf1541d7f9e.r2.dev/seichi/oversea/3AAjQbR5xoqdA7HrYBmluAvQdUrDSA9zdkw2TTQs_67cb46f3.png"
        ],
        "members": [],
        "source": {
          "provider": "FULL of Sakurazaka46 OVERSEA Map",
          "url": "https://www.google.com/maps/d/viewer?mid=16UuI7FsZ44eye0vxkXhEnBNu44I2NqE",
          "mapId": "16UuI7FsZ44eye0vxkXhEnBNu44I2NqE",
          "layer": "2023 Paris Japan Expo",
          "tags": [
            "海外",
            "2023 Paris Japan Expo"
          ],
          "name": "成员们在香街附近玩"
        },
        "classification": {
          "category": "2023 Paris Japan Expo",
          "subcategory": "2023 Paris Japan Expo",
          "method": "source-layer",
          "status": "source"
        },
        "classificationCandidates": {
          "members": [],
          "projects": [],
          "contentTypes": []
        }
      }
    },
    {
      "type": "Feature",
      "geometry": {
        "type": "Point",
        "coordinates": [
          2.3468075,
          48.8568222
        ]
      },
      "properties": {
        "id": "mymaps:16UuI7FsZ44eye0vxkXhEnBNu44I2NqE:a9abf9dcacc4161218c9",
        "sourceKey": "mymaps:16UuI7FsZ44eye0vxkXhEnBNu44I2NqE:a9abf9dcacc4161218c9",
        "name": "zono和hono所在的桥",
        "category": "2023 Paris Japan Expo",
        "subcategory": "2023 Paris Japan Expo",
        "categoryColor": "#3b82f6",
        "address": "",
        "sceneTitle": "zono和hono所在的桥",
        "sceneNote": "credit to @geniustracy on ins (sakuvlog 7:47)",
        "sourceLabel": "FULL of Sakurazaka46 OVERSEA Map",
        "sourceUrl": "https://www.google.com/maps/d/viewer?mid=16UuI7FsZ44eye0vxkXhEnBNu44I2NqE",
        "referenceUrl": "https://www.google.com/maps/d/viewer?mid=16UuI7FsZ44eye0vxkXhEnBNu44I2NqE",
        "tags": [
          "海外",
          "2023 Paris Japan Expo"
        ],
        "images": [
          "https://pub-6d7574c4452b41519ab8adf1541d7f9e.r2.dev/seichi/oversea/3AAjQbR5efocyJw54Z-Ngjn4e4C5ODgx61usz_68_bf478b99.png"
        ],
        "members": [],
        "source": {
          "provider": "FULL of Sakurazaka46 OVERSEA Map",
          "url": "https://www.google.com/maps/d/viewer?mid=16UuI7FsZ44eye0vxkXhEnBNu44I2NqE",
          "mapId": "16UuI7FsZ44eye0vxkXhEnBNu44I2NqE",
          "layer": "2023 Paris Japan Expo",
          "tags": [
            "海外",
            "2023 Paris Japan Expo"
          ],
          "name": "zono和hono所在的桥"
        },
        "classification": {
          "category": "2023 Paris Japan Expo",
          "subcategory": "2023 Paris Japan Expo",
          "method": "source-layer",
          "status": "source"
        },
        "classificationCandidates": {
          "members": [],
          "projects": [],
          "contentTypes": []
        }
      }
    },
    {
      "type": "Feature",
      "geometry": {
        "type": "Point",
        "coordinates": [
          2.3461688,
          48.8557162
        ]
      },
      "properties": {
        "id": "mymaps:16UuI7FsZ44eye0vxkXhEnBNu44I2NqE:d87bbd0819fb0cccf19c",
        "sourceKey": "mymaps:16UuI7FsZ44eye0vxkXhEnBNu44I2NqE:d87bbd0819fb0cccf19c",
        "name": "巴黎法院",
        "category": "2023 Paris Japan Expo",
        "subcategory": "2023 Paris Japan Expo",
        "categoryColor": "#3b82f6",
        "address": "",
        "sceneTitle": "巴黎法院",
        "sceneNote": "credit to @geniustracy on ins",
        "sourceLabel": "FULL of Sakurazaka46 OVERSEA Map",
        "sourceUrl": "https://www.google.com/maps/d/viewer?mid=16UuI7FsZ44eye0vxkXhEnBNu44I2NqE",
        "referenceUrl": "https://www.google.com/maps/d/viewer?mid=16UuI7FsZ44eye0vxkXhEnBNu44I2NqE",
        "tags": [
          "海外",
          "2023 Paris Japan Expo"
        ],
        "images": [
          "https://pub-6d7574c4452b41519ab8adf1541d7f9e.r2.dev/seichi/oversea/3AAjQbR6q9fZyzy_NO2B_PsK87dNFEvLy0qRYSGz_903b5994.png"
        ],
        "members": [],
        "source": {
          "provider": "FULL of Sakurazaka46 OVERSEA Map",
          "url": "https://www.google.com/maps/d/viewer?mid=16UuI7FsZ44eye0vxkXhEnBNu44I2NqE",
          "mapId": "16UuI7FsZ44eye0vxkXhEnBNu44I2NqE",
          "layer": "2023 Paris Japan Expo",
          "tags": [
            "海外",
            "2023 Paris Japan Expo"
          ],
          "name": "巴黎法院"
        },
        "classification": {
          "category": "2023 Paris Japan Expo",
          "subcategory": "2023 Paris Japan Expo",
          "method": "source-layer",
          "status": "source"
        },
        "classificationCandidates": {
          "members": [],
          "projects": [],
          "contentTypes": []
        }
      }
    },
    {
      "type": "Feature",
      "geometry": {
        "type": "Point",
        "coordinates": [
          2.3556714,
          48.8522204
        ]
      },
      "properties": {
        "id": "mymaps:16UuI7FsZ44eye0vxkXhEnBNu44I2NqE:59ee91399b2536afb538",
        "sourceKey": "mymaps:16UuI7FsZ44eye0vxkXhEnBNu44I2NqE:59ee91399b2536afb538",
        "name": "zono打招呼的店",
        "category": "2023 Paris Japan Expo",
        "subcategory": "2023 Paris Japan Expo",
        "categoryColor": "#3b82f6",
        "address": "",
        "sceneTitle": "zono打招呼的店",
        "sceneNote": "credit to @geniustracy on ins",
        "sourceLabel": "FULL of Sakurazaka46 OVERSEA Map",
        "sourceUrl": "https://www.google.com/maps/d/viewer?mid=16UuI7FsZ44eye0vxkXhEnBNu44I2NqE",
        "referenceUrl": "https://www.google.com/maps/d/viewer?mid=16UuI7FsZ44eye0vxkXhEnBNu44I2NqE",
        "tags": [
          "海外",
          "2023 Paris Japan Expo"
        ],
        "images": [],
        "members": [],
        "source": {
          "provider": "FULL of Sakurazaka46 OVERSEA Map",
          "url": "https://www.google.com/maps/d/viewer?mid=16UuI7FsZ44eye0vxkXhEnBNu44I2NqE",
          "mapId": "16UuI7FsZ44eye0vxkXhEnBNu44I2NqE",
          "layer": "2023 Paris Japan Expo",
          "tags": [
            "海外",
            "2023 Paris Japan Expo"
          ],
          "name": "zono打招呼的店"
        },
        "classification": {
          "category": "2023 Paris Japan Expo",
          "subcategory": "2023 Paris Japan Expo",
          "method": "source-layer",
          "status": "source"
        },
        "classificationCandidates": {
          "members": [],
          "projects": [],
          "contentTypes": []
        }
      }
    },
    {
      "type": "Feature",
      "geometry": {
        "type": "Point",
        "coordinates": [
          2.3554541,
          48.8521917
        ]
      },
      "properties": {
        "id": "mymaps:16UuI7FsZ44eye0vxkXhEnBNu44I2NqE:a0ea8a0dde479fd5724a",
        "sourceKey": "mymaps:16UuI7FsZ44eye0vxkXhEnBNu44I2NqE:a0ea8a0dde479fd5724a",
        "name": "Charlotte杂货店",
        "category": "2023 Paris Japan Expo",
        "subcategory": "2023 Paris Japan Expo",
        "categoryColor": "#3b82f6",
        "address": "",
        "sceneTitle": "Charlotte杂货店",
        "sceneNote": "credit to @geniustracy on ins",
        "sourceLabel": "FULL of Sakurazaka46 OVERSEA Map",
        "sourceUrl": "https://www.google.com/maps/d/viewer?mid=16UuI7FsZ44eye0vxkXhEnBNu44I2NqE",
        "referenceUrl": "https://www.google.com/maps/d/viewer?mid=16UuI7FsZ44eye0vxkXhEnBNu44I2NqE",
        "tags": [
          "海外",
          "2023 Paris Japan Expo"
        ],
        "images": [],
        "members": [],
        "source": {
          "provider": "FULL of Sakurazaka46 OVERSEA Map",
          "url": "https://www.google.com/maps/d/viewer?mid=16UuI7FsZ44eye0vxkXhEnBNu44I2NqE",
          "mapId": "16UuI7FsZ44eye0vxkXhEnBNu44I2NqE",
          "layer": "2023 Paris Japan Expo",
          "tags": [
            "海外",
            "2023 Paris Japan Expo"
          ],
          "name": "Charlotte杂货店"
        },
        "classification": {
          "category": "2023 Paris Japan Expo",
          "subcategory": "2023 Paris Japan Expo",
          "method": "source-layer",
          "status": "source"
        },
        "classificationCandidates": {
          "members": [],
          "projects": [],
          "contentTypes": []
        }
      }
    },
    {
      "type": "Feature",
      "geometry": {
        "type": "Point",
        "coordinates": [
          2.3472532,
          48.8538644
        ]
      },
      "properties": {
        "id": "mymaps:16UuI7FsZ44eye0vxkXhEnBNu44I2NqE:591473e4a5a56776f68a",
        "sourceKey": "mymaps:16UuI7FsZ44eye0vxkXhEnBNu44I2NqE:591473e4a5a56776f68a",
        "name": "巴黎圣母院\n巴黎聖母院",
        "category": "2023 Paris Japan Expo",
        "subcategory": "2023 Paris Japan Expo",
        "categoryColor": "#3b82f6",
        "address": "",
        "sceneTitle": "巴黎圣母院\n巴黎聖母院",
        "sceneNote": "credit to @geniustracy on ins",
        "sourceLabel": "FULL of Sakurazaka46 OVERSEA Map",
        "sourceUrl": "https://www.google.com/maps/d/viewer?mid=16UuI7FsZ44eye0vxkXhEnBNu44I2NqE",
        "referenceUrl": "https://www.google.com/maps/d/viewer?mid=16UuI7FsZ44eye0vxkXhEnBNu44I2NqE",
        "tags": [
          "海外",
          "2023 Paris Japan Expo"
        ],
        "images": [],
        "members": [],
        "source": {
          "provider": "FULL of Sakurazaka46 OVERSEA Map",
          "url": "https://www.google.com/maps/d/viewer?mid=16UuI7FsZ44eye0vxkXhEnBNu44I2NqE",
          "mapId": "16UuI7FsZ44eye0vxkXhEnBNu44I2NqE",
          "layer": "2023 Paris Japan Expo",
          "tags": [
            "海外",
            "2023 Paris Japan Expo"
          ],
          "name": "巴黎圣母院\n巴黎聖母院"
        },
        "classification": {
          "category": "2023 Paris Japan Expo",
          "subcategory": "2023 Paris Japan Expo",
          "method": "source-layer",
          "status": "source"
        },
        "classificationCandidates": {
          "members": [],
          "projects": [],
          "contentTypes": []
        }
      }
    },
    {
      "type": "Feature",
      "geometry": {
        "type": "Point",
        "coordinates": [
          2.3419829,
          48.884089
        ]
      },
      "properties": {
        "id": "mymaps:16UuI7FsZ44eye0vxkXhEnBNu44I2NqE:6cc1d26f3f64f889877a",
        "sourceKey": "mymaps:16UuI7FsZ44eye0vxkXhEnBNu44I2NqE:6cc1d26f3f64f889877a",
        "name": "土生、井上和藤吉吃的冰淇凌店",
        "category": "2023 Paris Japan Expo",
        "subcategory": "2023 Paris Japan Expo",
        "categoryColor": "#3b82f6",
        "address": "",
        "sceneTitle": "土生、井上和藤吉吃的冰淇凌店",
        "sceneNote": "credit to @geniustracy on ins",
        "sourceLabel": "FULL of Sakurazaka46 OVERSEA Map",
        "sourceUrl": "https://www.google.com/maps/d/viewer?mid=16UuI7FsZ44eye0vxkXhEnBNu44I2NqE",
        "referenceUrl": "https://www.google.com/maps/d/viewer?mid=16UuI7FsZ44eye0vxkXhEnBNu44I2NqE",
        "tags": [
          "海外",
          "2023 Paris Japan Expo"
        ],
        "images": [
          "https://pub-6d7574c4452b41519ab8adf1541d7f9e.r2.dev/seichi/oversea/3AAjQbR7IMcUye1laFeEt5rNc9CsuaDppb6qEA8m_c8c72a10.png"
        ],
        "members": [],
        "source": {
          "provider": "FULL of Sakurazaka46 OVERSEA Map",
          "url": "https://www.google.com/maps/d/viewer?mid=16UuI7FsZ44eye0vxkXhEnBNu44I2NqE",
          "mapId": "16UuI7FsZ44eye0vxkXhEnBNu44I2NqE",
          "layer": "2023 Paris Japan Expo",
          "tags": [
            "海外",
            "2023 Paris Japan Expo"
          ],
          "name": "土生、井上和藤吉吃的冰淇凌店"
        },
        "classification": {
          "category": "2023 Paris Japan Expo",
          "subcategory": "2023 Paris Japan Expo",
          "method": "source-layer",
          "status": "source"
        },
        "classificationCandidates": {
          "members": [],
          "projects": [],
          "contentTypes": []
        }
      }
    },
    {
      "type": "Feature",
      "geometry": {
        "type": "Point",
        "coordinates": [
          2.3385644,
          48.884856
        ]
      },
      "properties": {
        "id": "mymaps:16UuI7FsZ44eye0vxkXhEnBNu44I2NqE:c8a93fff66bdc0bbe4d1",
        "sourceKey": "mymaps:16UuI7FsZ44eye0vxkXhEnBNu44I2NqE:c8a93fff66bdc0bbe4d1",
        "name": "土生、井上和藤吉合照的爱墙",
        "category": "2023 Paris Japan Expo",
        "subcategory": "2023 Paris Japan Expo",
        "categoryColor": "#3b82f6",
        "address": "",
        "sceneTitle": "土生、井上和藤吉合照的爱墙",
        "sceneNote": "credit to @geniustracy on ins",
        "sourceLabel": "FULL of Sakurazaka46 OVERSEA Map",
        "sourceUrl": "https://www.google.com/maps/d/viewer?mid=16UuI7FsZ44eye0vxkXhEnBNu44I2NqE",
        "referenceUrl": "https://www.google.com/maps/d/viewer?mid=16UuI7FsZ44eye0vxkXhEnBNu44I2NqE",
        "tags": [
          "海外",
          "2023 Paris Japan Expo"
        ],
        "images": [],
        "members": [],
        "source": {
          "provider": "FULL of Sakurazaka46 OVERSEA Map",
          "url": "https://www.google.com/maps/d/viewer?mid=16UuI7FsZ44eye0vxkXhEnBNu44I2NqE",
          "mapId": "16UuI7FsZ44eye0vxkXhEnBNu44I2NqE",
          "layer": "2023 Paris Japan Expo",
          "tags": [
            "海外",
            "2023 Paris Japan Expo"
          ],
          "name": "土生、井上和藤吉合照的爱墙"
        },
        "classification": {
          "category": "2023 Paris Japan Expo",
          "subcategory": "2023 Paris Japan Expo",
          "method": "source-layer",
          "status": "source"
        },
        "classificationCandidates": {
          "members": [],
          "projects": [],
          "contentTypes": []
        }
      }
    },
    {
      "type": "Feature",
      "geometry": {
        "type": "Point",
        "coordinates": [
          2.5507855,
          49.0078827
        ]
      },
      "properties": {
        "id": "mymaps:16UuI7FsZ44eye0vxkXhEnBNu44I2NqE:ee55b5967e234e2fd659",
        "sourceKey": "mymaps:16UuI7FsZ44eye0vxkXhEnBNu44I2NqE:ee55b5967e234e2fd659",
        "name": "Aéroport de Paris-Charles de Gaulle",
        "category": "2023 Paris Japan Expo",
        "subcategory": "2023 Paris Japan Expo",
        "categoryColor": "#3b82f6",
        "address": "",
        "sceneTitle": "Aéroport de Paris-Charles de Gaulle",
        "sceneNote": "Where they land",
        "sourceLabel": "FULL of Sakurazaka46 OVERSEA Map",
        "sourceUrl": "https://www.google.com/maps/d/viewer?mid=16UuI7FsZ44eye0vxkXhEnBNu44I2NqE",
        "referenceUrl": "https://www.google.com/maps/d/viewer?mid=16UuI7FsZ44eye0vxkXhEnBNu44I2NqE",
        "tags": [
          "海外",
          "2023 Paris Japan Expo"
        ],
        "images": [],
        "members": [],
        "source": {
          "provider": "FULL of Sakurazaka46 OVERSEA Map",
          "url": "https://www.google.com/maps/d/viewer?mid=16UuI7FsZ44eye0vxkXhEnBNu44I2NqE",
          "mapId": "16UuI7FsZ44eye0vxkXhEnBNu44I2NqE",
          "layer": "2023 Paris Japan Expo",
          "tags": [
            "海外",
            "2023 Paris Japan Expo"
          ],
          "name": "Aéroport de Paris-Charles de Gaulle"
        },
        "classification": {
          "category": "2023 Paris Japan Expo",
          "subcategory": "2023 Paris Japan Expo",
          "method": "source-layer",
          "status": "source"
        },
        "classificationCandidates": {
          "members": [],
          "projects": [],
          "contentTypes": []
        }
      }
    },
    {
      "type": "Feature",
      "geometry": {
        "type": "Point",
        "coordinates": [
          126.9204733,
          37.5488241
        ]
      },
      "properties": {
        "id": "mymaps:16UuI7FsZ44eye0vxkXhEnBNu44I2NqE:8dbab5dfae4723a17dbe",
        "sourceKey": "mymaps:16UuI7FsZ44eye0vxkXhEnBNu44I2NqE:8dbab5dfae4723a17dbe",
        "name": "Where they started the vlog",
        "category": "2024 Seoul.csv",
        "subcategory": "2024 Seoul.csv",
        "categoryColor": "#3b82f6",
        "address": "",
        "sceneTitle": "Where they started the vlog",
        "sceneNote": "Note: Zono/Airi URL: Tags: Comment:",
        "sourceLabel": "FULL of Sakurazaka46 OVERSEA Map",
        "sourceUrl": "https://www.google.com/maps/d/viewer?mid=16UuI7FsZ44eye0vxkXhEnBNu44I2NqE",
        "referenceUrl": "https://www.google.com/maps/d/viewer?mid=16UuI7FsZ44eye0vxkXhEnBNu44I2NqE",
        "tags": [
          "海外",
          "2024 Seoul.csv"
        ],
        "images": [
          "https://pub-6d7574c4452b41519ab8adf1541d7f9e.r2.dev/seichi/oversea/3AAjQbR77Dx1Ew4ELtKqDNgjABQ1sLTppNnQ3LUn_5c80abf5.png"
        ],
        "members": [],
        "source": {
          "provider": "FULL of Sakurazaka46 OVERSEA Map",
          "url": "https://www.google.com/maps/d/viewer?mid=16UuI7FsZ44eye0vxkXhEnBNu44I2NqE",
          "mapId": "16UuI7FsZ44eye0vxkXhEnBNu44I2NqE",
          "layer": "2024 Seoul.csv",
          "tags": [
            "海外",
            "2024 Seoul.csv"
          ],
          "name": "Where they started the vlog"
        },
        "classification": {
          "category": "2024 Seoul.csv",
          "subcategory": "2024 Seoul.csv",
          "method": "source-layer",
          "status": "source"
        },
        "classificationCandidates": {
          "members": [],
          "projects": [],
          "contentTypes": []
        }
      }
    },
    {
      "type": "Feature",
      "geometry": {
        "type": "Point",
        "coordinates": [
          126.9284926,
          37.5259162
        ]
      },
      "properties": {
        "id": "mymaps:16UuI7FsZ44eye0vxkXhEnBNu44I2NqE:d107c774bcf63de698a5",
        "sourceKey": "mymaps:16UuI7FsZ44eye0vxkXhEnBNu44I2NqE:d107c774bcf63de698a5",
        "name": "The Hyundai Seoul",
        "category": "2024 Seoul.csv",
        "subcategory": "2024 Seoul.csv",
        "categoryColor": "#3b82f6",
        "address": "",
        "sceneTitle": "The Hyundai Seoul",
        "sceneNote": "Note: Cute itoha, Renaa's BEURRE BEURRE URL: Tags: Comment:",
        "sourceLabel": "FULL of Sakurazaka46 OVERSEA Map",
        "sourceUrl": "https://www.google.com/maps/d/viewer?mid=16UuI7FsZ44eye0vxkXhEnBNu44I2NqE",
        "referenceUrl": "https://www.google.com/maps/d/viewer?mid=16UuI7FsZ44eye0vxkXhEnBNu44I2NqE",
        "tags": [
          "海外",
          "2024 Seoul.csv"
        ],
        "images": [
          "https://pub-6d7574c4452b41519ab8adf1541d7f9e.r2.dev/seichi/oversea/3AAjQbR4JggpT7TKs3MgFKJR7sXkr51HpgjIJWRj_62267372.png"
        ],
        "members": [],
        "source": {
          "provider": "FULL of Sakurazaka46 OVERSEA Map",
          "url": "https://www.google.com/maps/d/viewer?mid=16UuI7FsZ44eye0vxkXhEnBNu44I2NqE",
          "mapId": "16UuI7FsZ44eye0vxkXhEnBNu44I2NqE",
          "layer": "2024 Seoul.csv",
          "tags": [
            "海外",
            "2024 Seoul.csv"
          ],
          "name": "The Hyundai Seoul"
        },
        "classification": {
          "category": "2024 Seoul.csv",
          "subcategory": "2024 Seoul.csv",
          "method": "source-layer",
          "status": "source"
        },
        "classificationCandidates": {
          "members": [],
          "projects": [],
          "contentTypes": []
        }
      }
    },
    {
      "type": "Feature",
      "geometry": {
        "type": "Point",
        "coordinates": [
          126.7364588,
          37.6644581
        ]
      },
      "properties": {
        "id": "mymaps:16UuI7FsZ44eye0vxkXhEnBNu44I2NqE:5810db48bd5a03544068",
        "sourceKey": "mymaps:16UuI7FsZ44eye0vxkXhEnBNu44I2NqE:5810db48bd5a03544068",
        "name": "원마운트 (ONEMOUNT)",
        "category": "2024 Seoul.csv",
        "subcategory": "2024 Seoul.csv",
        "categoryColor": "#3b82f6",
        "address": "",
        "sceneTitle": "원마운트 (ONEMOUNT)",
        "sceneNote": "Note: renna buying running in vlog http://www.onemount.co.kr/ URL: 37.6644581,126.7364588 Tags: Comment:",
        "sourceLabel": "FULL of Sakurazaka46 OVERSEA Map",
        "sourceUrl": "https://www.google.com/maps/d/viewer?mid=16UuI7FsZ44eye0vxkXhEnBNu44I2NqE",
        "referenceUrl": "https://www.google.com/maps/d/viewer?mid=16UuI7FsZ44eye0vxkXhEnBNu44I2NqE",
        "tags": [
          "海外",
          "2024 Seoul.csv"
        ],
        "images": [
          "https://pub-6d7574c4452b41519ab8adf1541d7f9e.r2.dev/seichi/oversea/3AAjQbR7MbTaG-ymr4j1z4x4X8XaRzOays5M1Sh2_dccb6489.png"
        ],
        "members": [],
        "source": {
          "provider": "FULL of Sakurazaka46 OVERSEA Map",
          "url": "https://www.google.com/maps/d/viewer?mid=16UuI7FsZ44eye0vxkXhEnBNu44I2NqE",
          "mapId": "16UuI7FsZ44eye0vxkXhEnBNu44I2NqE",
          "layer": "2024 Seoul.csv",
          "tags": [
            "海外",
            "2024 Seoul.csv"
          ],
          "name": "원마운트 (ONEMOUNT)"
        },
        "classification": {
          "category": "2024 Seoul.csv",
          "subcategory": "2024 Seoul.csv",
          "method": "source-layer",
          "status": "source"
        },
        "classificationCandidates": {
          "members": [],
          "projects": [],
          "contentTypes": []
        }
      }
    },
    {
      "type": "Feature",
      "geometry": {
        "type": "Point",
        "coordinates": [
          114.154024,
          22.281466
        ]
      },
      "properties": {
        "id": "mymaps:16UuI7FsZ44eye0vxkXhEnBNu44I2NqE:8999b4934a2d25654566",
        "sourceKey": "mymaps:16UuI7FsZ44eye0vxkXhEnBNu44I2NqE:8999b4934a2d25654566",
        "name": "tenkarin ig drawing reel Tai Kwun",
        "category": "2024 HK (tenkarin & clockenflap",
        "subcategory": "2024 HK (tenkarin & clockenflap",
        "categoryColor": "#3b82f6",
        "address": "",
        "sceneTitle": "tenkarin ig drawing reel Tai Kwun",
        "sceneNote": "",
        "sourceLabel": "FULL of Sakurazaka46 OVERSEA Map",
        "sourceUrl": "https://www.google.com/maps/d/viewer?mid=16UuI7FsZ44eye0vxkXhEnBNu44I2NqE",
        "referenceUrl": "https://www.google.com/maps/d/viewer?mid=16UuI7FsZ44eye0vxkXhEnBNu44I2NqE",
        "tags": [
          "海外",
          "2024 HK (tenkarin & clockenflap"
        ],
        "images": [],
        "members": [],
        "source": {
          "provider": "FULL of Sakurazaka46 OVERSEA Map",
          "url": "https://www.google.com/maps/d/viewer?mid=16UuI7FsZ44eye0vxkXhEnBNu44I2NqE",
          "mapId": "16UuI7FsZ44eye0vxkXhEnBNu44I2NqE",
          "layer": "2024 HK (tenkarin & clockenflap",
          "tags": [
            "海外",
            "2024 HK (tenkarin & clockenflap"
          ],
          "name": "tenkarin ig drawing reel Tai Kwun"
        },
        "classification": {
          "category": "2024 HK (tenkarin & clockenflap",
          "subcategory": "2024 HK (tenkarin & clockenflap",
          "method": "source-layer",
          "status": "source"
        },
        "classificationCandidates": {
          "members": [],
          "projects": [],
          "contentTypes": []
        }
      }
    },
    {
      "type": "Feature",
      "geometry": {
        "type": "Point",
        "coordinates": [
          114.1532879,
          22.2821246
        ]
      },
      "properties": {
        "id": "mymaps:16UuI7FsZ44eye0vxkXhEnBNu44I2NqE:0117297e493297452e1e",
        "sourceKey": "mymaps:16UuI7FsZ44eye0vxkXhEnBNu44I2NqE:0117297e493297452e1e",
        "name": "ten msg selfie background",
        "category": "2024 HK (tenkarin & clockenflap",
        "subcategory": "2024 HK (tenkarin & clockenflap",
        "categoryColor": "#3b82f6",
        "address": "",
        "sceneTitle": "ten msg selfie background",
        "sceneNote": "",
        "sourceLabel": "FULL of Sakurazaka46 OVERSEA Map",
        "sourceUrl": "https://www.google.com/maps/d/viewer?mid=16UuI7FsZ44eye0vxkXhEnBNu44I2NqE",
        "referenceUrl": "https://www.google.com/maps/d/viewer?mid=16UuI7FsZ44eye0vxkXhEnBNu44I2NqE",
        "tags": [
          "海外",
          "2024 HK (tenkarin & clockenflap"
        ],
        "images": [],
        "members": [],
        "source": {
          "provider": "FULL of Sakurazaka46 OVERSEA Map",
          "url": "https://www.google.com/maps/d/viewer?mid=16UuI7FsZ44eye0vxkXhEnBNu44I2NqE",
          "mapId": "16UuI7FsZ44eye0vxkXhEnBNu44I2NqE",
          "layer": "2024 HK (tenkarin & clockenflap",
          "tags": [
            "海外",
            "2024 HK (tenkarin & clockenflap"
          ],
          "name": "ten msg selfie background"
        },
        "classification": {
          "category": "2024 HK (tenkarin & clockenflap",
          "subcategory": "2024 HK (tenkarin & clockenflap",
          "method": "source-layer",
          "status": "source"
        },
        "classificationCandidates": {
          "members": [],
          "projects": [],
          "contentTypes": []
        }
      }
    },
    {
      "type": "Feature",
      "geometry": {
        "type": "Point",
        "coordinates": [
          114.153339,
          22.2822583
        ]
      },
      "properties": {
        "id": "mymaps:16UuI7FsZ44eye0vxkXhEnBNu44I2NqE:a1ee96511f4d951a3907",
        "sourceKey": "mymaps:16UuI7FsZ44eye0vxkXhEnBNu44I2NqE:a1ee96511f4d951a3907",
        "name": "Karin on IG reel",
        "category": "2024 HK (tenkarin & clockenflap",
        "subcategory": "2024 HK (tenkarin & clockenflap",
        "categoryColor": "#3b82f6",
        "address": "",
        "sceneTitle": "Karin on IG reel",
        "sceneNote": "",
        "sourceLabel": "FULL of Sakurazaka46 OVERSEA Map",
        "sourceUrl": "https://www.google.com/maps/d/viewer?mid=16UuI7FsZ44eye0vxkXhEnBNu44I2NqE",
        "referenceUrl": "https://www.google.com/maps/d/viewer?mid=16UuI7FsZ44eye0vxkXhEnBNu44I2NqE",
        "tags": [
          "海外",
          "2024 HK (tenkarin & clockenflap"
        ],
        "images": [],
        "members": [],
        "source": {
          "provider": "FULL of Sakurazaka46 OVERSEA Map",
          "url": "https://www.google.com/maps/d/viewer?mid=16UuI7FsZ44eye0vxkXhEnBNu44I2NqE",
          "mapId": "16UuI7FsZ44eye0vxkXhEnBNu44I2NqE",
          "layer": "2024 HK (tenkarin & clockenflap",
          "tags": [
            "海外",
            "2024 HK (tenkarin & clockenflap"
          ],
          "name": "Karin on IG reel"
        },
        "classification": {
          "category": "2024 HK (tenkarin & clockenflap",
          "subcategory": "2024 HK (tenkarin & clockenflap",
          "method": "source-layer",
          "status": "source"
        },
        "classificationCandidates": {
          "members": [],
          "projects": [],
          "contentTypes": []
        }
      }
    },
    {
      "type": "Feature",
      "geometry": {
        "type": "Point",
        "coordinates": [
          114.1531152,
          22.2824829
        ]
      },
      "properties": {
        "id": "mymaps:16UuI7FsZ44eye0vxkXhEnBNu44I2NqE:9ed9e1d5764c3b1ca151",
        "sourceKey": "mymaps:16UuI7FsZ44eye0vxkXhEnBNu44I2NqE:9ed9e1d5764c3b1ca151",
        "name": "Karin on IG reel",
        "category": "2024 HK (tenkarin & clockenflap",
        "subcategory": "2024 HK (tenkarin & clockenflap",
        "categoryColor": "#3b82f6",
        "address": "",
        "sceneTitle": "Karin on IG reel",
        "sceneNote": "Leaning on something",
        "sourceLabel": "FULL of Sakurazaka46 OVERSEA Map",
        "sourceUrl": "https://www.google.com/maps/d/viewer?mid=16UuI7FsZ44eye0vxkXhEnBNu44I2NqE",
        "referenceUrl": "https://www.google.com/maps/d/viewer?mid=16UuI7FsZ44eye0vxkXhEnBNu44I2NqE",
        "tags": [
          "海外",
          "2024 HK (tenkarin & clockenflap"
        ],
        "images": [],
        "members": [],
        "source": {
          "provider": "FULL of Sakurazaka46 OVERSEA Map",
          "url": "https://www.google.com/maps/d/viewer?mid=16UuI7FsZ44eye0vxkXhEnBNu44I2NqE",
          "mapId": "16UuI7FsZ44eye0vxkXhEnBNu44I2NqE",
          "layer": "2024 HK (tenkarin & clockenflap",
          "tags": [
            "海外",
            "2024 HK (tenkarin & clockenflap"
          ],
          "name": "Karin on IG reel"
        },
        "classification": {
          "category": "2024 HK (tenkarin & clockenflap",
          "subcategory": "2024 HK (tenkarin & clockenflap",
          "method": "source-layer",
          "status": "source"
        },
        "classificationCandidates": {
          "members": [],
          "projects": [],
          "contentTypes": []
        }
      }
    },
    {
      "type": "Feature",
      "geometry": {
        "type": "Point",
        "coordinates": [
          114.1539213,
          22.2819902
        ]
      },
      "properties": {
        "id": "mymaps:16UuI7FsZ44eye0vxkXhEnBNu44I2NqE:d97ded3f211989dfc108",
        "sourceKey": "mymaps:16UuI7FsZ44eye0vxkXhEnBNu44I2NqE:d97ded3f211989dfc108",
        "name": "Ten on IG reel",
        "category": "2024 HK (tenkarin & clockenflap",
        "subcategory": "2024 HK (tenkarin & clockenflap",
        "categoryColor": "#3b82f6",
        "address": "",
        "sceneTitle": "Ten on IG reel",
        "sceneNote": "",
        "sourceLabel": "FULL of Sakurazaka46 OVERSEA Map",
        "sourceUrl": "https://www.google.com/maps/d/viewer?mid=16UuI7FsZ44eye0vxkXhEnBNu44I2NqE",
        "referenceUrl": "https://www.google.com/maps/d/viewer?mid=16UuI7FsZ44eye0vxkXhEnBNu44I2NqE",
        "tags": [
          "海外",
          "2024 HK (tenkarin & clockenflap"
        ],
        "images": [],
        "members": [],
        "source": {
          "provider": "FULL of Sakurazaka46 OVERSEA Map",
          "url": "https://www.google.com/maps/d/viewer?mid=16UuI7FsZ44eye0vxkXhEnBNu44I2NqE",
          "mapId": "16UuI7FsZ44eye0vxkXhEnBNu44I2NqE",
          "layer": "2024 HK (tenkarin & clockenflap",
          "tags": [
            "海外",
            "2024 HK (tenkarin & clockenflap"
          ],
          "name": "Ten on IG reel"
        },
        "classification": {
          "category": "2024 HK (tenkarin & clockenflap",
          "subcategory": "2024 HK (tenkarin & clockenflap",
          "method": "source-layer",
          "status": "source"
        },
        "classificationCandidates": {
          "members": [],
          "projects": [],
          "contentTypes": []
        }
      }
    },
    {
      "type": "Feature",
      "geometry": {
        "type": "Point",
        "coordinates": [
          114.1721809,
          22.2947579
        ]
      },
      "properties": {
        "id": "mymaps:16UuI7FsZ44eye0vxkXhEnBNu44I2NqE:4ac903d68453d3e450c8",
        "sourceKey": "mymaps:16UuI7FsZ44eye0vxkXhEnBNu44I2NqE:4ac903d68453d3e450c8",
        "name": "Karin greeting card",
        "category": "2024 HK (tenkarin & clockenflap",
        "subcategory": "2024 HK (tenkarin & clockenflap",
        "categoryColor": "#3b82f6",
        "address": "",
        "sceneTitle": "Karin greeting card",
        "sceneNote": "",
        "sourceLabel": "FULL of Sakurazaka46 OVERSEA Map",
        "sourceUrl": "https://www.google.com/maps/d/viewer?mid=16UuI7FsZ44eye0vxkXhEnBNu44I2NqE",
        "referenceUrl": "https://www.google.com/maps/d/viewer?mid=16UuI7FsZ44eye0vxkXhEnBNu44I2NqE",
        "tags": [
          "海外",
          "2024 HK (tenkarin & clockenflap"
        ],
        "images": [],
        "members": [],
        "source": {
          "provider": "FULL of Sakurazaka46 OVERSEA Map",
          "url": "https://www.google.com/maps/d/viewer?mid=16UuI7FsZ44eye0vxkXhEnBNu44I2NqE",
          "mapId": "16UuI7FsZ44eye0vxkXhEnBNu44I2NqE",
          "layer": "2024 HK (tenkarin & clockenflap",
          "tags": [
            "海外",
            "2024 HK (tenkarin & clockenflap"
          ],
          "name": "Karin greeting card"
        },
        "classification": {
          "category": "2024 HK (tenkarin & clockenflap",
          "subcategory": "2024 HK (tenkarin & clockenflap",
          "method": "source-layer",
          "status": "source"
        },
        "classificationCandidates": {
          "members": [],
          "projects": [],
          "contentTypes": []
        }
      }
    },
    {
      "type": "Feature",
      "geometry": {
        "type": "Point",
        "coordinates": [
          114.1847202,
          22.2801796
        ]
      },
      "properties": {
        "id": "mymaps:16UuI7FsZ44eye0vxkXhEnBNu44I2NqE:9b7081975adc02bd2c09",
        "sourceKey": "mymaps:16UuI7FsZ44eye0vxkXhEnBNu44I2NqE:9b7081975adc02bd2c09",
        "name": "tenkarin instagram",
        "category": "2024 HK (tenkarin & clockenflap",
        "subcategory": "2024 HK (tenkarin & clockenflap",
        "categoryColor": "#3b82f6",
        "address": "",
        "sceneTitle": "tenkarin instagram",
        "sceneNote": "",
        "sourceLabel": "FULL of Sakurazaka46 OVERSEA Map",
        "sourceUrl": "https://www.google.com/maps/d/viewer?mid=16UuI7FsZ44eye0vxkXhEnBNu44I2NqE",
        "referenceUrl": "https://www.google.com/maps/d/viewer?mid=16UuI7FsZ44eye0vxkXhEnBNu44I2NqE",
        "tags": [
          "海外",
          "2024 HK (tenkarin & clockenflap"
        ],
        "images": [],
        "members": [],
        "source": {
          "provider": "FULL of Sakurazaka46 OVERSEA Map",
          "url": "https://www.google.com/maps/d/viewer?mid=16UuI7FsZ44eye0vxkXhEnBNu44I2NqE",
          "mapId": "16UuI7FsZ44eye0vxkXhEnBNu44I2NqE",
          "layer": "2024 HK (tenkarin & clockenflap",
          "tags": [
            "海外",
            "2024 HK (tenkarin & clockenflap"
          ],
          "name": "tenkarin instagram"
        },
        "classification": {
          "category": "2024 HK (tenkarin & clockenflap",
          "subcategory": "2024 HK (tenkarin & clockenflap",
          "method": "source-layer",
          "status": "source"
        },
        "classificationCandidates": {
          "members": [],
          "projects": [],
          "contentTypes": []
        }
      }
    },
    {
      "type": "Feature",
      "geometry": {
        "type": "Point",
        "coordinates": [
          114.1839573,
          22.2794092
        ]
      },
      "properties": {
        "id": "mymaps:16UuI7FsZ44eye0vxkXhEnBNu44I2NqE:db538c33e6d52a1af060",
        "sourceKey": "mymaps:16UuI7FsZ44eye0vxkXhEnBNu44I2NqE:db538c33e6d52a1af060",
        "name": "Tenkarin instagram (Jardine's Cres)",
        "category": "2024 HK (tenkarin & clockenflap",
        "subcategory": "2024 HK (tenkarin & clockenflap",
        "categoryColor": "#3b82f6",
        "address": "",
        "sceneTitle": "Tenkarin instagram (Jardine's Cres)",
        "sceneNote": "",
        "sourceLabel": "FULL of Sakurazaka46 OVERSEA Map",
        "sourceUrl": "https://www.google.com/maps/d/viewer?mid=16UuI7FsZ44eye0vxkXhEnBNu44I2NqE",
        "referenceUrl": "https://www.google.com/maps/d/viewer?mid=16UuI7FsZ44eye0vxkXhEnBNu44I2NqE",
        "tags": [
          "海外",
          "2024 HK (tenkarin & clockenflap"
        ],
        "images": [],
        "members": [],
        "source": {
          "provider": "FULL of Sakurazaka46 OVERSEA Map",
          "url": "https://www.google.com/maps/d/viewer?mid=16UuI7FsZ44eye0vxkXhEnBNu44I2NqE",
          "mapId": "16UuI7FsZ44eye0vxkXhEnBNu44I2NqE",
          "layer": "2024 HK (tenkarin & clockenflap",
          "tags": [
            "海外",
            "2024 HK (tenkarin & clockenflap"
          ],
          "name": "Tenkarin instagram (Jardine's Cres)"
        },
        "classification": {
          "category": "2024 HK (tenkarin & clockenflap",
          "subcategory": "2024 HK (tenkarin & clockenflap",
          "method": "source-layer",
          "status": "source"
        },
        "classificationCandidates": {
          "members": [],
          "projects": [],
          "contentTypes": []
        }
      }
    },
    {
      "type": "Feature",
      "geometry": {
        "type": "Point",
        "coordinates": [
          114.1855171,
          22.2788992
        ]
      },
      "properties": {
        "id": "mymaps:16UuI7FsZ44eye0vxkXhEnBNu44I2NqE:27d47929de9c30a1ede3",
        "sourceKey": "mymaps:16UuI7FsZ44eye0vxkXhEnBNu44I2NqE:27d47929de9c30a1ede3",
        "name": "Tenkarin ig with Karin leaning outside",
        "category": "2024 HK (tenkarin & clockenflap",
        "subcategory": "2024 HK (tenkarin & clockenflap",
        "categoryColor": "#3b82f6",
        "address": "",
        "sceneTitle": "Tenkarin ig with Karin leaning outside",
        "sceneNote": "",
        "sourceLabel": "FULL of Sakurazaka46 OVERSEA Map",
        "sourceUrl": "https://www.google.com/maps/d/viewer?mid=16UuI7FsZ44eye0vxkXhEnBNu44I2NqE",
        "referenceUrl": "https://www.google.com/maps/d/viewer?mid=16UuI7FsZ44eye0vxkXhEnBNu44I2NqE",
        "tags": [
          "海外",
          "2024 HK (tenkarin & clockenflap"
        ],
        "images": [],
        "members": [],
        "source": {
          "provider": "FULL of Sakurazaka46 OVERSEA Map",
          "url": "https://www.google.com/maps/d/viewer?mid=16UuI7FsZ44eye0vxkXhEnBNu44I2NqE",
          "mapId": "16UuI7FsZ44eye0vxkXhEnBNu44I2NqE",
          "layer": "2024 HK (tenkarin & clockenflap",
          "tags": [
            "海外",
            "2024 HK (tenkarin & clockenflap"
          ],
          "name": "Tenkarin ig with Karin leaning outside"
        },
        "classification": {
          "category": "2024 HK (tenkarin & clockenflap",
          "subcategory": "2024 HK (tenkarin & clockenflap",
          "method": "source-layer",
          "status": "source"
        },
        "classificationCandidates": {
          "members": [],
          "projects": [],
          "contentTypes": []
        }
      }
    },
    {
      "type": "Feature",
      "geometry": {
        "type": "Point",
        "coordinates": [
          114.1861539,
          22.2792611
        ]
      },
      "properties": {
        "id": "mymaps:16UuI7FsZ44eye0vxkXhEnBNu44I2NqE:6c0bc80cef8774c6ef77",
        "sourceKey": "mymaps:16UuI7FsZ44eye0vxkXhEnBNu44I2NqE:6c0bc80cef8774c6ef77",
        "name": "tenkarin ig \"全發大押\"",
        "category": "2024 HK (tenkarin & clockenflap",
        "subcategory": "2024 HK (tenkarin & clockenflap",
        "categoryColor": "#3b82f6",
        "address": "",
        "sceneTitle": "tenkarin ig \"全發大押\"",
        "sceneNote": "",
        "sourceLabel": "FULL of Sakurazaka46 OVERSEA Map",
        "sourceUrl": "https://www.google.com/maps/d/viewer?mid=16UuI7FsZ44eye0vxkXhEnBNu44I2NqE",
        "referenceUrl": "https://www.google.com/maps/d/viewer?mid=16UuI7FsZ44eye0vxkXhEnBNu44I2NqE",
        "tags": [
          "海外",
          "2024 HK (tenkarin & clockenflap"
        ],
        "images": [],
        "members": [],
        "source": {
          "provider": "FULL of Sakurazaka46 OVERSEA Map",
          "url": "https://www.google.com/maps/d/viewer?mid=16UuI7FsZ44eye0vxkXhEnBNu44I2NqE",
          "mapId": "16UuI7FsZ44eye0vxkXhEnBNu44I2NqE",
          "layer": "2024 HK (tenkarin & clockenflap",
          "tags": [
            "海外",
            "2024 HK (tenkarin & clockenflap"
          ],
          "name": "tenkarin ig \"全發大押\""
        },
        "classification": {
          "category": "2024 HK (tenkarin & clockenflap",
          "subcategory": "2024 HK (tenkarin & clockenflap",
          "method": "source-layer",
          "status": "source"
        },
        "classificationCandidates": {
          "members": [],
          "projects": [],
          "contentTypes": []
        }
      }
    },
    {
      "type": "Feature",
      "geometry": {
        "type": "Point",
        "coordinates": [
          114.1861539,
          22.2792611
        ]
      },
      "properties": {
        "id": "mymaps:16UuI7FsZ44eye0vxkXhEnBNu44I2NqE:bd3a2dc0865cce90fe81",
        "sourceKey": "mymaps:16UuI7FsZ44eye0vxkXhEnBNu44I2NqE:bd3a2dc0865cce90fe81",
        "name": "tenkarin ig with circular bridge",
        "category": "2024 HK (tenkarin & clockenflap",
        "subcategory": "2024 HK (tenkarin & clockenflap",
        "categoryColor": "#3b82f6",
        "address": "",
        "sceneTitle": "tenkarin ig with circular bridge",
        "sceneNote": "",
        "sourceLabel": "FULL of Sakurazaka46 OVERSEA Map",
        "sourceUrl": "https://www.google.com/maps/d/viewer?mid=16UuI7FsZ44eye0vxkXhEnBNu44I2NqE",
        "referenceUrl": "https://www.google.com/maps/d/viewer?mid=16UuI7FsZ44eye0vxkXhEnBNu44I2NqE",
        "tags": [
          "海外",
          "2024 HK (tenkarin & clockenflap"
        ],
        "images": [],
        "members": [],
        "source": {
          "provider": "FULL of Sakurazaka46 OVERSEA Map",
          "url": "https://www.google.com/maps/d/viewer?mid=16UuI7FsZ44eye0vxkXhEnBNu44I2NqE",
          "mapId": "16UuI7FsZ44eye0vxkXhEnBNu44I2NqE",
          "layer": "2024 HK (tenkarin & clockenflap",
          "tags": [
            "海外",
            "2024 HK (tenkarin & clockenflap"
          ],
          "name": "tenkarin ig with circular bridge"
        },
        "classification": {
          "category": "2024 HK (tenkarin & clockenflap",
          "subcategory": "2024 HK (tenkarin & clockenflap",
          "method": "source-layer",
          "status": "source"
        },
        "classificationCandidates": {
          "members": [],
          "projects": [],
          "contentTypes": []
        }
      }
    },
    {
      "type": "Feature",
      "geometry": {
        "type": "Point",
        "coordinates": [
          114.2121518,
          22.284145
        ]
      },
      "properties": {
        "id": "mymaps:16UuI7FsZ44eye0vxkXhEnBNu44I2NqE:77f67527ba71efce2dd8",
        "sourceKey": "mymaps:16UuI7FsZ44eye0vxkXhEnBNu44I2NqE:77f67527ba71efce2dd8",
        "name": "tenkarin ig with monster building",
        "category": "2024 HK (tenkarin & clockenflap",
        "subcategory": "2024 HK (tenkarin & clockenflap",
        "categoryColor": "#3b82f6",
        "address": "",
        "sceneTitle": "tenkarin ig with monster building",
        "sceneNote": "",
        "sourceLabel": "FULL of Sakurazaka46 OVERSEA Map",
        "sourceUrl": "https://www.google.com/maps/d/viewer?mid=16UuI7FsZ44eye0vxkXhEnBNu44I2NqE",
        "referenceUrl": "https://www.google.com/maps/d/viewer?mid=16UuI7FsZ44eye0vxkXhEnBNu44I2NqE",
        "tags": [
          "海外",
          "2024 HK (tenkarin & clockenflap"
        ],
        "images": [],
        "members": [],
        "source": {
          "provider": "FULL of Sakurazaka46 OVERSEA Map",
          "url": "https://www.google.com/maps/d/viewer?mid=16UuI7FsZ44eye0vxkXhEnBNu44I2NqE",
          "mapId": "16UuI7FsZ44eye0vxkXhEnBNu44I2NqE",
          "layer": "2024 HK (tenkarin & clockenflap",
          "tags": [
            "海外",
            "2024 HK (tenkarin & clockenflap"
          ],
          "name": "tenkarin ig with monster building"
        },
        "classification": {
          "category": "2024 HK (tenkarin & clockenflap",
          "subcategory": "2024 HK (tenkarin & clockenflap",
          "method": "source-layer",
          "status": "source"
        },
        "classificationCandidates": {
          "members": [],
          "projects": [],
          "contentTypes": []
        }
      }
    },
    {
      "type": "Feature",
      "geometry": {
        "type": "Point",
        "coordinates": [
          114.1839629,
          22.2795933
        ]
      },
      "properties": {
        "id": "mymaps:16UuI7FsZ44eye0vxkXhEnBNu44I2NqE:b783df5107622d4655e6",
        "sourceKey": "mymaps:16UuI7FsZ44eye0vxkXhEnBNu44I2NqE:b783df5107622d4655e6",
        "name": "tenkarin ig in Hysan",
        "category": "2024 HK (tenkarin & clockenflap",
        "subcategory": "2024 HK (tenkarin & clockenflap",
        "categoryColor": "#3b82f6",
        "address": "",
        "sceneTitle": "tenkarin ig in Hysan",
        "sceneNote": "",
        "sourceLabel": "FULL of Sakurazaka46 OVERSEA Map",
        "sourceUrl": "https://www.google.com/maps/d/viewer?mid=16UuI7FsZ44eye0vxkXhEnBNu44I2NqE",
        "referenceUrl": "https://www.google.com/maps/d/viewer?mid=16UuI7FsZ44eye0vxkXhEnBNu44I2NqE",
        "tags": [
          "海外",
          "2024 HK (tenkarin & clockenflap"
        ],
        "images": [],
        "members": [],
        "source": {
          "provider": "FULL of Sakurazaka46 OVERSEA Map",
          "url": "https://www.google.com/maps/d/viewer?mid=16UuI7FsZ44eye0vxkXhEnBNu44I2NqE",
          "mapId": "16UuI7FsZ44eye0vxkXhEnBNu44I2NqE",
          "layer": "2024 HK (tenkarin & clockenflap",
          "tags": [
            "海外",
            "2024 HK (tenkarin & clockenflap"
          ],
          "name": "tenkarin ig in Hysan"
        },
        "classification": {
          "category": "2024 HK (tenkarin & clockenflap",
          "subcategory": "2024 HK (tenkarin & clockenflap",
          "method": "source-layer",
          "status": "source"
        },
        "classificationCandidates": {
          "members": [],
          "projects": [],
          "contentTypes": []
        }
      }
    },
    {
      "type": "Feature",
      "geometry": {
        "type": "Point",
        "coordinates": [
          114.1608127,
          22.2857661
        ]
      },
      "properties": {
        "id": "mymaps:16UuI7FsZ44eye0vxkXhEnBNu44I2NqE:6fc7522a687ea1dffeaa",
        "sourceKey": "mymaps:16UuI7FsZ44eye0vxkXhEnBNu44I2NqE:6fc7522a687ea1dffeaa",
        "name": "tenkarin ig with Ferris Reel",
        "category": "2024 HK (tenkarin & clockenflap",
        "subcategory": "2024 HK (tenkarin & clockenflap",
        "categoryColor": "#3b82f6",
        "address": "",
        "sceneTitle": "tenkarin ig with Ferris Reel",
        "sceneNote": "",
        "sourceLabel": "FULL of Sakurazaka46 OVERSEA Map",
        "sourceUrl": "https://www.google.com/maps/d/viewer?mid=16UuI7FsZ44eye0vxkXhEnBNu44I2NqE",
        "referenceUrl": "https://www.google.com/maps/d/viewer?mid=16UuI7FsZ44eye0vxkXhEnBNu44I2NqE",
        "tags": [
          "海外",
          "2024 HK (tenkarin & clockenflap"
        ],
        "images": [],
        "members": [],
        "source": {
          "provider": "FULL of Sakurazaka46 OVERSEA Map",
          "url": "https://www.google.com/maps/d/viewer?mid=16UuI7FsZ44eye0vxkXhEnBNu44I2NqE",
          "mapId": "16UuI7FsZ44eye0vxkXhEnBNu44I2NqE",
          "layer": "2024 HK (tenkarin & clockenflap",
          "tags": [
            "海外",
            "2024 HK (tenkarin & clockenflap"
          ],
          "name": "tenkarin ig with Ferris Reel"
        },
        "classification": {
          "category": "2024 HK (tenkarin & clockenflap",
          "subcategory": "2024 HK (tenkarin & clockenflap",
          "method": "source-layer",
          "status": "source"
        },
        "classificationCandidates": {
          "members": [],
          "projects": [],
          "contentTypes": []
        }
      }
    },
    {
      "type": "Feature",
      "geometry": {
        "type": "Point",
        "coordinates": [
          114.1855088,
          22.2807912
        ]
      },
      "properties": {
        "id": "mymaps:16UuI7FsZ44eye0vxkXhEnBNu44I2NqE:fc394eb380131841bc1c",
        "sourceKey": "mymaps:16UuI7FsZ44eye0vxkXhEnBNu44I2NqE:fc394eb380131841bc1c",
        "name": "Tenkarin ig with ten solo",
        "category": "2024 HK (tenkarin & clockenflap",
        "subcategory": "2024 HK (tenkarin & clockenflap",
        "categoryColor": "#3b82f6",
        "address": "",
        "sceneTitle": "Tenkarin ig with ten solo",
        "sceneNote": "",
        "sourceLabel": "FULL of Sakurazaka46 OVERSEA Map",
        "sourceUrl": "https://www.google.com/maps/d/viewer?mid=16UuI7FsZ44eye0vxkXhEnBNu44I2NqE",
        "referenceUrl": "https://www.google.com/maps/d/viewer?mid=16UuI7FsZ44eye0vxkXhEnBNu44I2NqE",
        "tags": [
          "海外",
          "2024 HK (tenkarin & clockenflap"
        ],
        "images": [],
        "members": [],
        "source": {
          "provider": "FULL of Sakurazaka46 OVERSEA Map",
          "url": "https://www.google.com/maps/d/viewer?mid=16UuI7FsZ44eye0vxkXhEnBNu44I2NqE",
          "mapId": "16UuI7FsZ44eye0vxkXhEnBNu44I2NqE",
          "layer": "2024 HK (tenkarin & clockenflap",
          "tags": [
            "海外",
            "2024 HK (tenkarin & clockenflap"
          ],
          "name": "Tenkarin ig with ten solo"
        },
        "classification": {
          "category": "2024 HK (tenkarin & clockenflap",
          "subcategory": "2024 HK (tenkarin & clockenflap",
          "method": "source-layer",
          "status": "source"
        },
        "classificationCandidates": {
          "members": [],
          "projects": [],
          "contentTypes": []
        }
      }
    },
    {
      "type": "Feature",
      "geometry": {
        "type": "Point",
        "coordinates": [
          114.1735244,
          22.2929643
        ]
      },
      "properties": {
        "id": "mymaps:16UuI7FsZ44eye0vxkXhEnBNu44I2NqE:52a224bd47ac35252129",
        "sourceKey": "mymaps:16UuI7FsZ44eye0vxkXhEnBNu44I2NqE:52a224bd47ac35252129",
        "name": "tenkarin ig with nightview",
        "category": "2024 HK (tenkarin & clockenflap",
        "subcategory": "2024 HK (tenkarin & clockenflap",
        "categoryColor": "#3b82f6",
        "address": "",
        "sceneTitle": "tenkarin ig with nightview",
        "sceneNote": "",
        "sourceLabel": "FULL of Sakurazaka46 OVERSEA Map",
        "sourceUrl": "https://www.google.com/maps/d/viewer?mid=16UuI7FsZ44eye0vxkXhEnBNu44I2NqE",
        "referenceUrl": "https://www.google.com/maps/d/viewer?mid=16UuI7FsZ44eye0vxkXhEnBNu44I2NqE",
        "tags": [
          "海外",
          "2024 HK (tenkarin & clockenflap"
        ],
        "images": [],
        "members": [],
        "source": {
          "provider": "FULL of Sakurazaka46 OVERSEA Map",
          "url": "https://www.google.com/maps/d/viewer?mid=16UuI7FsZ44eye0vxkXhEnBNu44I2NqE",
          "mapId": "16UuI7FsZ44eye0vxkXhEnBNu44I2NqE",
          "layer": "2024 HK (tenkarin & clockenflap",
          "tags": [
            "海外",
            "2024 HK (tenkarin & clockenflap"
          ],
          "name": "tenkarin ig with nightview"
        },
        "classification": {
          "category": "2024 HK (tenkarin & clockenflap",
          "subcategory": "2024 HK (tenkarin & clockenflap",
          "method": "source-layer",
          "status": "source"
        },
        "classificationCandidates": {
          "members": [],
          "projects": [],
          "contentTypes": []
        }
      }
    },
    {
      "type": "Feature",
      "geometry": {
        "type": "Point",
        "coordinates": [
          114.2097223,
          22.2892108
        ]
      },
      "properties": {
        "id": "mymaps:16UuI7FsZ44eye0vxkXhEnBNu44I2NqE:7bdd107253f1aa24a70c",
        "sourceKey": "mymaps:16UuI7FsZ44eye0vxkXhEnBNu44I2NqE:7bdd107253f1aa24a70c",
        "name": "tenkarin ig with karin on tram",
        "category": "2024 HK (tenkarin & clockenflap",
        "subcategory": "2024 HK (tenkarin & clockenflap",
        "categoryColor": "#3b82f6",
        "address": "",
        "sceneTitle": "tenkarin ig with karin on tram",
        "sceneNote": "",
        "sourceLabel": "FULL of Sakurazaka46 OVERSEA Map",
        "sourceUrl": "https://www.google.com/maps/d/viewer?mid=16UuI7FsZ44eye0vxkXhEnBNu44I2NqE",
        "referenceUrl": "https://www.google.com/maps/d/viewer?mid=16UuI7FsZ44eye0vxkXhEnBNu44I2NqE",
        "tags": [
          "海外",
          "2024 HK (tenkarin & clockenflap"
        ],
        "images": [],
        "members": [],
        "source": {
          "provider": "FULL of Sakurazaka46 OVERSEA Map",
          "url": "https://www.google.com/maps/d/viewer?mid=16UuI7FsZ44eye0vxkXhEnBNu44I2NqE",
          "mapId": "16UuI7FsZ44eye0vxkXhEnBNu44I2NqE",
          "layer": "2024 HK (tenkarin & clockenflap",
          "tags": [
            "海外",
            "2024 HK (tenkarin & clockenflap"
          ],
          "name": "tenkarin ig with karin on tram"
        },
        "classification": {
          "category": "2024 HK (tenkarin & clockenflap",
          "subcategory": "2024 HK (tenkarin & clockenflap",
          "method": "source-layer",
          "status": "source"
        },
        "classificationCandidates": {
          "members": [],
          "projects": [],
          "contentTypes": []
        }
      }
    },
    {
      "type": "Feature",
      "geometry": {
        "type": "Point",
        "coordinates": [
          114.1520391,
          22.2830599
        ]
      },
      "properties": {
        "id": "mymaps:16UuI7FsZ44eye0vxkXhEnBNu44I2NqE:2feef7b73c9953874c3d",
        "sourceKey": "mymaps:16UuI7FsZ44eye0vxkXhEnBNu44I2NqE:2feef7b73c9953874c3d",
        "name": "VOGUE Iron gate",
        "category": "2024 HK (tenkarin & clockenflap",
        "subcategory": "2024 HK (tenkarin & clockenflap",
        "categoryColor": "#3b82f6",
        "address": "",
        "sceneTitle": "VOGUE Iron gate",
        "sceneNote": "",
        "sourceLabel": "FULL of Sakurazaka46 OVERSEA Map",
        "sourceUrl": "https://www.google.com/maps/d/viewer?mid=16UuI7FsZ44eye0vxkXhEnBNu44I2NqE",
        "referenceUrl": "https://www.google.com/maps/d/viewer?mid=16UuI7FsZ44eye0vxkXhEnBNu44I2NqE",
        "tags": [
          "海外",
          "2024 HK (tenkarin & clockenflap"
        ],
        "images": [],
        "members": [],
        "source": {
          "provider": "FULL of Sakurazaka46 OVERSEA Map",
          "url": "https://www.google.com/maps/d/viewer?mid=16UuI7FsZ44eye0vxkXhEnBNu44I2NqE",
          "mapId": "16UuI7FsZ44eye0vxkXhEnBNu44I2NqE",
          "layer": "2024 HK (tenkarin & clockenflap",
          "tags": [
            "海外",
            "2024 HK (tenkarin & clockenflap"
          ],
          "name": "VOGUE Iron gate"
        },
        "classification": {
          "category": "2024 HK (tenkarin & clockenflap",
          "subcategory": "2024 HK (tenkarin & clockenflap",
          "method": "source-layer",
          "status": "source"
        },
        "classificationCandidates": {
          "members": [],
          "projects": [],
          "contentTypes": []
        }
      }
    },
    {
      "type": "Feature",
      "geometry": {
        "type": "Point",
        "coordinates": [
          114.1520169,
          22.2843513
        ]
      },
      "properties": {
        "id": "mymaps:16UuI7FsZ44eye0vxkXhEnBNu44I2NqE:909e13d36a240ee0a9e9",
        "sourceKey": "mymaps:16UuI7FsZ44eye0vxkXhEnBNu44I2NqE:909e13d36a240ee0a9e9",
        "name": "VOGUE Karin seat",
        "category": "2024 HK (tenkarin & clockenflap",
        "subcategory": "2024 HK (tenkarin & clockenflap",
        "categoryColor": "#3b82f6",
        "address": "",
        "sceneTitle": "VOGUE Karin seat",
        "sceneNote": "",
        "sourceLabel": "FULL of Sakurazaka46 OVERSEA Map",
        "sourceUrl": "https://www.google.com/maps/d/viewer?mid=16UuI7FsZ44eye0vxkXhEnBNu44I2NqE",
        "referenceUrl": "https://www.google.com/maps/d/viewer?mid=16UuI7FsZ44eye0vxkXhEnBNu44I2NqE",
        "tags": [
          "海外",
          "2024 HK (tenkarin & clockenflap"
        ],
        "images": [],
        "members": [],
        "source": {
          "provider": "FULL of Sakurazaka46 OVERSEA Map",
          "url": "https://www.google.com/maps/d/viewer?mid=16UuI7FsZ44eye0vxkXhEnBNu44I2NqE",
          "mapId": "16UuI7FsZ44eye0vxkXhEnBNu44I2NqE",
          "layer": "2024 HK (tenkarin & clockenflap",
          "tags": [
            "海外",
            "2024 HK (tenkarin & clockenflap"
          ],
          "name": "VOGUE Karin seat"
        },
        "classification": {
          "category": "2024 HK (tenkarin & clockenflap",
          "subcategory": "2024 HK (tenkarin & clockenflap",
          "method": "source-layer",
          "status": "source"
        },
        "classificationCandidates": {
          "members": [],
          "projects": [],
          "contentTypes": []
        }
      }
    },
    {
      "type": "Feature",
      "geometry": {
        "type": "Point",
        "coordinates": [
          114.1515431,
          22.2839768
        ]
      },
      "properties": {
        "id": "mymaps:16UuI7FsZ44eye0vxkXhEnBNu44I2NqE:93b0d03e782a8acaad02",
        "sourceKey": "mymaps:16UuI7FsZ44eye0vxkXhEnBNu44I2NqE:93b0d03e782a8acaad02",
        "name": "tenkarin VOGUE turning",
        "category": "2024 HK (tenkarin & clockenflap",
        "subcategory": "2024 HK (tenkarin & clockenflap",
        "categoryColor": "#3b82f6",
        "address": "",
        "sceneTitle": "tenkarin VOGUE turning",
        "sceneNote": "",
        "sourceLabel": "FULL of Sakurazaka46 OVERSEA Map",
        "sourceUrl": "https://www.google.com/maps/d/viewer?mid=16UuI7FsZ44eye0vxkXhEnBNu44I2NqE",
        "referenceUrl": "https://www.google.com/maps/d/viewer?mid=16UuI7FsZ44eye0vxkXhEnBNu44I2NqE",
        "tags": [
          "海外",
          "2024 HK (tenkarin & clockenflap"
        ],
        "images": [],
        "members": [],
        "source": {
          "provider": "FULL of Sakurazaka46 OVERSEA Map",
          "url": "https://www.google.com/maps/d/viewer?mid=16UuI7FsZ44eye0vxkXhEnBNu44I2NqE",
          "mapId": "16UuI7FsZ44eye0vxkXhEnBNu44I2NqE",
          "layer": "2024 HK (tenkarin & clockenflap",
          "tags": [
            "海外",
            "2024 HK (tenkarin & clockenflap"
          ],
          "name": "tenkarin VOGUE turning"
        },
        "classification": {
          "category": "2024 HK (tenkarin & clockenflap",
          "subcategory": "2024 HK (tenkarin & clockenflap",
          "method": "source-layer",
          "status": "source"
        },
        "classificationCandidates": {
          "members": [],
          "projects": [],
          "contentTypes": []
        }
      }
    },
    {
      "type": "Feature",
      "geometry": {
        "type": "Point",
        "coordinates": [
          114.1515704,
          22.2840893
        ]
      },
      "properties": {
        "id": "mymaps:16UuI7FsZ44eye0vxkXhEnBNu44I2NqE:733bc5d07e652f3f039e",
        "sourceKey": "mymaps:16UuI7FsZ44eye0vxkXhEnBNu44I2NqE:733bc5d07e652f3f039e",
        "name": "tenkarin VOGUE slope",
        "category": "2024 HK (tenkarin & clockenflap",
        "subcategory": "2024 HK (tenkarin & clockenflap",
        "categoryColor": "#3b82f6",
        "address": "",
        "sceneTitle": "tenkarin VOGUE slope",
        "sceneNote": "",
        "sourceLabel": "FULL of Sakurazaka46 OVERSEA Map",
        "sourceUrl": "https://www.google.com/maps/d/viewer?mid=16UuI7FsZ44eye0vxkXhEnBNu44I2NqE",
        "referenceUrl": "https://www.google.com/maps/d/viewer?mid=16UuI7FsZ44eye0vxkXhEnBNu44I2NqE",
        "tags": [
          "海外",
          "2024 HK (tenkarin & clockenflap"
        ],
        "images": [],
        "members": [],
        "source": {
          "provider": "FULL of Sakurazaka46 OVERSEA Map",
          "url": "https://www.google.com/maps/d/viewer?mid=16UuI7FsZ44eye0vxkXhEnBNu44I2NqE",
          "mapId": "16UuI7FsZ44eye0vxkXhEnBNu44I2NqE",
          "layer": "2024 HK (tenkarin & clockenflap",
          "tags": [
            "海外",
            "2024 HK (tenkarin & clockenflap"
          ],
          "name": "tenkarin VOGUE slope"
        },
        "classification": {
          "category": "2024 HK (tenkarin & clockenflap",
          "subcategory": "2024 HK (tenkarin & clockenflap",
          "method": "source-layer",
          "status": "source"
        },
        "classificationCandidates": {
          "members": [],
          "projects": [],
          "contentTypes": []
        }
      }
    },
    {
      "type": "Feature",
      "geometry": {
        "type": "Point",
        "coordinates": [
          114.1617694,
          22.2839359
        ]
      },
      "properties": {
        "id": "mymaps:16UuI7FsZ44eye0vxkXhEnBNu44I2NqE:225ef73c428edf7a8ed5",
        "sourceKey": "mymaps:16UuI7FsZ44eye0vxkXhEnBNu44I2NqE:225ef73c428edf7a8ed5",
        "name": "2024 Clokenflap",
        "category": "2024 HK (tenkarin & clockenflap",
        "subcategory": "2024 HK (tenkarin & clockenflap",
        "categoryColor": "#3b82f6",
        "address": "",
        "sceneTitle": "2024 Clokenflap",
        "sceneNote": "Where Saku performed",
        "sourceLabel": "FULL of Sakurazaka46 OVERSEA Map",
        "sourceUrl": "https://www.google.com/maps/d/viewer?mid=16UuI7FsZ44eye0vxkXhEnBNu44I2NqE",
        "referenceUrl": "https://www.google.com/maps/d/viewer?mid=16UuI7FsZ44eye0vxkXhEnBNu44I2NqE",
        "tags": [
          "海外",
          "2024 HK (tenkarin & clockenflap"
        ],
        "images": [],
        "members": [],
        "source": {
          "provider": "FULL of Sakurazaka46 OVERSEA Map",
          "url": "https://www.google.com/maps/d/viewer?mid=16UuI7FsZ44eye0vxkXhEnBNu44I2NqE",
          "mapId": "16UuI7FsZ44eye0vxkXhEnBNu44I2NqE",
          "layer": "2024 HK (tenkarin & clockenflap",
          "tags": [
            "海外",
            "2024 HK (tenkarin & clockenflap"
          ],
          "name": "2024 Clokenflap"
        },
        "classification": {
          "category": "2024 HK (tenkarin & clockenflap",
          "subcategory": "2024 HK (tenkarin & clockenflap",
          "method": "source-layer",
          "status": "source"
        },
        "classificationCandidates": {
          "members": [],
          "projects": [],
          "contentTypes": []
        }
      }
    },
    {
      "type": "Feature",
      "geometry": {
        "type": "Point",
        "coordinates": [
          114.1564296,
          22.2814535
        ]
      },
      "properties": {
        "id": "mymaps:16UuI7FsZ44eye0vxkXhEnBNu44I2NqE:2a49c5dc42835f9f00a4",
        "sourceKey": "mymaps:16UuI7FsZ44eye0vxkXhEnBNu44I2NqE:2a49c5dc42835f9f00a4",
        "name": "Dining (blue&white dish",
        "category": "2024 HK (tenkarin & clockenflap",
        "subcategory": "2024 HK (tenkarin & clockenflap",
        "categoryColor": "#3b82f6",
        "address": "",
        "sceneTitle": "Dining (blue&white dish",
        "sceneNote": "",
        "sourceLabel": "FULL of Sakurazaka46 OVERSEA Map",
        "sourceUrl": "https://www.google.com/maps/d/viewer?mid=16UuI7FsZ44eye0vxkXhEnBNu44I2NqE",
        "referenceUrl": "https://www.google.com/maps/d/viewer?mid=16UuI7FsZ44eye0vxkXhEnBNu44I2NqE",
        "tags": [
          "海外",
          "2024 HK (tenkarin & clockenflap"
        ],
        "images": [],
        "members": [],
        "source": {
          "provider": "FULL of Sakurazaka46 OVERSEA Map",
          "url": "https://www.google.com/maps/d/viewer?mid=16UuI7FsZ44eye0vxkXhEnBNu44I2NqE",
          "mapId": "16UuI7FsZ44eye0vxkXhEnBNu44I2NqE",
          "layer": "2024 HK (tenkarin & clockenflap",
          "tags": [
            "海外",
            "2024 HK (tenkarin & clockenflap"
          ],
          "name": "Dining (blue&white dish"
        },
        "classification": {
          "category": "2024 HK (tenkarin & clockenflap",
          "subcategory": "2024 HK (tenkarin & clockenflap",
          "method": "source-layer",
          "status": "source"
        },
        "classificationCandidates": {
          "members": [],
          "projects": [],
          "contentTypes": []
        }
      }
    },
    {
      "type": "Feature",
      "geometry": {
        "type": "Point",
        "coordinates": [
          114.1566809,
          22.281404
        ]
      },
      "properties": {
        "id": "mymaps:16UuI7FsZ44eye0vxkXhEnBNu44I2NqE:80004b1ec0c4dc1dcb00",
        "sourceKey": "mymaps:16UuI7FsZ44eye0vxkXhEnBNu44I2NqE:80004b1ec0c4dc1dcb00",
        "name": "Karin ig 1202",
        "category": "2024 HK (tenkarin & clockenflap",
        "subcategory": "2024 HK (tenkarin & clockenflap",
        "categoryColor": "#3b82f6",
        "address": "",
        "sceneTitle": "Karin ig 1202",
        "sceneNote": "",
        "sourceLabel": "FULL of Sakurazaka46 OVERSEA Map",
        "sourceUrl": "https://www.google.com/maps/d/viewer?mid=16UuI7FsZ44eye0vxkXhEnBNu44I2NqE",
        "referenceUrl": "https://www.google.com/maps/d/viewer?mid=16UuI7FsZ44eye0vxkXhEnBNu44I2NqE",
        "tags": [
          "海外",
          "2024 HK (tenkarin & clockenflap"
        ],
        "images": [],
        "members": [],
        "source": {
          "provider": "FULL of Sakurazaka46 OVERSEA Map",
          "url": "https://www.google.com/maps/d/viewer?mid=16UuI7FsZ44eye0vxkXhEnBNu44I2NqE",
          "mapId": "16UuI7FsZ44eye0vxkXhEnBNu44I2NqE",
          "layer": "2024 HK (tenkarin & clockenflap",
          "tags": [
            "海外",
            "2024 HK (tenkarin & clockenflap"
          ],
          "name": "Karin ig 1202"
        },
        "classification": {
          "category": "2024 HK (tenkarin & clockenflap",
          "subcategory": "2024 HK (tenkarin & clockenflap",
          "method": "source-layer",
          "status": "source"
        },
        "classificationCandidates": {
          "members": [],
          "projects": [],
          "contentTypes": []
        }
      }
    },
    {
      "type": "Feature",
      "geometry": {
        "type": "Point",
        "coordinates": [
          114.1596571,
          22.281614
        ]
      },
      "properties": {
        "id": "mymaps:16UuI7FsZ44eye0vxkXhEnBNu44I2NqE:8ab51792d8b236b62182",
        "sourceKey": "mymaps:16UuI7FsZ44eye0vxkXhEnBNu44I2NqE:8ab51792d8b236b62182",
        "name": "Karin ig 1202 (CHANEL",
        "category": "2024 HK (tenkarin & clockenflap",
        "subcategory": "2024 HK (tenkarin & clockenflap",
        "categoryColor": "#3b82f6",
        "address": "",
        "sceneTitle": "Karin ig 1202 (CHANEL",
        "sceneNote": "",
        "sourceLabel": "FULL of Sakurazaka46 OVERSEA Map",
        "sourceUrl": "https://www.google.com/maps/d/viewer?mid=16UuI7FsZ44eye0vxkXhEnBNu44I2NqE",
        "referenceUrl": "https://www.google.com/maps/d/viewer?mid=16UuI7FsZ44eye0vxkXhEnBNu44I2NqE",
        "tags": [
          "海外",
          "2024 HK (tenkarin & clockenflap"
        ],
        "images": [],
        "members": [],
        "source": {
          "provider": "FULL of Sakurazaka46 OVERSEA Map",
          "url": "https://www.google.com/maps/d/viewer?mid=16UuI7FsZ44eye0vxkXhEnBNu44I2NqE",
          "mapId": "16UuI7FsZ44eye0vxkXhEnBNu44I2NqE",
          "layer": "2024 HK (tenkarin & clockenflap",
          "tags": [
            "海外",
            "2024 HK (tenkarin & clockenflap"
          ],
          "name": "Karin ig 1202 (CHANEL"
        },
        "classification": {
          "category": "2024 HK (tenkarin & clockenflap",
          "subcategory": "2024 HK (tenkarin & clockenflap",
          "method": "source-layer",
          "status": "source"
        },
        "classificationCandidates": {
          "members": [],
          "projects": [],
          "contentTypes": []
        }
      }
    },
    {
      "type": "Feature",
      "geometry": {
        "type": "Point",
        "coordinates": [
          114.15499,
          22.2840716
        ]
      },
      "properties": {
        "id": "mymaps:16UuI7FsZ44eye0vxkXhEnBNu44I2NqE:745627627afa60d3c93a",
        "sourceKey": "mymaps:16UuI7FsZ44eye0vxkXhEnBNu44I2NqE:745627627afa60d3c93a",
        "name": "Rena ig Central market",
        "category": "2024 HK (tenkarin & clockenflap",
        "subcategory": "2024 HK (tenkarin & clockenflap",
        "categoryColor": "#3b82f6",
        "address": "",
        "sceneTitle": "Rena ig Central market",
        "sceneNote": "",
        "sourceLabel": "FULL of Sakurazaka46 OVERSEA Map",
        "sourceUrl": "https://www.google.com/maps/d/viewer?mid=16UuI7FsZ44eye0vxkXhEnBNu44I2NqE",
        "referenceUrl": "https://www.google.com/maps/d/viewer?mid=16UuI7FsZ44eye0vxkXhEnBNu44I2NqE",
        "tags": [
          "海外",
          "2024 HK (tenkarin & clockenflap"
        ],
        "images": [],
        "members": [],
        "source": {
          "provider": "FULL of Sakurazaka46 OVERSEA Map",
          "url": "https://www.google.com/maps/d/viewer?mid=16UuI7FsZ44eye0vxkXhEnBNu44I2NqE",
          "mapId": "16UuI7FsZ44eye0vxkXhEnBNu44I2NqE",
          "layer": "2024 HK (tenkarin & clockenflap",
          "tags": [
            "海外",
            "2024 HK (tenkarin & clockenflap"
          ],
          "name": "Rena ig Central market"
        },
        "classification": {
          "category": "2024 HK (tenkarin & clockenflap",
          "subcategory": "2024 HK (tenkarin & clockenflap",
          "method": "source-layer",
          "status": "source"
        },
        "classificationCandidates": {
          "members": [],
          "projects": [],
          "contentTypes": []
        }
      }
    },
    {
      "type": "Feature",
      "geometry": {
        "type": "Point",
        "coordinates": [
          114.1584057,
          22.2829011
        ]
      },
      "properties": {
        "id": "mymaps:16UuI7FsZ44eye0vxkXhEnBNu44I2NqE:83058fd694c42d56f315",
        "sourceKey": "mymaps:16UuI7FsZ44eye0vxkXhEnBNu44I2NqE:83058fd694c42d56f315",
        "name": "zono msg (weird taxi",
        "category": "2024 HK (tenkarin & clockenflap",
        "subcategory": "2024 HK (tenkarin & clockenflap",
        "categoryColor": "#3b82f6",
        "address": "",
        "sceneTitle": "zono msg (weird taxi",
        "sceneNote": "",
        "sourceLabel": "FULL of Sakurazaka46 OVERSEA Map",
        "sourceUrl": "https://www.google.com/maps/d/viewer?mid=16UuI7FsZ44eye0vxkXhEnBNu44I2NqE",
        "referenceUrl": "https://www.google.com/maps/d/viewer?mid=16UuI7FsZ44eye0vxkXhEnBNu44I2NqE",
        "tags": [
          "海外",
          "2024 HK (tenkarin & clockenflap"
        ],
        "images": [],
        "members": [],
        "source": {
          "provider": "FULL of Sakurazaka46 OVERSEA Map",
          "url": "https://www.google.com/maps/d/viewer?mid=16UuI7FsZ44eye0vxkXhEnBNu44I2NqE",
          "mapId": "16UuI7FsZ44eye0vxkXhEnBNu44I2NqE",
          "layer": "2024 HK (tenkarin & clockenflap",
          "tags": [
            "海外",
            "2024 HK (tenkarin & clockenflap"
          ],
          "name": "zono msg (weird taxi"
        },
        "classification": {
          "category": "2024 HK (tenkarin & clockenflap",
          "subcategory": "2024 HK (tenkarin & clockenflap",
          "method": "source-layer",
          "status": "source"
        },
        "classificationCandidates": {
          "members": [],
          "projects": [],
          "contentTypes": []
        }
      }
    },
    {
      "type": "Feature",
      "geometry": {
        "type": "Point",
        "coordinates": [
          114.1745947,
          22.2930522
        ]
      },
      "properties": {
        "id": "mymaps:16UuI7FsZ44eye0vxkXhEnBNu44I2NqE:bede24c4ab0a280ebcbc",
        "sourceKey": "mymaps:16UuI7FsZ44eye0vxkXhEnBNu44I2NqE:bede24c4ab0a280ebcbc",
        "name": "mio blog nightview",
        "category": "2024 HK (tenkarin & clockenflap",
        "subcategory": "2024 HK (tenkarin & clockenflap",
        "categoryColor": "#3b82f6",
        "address": "",
        "sceneTitle": "mio blog nightview",
        "sceneNote": "",
        "sourceLabel": "FULL of Sakurazaka46 OVERSEA Map",
        "sourceUrl": "https://www.google.com/maps/d/viewer?mid=16UuI7FsZ44eye0vxkXhEnBNu44I2NqE",
        "referenceUrl": "https://www.google.com/maps/d/viewer?mid=16UuI7FsZ44eye0vxkXhEnBNu44I2NqE",
        "tags": [
          "海外",
          "2024 HK (tenkarin & clockenflap"
        ],
        "images": [],
        "members": [],
        "source": {
          "provider": "FULL of Sakurazaka46 OVERSEA Map",
          "url": "https://www.google.com/maps/d/viewer?mid=16UuI7FsZ44eye0vxkXhEnBNu44I2NqE",
          "mapId": "16UuI7FsZ44eye0vxkXhEnBNu44I2NqE",
          "layer": "2024 HK (tenkarin & clockenflap",
          "tags": [
            "海外",
            "2024 HK (tenkarin & clockenflap"
          ],
          "name": "mio blog nightview"
        },
        "classification": {
          "category": "2024 HK (tenkarin & clockenflap",
          "subcategory": "2024 HK (tenkarin & clockenflap",
          "method": "source-layer",
          "status": "source"
        },
        "classificationCandidates": {
          "members": [],
          "projects": [],
          "contentTypes": []
        }
      }
    },
    {
      "type": "Feature",
      "geometry": {
        "type": "Point",
        "coordinates": [
          114.0541877,
          22.3433933
        ]
      },
      "properties": {
        "id": "mymaps:16UuI7FsZ44eye0vxkXhEnBNu44I2NqE:0d0f438b9ba2a00eecba",
        "sourceKey": "mymaps:16UuI7FsZ44eye0vxkXhEnBNu44I2NqE:0d0f438b9ba2a00eecba",
        "name": "zono msg (the video",
        "category": "2024 HK (tenkarin & clockenflap",
        "subcategory": "2024 HK (tenkarin & clockenflap",
        "categoryColor": "#3b82f6",
        "address": "",
        "sceneTitle": "zono msg (the video",
        "sceneNote": "",
        "sourceLabel": "FULL of Sakurazaka46 OVERSEA Map",
        "sourceUrl": "https://www.google.com/maps/d/viewer?mid=16UuI7FsZ44eye0vxkXhEnBNu44I2NqE",
        "referenceUrl": "https://www.google.com/maps/d/viewer?mid=16UuI7FsZ44eye0vxkXhEnBNu44I2NqE",
        "tags": [
          "海外",
          "2024 HK (tenkarin & clockenflap"
        ],
        "images": [],
        "members": [],
        "source": {
          "provider": "FULL of Sakurazaka46 OVERSEA Map",
          "url": "https://www.google.com/maps/d/viewer?mid=16UuI7FsZ44eye0vxkXhEnBNu44I2NqE",
          "mapId": "16UuI7FsZ44eye0vxkXhEnBNu44I2NqE",
          "layer": "2024 HK (tenkarin & clockenflap",
          "tags": [
            "海外",
            "2024 HK (tenkarin & clockenflap"
          ],
          "name": "zono msg (the video"
        },
        "classification": {
          "category": "2024 HK (tenkarin & clockenflap",
          "subcategory": "2024 HK (tenkarin & clockenflap",
          "method": "source-layer",
          "status": "source"
        },
        "classificationCandidates": {
          "members": [],
          "projects": [],
          "contentTypes": []
        }
      }
    },
    {
      "type": "Feature",
      "geometry": {
        "type": "Point",
        "coordinates": [
          114.1861578,
          22.2806602
        ]
      },
      "properties": {
        "id": "mymaps:16UuI7FsZ44eye0vxkXhEnBNu44I2NqE:81bf0b3716d2b3f3a791",
        "sourceKey": "mymaps:16UuI7FsZ44eye0vxkXhEnBNu44I2NqE:81bf0b3716d2b3f3a791",
        "name": "zono msg (the video",
        "category": "2024 HK (tenkarin & clockenflap",
        "subcategory": "2024 HK (tenkarin & clockenflap",
        "categoryColor": "#3b82f6",
        "address": "",
        "sceneTitle": "zono msg (the video",
        "sceneNote": "",
        "sourceLabel": "FULL of Sakurazaka46 OVERSEA Map",
        "sourceUrl": "https://www.google.com/maps/d/viewer?mid=16UuI7FsZ44eye0vxkXhEnBNu44I2NqE",
        "referenceUrl": "https://www.google.com/maps/d/viewer?mid=16UuI7FsZ44eye0vxkXhEnBNu44I2NqE",
        "tags": [
          "海外",
          "2024 HK (tenkarin & clockenflap"
        ],
        "images": [],
        "members": [],
        "source": {
          "provider": "FULL of Sakurazaka46 OVERSEA Map",
          "url": "https://www.google.com/maps/d/viewer?mid=16UuI7FsZ44eye0vxkXhEnBNu44I2NqE",
          "mapId": "16UuI7FsZ44eye0vxkXhEnBNu44I2NqE",
          "layer": "2024 HK (tenkarin & clockenflap",
          "tags": [
            "海外",
            "2024 HK (tenkarin & clockenflap"
          ],
          "name": "zono msg (the video"
        },
        "classification": {
          "category": "2024 HK (tenkarin & clockenflap",
          "subcategory": "2024 HK (tenkarin & clockenflap",
          "method": "source-layer",
          "status": "source"
        },
        "classificationCandidates": {
          "members": [],
          "projects": [],
          "contentTypes": []
        }
      }
    },
    {
      "type": "Feature",
      "geometry": {
        "type": "Point",
        "coordinates": [
          121.5138676,
          25.0570128
        ]
      },
      "properties": {
        "id": "mymaps:16UuI7FsZ44eye0vxkXhEnBNu44I2NqE:a6f35fb6d02817a83e9a",
        "sourceKey": "mymaps:16UuI7FsZ44eye0vxkXhEnBNu44I2NqE:a6f35fb6d02817a83e9a",
        "name": "25°03'25.3\"N 121°30'49.9\"E",
        "category": "2025 Taipei ver2",
        "subcategory": "2025 Taipei ver2",
        "categoryColor": "#3b82f6",
        "address": "",
        "sceneTitle": "25°03'25.3\"N 121°30'49.9\"E",
        "sceneNote": "Note: 石森璃花 IG Story Yublog 0515 過馬路 URL: 25.0570128,121.5138676 Tags: Comment:",
        "sourceLabel": "FULL of Sakurazaka46 OVERSEA Map",
        "sourceUrl": "https://www.google.com/maps/d/viewer?mid=16UuI7FsZ44eye0vxkXhEnBNu44I2NqE",
        "referenceUrl": "https://www.google.com/maps/d/viewer?mid=16UuI7FsZ44eye0vxkXhEnBNu44I2NqE",
        "tags": [
          "海外",
          "2025 Taipei ver2"
        ],
        "images": [],
        "members": [],
        "source": {
          "provider": "FULL of Sakurazaka46 OVERSEA Map",
          "url": "https://www.google.com/maps/d/viewer?mid=16UuI7FsZ44eye0vxkXhEnBNu44I2NqE",
          "mapId": "16UuI7FsZ44eye0vxkXhEnBNu44I2NqE",
          "layer": "2025 Taipei ver2",
          "tags": [
            "海外",
            "2025 Taipei ver2"
          ],
          "name": "25°03'25.3\"N 121°30'49.9\"E"
        },
        "classification": {
          "category": "2025 Taipei ver2",
          "subcategory": "2025 Taipei ver2",
          "method": "source-layer",
          "status": "source"
        },
        "classificationCandidates": {
          "members": [],
          "projects": [],
          "contentTypes": []
        }
      }
    },
    {
      "type": "Feature",
      "geometry": {
        "type": "Point",
        "coordinates": [
          121.5201319,
          25.0532277
        ]
      },
      "properties": {
        "id": "mymaps:16UuI7FsZ44eye0vxkXhEnBNu44I2NqE:6fea2fb7e955845a7448",
        "sourceKey": "mymaps:16UuI7FsZ44eye0vxkXhEnBNu44I2NqE:6fea2fb7e955845a7448",
        "name": "25°03'11.6\"N 121°31'12.5\"E",
        "category": "2025 Taipei ver2",
        "subcategory": "2025 Taipei ver2",
        "categoryColor": "#3b82f6",
        "address": "",
        "sceneTitle": "25°03'11.6\"N 121°31'12.5\"E",
        "sceneNote": "Note: 田村保乃 blog URL: 25.0532277,121.5201319 Tags: Comment:",
        "sourceLabel": "FULL of Sakurazaka46 OVERSEA Map",
        "sourceUrl": "https://www.google.com/maps/d/viewer?mid=16UuI7FsZ44eye0vxkXhEnBNu44I2NqE",
        "referenceUrl": "https://www.google.com/maps/d/viewer?mid=16UuI7FsZ44eye0vxkXhEnBNu44I2NqE",
        "tags": [
          "海外",
          "2025 Taipei ver2"
        ],
        "images": [],
        "members": [],
        "source": {
          "provider": "FULL of Sakurazaka46 OVERSEA Map",
          "url": "https://www.google.com/maps/d/viewer?mid=16UuI7FsZ44eye0vxkXhEnBNu44I2NqE",
          "mapId": "16UuI7FsZ44eye0vxkXhEnBNu44I2NqE",
          "layer": "2025 Taipei ver2",
          "tags": [
            "海外",
            "2025 Taipei ver2"
          ],
          "name": "25°03'11.6\"N 121°31'12.5\"E"
        },
        "classification": {
          "category": "2025 Taipei ver2",
          "subcategory": "2025 Taipei ver2",
          "method": "source-layer",
          "status": "source"
        },
        "classificationCandidates": {
          "members": [],
          "projects": [],
          "contentTypes": []
        }
      }
    },
    {
      "type": "Feature",
      "geometry": {
        "type": "Point",
        "coordinates": [
          121.5184319,
          25.0541534
        ]
      },
      "properties": {
        "id": "mymaps:16UuI7FsZ44eye0vxkXhEnBNu44I2NqE:9543da5e036fd6137924",
        "sourceKey": "mymaps:16UuI7FsZ44eye0vxkXhEnBNu44I2NqE:9543da5e036fd6137924",
        "name": "25°03'15.0\"N 121°31'06.4\"E",
        "category": "2025 Taipei ver2",
        "subcategory": "2025 Taipei ver2",
        "categoryColor": "#3b82f6",
        "address": "",
        "sceneTitle": "25°03'15.0\"N 121°31'06.4\"E",
        "sceneNote": "Note: 松田里奈 with honorena URL: 25.0541534,121.5184319 Tags: Comment:",
        "sourceLabel": "FULL of Sakurazaka46 OVERSEA Map",
        "sourceUrl": "https://www.google.com/maps/d/viewer?mid=16UuI7FsZ44eye0vxkXhEnBNu44I2NqE",
        "referenceUrl": "https://www.google.com/maps/d/viewer?mid=16UuI7FsZ44eye0vxkXhEnBNu44I2NqE",
        "tags": [
          "海外",
          "2025 Taipei ver2"
        ],
        "images": [],
        "members": [],
        "source": {
          "provider": "FULL of Sakurazaka46 OVERSEA Map",
          "url": "https://www.google.com/maps/d/viewer?mid=16UuI7FsZ44eye0vxkXhEnBNu44I2NqE",
          "mapId": "16UuI7FsZ44eye0vxkXhEnBNu44I2NqE",
          "layer": "2025 Taipei ver2",
          "tags": [
            "海外",
            "2025 Taipei ver2"
          ],
          "name": "25°03'15.0\"N 121°31'06.4\"E"
        },
        "classification": {
          "category": "2025 Taipei ver2",
          "subcategory": "2025 Taipei ver2",
          "method": "source-layer",
          "status": "source"
        },
        "classificationCandidates": {
          "members": [],
          "projects": [],
          "contentTypes": []
        }
      }
    },
    {
      "type": "Feature",
      "geometry": {
        "type": "Point",
        "coordinates": [
          121.5183341,
          25.0542207
        ]
      },
      "properties": {
        "id": "mymaps:16UuI7FsZ44eye0vxkXhEnBNu44I2NqE:a927eeae86c2f8c445f2",
        "sourceKey": "mymaps:16UuI7FsZ44eye0vxkXhEnBNu44I2NqE:a927eeae86c2f8c445f2",
        "name": "25°03'15.2\"N 121°31'06.0\"E",
        "category": "2025 Taipei ver2",
        "subcategory": "2025 Taipei ver2",
        "categoryColor": "#3b82f6",
        "address": "",
        "sceneTitle": "25°03'15.2\"N 121°31'06.0\"E",
        "sceneNote": "Note: 村井優 yublog (nightview) URL: 25.0542207,121.5183341 Tags: Comment:",
        "sourceLabel": "FULL of Sakurazaka46 OVERSEA Map",
        "sourceUrl": "https://www.google.com/maps/d/viewer?mid=16UuI7FsZ44eye0vxkXhEnBNu44I2NqE",
        "referenceUrl": "https://www.google.com/maps/d/viewer?mid=16UuI7FsZ44eye0vxkXhEnBNu44I2NqE",
        "tags": [
          "海外",
          "2025 Taipei ver2"
        ],
        "images": [],
        "members": [],
        "source": {
          "provider": "FULL of Sakurazaka46 OVERSEA Map",
          "url": "https://www.google.com/maps/d/viewer?mid=16UuI7FsZ44eye0vxkXhEnBNu44I2NqE",
          "mapId": "16UuI7FsZ44eye0vxkXhEnBNu44I2NqE",
          "layer": "2025 Taipei ver2",
          "tags": [
            "海外",
            "2025 Taipei ver2"
          ],
          "name": "25°03'15.2\"N 121°31'06.0\"E"
        },
        "classification": {
          "category": "2025 Taipei ver2",
          "subcategory": "2025 Taipei ver2",
          "method": "source-layer",
          "status": "source"
        },
        "classificationCandidates": {
          "members": [],
          "projects": [],
          "contentTypes": []
        }
      }
    },
    {
      "type": "Feature",
      "geometry": {
        "type": "Point",
        "coordinates": [
          121.5188947,
          25.0539973
        ]
      },
      "properties": {
        "id": "mymaps:16UuI7FsZ44eye0vxkXhEnBNu44I2NqE:5be6dbee63239cc8a20a",
        "sourceKey": "mymaps:16UuI7FsZ44eye0vxkXhEnBNu44I2NqE:5be6dbee63239cc8a20a",
        "name": "25°03'14.4\"N 121°31'08.0\"E",
        "category": "2025 Taipei ver2",
        "subcategory": "2025 Taipei ver2",
        "categoryColor": "#3b82f6",
        "address": "",
        "sceneTitle": "25°03'14.4\"N 121°31'08.0\"E",
        "sceneNote": "Note: 中嶋優月 Yudugram 建成公園 URL: 25.0539973,121.5188947 Tags: Comment:",
        "sourceLabel": "FULL of Sakurazaka46 OVERSEA Map",
        "sourceUrl": "https://www.google.com/maps/d/viewer?mid=16UuI7FsZ44eye0vxkXhEnBNu44I2NqE",
        "referenceUrl": "https://www.google.com/maps/d/viewer?mid=16UuI7FsZ44eye0vxkXhEnBNu44I2NqE",
        "tags": [
          "海外",
          "2025 Taipei ver2"
        ],
        "images": [],
        "members": [],
        "source": {
          "provider": "FULL of Sakurazaka46 OVERSEA Map",
          "url": "https://www.google.com/maps/d/viewer?mid=16UuI7FsZ44eye0vxkXhEnBNu44I2NqE",
          "mapId": "16UuI7FsZ44eye0vxkXhEnBNu44I2NqE",
          "layer": "2025 Taipei ver2",
          "tags": [
            "海外",
            "2025 Taipei ver2"
          ],
          "name": "25°03'14.4\"N 121°31'08.0\"E"
        },
        "classification": {
          "category": "2025 Taipei ver2",
          "subcategory": "2025 Taipei ver2",
          "method": "source-layer",
          "status": "source"
        },
        "classificationCandidates": {
          "members": [],
          "projects": [],
          "contentTypes": []
        }
      }
    },
    {
      "type": "Feature",
      "geometry": {
        "type": "Point",
        "coordinates": [
          121.5182583,
          25.0542678
        ]
      },
      "properties": {
        "id": "mymaps:16UuI7FsZ44eye0vxkXhEnBNu44I2NqE:e174c0493223ddc849d1",
        "sourceKey": "mymaps:16UuI7FsZ44eye0vxkXhEnBNu44I2NqE:e174c0493223ddc849d1",
        "name": "25°03'15.4\"N 121°31'05.7\"E",
        "category": "2025 Taipei ver2",
        "subcategory": "2025 Taipei ver2",
        "categoryColor": "#3b82f6",
        "address": "",
        "sceneTitle": "25°03'15.4\"N 121°31'05.7\"E",
        "sceneNote": "Note: 的野美青 Mioblog 建成公園 中嶋優月 Yudublog (two-shot with mio) URL: 25.0542678,121.5182583 Tags: Comment:",
        "sourceLabel": "FULL of Sakurazaka46 OVERSEA Map",
        "sourceUrl": "https://www.google.com/maps/d/viewer?mid=16UuI7FsZ44eye0vxkXhEnBNu44I2NqE",
        "referenceUrl": "https://www.google.com/maps/d/viewer?mid=16UuI7FsZ44eye0vxkXhEnBNu44I2NqE",
        "tags": [
          "海外",
          "2025 Taipei ver2"
        ],
        "images": [],
        "members": [],
        "source": {
          "provider": "FULL of Sakurazaka46 OVERSEA Map",
          "url": "https://www.google.com/maps/d/viewer?mid=16UuI7FsZ44eye0vxkXhEnBNu44I2NqE",
          "mapId": "16UuI7FsZ44eye0vxkXhEnBNu44I2NqE",
          "layer": "2025 Taipei ver2",
          "tags": [
            "海外",
            "2025 Taipei ver2"
          ],
          "name": "25°03'15.4\"N 121°31'05.7\"E"
        },
        "classification": {
          "category": "2025 Taipei ver2",
          "subcategory": "2025 Taipei ver2",
          "method": "source-layer",
          "status": "source"
        },
        "classificationCandidates": {
          "members": [],
          "projects": [],
          "contentTypes": []
        }
      }
    },
    {
      "type": "Feature",
      "geometry": {
        "type": "Point",
        "coordinates": [
          121.2247704,
          25.0390328
        ]
      },
      "properties": {
        "id": "mymaps:16UuI7FsZ44eye0vxkXhEnBNu44I2NqE:00c84b04bdafd6901b76",
        "sourceKey": "mymaps:16UuI7FsZ44eye0vxkXhEnBNu44I2NqE:00c84b04bdafd6901b76",
        "name": "25°02'20.5\"N 121°13'29.2\"E",
        "category": "2025 Taipei ver2",
        "subcategory": "2025 Taipei ver2",
        "categoryColor": "#3b82f6",
        "address": "",
        "sceneTitle": "25°02'20.5\"N 121°13'29.2\"E",
        "sceneNote": "Note: 大園玲 the 大園 sign in mobame URL: 25.0390328,121.2247704 Tags: Comment:",
        "sourceLabel": "FULL of Sakurazaka46 OVERSEA Map",
        "sourceUrl": "https://www.google.com/maps/d/viewer?mid=16UuI7FsZ44eye0vxkXhEnBNu44I2NqE",
        "referenceUrl": "https://www.google.com/maps/d/viewer?mid=16UuI7FsZ44eye0vxkXhEnBNu44I2NqE",
        "tags": [
          "海外",
          "2025 Taipei ver2"
        ],
        "images": [],
        "members": [],
        "source": {
          "provider": "FULL of Sakurazaka46 OVERSEA Map",
          "url": "https://www.google.com/maps/d/viewer?mid=16UuI7FsZ44eye0vxkXhEnBNu44I2NqE",
          "mapId": "16UuI7FsZ44eye0vxkXhEnBNu44I2NqE",
          "layer": "2025 Taipei ver2",
          "tags": [
            "海外",
            "2025 Taipei ver2"
          ],
          "name": "25°02'20.5\"N 121°13'29.2\"E"
        },
        "classification": {
          "category": "2025 Taipei ver2",
          "subcategory": "2025 Taipei ver2",
          "method": "source-layer",
          "status": "source"
        },
        "classificationCandidates": {
          "members": [],
          "projects": [],
          "contentTypes": []
        }
      }
    },
    {
      "type": "Feature",
      "geometry": {
        "type": "Point",
        "coordinates": [
          121.5196564,
          25.055604
        ]
      },
      "properties": {
        "id": "mymaps:16UuI7FsZ44eye0vxkXhEnBNu44I2NqE:5ec71a08b53bca7d6716",
        "sourceKey": "mymaps:16UuI7FsZ44eye0vxkXhEnBNu44I2NqE:5ec71a08b53bca7d6716",
        "name": "25°03'20.2\"N 121°31'10.8\"E",
        "category": "2025 Taipei ver2",
        "subcategory": "2025 Taipei ver2",
        "categoryColor": "#3b82f6",
        "address": "",
        "sceneTitle": "25°03'20.2\"N 121°31'10.8\"E",
        "sceneNote": "Note: 天夏鈴 藍色鐵卷門 tenkarin URL: 25.055604,121.5196564 Tags: Comment:",
        "sourceLabel": "FULL of Sakurazaka46 OVERSEA Map",
        "sourceUrl": "https://www.google.com/maps/d/viewer?mid=16UuI7FsZ44eye0vxkXhEnBNu44I2NqE",
        "referenceUrl": "https://www.google.com/maps/d/viewer?mid=16UuI7FsZ44eye0vxkXhEnBNu44I2NqE",
        "tags": [
          "海外",
          "2025 Taipei ver2"
        ],
        "images": [],
        "members": [],
        "source": {
          "provider": "FULL of Sakurazaka46 OVERSEA Map",
          "url": "https://www.google.com/maps/d/viewer?mid=16UuI7FsZ44eye0vxkXhEnBNu44I2NqE",
          "mapId": "16UuI7FsZ44eye0vxkXhEnBNu44I2NqE",
          "layer": "2025 Taipei ver2",
          "tags": [
            "海外",
            "2025 Taipei ver2"
          ],
          "name": "25°03'20.2\"N 121°31'10.8\"E"
        },
        "classification": {
          "category": "2025 Taipei ver2",
          "subcategory": "2025 Taipei ver2",
          "method": "source-layer",
          "status": "source"
        },
        "classificationCandidates": {
          "members": [],
          "projects": [],
          "contentTypes": []
        }
      }
    },
    {
      "type": "Feature",
      "geometry": {
        "type": "Point",
        "coordinates": [
          121.5138865,
          25.0568444
        ]
      },
      "properties": {
        "id": "mymaps:16UuI7FsZ44eye0vxkXhEnBNu44I2NqE:3857d2f5fadef5a021c1",
        "sourceKey": "mymaps:16UuI7FsZ44eye0vxkXhEnBNu44I2NqE:3857d2f5fadef5a021c1",
        "name": "25°03'24.6\"N 121°30'50.0\"E",
        "category": "2025 Taipei ver2",
        "subcategory": "2025 Taipei ver2",
        "categoryColor": "#3b82f6",
        "address": "",
        "sceneTitle": "25°03'24.6\"N 121°30'50.0\"E",
        "sceneNote": "Note: 三期生台灣合照 3ki photo URL: 25.0568444,121.5138865 Tags: Comment:",
        "sourceLabel": "FULL of Sakurazaka46 OVERSEA Map",
        "sourceUrl": "https://www.google.com/maps/d/viewer?mid=16UuI7FsZ44eye0vxkXhEnBNu44I2NqE",
        "referenceUrl": "https://www.google.com/maps/d/viewer?mid=16UuI7FsZ44eye0vxkXhEnBNu44I2NqE",
        "tags": [
          "海外",
          "2025 Taipei ver2"
        ],
        "images": [],
        "members": [],
        "source": {
          "provider": "FULL of Sakurazaka46 OVERSEA Map",
          "url": "https://www.google.com/maps/d/viewer?mid=16UuI7FsZ44eye0vxkXhEnBNu44I2NqE",
          "mapId": "16UuI7FsZ44eye0vxkXhEnBNu44I2NqE",
          "layer": "2025 Taipei ver2",
          "tags": [
            "海外",
            "2025 Taipei ver2"
          ],
          "name": "25°03'24.6\"N 121°30'50.0\"E"
        },
        "classification": {
          "category": "2025 Taipei ver2",
          "subcategory": "2025 Taipei ver2",
          "method": "source-layer",
          "status": "source"
        },
        "classificationCandidates": {
          "members": [],
          "projects": [],
          "contentTypes": []
        }
      }
    },
    {
      "type": "Feature",
      "geometry": {
        "type": "Point",
        "coordinates": [
          121.5094748,
          25.0555836
        ]
      },
      "properties": {
        "id": "mymaps:16UuI7FsZ44eye0vxkXhEnBNu44I2NqE:d72cf437f920dc6ab9fe",
        "sourceKey": "mymaps:16UuI7FsZ44eye0vxkXhEnBNu44I2NqE:d72cf437f920dc6ab9fe",
        "name": "25°03'20.1\"N 121°30'34.1\"E",
        "category": "2025 Taipei ver2",
        "subcategory": "2025 Taipei ver2",
        "categoryColor": "#3b82f6",
        "address": "",
        "sceneTitle": "25°03'20.1\"N 121°30'34.1\"E",
        "sceneNote": "Note: 村山美羽 紅磚柱子 Miublog red-brick column URL: 25.0555836,121.5094748 Tags: Comment:",
        "sourceLabel": "FULL of Sakurazaka46 OVERSEA Map",
        "sourceUrl": "https://www.google.com/maps/d/viewer?mid=16UuI7FsZ44eye0vxkXhEnBNu44I2NqE",
        "referenceUrl": "https://www.google.com/maps/d/viewer?mid=16UuI7FsZ44eye0vxkXhEnBNu44I2NqE",
        "tags": [
          "海外",
          "2025 Taipei ver2"
        ],
        "images": [],
        "members": [],
        "source": {
          "provider": "FULL of Sakurazaka46 OVERSEA Map",
          "url": "https://www.google.com/maps/d/viewer?mid=16UuI7FsZ44eye0vxkXhEnBNu44I2NqE",
          "mapId": "16UuI7FsZ44eye0vxkXhEnBNu44I2NqE",
          "layer": "2025 Taipei ver2",
          "tags": [
            "海外",
            "2025 Taipei ver2"
          ],
          "name": "25°03'20.1\"N 121°30'34.1\"E"
        },
        "classification": {
          "category": "2025 Taipei ver2",
          "subcategory": "2025 Taipei ver2",
          "method": "source-layer",
          "status": "source"
        },
        "classificationCandidates": {
          "members": [],
          "projects": [],
          "contentTypes": []
        }
      }
    },
    {
      "type": "Feature",
      "geometry": {
        "type": "Point",
        "coordinates": [
          121.5149159,
          25.0570087
        ]
      },
      "properties": {
        "id": "mymaps:16UuI7FsZ44eye0vxkXhEnBNu44I2NqE:9934dd2874d1a571c023",
        "sourceKey": "mymaps:16UuI7FsZ44eye0vxkXhEnBNu44I2NqE:9934dd2874d1a571c023",
        "name": "25°03'25.2\"N 121°30'53.7\"E",
        "category": "2025 Taipei ver2",
        "subcategory": "2025 Taipei ver2",
        "categoryColor": "#3b82f6",
        "address": "",
        "sceneTitle": "25°03'25.2\"N 121°30'53.7\"E",
        "sceneNote": "Note: 村山美羽 古早味豆花 miublog URL: 25.0570087,121.5149159 Tags: Comment:",
        "sourceLabel": "FULL of Sakurazaka46 OVERSEA Map",
        "sourceUrl": "https://www.google.com/maps/d/viewer?mid=16UuI7FsZ44eye0vxkXhEnBNu44I2NqE",
        "referenceUrl": "https://www.google.com/maps/d/viewer?mid=16UuI7FsZ44eye0vxkXhEnBNu44I2NqE",
        "tags": [
          "海外",
          "2025 Taipei ver2"
        ],
        "images": [],
        "members": [],
        "source": {
          "provider": "FULL of Sakurazaka46 OVERSEA Map",
          "url": "https://www.google.com/maps/d/viewer?mid=16UuI7FsZ44eye0vxkXhEnBNu44I2NqE",
          "mapId": "16UuI7FsZ44eye0vxkXhEnBNu44I2NqE",
          "layer": "2025 Taipei ver2",
          "tags": [
            "海外",
            "2025 Taipei ver2"
          ],
          "name": "25°03'25.2\"N 121°30'53.7\"E"
        },
        "classification": {
          "category": "2025 Taipei ver2",
          "subcategory": "2025 Taipei ver2",
          "method": "source-layer",
          "status": "source"
        },
        "classificationCandidates": {
          "members": [],
          "projects": [],
          "contentTypes": []
        }
      }
    },
    {
      "type": "Feature",
      "geometry": {
        "type": "Point",
        "coordinates": [
          114.0412819,
          22.3129666
        ]
      },
      "properties": {
        "id": "mymaps:16UuI7FsZ44eye0vxkXhEnBNu44I2NqE:bc83b6fe40d72a50b3c9",
        "sourceKey": "mymaps:16UuI7FsZ44eye0vxkXhEnBNu44I2NqE:bc83b6fe40d72a50b3c9",
        "name": "hono blog private hk trip",
        "category": "Private trip/photobook/others",
        "subcategory": "Private trip/photobook/others",
        "categoryColor": "#3b82f6",
        "address": "",
        "sceneTitle": "hono blog private hk trip",
        "sceneNote": "description: HK disneyland Note: URL: Tags: Comment:",
        "sourceLabel": "FULL of Sakurazaka46 OVERSEA Map",
        "sourceUrl": "https://www.google.com/maps/d/viewer?mid=16UuI7FsZ44eye0vxkXhEnBNu44I2NqE",
        "referenceUrl": "https://www.google.com/maps/d/viewer?mid=16UuI7FsZ44eye0vxkXhEnBNu44I2NqE",
        "tags": [
          "海外",
          "Private trip/photobook/others"
        ],
        "images": [],
        "members": [],
        "source": {
          "provider": "FULL of Sakurazaka46 OVERSEA Map",
          "url": "https://www.google.com/maps/d/viewer?mid=16UuI7FsZ44eye0vxkXhEnBNu44I2NqE",
          "mapId": "16UuI7FsZ44eye0vxkXhEnBNu44I2NqE",
          "layer": "Private trip/photobook/others",
          "tags": [
            "海外",
            "Private trip/photobook/others"
          ],
          "name": "hono blog private hk trip"
        },
        "classification": {
          "category": "Private trip/photobook/others",
          "subcategory": "Private trip/photobook/others",
          "method": "source-layer",
          "status": "source"
        },
        "classificationCandidates": {
          "members": [],
          "projects": [],
          "contentTypes": []
        }
      }
    },
    {
      "type": "Feature",
      "geometry": {
        "type": "Point",
        "coordinates": [
          114.1709212,
          22.3083696
        ]
      },
      "properties": {
        "id": "mymaps:16UuI7FsZ44eye0vxkXhEnBNu44I2NqE:a9ab4a7069c5b641e126",
        "sourceKey": "mymaps:16UuI7FsZ44eye0vxkXhEnBNu44I2NqE:a9ab4a7069c5b641e126",
        "name": "hono blog private hk trip",
        "category": "Private trip/photobook/others",
        "subcategory": "Private trip/photobook/others",
        "categoryColor": "#3b82f6",
        "address": "",
        "sceneTitle": "hono blog private hk trip",
        "sceneNote": "description: Note: URL: Tags: Comment:",
        "sourceLabel": "FULL of Sakurazaka46 OVERSEA Map",
        "sourceUrl": "https://www.google.com/maps/d/viewer?mid=16UuI7FsZ44eye0vxkXhEnBNu44I2NqE",
        "referenceUrl": "https://www.google.com/maps/d/viewer?mid=16UuI7FsZ44eye0vxkXhEnBNu44I2NqE",
        "tags": [
          "海外",
          "Private trip/photobook/others"
        ],
        "images": [
          "https://pub-6d7574c4452b41519ab8adf1541d7f9e.r2.dev/seichi/oversea/3AAjQbR5gaBpQ4gYBA3Gqw7lueJYVaxyFfRL-6n2_94155e3e.png"
        ],
        "members": [],
        "source": {
          "provider": "FULL of Sakurazaka46 OVERSEA Map",
          "url": "https://www.google.com/maps/d/viewer?mid=16UuI7FsZ44eye0vxkXhEnBNu44I2NqE",
          "mapId": "16UuI7FsZ44eye0vxkXhEnBNu44I2NqE",
          "layer": "Private trip/photobook/others",
          "tags": [
            "海外",
            "Private trip/photobook/others"
          ],
          "name": "hono blog private hk trip"
        },
        "classification": {
          "category": "Private trip/photobook/others",
          "subcategory": "Private trip/photobook/others",
          "method": "source-layer",
          "status": "source"
        },
        "classificationCandidates": {
          "members": [],
          "projects": [],
          "contentTypes": []
        }
      }
    },
    {
      "type": "Feature",
      "geometry": {
        "type": "Point",
        "coordinates": [
          106.6974618,
          10.7732368
        ]
      },
      "properties": {
        "id": "mymaps:16UuI7FsZ44eye0vxkXhEnBNu44I2NqE:ff5bddd1ea54044a1288",
        "sourceKey": "mymaps:16UuI7FsZ44eye0vxkXhEnBNu44I2NqE:ff5bddd1ea54044a1288",
        "name": "2026Feb Karin greeting card",
        "category": "Private trip/photobook/others",
        "subcategory": "Private trip/photobook/others",
        "categoryColor": "#3b82f6",
        "address": "",
        "sceneTitle": "2026Feb Karin greeting card",
        "sceneNote": "description: Karin in HCM city Soul Ben Thanh Restaurant & Bar Note: URL: Tags: Comment:",
        "sourceLabel": "FULL of Sakurazaka46 OVERSEA Map",
        "sourceUrl": "https://www.google.com/maps/d/viewer?mid=16UuI7FsZ44eye0vxkXhEnBNu44I2NqE",
        "referenceUrl": "https://www.google.com/maps/d/viewer?mid=16UuI7FsZ44eye0vxkXhEnBNu44I2NqE",
        "tags": [
          "海外",
          "Private trip/photobook/others"
        ],
        "images": [
          "https://pub-6d7574c4452b41519ab8adf1541d7f9e.r2.dev/seichi/oversea/3AAjQbR5ZORgaVT0uAi7jrC0MQcAcIyvP8obrAdY_d1399d9f.png"
        ],
        "members": [],
        "source": {
          "provider": "FULL of Sakurazaka46 OVERSEA Map",
          "url": "https://www.google.com/maps/d/viewer?mid=16UuI7FsZ44eye0vxkXhEnBNu44I2NqE",
          "mapId": "16UuI7FsZ44eye0vxkXhEnBNu44I2NqE",
          "layer": "Private trip/photobook/others",
          "tags": [
            "海外",
            "Private trip/photobook/others"
          ],
          "name": "2026Feb Karin greeting card"
        },
        "classification": {
          "category": "Private trip/photobook/others",
          "subcategory": "Private trip/photobook/others",
          "method": "source-layer",
          "status": "source"
        },
        "classificationCandidates": {
          "members": [],
          "projects": [],
          "contentTypes": []
        }
      }
    },
    {
      "type": "Feature",
      "geometry": {
        "type": "Point",
        "coordinates": [
          127.0597871,
          37.5118346
        ]
      },
      "properties": {
        "id": "mymaps:16UuI7FsZ44eye0vxkXhEnBNu44I2NqE:8b638dcb39c8c5655d18",
        "sourceKey": "mymaps:16UuI7FsZ44eye0vxkXhEnBNu44I2NqE:8b638dcb39c8c5655d18",
        "name": "2026 Odakura Reina New Year Vlog",
        "category": "Private trip/photobook/others",
        "subcategory": "Private trip/photobook/others",
        "categoryColor": "#3b82f6",
        "address": "",
        "sceneTitle": "2026 Odakura Reina New Year Vlog",
        "sceneNote": "description: New Year Vlog (2026) Starfield Coex Mall Note: URL: Tags: Comment:",
        "sourceLabel": "FULL of Sakurazaka46 OVERSEA Map",
        "sourceUrl": "https://www.google.com/maps/d/viewer?mid=16UuI7FsZ44eye0vxkXhEnBNu44I2NqE",
        "referenceUrl": "https://www.google.com/maps/d/viewer?mid=16UuI7FsZ44eye0vxkXhEnBNu44I2NqE",
        "tags": [
          "海外",
          "Private trip/photobook/others"
        ],
        "images": [
          "https://pub-6d7574c4452b41519ab8adf1541d7f9e.r2.dev/seichi/oversea/3AAjQbR5zXucKbNYyxsyGZaLrhM4kKt_OxklMey7_11b62e67.png"
        ],
        "members": [],
        "source": {
          "provider": "FULL of Sakurazaka46 OVERSEA Map",
          "url": "https://www.google.com/maps/d/viewer?mid=16UuI7FsZ44eye0vxkXhEnBNu44I2NqE",
          "mapId": "16UuI7FsZ44eye0vxkXhEnBNu44I2NqE",
          "layer": "Private trip/photobook/others",
          "tags": [
            "海外",
            "Private trip/photobook/others"
          ],
          "name": "2026 Odakura Reina New Year Vlog"
        },
        "classification": {
          "category": "Private trip/photobook/others",
          "subcategory": "Private trip/photobook/others",
          "method": "source-layer",
          "status": "source"
        },
        "classificationCandidates": {
          "members": [],
          "projects": [],
          "contentTypes": []
        }
      }
    },
    {
      "type": "Feature",
      "geometry": {
        "type": "Point",
        "coordinates": [
          126.9849219,
          37.5455125
        ]
      },
      "properties": {
        "id": "mymaps:16UuI7FsZ44eye0vxkXhEnBNu44I2NqE:d1aec5fc06815f0a79fe",
        "sourceKey": "mymaps:16UuI7FsZ44eye0vxkXhEnBNu44I2NqE:d1aec5fc06815f0a79fe",
        "name": "週刊少年マガジン 藤吉夏鈴 (black)",
        "category": "Private trip/photobook/others",
        "subcategory": "Private trip/photobook/others",
        "categoryColor": "#3b82f6",
        "address": "",
        "sceneTitle": "週刊少年マガジン 藤吉夏鈴 (black)",
        "sceneNote": "description: Karinblog 20240808 Note: URL: Tags: Comment:",
        "sourceLabel": "FULL of Sakurazaka46 OVERSEA Map",
        "sourceUrl": "https://www.google.com/maps/d/viewer?mid=16UuI7FsZ44eye0vxkXhEnBNu44I2NqE",
        "referenceUrl": "https://www.google.com/maps/d/viewer?mid=16UuI7FsZ44eye0vxkXhEnBNu44I2NqE",
        "tags": [
          "海外",
          "Private trip/photobook/others"
        ],
        "images": [
          "https://pub-6d7574c4452b41519ab8adf1541d7f9e.r2.dev/seichi/oversea/3AAjQbR7WjMxKVxyz_rQgNyGYdTCxAjYSIg1q8XZ_3ff58994.png"
        ],
        "members": [],
        "source": {
          "provider": "FULL of Sakurazaka46 OVERSEA Map",
          "url": "https://www.google.com/maps/d/viewer?mid=16UuI7FsZ44eye0vxkXhEnBNu44I2NqE",
          "mapId": "16UuI7FsZ44eye0vxkXhEnBNu44I2NqE",
          "layer": "Private trip/photobook/others",
          "tags": [
            "海外",
            "Private trip/photobook/others"
          ],
          "name": "週刊少年マガジン 藤吉夏鈴 (black)"
        },
        "classification": {
          "category": "Private trip/photobook/others",
          "subcategory": "Private trip/photobook/others",
          "method": "source-layer",
          "status": "source"
        },
        "classificationCandidates": {
          "members": [],
          "projects": [],
          "contentTypes": []
        }
      }
    },
    {
      "type": "Feature",
      "geometry": {
        "type": "Point",
        "coordinates": [
          127.0715604,
          37.5707307
        ]
      },
      "properties": {
        "id": "mymaps:16UuI7FsZ44eye0vxkXhEnBNu44I2NqE:9734cd0672d24da62c01",
        "sourceKey": "mymaps:16UuI7FsZ44eye0vxkXhEnBNu44I2NqE:9734cd0672d24da62c01",
        "name": "週刊少年マガジン 藤吉夏鈴 (red)",
        "category": "Private trip/photobook/others",
        "subcategory": "Private trip/photobook/others",
        "categoryColor": "#3b82f6",
        "address": "",
        "sceneTitle": "週刊少年マガジン 藤吉夏鈴 (red)",
        "sceneNote": "description: Karinblog 20240808 Note: URL: Tags: Comment:",
        "sourceLabel": "FULL of Sakurazaka46 OVERSEA Map",
        "sourceUrl": "https://www.google.com/maps/d/viewer?mid=16UuI7FsZ44eye0vxkXhEnBNu44I2NqE",
        "referenceUrl": "https://www.google.com/maps/d/viewer?mid=16UuI7FsZ44eye0vxkXhEnBNu44I2NqE",
        "tags": [
          "海外",
          "Private trip/photobook/others"
        ],
        "images": [
          "https://pub-6d7574c4452b41519ab8adf1541d7f9e.r2.dev/seichi/oversea/3AAjQbR75GAaSz_yA0jIkN_TdCfh7TtHEoTVPImm_1b71de4a.png"
        ],
        "members": [],
        "source": {
          "provider": "FULL of Sakurazaka46 OVERSEA Map",
          "url": "https://www.google.com/maps/d/viewer?mid=16UuI7FsZ44eye0vxkXhEnBNu44I2NqE",
          "mapId": "16UuI7FsZ44eye0vxkXhEnBNu44I2NqE",
          "layer": "Private trip/photobook/others",
          "tags": [
            "海外",
            "Private trip/photobook/others"
          ],
          "name": "週刊少年マガジン 藤吉夏鈴 (red)"
        },
        "classification": {
          "category": "Private trip/photobook/others",
          "subcategory": "Private trip/photobook/others",
          "method": "source-layer",
          "status": "source"
        },
        "classificationCandidates": {
          "members": [],
          "projects": [],
          "contentTypes": []
        }
      }
    },
    {
      "type": "Feature",
      "geometry": {
        "type": "Point",
        "coordinates": [
          127.1054346,
          37.5948318
        ]
      },
      "properties": {
        "id": "mymaps:16UuI7FsZ44eye0vxkXhEnBNu44I2NqE:7e0709f101c7d0e57175",
        "sourceKey": "mymaps:16UuI7FsZ44eye0vxkXhEnBNu44I2NqE:7e0709f101c7d0e57175",
        "name": "週刊少年マガジン 藤吉夏鈴",
        "category": "Private trip/photobook/others",
        "subcategory": "Private trip/photobook/others",
        "categoryColor": "#3b82f6",
        "address": "",
        "sceneTitle": "週刊少年マガジン 藤吉夏鈴",
        "sceneNote": "description: (paid content, no show) Note: URL: Tags: Comment:",
        "sourceLabel": "FULL of Sakurazaka46 OVERSEA Map",
        "sourceUrl": "https://www.google.com/maps/d/viewer?mid=16UuI7FsZ44eye0vxkXhEnBNu44I2NqE",
        "referenceUrl": "https://www.google.com/maps/d/viewer?mid=16UuI7FsZ44eye0vxkXhEnBNu44I2NqE",
        "tags": [
          "海外",
          "Private trip/photobook/others"
        ],
        "images": [],
        "members": [],
        "source": {
          "provider": "FULL of Sakurazaka46 OVERSEA Map",
          "url": "https://www.google.com/maps/d/viewer?mid=16UuI7FsZ44eye0vxkXhEnBNu44I2NqE",
          "mapId": "16UuI7FsZ44eye0vxkXhEnBNu44I2NqE",
          "layer": "Private trip/photobook/others",
          "tags": [
            "海外",
            "Private trip/photobook/others"
          ],
          "name": "週刊少年マガジン 藤吉夏鈴"
        },
        "classification": {
          "category": "Private trip/photobook/others",
          "subcategory": "Private trip/photobook/others",
          "method": "source-layer",
          "status": "source"
        },
        "classificationCandidates": {
          "members": [],
          "projects": [],
          "contentTypes": []
        }
      }
    },
    {
      "type": "Feature",
      "geometry": {
        "type": "Point",
        "coordinates": [
          -0.203672,
          51.514138
        ]
      },
      "properties": {
        "id": "mymaps:16UuI7FsZ44eye0vxkXhEnBNu44I2NqE:5365a57891b0e61aad30",
        "sourceKey": "mymaps:16UuI7FsZ44eye0vxkXhEnBNu44I2NqE:5365a57891b0e61aad30",
        "name": "武元唯衣 - Portobello Market",
        "category": "Private trip/photobook/others",
        "subcategory": "Private trip/photobook/others",
        "categoryColor": "#3b82f6",
        "address": "",
        "sceneTitle": "武元唯衣 - Portobello Market",
        "sceneNote": "description: https://www.instagram.com/p/DSxJQEAEm_c/ Note: credit to @eris.1 on threads URL: Tags: Comment:",
        "sourceLabel": "FULL of Sakurazaka46 OVERSEA Map",
        "sourceUrl": "https://www.google.com/maps/d/viewer?mid=16UuI7FsZ44eye0vxkXhEnBNu44I2NqE",
        "referenceUrl": "https://www.google.com/maps/d/viewer?mid=16UuI7FsZ44eye0vxkXhEnBNu44I2NqE",
        "tags": [
          "海外",
          "Private trip/photobook/others"
        ],
        "images": [
          "https://pub-6d7574c4452b41519ab8adf1541d7f9e.r2.dev/seichi/oversea/3AAjQbR7_WqCEdm15iYhZatl_EhPCegBmk0bgID7_d750b19d.png"
        ],
        "members": [],
        "source": {
          "provider": "FULL of Sakurazaka46 OVERSEA Map",
          "url": "https://www.google.com/maps/d/viewer?mid=16UuI7FsZ44eye0vxkXhEnBNu44I2NqE",
          "mapId": "16UuI7FsZ44eye0vxkXhEnBNu44I2NqE",
          "layer": "Private trip/photobook/others",
          "tags": [
            "海外",
            "Private trip/photobook/others"
          ],
          "name": "武元唯衣 - Portobello Market"
        },
        "classification": {
          "category": "Private trip/photobook/others",
          "subcategory": "Private trip/photobook/others",
          "method": "source-layer",
          "status": "source"
        },
        "classificationCandidates": {
          "members": [],
          "projects": [],
          "contentTypes": []
        }
      }
    },
    {
      "type": "Feature",
      "geometry": {
        "type": "Point",
        "coordinates": [
          -0.122078,
          51.510338
        ]
      },
      "properties": {
        "id": "mymaps:16UuI7FsZ44eye0vxkXhEnBNu44I2NqE:008b160242b4aa0c3a8c",
        "sourceKey": "mymaps:16UuI7FsZ44eye0vxkXhEnBNu44I2NqE:008b160242b4aa0c3a8c",
        "name": "武元唯衣 - The Strand",
        "category": "Private trip/photobook/others",
        "subcategory": "Private trip/photobook/others",
        "categoryColor": "#3b82f6",
        "address": "",
        "sceneTitle": "武元唯衣 - The Strand",
        "sceneNote": "description: https://www.instagram.com/p/DSxJQEAEm_c/?img_index=2 Note: credit to @eris.1 on threads URL: Tags: Comment:",
        "sourceLabel": "FULL of Sakurazaka46 OVERSEA Map",
        "sourceUrl": "https://www.google.com/maps/d/viewer?mid=16UuI7FsZ44eye0vxkXhEnBNu44I2NqE",
        "referenceUrl": "https://www.google.com/maps/d/viewer?mid=16UuI7FsZ44eye0vxkXhEnBNu44I2NqE",
        "tags": [
          "海外",
          "Private trip/photobook/others"
        ],
        "images": [
          "https://pub-6d7574c4452b41519ab8adf1541d7f9e.r2.dev/seichi/oversea/3AAjQbR7vcICIGmlF_fOUTBIWpaBJ5tjgOrEKLaD_b1b7f3c2.png"
        ],
        "members": [],
        "source": {
          "provider": "FULL of Sakurazaka46 OVERSEA Map",
          "url": "https://www.google.com/maps/d/viewer?mid=16UuI7FsZ44eye0vxkXhEnBNu44I2NqE",
          "mapId": "16UuI7FsZ44eye0vxkXhEnBNu44I2NqE",
          "layer": "Private trip/photobook/others",
          "tags": [
            "海外",
            "Private trip/photobook/others"
          ],
          "name": "武元唯衣 - The Strand"
        },
        "classification": {
          "category": "Private trip/photobook/others",
          "subcategory": "Private trip/photobook/others",
          "method": "source-layer",
          "status": "source"
        },
        "classificationCandidates": {
          "members": [],
          "projects": [],
          "contentTypes": []
        }
      }
    },
    {
      "type": "Feature",
      "geometry": {
        "type": "Point",
        "coordinates": [
          -0.12393,
          51.500828
        ]
      },
      "properties": {
        "id": "mymaps:16UuI7FsZ44eye0vxkXhEnBNu44I2NqE:64f9f77d442e797bc2a8",
        "sourceKey": "mymaps:16UuI7FsZ44eye0vxkXhEnBNu44I2NqE:64f9f77d442e797bc2a8",
        "name": "武元唯衣 - Big Ben",
        "category": "Private trip/photobook/others",
        "subcategory": "Private trip/photobook/others",
        "categoryColor": "#3b82f6",
        "address": "",
        "sceneTitle": "武元唯衣 - Big Ben",
        "sceneNote": "description: https://www.instagram.com/p/DSxJQEAEm_c/?img_index=3 Note: credit to @eris.1 on threads URL: Tags: Comment:",
        "sourceLabel": "FULL of Sakurazaka46 OVERSEA Map",
        "sourceUrl": "https://www.google.com/maps/d/viewer?mid=16UuI7FsZ44eye0vxkXhEnBNu44I2NqE",
        "referenceUrl": "https://www.google.com/maps/d/viewer?mid=16UuI7FsZ44eye0vxkXhEnBNu44I2NqE",
        "tags": [
          "海外",
          "Private trip/photobook/others"
        ],
        "images": [
          "https://pub-6d7574c4452b41519ab8adf1541d7f9e.r2.dev/seichi/oversea/3AAjQbR5HrtcRHUv2apL6ddZcnTkL1JZYcdhzYcs_9112c4f1.png"
        ],
        "members": [],
        "source": {
          "provider": "FULL of Sakurazaka46 OVERSEA Map",
          "url": "https://www.google.com/maps/d/viewer?mid=16UuI7FsZ44eye0vxkXhEnBNu44I2NqE",
          "mapId": "16UuI7FsZ44eye0vxkXhEnBNu44I2NqE",
          "layer": "Private trip/photobook/others",
          "tags": [
            "海外",
            "Private trip/photobook/others"
          ],
          "name": "武元唯衣 - Big Ben"
        },
        "classification": {
          "category": "Private trip/photobook/others",
          "subcategory": "Private trip/photobook/others",
          "method": "source-layer",
          "status": "source"
        },
        "classificationCandidates": {
          "members": [],
          "projects": [],
          "contentTypes": []
        }
      }
    },
    {
      "type": "Feature",
      "geometry": {
        "type": "Point",
        "coordinates": [
          -0.123141,
          51.500812
        ]
      },
      "properties": {
        "id": "mymaps:16UuI7FsZ44eye0vxkXhEnBNu44I2NqE:e77bdd1d7131921bcb76",
        "sourceKey": "mymaps:16UuI7FsZ44eye0vxkXhEnBNu44I2NqE:e77bdd1d7131921bcb76",
        "name": "武元唯衣 井上梨名 - Big Ben",
        "category": "Private trip/photobook/others",
        "subcategory": "Private trip/photobook/others",
        "categoryColor": "#3b82f6",
        "address": "",
        "sceneTitle": "武元唯衣 井上梨名 - Big Ben",
        "sceneNote": "description: https://www.instagram.com/p/DSxJQEAEm_c/?img_index=4 Note: credit to @eris.1 on threads URL: Tags: Comment:",
        "sourceLabel": "FULL of Sakurazaka46 OVERSEA Map",
        "sourceUrl": "https://www.google.com/maps/d/viewer?mid=16UuI7FsZ44eye0vxkXhEnBNu44I2NqE",
        "referenceUrl": "https://www.google.com/maps/d/viewer?mid=16UuI7FsZ44eye0vxkXhEnBNu44I2NqE",
        "tags": [
          "海外",
          "Private trip/photobook/others"
        ],
        "images": [
          "https://pub-6d7574c4452b41519ab8adf1541d7f9e.r2.dev/seichi/oversea/3AAjQbR5_vWGGkiJ_wY8ao-5N9gZd2UcThLpShSQ_0d191c2c.png"
        ],
        "members": [],
        "source": {
          "provider": "FULL of Sakurazaka46 OVERSEA Map",
          "url": "https://www.google.com/maps/d/viewer?mid=16UuI7FsZ44eye0vxkXhEnBNu44I2NqE",
          "mapId": "16UuI7FsZ44eye0vxkXhEnBNu44I2NqE",
          "layer": "Private trip/photobook/others",
          "tags": [
            "海外",
            "Private trip/photobook/others"
          ],
          "name": "武元唯衣 井上梨名 - Big Ben"
        },
        "classification": {
          "category": "Private trip/photobook/others",
          "subcategory": "Private trip/photobook/others",
          "method": "source-layer",
          "status": "source"
        },
        "classificationCandidates": {
          "members": [],
          "projects": [],
          "contentTypes": []
        }
      }
    },
    {
      "type": "Feature",
      "geometry": {
        "type": "Point",
        "coordinates": [
          -0.119472,
          51.511528
        ]
      },
      "properties": {
        "id": "mymaps:16UuI7FsZ44eye0vxkXhEnBNu44I2NqE:2a3cbdfa761ed9a9dc17",
        "sourceKey": "mymaps:16UuI7FsZ44eye0vxkXhEnBNu44I2NqE:2a3cbdfa761ed9a9dc17",
        "name": "武元唯衣 - Lyceum Theatre",
        "category": "Private trip/photobook/others",
        "subcategory": "Private trip/photobook/others",
        "categoryColor": "#3b82f6",
        "address": "",
        "sceneTitle": "武元唯衣 - Lyceum Theatre",
        "sceneNote": "description: https://www.instagram.com/p/DSxJQEAEm_c/?img_index=5 Note: credit to @eris.1 on threads URL: Tags: Comment:",
        "sourceLabel": "FULL of Sakurazaka46 OVERSEA Map",
        "sourceUrl": "https://www.google.com/maps/d/viewer?mid=16UuI7FsZ44eye0vxkXhEnBNu44I2NqE",
        "referenceUrl": "https://www.google.com/maps/d/viewer?mid=16UuI7FsZ44eye0vxkXhEnBNu44I2NqE",
        "tags": [
          "海外",
          "Private trip/photobook/others"
        ],
        "images": [
          "https://pub-6d7574c4452b41519ab8adf1541d7f9e.r2.dev/seichi/oversea/3AAjQbR53P5avBwoaowsBf2nNoV7aY6gPhXVsI6r_2e133c7f.png"
        ],
        "members": [],
        "source": {
          "provider": "FULL of Sakurazaka46 OVERSEA Map",
          "url": "https://www.google.com/maps/d/viewer?mid=16UuI7FsZ44eye0vxkXhEnBNu44I2NqE",
          "mapId": "16UuI7FsZ44eye0vxkXhEnBNu44I2NqE",
          "layer": "Private trip/photobook/others",
          "tags": [
            "海外",
            "Private trip/photobook/others"
          ],
          "name": "武元唯衣 - Lyceum Theatre"
        },
        "classification": {
          "category": "Private trip/photobook/others",
          "subcategory": "Private trip/photobook/others",
          "method": "source-layer",
          "status": "source"
        },
        "classificationCandidates": {
          "members": [],
          "projects": [],
          "contentTypes": []
        }
      }
    },
    {
      "type": "Feature",
      "geometry": {
        "type": "Point",
        "coordinates": [
          -0.142688,
          51.482438
        ]
      },
      "properties": {
        "id": "mymaps:16UuI7FsZ44eye0vxkXhEnBNu44I2NqE:4388b97ec517a823f599",
        "sourceKey": "mymaps:16UuI7FsZ44eye0vxkXhEnBNu44I2NqE:4388b97ec517a823f599",
        "name": "武元唯衣 山﨑天 - NEON at Battersea Power Station Jurassic World Experience",
        "category": "Private trip/photobook/others",
        "subcategory": "Private trip/photobook/others",
        "categoryColor": "#3b82f6",
        "address": "",
        "sceneTitle": "武元唯衣 山﨑天 - NEON at Battersea Power Station Jurassic World Experience",
        "sceneNote": "description: https://www.instagram.com/p/DSxJQEAEm_c/?img_index=6 https://www.instagram.com/p/DSxJQEAEm_c/?img_index=7 Note: credit to @eris.1 on threads URL: Tags: Comment:",
        "sourceLabel": "FULL of Sakurazaka46 OVERSEA Map",
        "sourceUrl": "https://www.google.com/maps/d/viewer?mid=16UuI7FsZ44eye0vxkXhEnBNu44I2NqE",
        "referenceUrl": "https://www.google.com/maps/d/viewer?mid=16UuI7FsZ44eye0vxkXhEnBNu44I2NqE",
        "tags": [
          "海外",
          "Private trip/photobook/others"
        ],
        "images": [
          "https://pub-6d7574c4452b41519ab8adf1541d7f9e.r2.dev/seichi/oversea/3AAjQbR5lazy3NIJYQRRKRPUIx3jhXg1iHTAZMGR_cbecfe5d.png"
        ],
        "members": [],
        "source": {
          "provider": "FULL of Sakurazaka46 OVERSEA Map",
          "url": "https://www.google.com/maps/d/viewer?mid=16UuI7FsZ44eye0vxkXhEnBNu44I2NqE",
          "mapId": "16UuI7FsZ44eye0vxkXhEnBNu44I2NqE",
          "layer": "Private trip/photobook/others",
          "tags": [
            "海外",
            "Private trip/photobook/others"
          ],
          "name": "武元唯衣 山﨑天 - NEON at Battersea Power Station Jurassic World Experience"
        },
        "classification": {
          "category": "Private trip/photobook/others",
          "subcategory": "Private trip/photobook/others",
          "method": "source-layer",
          "status": "source"
        },
        "classificationCandidates": {
          "members": [],
          "projects": [],
          "contentTypes": []
        }
      }
    },
    {
      "type": "Feature",
      "geometry": {
        "type": "Point",
        "coordinates": [
          -0.090688,
          51.505562
        ]
      },
      "properties": {
        "id": "mymaps:16UuI7FsZ44eye0vxkXhEnBNu44I2NqE:b3501d08ddcf7ec7b6e4",
        "sourceKey": "mymaps:16UuI7FsZ44eye0vxkXhEnBNu44I2NqE:b3501d08ddcf7ec7b6e4",
        "name": "武元唯衣 - Bomba Paella",
        "category": "Private trip/photobook/others",
        "subcategory": "Private trip/photobook/others",
        "categoryColor": "#3b82f6",
        "address": "",
        "sceneTitle": "武元唯衣 - Bomba Paella",
        "sceneNote": "description: https://www.instagram.com/p/DSxJQEAEm_c/?img_index=8 Note: credit to @eris.1 on threads URL: Tags: Comment:",
        "sourceLabel": "FULL of Sakurazaka46 OVERSEA Map",
        "sourceUrl": "https://www.google.com/maps/d/viewer?mid=16UuI7FsZ44eye0vxkXhEnBNu44I2NqE",
        "referenceUrl": "https://www.google.com/maps/d/viewer?mid=16UuI7FsZ44eye0vxkXhEnBNu44I2NqE",
        "tags": [
          "海外",
          "Private trip/photobook/others"
        ],
        "images": [
          "https://pub-6d7574c4452b41519ab8adf1541d7f9e.r2.dev/seichi/oversea/3AAjQbR7ZuoE_eXfbKnplaYPtJnpQIzVRlabNm2N_3ebb8e4b.png"
        ],
        "members": [],
        "source": {
          "provider": "FULL of Sakurazaka46 OVERSEA Map",
          "url": "https://www.google.com/maps/d/viewer?mid=16UuI7FsZ44eye0vxkXhEnBNu44I2NqE",
          "mapId": "16UuI7FsZ44eye0vxkXhEnBNu44I2NqE",
          "layer": "Private trip/photobook/others",
          "tags": [
            "海外",
            "Private trip/photobook/others"
          ],
          "name": "武元唯衣 - Bomba Paella"
        },
        "classification": {
          "category": "Private trip/photobook/others",
          "subcategory": "Private trip/photobook/others",
          "method": "source-layer",
          "status": "source"
        },
        "classificationCandidates": {
          "members": [],
          "projects": [],
          "contentTypes": []
        }
      }
    },
    {
      "type": "Feature",
      "geometry": {
        "type": "Point",
        "coordinates": [
          -0.090795,
          51.50557
        ]
      },
      "properties": {
        "id": "mymaps:16UuI7FsZ44eye0vxkXhEnBNu44I2NqE:a2846f63384b1c319820",
        "sourceKey": "mymaps:16UuI7FsZ44eye0vxkXhEnBNu44I2NqE:a2846f63384b1c319820",
        "name": "武元唯衣 山﨑天 守屋麗奈 田村保乃 - Borough Market",
        "category": "Private trip/photobook/others",
        "subcategory": "Private trip/photobook/others",
        "categoryColor": "#3b82f6",
        "address": "",
        "sceneTitle": "武元唯衣 山﨑天 守屋麗奈 田村保乃 - Borough Market",
        "sceneNote": "description: https://www.instagram.com/p/DSxJQEAEm_c/?img_index=9 https://www.instagram.com/p/DSxJQEAEm_c/?img_index=10 Note: credit to @eris.1 on threads URL: Tags: Comment:",
        "sourceLabel": "FULL of Sakurazaka46 OVERSEA Map",
        "sourceUrl": "https://www.google.com/maps/d/viewer?mid=16UuI7FsZ44eye0vxkXhEnBNu44I2NqE",
        "referenceUrl": "https://www.google.com/maps/d/viewer?mid=16UuI7FsZ44eye0vxkXhEnBNu44I2NqE",
        "tags": [
          "海外",
          "Private trip/photobook/others"
        ],
        "images": [
          "https://pub-6d7574c4452b41519ab8adf1541d7f9e.r2.dev/seichi/oversea/3AAjQbR4t2OjDZitL0S5WrydJWf14oSdKbgCtRjr_01e2221c.png"
        ],
        "members": [],
        "source": {
          "provider": "FULL of Sakurazaka46 OVERSEA Map",
          "url": "https://www.google.com/maps/d/viewer?mid=16UuI7FsZ44eye0vxkXhEnBNu44I2NqE",
          "mapId": "16UuI7FsZ44eye0vxkXhEnBNu44I2NqE",
          "layer": "Private trip/photobook/others",
          "tags": [
            "海外",
            "Private trip/photobook/others"
          ],
          "name": "武元唯衣 山﨑天 守屋麗奈 田村保乃 - Borough Market"
        },
        "classification": {
          "category": "Private trip/photobook/others",
          "subcategory": "Private trip/photobook/others",
          "method": "source-layer",
          "status": "source"
        },
        "classificationCandidates": {
          "members": [],
          "projects": [],
          "contentTypes": []
        }
      }
    },
    {
      "type": "Feature",
      "geometry": {
        "type": "Point",
        "coordinates": [
          -0.204297,
          51.514662
        ]
      },
      "properties": {
        "id": "mymaps:16UuI7FsZ44eye0vxkXhEnBNu44I2NqE:e94b2ec16e35b96b9ccb",
        "sourceKey": "mymaps:16UuI7FsZ44eye0vxkXhEnBNu44I2NqE:e94b2ec16e35b96b9ccb",
        "name": "武元唯衣 - Notting Hill Gift Shop",
        "category": "Private trip/photobook/others",
        "subcategory": "Private trip/photobook/others",
        "categoryColor": "#3b82f6",
        "address": "",
        "sceneTitle": "武元唯衣 - Notting Hill Gift Shop",
        "sceneNote": "description: https://www.instagram.com/p/DSxJQEAEm_c/?img_index=11 Note: credit to @eris.1 on threads URL: Tags: Comment:",
        "sourceLabel": "FULL of Sakurazaka46 OVERSEA Map",
        "sourceUrl": "https://www.google.com/maps/d/viewer?mid=16UuI7FsZ44eye0vxkXhEnBNu44I2NqE",
        "referenceUrl": "https://www.google.com/maps/d/viewer?mid=16UuI7FsZ44eye0vxkXhEnBNu44I2NqE",
        "tags": [
          "海外",
          "Private trip/photobook/others"
        ],
        "images": [
          "https://pub-6d7574c4452b41519ab8adf1541d7f9e.r2.dev/seichi/oversea/3AAjQbR4mIoXgXXU2pzHAmiZRDfqMdAk57-KM-51_d7ae87d1.png"
        ],
        "members": [],
        "source": {
          "provider": "FULL of Sakurazaka46 OVERSEA Map",
          "url": "https://www.google.com/maps/d/viewer?mid=16UuI7FsZ44eye0vxkXhEnBNu44I2NqE",
          "mapId": "16UuI7FsZ44eye0vxkXhEnBNu44I2NqE",
          "layer": "Private trip/photobook/others",
          "tags": [
            "海外",
            "Private trip/photobook/others"
          ],
          "name": "武元唯衣 - Notting Hill Gift Shop"
        },
        "classification": {
          "category": "Private trip/photobook/others",
          "subcategory": "Private trip/photobook/others",
          "method": "source-layer",
          "status": "source"
        },
        "classificationCandidates": {
          "members": [],
          "projects": [],
          "contentTypes": []
        }
      }
    },
    {
      "type": "Feature",
      "geometry": {
        "type": "Point",
        "coordinates": [
          -0.204206,
          51.514588
        ]
      },
      "properties": {
        "id": "mymaps:16UuI7FsZ44eye0vxkXhEnBNu44I2NqE:31ac181605a6283d418c",
        "sourceKey": "mymaps:16UuI7FsZ44eye0vxkXhEnBNu44I2NqE:31ac181605a6283d418c",
        "name": "武元唯衣 - Portobello Market",
        "category": "Private trip/photobook/others",
        "subcategory": "Private trip/photobook/others",
        "categoryColor": "#3b82f6",
        "address": "",
        "sceneTitle": "武元唯衣 - Portobello Market",
        "sceneNote": "description: https://www.instagram.com/p/DSxJQEAEm_c/?img_index=12 Note: credit to @eris.1 on threads URL: Tags: Comment:",
        "sourceLabel": "FULL of Sakurazaka46 OVERSEA Map",
        "sourceUrl": "https://www.google.com/maps/d/viewer?mid=16UuI7FsZ44eye0vxkXhEnBNu44I2NqE",
        "referenceUrl": "https://www.google.com/maps/d/viewer?mid=16UuI7FsZ44eye0vxkXhEnBNu44I2NqE",
        "tags": [
          "海外",
          "Private trip/photobook/others"
        ],
        "images": [
          "https://pub-6d7574c4452b41519ab8adf1541d7f9e.r2.dev/seichi/oversea/3AAjQbR7LcxtO1Fu4eJlk4VxNuG-94ZcuRAJj9Y6_b8391eaf.png"
        ],
        "members": [],
        "source": {
          "provider": "FULL of Sakurazaka46 OVERSEA Map",
          "url": "https://www.google.com/maps/d/viewer?mid=16UuI7FsZ44eye0vxkXhEnBNu44I2NqE",
          "mapId": "16UuI7FsZ44eye0vxkXhEnBNu44I2NqE",
          "layer": "Private trip/photobook/others",
          "tags": [
            "海外",
            "Private trip/photobook/others"
          ],
          "name": "武元唯衣 - Portobello Market"
        },
        "classification": {
          "category": "Private trip/photobook/others",
          "subcategory": "Private trip/photobook/others",
          "method": "source-layer",
          "status": "source"
        },
        "classificationCandidates": {
          "members": [],
          "projects": [],
          "contentTypes": []
        }
      }
    },
    {
      "type": "Feature",
      "geometry": {
        "type": "Point",
        "coordinates": [
          -0.121186,
          51.510204
        ]
      },
      "properties": {
        "id": "mymaps:16UuI7FsZ44eye0vxkXhEnBNu44I2NqE:51f878f105fc11890d02",
        "sourceKey": "mymaps:16UuI7FsZ44eye0vxkXhEnBNu44I2NqE:51f878f105fc11890d02",
        "name": "武元唯衣 - The Strand",
        "category": "Private trip/photobook/others",
        "subcategory": "Private trip/photobook/others",
        "categoryColor": "#3b82f6",
        "address": "",
        "sceneTitle": "武元唯衣 - The Strand",
        "sceneNote": "description: https://www.instagram.com/p/DSxJQEAEm_c/?img_index=14 Note: credit to @eris.1 on threads URL: Tags: Comment:",
        "sourceLabel": "FULL of Sakurazaka46 OVERSEA Map",
        "sourceUrl": "https://www.google.com/maps/d/viewer?mid=16UuI7FsZ44eye0vxkXhEnBNu44I2NqE",
        "referenceUrl": "https://www.google.com/maps/d/viewer?mid=16UuI7FsZ44eye0vxkXhEnBNu44I2NqE",
        "tags": [
          "海外",
          "Private trip/photobook/others"
        ],
        "images": [
          "https://pub-6d7574c4452b41519ab8adf1541d7f9e.r2.dev/seichi/oversea/3AAjQbR66ADqe3Dvl34Ymyhc_MqU_0UNhThQPB6B_f09c2f58.png"
        ],
        "members": [],
        "source": {
          "provider": "FULL of Sakurazaka46 OVERSEA Map",
          "url": "https://www.google.com/maps/d/viewer?mid=16UuI7FsZ44eye0vxkXhEnBNu44I2NqE",
          "mapId": "16UuI7FsZ44eye0vxkXhEnBNu44I2NqE",
          "layer": "Private trip/photobook/others",
          "tags": [
            "海外",
            "Private trip/photobook/others"
          ],
          "name": "武元唯衣 - The Strand"
        },
        "classification": {
          "category": "Private trip/photobook/others",
          "subcategory": "Private trip/photobook/others",
          "method": "source-layer",
          "status": "source"
        },
        "classificationCandidates": {
          "members": [],
          "projects": [],
          "contentTypes": []
        }
      }
    },
    {
      "type": "Feature",
      "geometry": {
        "type": "Point",
        "coordinates": [
          -0.121688,
          51.510438
        ]
      },
      "properties": {
        "id": "mymaps:16UuI7FsZ44eye0vxkXhEnBNu44I2NqE:a87306ba97758b5a47e3",
        "sourceKey": "mymaps:16UuI7FsZ44eye0vxkXhEnBNu44I2NqE:a87306ba97758b5a47e3",
        "name": "武元唯衣 - The Strand",
        "category": "Private trip/photobook/others",
        "subcategory": "Private trip/photobook/others",
        "categoryColor": "#3b82f6",
        "address": "",
        "sceneTitle": "武元唯衣 - The Strand",
        "sceneNote": "description: https://www.instagram.com/p/DSxJQEAEm_c/?img_index=13 Note: credit to @eris.1 on threads URL: Tags: Comment:",
        "sourceLabel": "FULL of Sakurazaka46 OVERSEA Map",
        "sourceUrl": "https://www.google.com/maps/d/viewer?mid=16UuI7FsZ44eye0vxkXhEnBNu44I2NqE",
        "referenceUrl": "https://www.google.com/maps/d/viewer?mid=16UuI7FsZ44eye0vxkXhEnBNu44I2NqE",
        "tags": [
          "海外",
          "Private trip/photobook/others"
        ],
        "images": [
          "https://pub-6d7574c4452b41519ab8adf1541d7f9e.r2.dev/seichi/oversea/3AAjQbR5SbeAIV8AkxfyKqSkebaCAefr0RinVfNr_a1317a5c.png"
        ],
        "members": [],
        "source": {
          "provider": "FULL of Sakurazaka46 OVERSEA Map",
          "url": "https://www.google.com/maps/d/viewer?mid=16UuI7FsZ44eye0vxkXhEnBNu44I2NqE",
          "mapId": "16UuI7FsZ44eye0vxkXhEnBNu44I2NqE",
          "layer": "Private trip/photobook/others",
          "tags": [
            "海外",
            "Private trip/photobook/others"
          ],
          "name": "武元唯衣 - The Strand"
        },
        "classification": {
          "category": "Private trip/photobook/others",
          "subcategory": "Private trip/photobook/others",
          "method": "source-layer",
          "status": "source"
        },
        "classificationCandidates": {
          "members": [],
          "projects": [],
          "contentTypes": []
        }
      }
    },
    {
      "type": "Feature",
      "geometry": {
        "type": "Point",
        "coordinates": [
          -0.135853,
          51.510042
        ]
      },
      "properties": {
        "id": "mymaps:16UuI7FsZ44eye0vxkXhEnBNu44I2NqE:e4475172eff2c5d6bbad",
        "sourceKey": "mymaps:16UuI7FsZ44eye0vxkXhEnBNu44I2NqE:e4475172eff2c5d6bbad",
        "name": "武元唯衣 井上梨名 田村保乃 - Café Royal Grill",
        "category": "Private trip/photobook/others",
        "subcategory": "Private trip/photobook/others",
        "categoryColor": "#3b82f6",
        "address": "",
        "sceneTitle": "武元唯衣 井上梨名 田村保乃 - Café Royal Grill",
        "sceneNote": "description: https://www.instagram.com/p/DSze6FxkkBt/ Note: credit to @eris.1 on threads URL: Tags: Comment:",
        "sourceLabel": "FULL of Sakurazaka46 OVERSEA Map",
        "sourceUrl": "https://www.google.com/maps/d/viewer?mid=16UuI7FsZ44eye0vxkXhEnBNu44I2NqE",
        "referenceUrl": "https://www.google.com/maps/d/viewer?mid=16UuI7FsZ44eye0vxkXhEnBNu44I2NqE",
        "tags": [
          "海外",
          "Private trip/photobook/others"
        ],
        "images": [
          "https://pub-6d7574c4452b41519ab8adf1541d7f9e.r2.dev/seichi/oversea/3AAjQbR6kAN3odfjvqZ2I2_8W8H8Qbr6bRKyhwGj_776109a0.png"
        ],
        "members": [],
        "source": {
          "provider": "FULL of Sakurazaka46 OVERSEA Map",
          "url": "https://www.google.com/maps/d/viewer?mid=16UuI7FsZ44eye0vxkXhEnBNu44I2NqE",
          "mapId": "16UuI7FsZ44eye0vxkXhEnBNu44I2NqE",
          "layer": "Private trip/photobook/others",
          "tags": [
            "海外",
            "Private trip/photobook/others"
          ],
          "name": "武元唯衣 井上梨名 田村保乃 - Café Royal Grill"
        },
        "classification": {
          "category": "Private trip/photobook/others",
          "subcategory": "Private trip/photobook/others",
          "method": "source-layer",
          "status": "source"
        },
        "classificationCandidates": {
          "members": [],
          "projects": [],
          "contentTypes": []
        }
      }
    },
    {
      "type": "Feature",
      "geometry": {
        "type": "Point",
        "coordinates": [
          -0.127611,
          51.508306
        ]
      },
      "properties": {
        "id": "mymaps:16UuI7FsZ44eye0vxkXhEnBNu44I2NqE:83ed6cb4594aff4b0721",
        "sourceKey": "mymaps:16UuI7FsZ44eye0vxkXhEnBNu44I2NqE:83ed6cb4594aff4b0721",
        "name": "山﨑天 - Trafalgar Square",
        "category": "Private trip/photobook/others",
        "subcategory": "Private trip/photobook/others",
        "categoryColor": "#3b82f6",
        "address": "",
        "sceneTitle": "山﨑天 - Trafalgar Square",
        "sceneNote": "description: https://www.instagram.com/p/DPGpqatj6qp/?img_index=3 https://www.instagram.com/p/DPGpqatj6qp/?img_index=4 Note: credit to @eris.1 on threads URL: Tags: Comment:",
        "sourceLabel": "FULL of Sakurazaka46 OVERSEA Map",
        "sourceUrl": "https://www.google.com/maps/d/viewer?mid=16UuI7FsZ44eye0vxkXhEnBNu44I2NqE",
        "referenceUrl": "https://www.google.com/maps/d/viewer?mid=16UuI7FsZ44eye0vxkXhEnBNu44I2NqE",
        "tags": [
          "海外",
          "Private trip/photobook/others"
        ],
        "images": [
          "https://pub-6d7574c4452b41519ab8adf1541d7f9e.r2.dev/seichi/oversea/3AAjQbR7hPMXQcbKaufYiNq1X-Hb6HG-zpl-WtbO_67e2b766.png"
        ],
        "members": [],
        "source": {
          "provider": "FULL of Sakurazaka46 OVERSEA Map",
          "url": "https://www.google.com/maps/d/viewer?mid=16UuI7FsZ44eye0vxkXhEnBNu44I2NqE",
          "mapId": "16UuI7FsZ44eye0vxkXhEnBNu44I2NqE",
          "layer": "Private trip/photobook/others",
          "tags": [
            "海外",
            "Private trip/photobook/others"
          ],
          "name": "山﨑天 - Trafalgar Square"
        },
        "classification": {
          "category": "Private trip/photobook/others",
          "subcategory": "Private trip/photobook/others",
          "method": "source-layer",
          "status": "source"
        },
        "classificationCandidates": {
          "members": [],
          "projects": [],
          "contentTypes": []
        }
      }
    },
    {
      "type": "Feature",
      "geometry": {
        "type": "Point",
        "coordinates": [
          -0.1255,
          51.507167
        ]
      },
      "properties": {
        "id": "mymaps:16UuI7FsZ44eye0vxkXhEnBNu44I2NqE:2be64b5af38a1c3cdd30",
        "sourceKey": "mymaps:16UuI7FsZ44eye0vxkXhEnBNu44I2NqE:2be64b5af38a1c3cdd30",
        "name": "山﨑天 - Northumberland Ave",
        "category": "Private trip/photobook/others",
        "subcategory": "Private trip/photobook/others",
        "categoryColor": "#3b82f6",
        "address": "",
        "sceneTitle": "山﨑天 - Northumberland Ave",
        "sceneNote": "description: https://www.instagram.com/p/DPGpqatj6qp/?img_index=5 Note: credit to @eris.1 on threads URL: Tags: Comment:",
        "sourceLabel": "FULL of Sakurazaka46 OVERSEA Map",
        "sourceUrl": "https://www.google.com/maps/d/viewer?mid=16UuI7FsZ44eye0vxkXhEnBNu44I2NqE",
        "referenceUrl": "https://www.google.com/maps/d/viewer?mid=16UuI7FsZ44eye0vxkXhEnBNu44I2NqE",
        "tags": [
          "海外",
          "Private trip/photobook/others"
        ],
        "images": [
          "https://pub-6d7574c4452b41519ab8adf1541d7f9e.r2.dev/seichi/oversea/3AAjQbR6VpWZOGcqtt15vLfb4WHa3zuPiPttPDym_ddad2070.png"
        ],
        "members": [],
        "source": {
          "provider": "FULL of Sakurazaka46 OVERSEA Map",
          "url": "https://www.google.com/maps/d/viewer?mid=16UuI7FsZ44eye0vxkXhEnBNu44I2NqE",
          "mapId": "16UuI7FsZ44eye0vxkXhEnBNu44I2NqE",
          "layer": "Private trip/photobook/others",
          "tags": [
            "海外",
            "Private trip/photobook/others"
          ],
          "name": "山﨑天 - Northumberland Ave"
        },
        "classification": {
          "category": "Private trip/photobook/others",
          "subcategory": "Private trip/photobook/others",
          "method": "source-layer",
          "status": "source"
        },
        "classificationCandidates": {
          "members": [],
          "projects": [],
          "contentTypes": []
        }
      }
    },
    {
      "type": "Feature",
      "geometry": {
        "type": "Point",
        "coordinates": [
          -0.12602,
          51.506986
        ]
      },
      "properties": {
        "id": "mymaps:16UuI7FsZ44eye0vxkXhEnBNu44I2NqE:68d1fb3317bfc33c95f7",
        "sourceKey": "mymaps:16UuI7FsZ44eye0vxkXhEnBNu44I2NqE:68d1fb3317bfc33c95f7",
        "name": "山﨑天 - Club Quarters Hotel",
        "category": "Private trip/photobook/others",
        "subcategory": "Private trip/photobook/others",
        "categoryColor": "#3b82f6",
        "address": "",
        "sceneTitle": "山﨑天 - Club Quarters Hotel",
        "sceneNote": "description: https://www.instagram.com/p/DPGpqatj6qp/?img_index=6 Note: credit to @eris.1 on threads URL: Tags: Comment:",
        "sourceLabel": "FULL of Sakurazaka46 OVERSEA Map",
        "sourceUrl": "https://www.google.com/maps/d/viewer?mid=16UuI7FsZ44eye0vxkXhEnBNu44I2NqE",
        "referenceUrl": "https://www.google.com/maps/d/viewer?mid=16UuI7FsZ44eye0vxkXhEnBNu44I2NqE",
        "tags": [
          "海外",
          "Private trip/photobook/others"
        ],
        "images": [
          "https://pub-6d7574c4452b41519ab8adf1541d7f9e.r2.dev/seichi/oversea/3AAjQbR5CTrjr1l0a0LrY_CxQtnlHB4b0pP07r0q_f94ea041.png"
        ],
        "members": [],
        "source": {
          "provider": "FULL of Sakurazaka46 OVERSEA Map",
          "url": "https://www.google.com/maps/d/viewer?mid=16UuI7FsZ44eye0vxkXhEnBNu44I2NqE",
          "mapId": "16UuI7FsZ44eye0vxkXhEnBNu44I2NqE",
          "layer": "Private trip/photobook/others",
          "tags": [
            "海外",
            "Private trip/photobook/others"
          ],
          "name": "山﨑天 - Club Quarters Hotel"
        },
        "classification": {
          "category": "Private trip/photobook/others",
          "subcategory": "Private trip/photobook/others",
          "method": "source-layer",
          "status": "source"
        },
        "classificationCandidates": {
          "members": [],
          "projects": [],
          "contentTypes": []
        }
      }
    },
    {
      "type": "Feature",
      "geometry": {
        "type": "Point",
        "coordinates": [
          -0.124504,
          51.501046
        ]
      },
      "properties": {
        "id": "mymaps:16UuI7FsZ44eye0vxkXhEnBNu44I2NqE:405cda885489ae8d558d",
        "sourceKey": "mymaps:16UuI7FsZ44eye0vxkXhEnBNu44I2NqE:405cda885489ae8d558d",
        "name": "山﨑天 - Big Ben",
        "category": "Private trip/photobook/others",
        "subcategory": "Private trip/photobook/others",
        "categoryColor": "#3b82f6",
        "address": "",
        "sceneTitle": "山﨑天 - Big Ben",
        "sceneNote": "description: https://www.instagram.com/p/DPGpqatj6qp/?img_index=10 Note: credit to @eris.1 on threads URL: Tags: Comment:",
        "sourceLabel": "FULL of Sakurazaka46 OVERSEA Map",
        "sourceUrl": "https://www.google.com/maps/d/viewer?mid=16UuI7FsZ44eye0vxkXhEnBNu44I2NqE",
        "referenceUrl": "https://www.google.com/maps/d/viewer?mid=16UuI7FsZ44eye0vxkXhEnBNu44I2NqE",
        "tags": [
          "海外",
          "Private trip/photobook/others"
        ],
        "images": [
          "https://pub-6d7574c4452b41519ab8adf1541d7f9e.r2.dev/seichi/oversea/3AAjQbR4G9ilD1DjJ5eCPO9r-DDA5n5qK54j2DM6_b2d41501.png"
        ],
        "members": [],
        "source": {
          "provider": "FULL of Sakurazaka46 OVERSEA Map",
          "url": "https://www.google.com/maps/d/viewer?mid=16UuI7FsZ44eye0vxkXhEnBNu44I2NqE",
          "mapId": "16UuI7FsZ44eye0vxkXhEnBNu44I2NqE",
          "layer": "Private trip/photobook/others",
          "tags": [
            "海外",
            "Private trip/photobook/others"
          ],
          "name": "山﨑天 - Big Ben"
        },
        "classification": {
          "category": "Private trip/photobook/others",
          "subcategory": "Private trip/photobook/others",
          "method": "source-layer",
          "status": "source"
        },
        "classificationCandidates": {
          "members": [],
          "projects": [],
          "contentTypes": []
        }
      }
    },
    {
      "type": "Feature",
      "geometry": {
        "type": "Point",
        "coordinates": [
          -0.173833,
          51.496111
        ]
      },
      "properties": {
        "id": "mymaps:16UuI7FsZ44eye0vxkXhEnBNu44I2NqE:0a59138f487f35552f41",
        "sourceKey": "mymaps:16UuI7FsZ44eye0vxkXhEnBNu44I2NqE:0a59138f487f35552f41",
        "name": "山﨑天 - Natural History Museum",
        "category": "Private trip/photobook/others",
        "subcategory": "Private trip/photobook/others",
        "categoryColor": "#3b82f6",
        "address": "",
        "sceneTitle": "山﨑天 - Natural History Museum",
        "sceneNote": "description: https://www.instagram.com/p/DPGq1uGD6FA Note: credit to @eris.1 on threads URL: Tags: Comment:",
        "sourceLabel": "FULL of Sakurazaka46 OVERSEA Map",
        "sourceUrl": "https://www.google.com/maps/d/viewer?mid=16UuI7FsZ44eye0vxkXhEnBNu44I2NqE",
        "referenceUrl": "https://www.google.com/maps/d/viewer?mid=16UuI7FsZ44eye0vxkXhEnBNu44I2NqE",
        "tags": [
          "海外",
          "Private trip/photobook/others"
        ],
        "images": [],
        "members": [],
        "source": {
          "provider": "FULL of Sakurazaka46 OVERSEA Map",
          "url": "https://www.google.com/maps/d/viewer?mid=16UuI7FsZ44eye0vxkXhEnBNu44I2NqE",
          "mapId": "16UuI7FsZ44eye0vxkXhEnBNu44I2NqE",
          "layer": "Private trip/photobook/others",
          "tags": [
            "海外",
            "Private trip/photobook/others"
          ],
          "name": "山﨑天 - Natural History Museum"
        },
        "classification": {
          "category": "Private trip/photobook/others",
          "subcategory": "Private trip/photobook/others",
          "method": "source-layer",
          "status": "source"
        },
        "classificationCandidates": {
          "members": [],
          "projects": [],
          "contentTypes": []
        }
      }
    },
    {
      "type": "Feature",
      "geometry": {
        "type": "Point",
        "coordinates": [
          -0.126278,
          51.511667
        ]
      },
      "properties": {
        "id": "mymaps:16UuI7FsZ44eye0vxkXhEnBNu44I2NqE:a1be630521169c668045",
        "sourceKey": "mymaps:16UuI7FsZ44eye0vxkXhEnBNu44I2NqE:a1be630521169c668045",
        "name": "山﨑天 - Garrick St",
        "category": "Private trip/photobook/others",
        "subcategory": "Private trip/photobook/others",
        "categoryColor": "#3b82f6",
        "address": "",
        "sceneTitle": "山﨑天 - Garrick St",
        "sceneNote": "description: https://www.instagram.com/p/DPGq1uGD6FA?img_index=2 https://www.instagram.com/p/DPGq1uGD6FA?img_index=5 https://www.instagram.com/p/DPGq1uGD6FA?img_index=6 Note: credit to @eris.1 on threads URL: Tags: Comment:",
        "sourceLabel": "FULL of Sakurazaka46 OVERSEA Map",
        "sourceUrl": "https://www.google.com/maps/d/viewer?mid=16UuI7FsZ44eye0vxkXhEnBNu44I2NqE",
        "referenceUrl": "https://www.google.com/maps/d/viewer?mid=16UuI7FsZ44eye0vxkXhEnBNu44I2NqE",
        "tags": [
          "海外",
          "Private trip/photobook/others"
        ],
        "images": [
          "https://pub-6d7574c4452b41519ab8adf1541d7f9e.r2.dev/seichi/oversea/3AAjQbR6iBbJOjkCehiyWRjsS9vZyoJY5NMC-5GM_9192f551.png",
          "https://pub-6d7574c4452b41519ab8adf1541d7f9e.r2.dev/seichi/oversea/3AAjQbR5jmMq42UtITjqrRg8ocSAnCARzgR3frwR_fcd09a78.png"
        ],
        "members": [],
        "source": {
          "provider": "FULL of Sakurazaka46 OVERSEA Map",
          "url": "https://www.google.com/maps/d/viewer?mid=16UuI7FsZ44eye0vxkXhEnBNu44I2NqE",
          "mapId": "16UuI7FsZ44eye0vxkXhEnBNu44I2NqE",
          "layer": "Private trip/photobook/others",
          "tags": [
            "海外",
            "Private trip/photobook/others"
          ],
          "name": "山﨑天 - Garrick St"
        },
        "classification": {
          "category": "Private trip/photobook/others",
          "subcategory": "Private trip/photobook/others",
          "method": "source-layer",
          "status": "source"
        },
        "classificationCandidates": {
          "members": [],
          "projects": [],
          "contentTypes": []
        }
      }
    },
    {
      "type": "Feature",
      "geometry": {
        "type": "Point",
        "coordinates": [
          -0.123188,
          51.511938
        ]
      },
      "properties": {
        "id": "mymaps:16UuI7FsZ44eye0vxkXhEnBNu44I2NqE:7637e16c757e3c3306cb",
        "sourceKey": "mymaps:16UuI7FsZ44eye0vxkXhEnBNu44I2NqE:7637e16c757e3c3306cb",
        "name": "山﨑天 - Covent Garden",
        "category": "Private trip/photobook/others",
        "subcategory": "Private trip/photobook/others",
        "categoryColor": "#3b82f6",
        "address": "",
        "sceneTitle": "山﨑天 - Covent Garden",
        "sceneNote": "description: https://www.instagram.com/p/DPGq1uGD6FA?img_index=3 Note: credit to @eris.1 on threads URL: Tags: Comment:",
        "sourceLabel": "FULL of Sakurazaka46 OVERSEA Map",
        "sourceUrl": "https://www.google.com/maps/d/viewer?mid=16UuI7FsZ44eye0vxkXhEnBNu44I2NqE",
        "referenceUrl": "https://www.google.com/maps/d/viewer?mid=16UuI7FsZ44eye0vxkXhEnBNu44I2NqE",
        "tags": [
          "海外",
          "Private trip/photobook/others"
        ],
        "images": [
          "https://pub-6d7574c4452b41519ab8adf1541d7f9e.r2.dev/seichi/oversea/3AAjQbR6YkLs2GA-6LYYcHQhwgpV8q9eXm-40JG7_82d447eb.png"
        ],
        "members": [],
        "source": {
          "provider": "FULL of Sakurazaka46 OVERSEA Map",
          "url": "https://www.google.com/maps/d/viewer?mid=16UuI7FsZ44eye0vxkXhEnBNu44I2NqE",
          "mapId": "16UuI7FsZ44eye0vxkXhEnBNu44I2NqE",
          "layer": "Private trip/photobook/others",
          "tags": [
            "海外",
            "Private trip/photobook/others"
          ],
          "name": "山﨑天 - Covent Garden"
        },
        "classification": {
          "category": "Private trip/photobook/others",
          "subcategory": "Private trip/photobook/others",
          "method": "source-layer",
          "status": "source"
        },
        "classificationCandidates": {
          "members": [],
          "projects": [],
          "contentTypes": []
        }
      }
    },
    {
      "type": "Feature",
      "geometry": {
        "type": "Point",
        "coordinates": [
          -0.123023,
          51.511871
        ]
      },
      "properties": {
        "id": "mymaps:16UuI7FsZ44eye0vxkXhEnBNu44I2NqE:85ac225584759265ecdc",
        "sourceKey": "mymaps:16UuI7FsZ44eye0vxkXhEnBNu44I2NqE:85ac225584759265ecdc",
        "name": "山﨑天 - Covent Garden",
        "category": "Private trip/photobook/others",
        "subcategory": "Private trip/photobook/others",
        "categoryColor": "#3b82f6",
        "address": "",
        "sceneTitle": "山﨑天 - Covent Garden",
        "sceneNote": "description: https://www.instagram.com/p/DPGq1uGD6FA?img_index=4 Note: credit to @eris.1 on threads URL: Tags: Comment:",
        "sourceLabel": "FULL of Sakurazaka46 OVERSEA Map",
        "sourceUrl": "https://www.google.com/maps/d/viewer?mid=16UuI7FsZ44eye0vxkXhEnBNu44I2NqE",
        "referenceUrl": "https://www.google.com/maps/d/viewer?mid=16UuI7FsZ44eye0vxkXhEnBNu44I2NqE",
        "tags": [
          "海外",
          "Private trip/photobook/others"
        ],
        "images": [
          "https://pub-6d7574c4452b41519ab8adf1541d7f9e.r2.dev/seichi/oversea/3AAjQbR5kAvCpiNGNRWyAkfsEH758FPtRdAk01lp_cc089259.png"
        ],
        "members": [],
        "source": {
          "provider": "FULL of Sakurazaka46 OVERSEA Map",
          "url": "https://www.google.com/maps/d/viewer?mid=16UuI7FsZ44eye0vxkXhEnBNu44I2NqE",
          "mapId": "16UuI7FsZ44eye0vxkXhEnBNu44I2NqE",
          "layer": "Private trip/photobook/others",
          "tags": [
            "海外",
            "Private trip/photobook/others"
          ],
          "name": "山﨑天 - Covent Garden"
        },
        "classification": {
          "category": "Private trip/photobook/others",
          "subcategory": "Private trip/photobook/others",
          "method": "source-layer",
          "status": "source"
        },
        "classificationCandidates": {
          "members": [],
          "projects": [],
          "contentTypes": []
        }
      }
    },
    {
      "type": "Feature",
      "geometry": {
        "type": "Point",
        "coordinates": [
          -0.128306,
          51.511667
        ]
      },
      "properties": {
        "id": "mymaps:16UuI7FsZ44eye0vxkXhEnBNu44I2NqE:8a2c34fbb83b85e4e975",
        "sourceKey": "mymaps:16UuI7FsZ44eye0vxkXhEnBNu44I2NqE:8a2c34fbb83b85e4e975",
        "name": "山﨑天 - Leicester Square",
        "category": "Private trip/photobook/others",
        "subcategory": "Private trip/photobook/others",
        "categoryColor": "#3b82f6",
        "address": "",
        "sceneTitle": "山﨑天 - Leicester Square",
        "sceneNote": "description: https://www.instagram.com/p/DPGq1uGD6FA?img_index=7 Note: credit to @eris.1 on threads URL: Tags: Comment:",
        "sourceLabel": "FULL of Sakurazaka46 OVERSEA Map",
        "sourceUrl": "https://www.google.com/maps/d/viewer?mid=16UuI7FsZ44eye0vxkXhEnBNu44I2NqE",
        "referenceUrl": "https://www.google.com/maps/d/viewer?mid=16UuI7FsZ44eye0vxkXhEnBNu44I2NqE",
        "tags": [
          "海外",
          "Private trip/photobook/others"
        ],
        "images": [
          "https://pub-6d7574c4452b41519ab8adf1541d7f9e.r2.dev/seichi/oversea/3AAjQbR6yz6Eph20p7VplHCa-bU1Fw0zpEhu9gJn_6732986f.png"
        ],
        "members": [],
        "source": {
          "provider": "FULL of Sakurazaka46 OVERSEA Map",
          "url": "https://www.google.com/maps/d/viewer?mid=16UuI7FsZ44eye0vxkXhEnBNu44I2NqE",
          "mapId": "16UuI7FsZ44eye0vxkXhEnBNu44I2NqE",
          "layer": "Private trip/photobook/others",
          "tags": [
            "海外",
            "Private trip/photobook/others"
          ],
          "name": "山﨑天 - Leicester Square"
        },
        "classification": {
          "category": "Private trip/photobook/others",
          "subcategory": "Private trip/photobook/others",
          "method": "source-layer",
          "status": "source"
        },
        "classificationCandidates": {
          "members": [],
          "projects": [],
          "contentTypes": []
        }
      }
    },
    {
      "type": "Feature",
      "geometry": {
        "type": "Point",
        "coordinates": [
          -0.135139,
          51.51
        ]
      },
      "properties": {
        "id": "mymaps:16UuI7FsZ44eye0vxkXhEnBNu44I2NqE:1a5eea7f129cc1dd8871",
        "sourceKey": "mymaps:16UuI7FsZ44eye0vxkXhEnBNu44I2NqE:1a5eea7f129cc1dd8871",
        "name": "山﨑天 - Piccadilly Circus",
        "category": "Private trip/photobook/others",
        "subcategory": "Private trip/photobook/others",
        "categoryColor": "#3b82f6",
        "address": "",
        "sceneTitle": "山﨑天 - Piccadilly Circus",
        "sceneNote": "description: https://www.instagram.com/p/DPGq1uGD6FA?img_index=8 https://www.instagram.com/p/DPGq1uGD6FA?img_index=9 https://www.instagram.com/p/DPGq1uGD6FA?img_index=10 Note: credit to @eris.1 on threads URL: Tags: Comment:",
        "sourceLabel": "FULL of Sakurazaka46 OVERSEA Map",
        "sourceUrl": "https://www.google.com/maps/d/viewer?mid=16UuI7FsZ44eye0vxkXhEnBNu44I2NqE",
        "referenceUrl": "https://www.google.com/maps/d/viewer?mid=16UuI7FsZ44eye0vxkXhEnBNu44I2NqE",
        "tags": [
          "海外",
          "Private trip/photobook/others"
        ],
        "images": [
          "https://pub-6d7574c4452b41519ab8adf1541d7f9e.r2.dev/seichi/oversea/3AAjQbR6WvGrasQlocuGq1657PBb9bNw7QdybluF_a8a01d2b.png",
          "https://pub-6d7574c4452b41519ab8adf1541d7f9e.r2.dev/seichi/oversea/3AAjQbR7dIT5eqJ-aGM6XECJvDzlimKIpHfFBDYM_29a41d5b.png"
        ],
        "members": [],
        "source": {
          "provider": "FULL of Sakurazaka46 OVERSEA Map",
          "url": "https://www.google.com/maps/d/viewer?mid=16UuI7FsZ44eye0vxkXhEnBNu44I2NqE",
          "mapId": "16UuI7FsZ44eye0vxkXhEnBNu44I2NqE",
          "layer": "Private trip/photobook/others",
          "tags": [
            "海外",
            "Private trip/photobook/others"
          ],
          "name": "山﨑天 - Piccadilly Circus"
        },
        "classification": {
          "category": "Private trip/photobook/others",
          "subcategory": "Private trip/photobook/others",
          "method": "source-layer",
          "status": "source"
        },
        "classificationCandidates": {
          "members": [],
          "projects": [],
          "contentTypes": []
        }
      }
    },
    {
      "type": "Feature",
      "geometry": {
        "type": "Point",
        "coordinates": [
          -0.173778,
          51.497417
        ]
      },
      "properties": {
        "id": "mymaps:16UuI7FsZ44eye0vxkXhEnBNu44I2NqE:3bf77eafd6736be4dc6b",
        "sourceKey": "mymaps:16UuI7FsZ44eye0vxkXhEnBNu44I2NqE:3bf77eafd6736be4dc6b",
        "name": "山﨑天 - V&A Museum",
        "category": "Private trip/photobook/others",
        "subcategory": "Private trip/photobook/others",
        "categoryColor": "#3b82f6",
        "address": "",
        "sceneTitle": "山﨑天 - V&A Museum",
        "sceneNote": "description: https://www.instagram.com/p/DPGqjomj9Ng?img_index=1 https://www.instagram.com/p/DPGqjomj9Ng?img_index=2 Note: credit to @eris.1 on threads URL: Tags: Comment:",
        "sourceLabel": "FULL of Sakurazaka46 OVERSEA Map",
        "sourceUrl": "https://www.google.com/maps/d/viewer?mid=16UuI7FsZ44eye0vxkXhEnBNu44I2NqE",
        "referenceUrl": "https://www.google.com/maps/d/viewer?mid=16UuI7FsZ44eye0vxkXhEnBNu44I2NqE",
        "tags": [
          "海外",
          "Private trip/photobook/others"
        ],
        "images": [
          "https://pub-6d7574c4452b41519ab8adf1541d7f9e.r2.dev/seichi/oversea/3AAjQbR4COfwXU378Ao2q2unR4VGhSUh_bvZ-gYz_ddbde442.png",
          "https://pub-6d7574c4452b41519ab8adf1541d7f9e.r2.dev/seichi/oversea/3AAjQbR6zP7zSFBGwMRrpo2ntea3s724GJjMCp-F_f60049c4.png"
        ],
        "members": [],
        "source": {
          "provider": "FULL of Sakurazaka46 OVERSEA Map",
          "url": "https://www.google.com/maps/d/viewer?mid=16UuI7FsZ44eye0vxkXhEnBNu44I2NqE",
          "mapId": "16UuI7FsZ44eye0vxkXhEnBNu44I2NqE",
          "layer": "Private trip/photobook/others",
          "tags": [
            "海外",
            "Private trip/photobook/others"
          ],
          "name": "山﨑天 - V&A Museum"
        },
        "classification": {
          "category": "Private trip/photobook/others",
          "subcategory": "Private trip/photobook/others",
          "method": "source-layer",
          "status": "source"
        },
        "classificationCandidates": {
          "members": [],
          "projects": [],
          "contentTypes": []
        }
      }
    },
    {
      "type": "Feature",
      "geometry": {
        "type": "Point",
        "coordinates": [
          -0.17344,
          51.49683
        ]
      },
      "properties": {
        "id": "mymaps:16UuI7FsZ44eye0vxkXhEnBNu44I2NqE:2545a100529ce8800fd7",
        "sourceKey": "mymaps:16UuI7FsZ44eye0vxkXhEnBNu44I2NqE:2545a100529ce8800fd7",
        "name": "山﨑天 - Exhibition Road Courtyard",
        "category": "Private trip/photobook/others",
        "subcategory": "Private trip/photobook/others",
        "categoryColor": "#3b82f6",
        "address": "",
        "sceneTitle": "山﨑天 - Exhibition Road Courtyard",
        "sceneNote": "description: https://www.instagram.com/p/DXCexp9D79i/?img_index=1 Note: credit to @eris.1 on threads URL: Tags: Comment:",
        "sourceLabel": "FULL of Sakurazaka46 OVERSEA Map",
        "sourceUrl": "https://www.google.com/maps/d/viewer?mid=16UuI7FsZ44eye0vxkXhEnBNu44I2NqE",
        "referenceUrl": "https://www.google.com/maps/d/viewer?mid=16UuI7FsZ44eye0vxkXhEnBNu44I2NqE",
        "tags": [
          "海外",
          "Private trip/photobook/others"
        ],
        "images": [],
        "members": [],
        "source": {
          "provider": "FULL of Sakurazaka46 OVERSEA Map",
          "url": "https://www.google.com/maps/d/viewer?mid=16UuI7FsZ44eye0vxkXhEnBNu44I2NqE",
          "mapId": "16UuI7FsZ44eye0vxkXhEnBNu44I2NqE",
          "layer": "Private trip/photobook/others",
          "tags": [
            "海外",
            "Private trip/photobook/others"
          ],
          "name": "山﨑天 - Exhibition Road Courtyard"
        },
        "classification": {
          "category": "Private trip/photobook/others",
          "subcategory": "Private trip/photobook/others",
          "method": "source-layer",
          "status": "source"
        },
        "classificationCandidates": {
          "members": [],
          "projects": [],
          "contentTypes": []
        }
      }
    },
    {
      "type": "Feature",
      "geometry": {
        "type": "Point",
        "coordinates": [
          -0.123207,
          51.511928
        ]
      },
      "properties": {
        "id": "mymaps:16UuI7FsZ44eye0vxkXhEnBNu44I2NqE:241e2ac33d4c733407ed",
        "sourceKey": "mymaps:16UuI7FsZ44eye0vxkXhEnBNu44I2NqE:241e2ac33d4c733407ed",
        "name": "山﨑天 - Covent Garden",
        "category": "Private trip/photobook/others",
        "subcategory": "Private trip/photobook/others",
        "categoryColor": "#3b82f6",
        "address": "",
        "sceneTitle": "山﨑天 - Covent Garden",
        "sceneNote": "description: https://www.instagram.com/p/DXCexp9D79i/?img_index=2 https://www.instagram.com/p/DXCexp9D79i/?img_index=7 Note: credit to @eris.1 on threads URL: Tags: Comment:",
        "sourceLabel": "FULL of Sakurazaka46 OVERSEA Map",
        "sourceUrl": "https://www.google.com/maps/d/viewer?mid=16UuI7FsZ44eye0vxkXhEnBNu44I2NqE",
        "referenceUrl": "https://www.google.com/maps/d/viewer?mid=16UuI7FsZ44eye0vxkXhEnBNu44I2NqE",
        "tags": [
          "海外",
          "Private trip/photobook/others"
        ],
        "images": [
          "https://pub-6d7574c4452b41519ab8adf1541d7f9e.r2.dev/seichi/oversea/3AAjQbR65F5e4khWO1obd0Cw5vvo1El_10JhK1lg_46262010.png"
        ],
        "members": [],
        "source": {
          "provider": "FULL of Sakurazaka46 OVERSEA Map",
          "url": "https://www.google.com/maps/d/viewer?mid=16UuI7FsZ44eye0vxkXhEnBNu44I2NqE",
          "mapId": "16UuI7FsZ44eye0vxkXhEnBNu44I2NqE",
          "layer": "Private trip/photobook/others",
          "tags": [
            "海外",
            "Private trip/photobook/others"
          ],
          "name": "山﨑天 - Covent Garden"
        },
        "classification": {
          "category": "Private trip/photobook/others",
          "subcategory": "Private trip/photobook/others",
          "method": "source-layer",
          "status": "source"
        },
        "classificationCandidates": {
          "members": [],
          "projects": [],
          "contentTypes": []
        }
      }
    },
    {
      "type": "Feature",
      "geometry": {
        "type": "Point",
        "coordinates": [
          -0.17377,
          51.49741
        ]
      },
      "properties": {
        "id": "mymaps:16UuI7FsZ44eye0vxkXhEnBNu44I2NqE:9ab052be938cea5a8124",
        "sourceKey": "mymaps:16UuI7FsZ44eye0vxkXhEnBNu44I2NqE:9ab052be938cea5a8124",
        "name": "山﨑天 - V&A Museum",
        "category": "Private trip/photobook/others",
        "subcategory": "Private trip/photobook/others",
        "categoryColor": "#3b82f6",
        "address": "",
        "sceneTitle": "山﨑天 - V&A Museum",
        "sceneNote": "description: https://www.instagram.com/p/DXCexp9D79i/?img_index=3 Note: credit to @eris.1 on threads URL: Tags: Comment:",
        "sourceLabel": "FULL of Sakurazaka46 OVERSEA Map",
        "sourceUrl": "https://www.google.com/maps/d/viewer?mid=16UuI7FsZ44eye0vxkXhEnBNu44I2NqE",
        "referenceUrl": "https://www.google.com/maps/d/viewer?mid=16UuI7FsZ44eye0vxkXhEnBNu44I2NqE",
        "tags": [
          "海外",
          "Private trip/photobook/others"
        ],
        "images": [
          "https://pub-6d7574c4452b41519ab8adf1541d7f9e.r2.dev/seichi/oversea/3AAjQbR5m2WTsLjdK9jiONx1F7bEGeCQwnNlNJS4_ba8e94c7.png"
        ],
        "members": [],
        "source": {
          "provider": "FULL of Sakurazaka46 OVERSEA Map",
          "url": "https://www.google.com/maps/d/viewer?mid=16UuI7FsZ44eye0vxkXhEnBNu44I2NqE",
          "mapId": "16UuI7FsZ44eye0vxkXhEnBNu44I2NqE",
          "layer": "Private trip/photobook/others",
          "tags": [
            "海外",
            "Private trip/photobook/others"
          ],
          "name": "山﨑天 - V&A Museum"
        },
        "classification": {
          "category": "Private trip/photobook/others",
          "subcategory": "Private trip/photobook/others",
          "method": "source-layer",
          "status": "source"
        },
        "classificationCandidates": {
          "members": [],
          "projects": [],
          "contentTypes": []
        }
      }
    },
    {
      "type": "Feature",
      "geometry": {
        "type": "Point",
        "coordinates": [
          -0.13513,
          51.51
        ]
      },
      "properties": {
        "id": "mymaps:16UuI7FsZ44eye0vxkXhEnBNu44I2NqE:5051b628a3ab4238c39a:7cccda4ba6",
        "sourceKey": "mymaps:16UuI7FsZ44eye0vxkXhEnBNu44I2NqE:5051b628a3ab4238c39a:7cccda4ba6",
        "name": "山﨑天 - Piccadilly Circus",
        "category": "Private trip/photobook/others",
        "subcategory": "Private trip/photobook/others",
        "categoryColor": "#3b82f6",
        "address": "",
        "sceneTitle": "山﨑天 - Piccadilly Circus",
        "sceneNote": "description: https://www.instagram.com/p/DXCexp9D79i/?img_index=5 Note: credit to @eris.1 on threads URL: Tags: Comment:",
        "sourceLabel": "FULL of Sakurazaka46 OVERSEA Map",
        "sourceUrl": "https://www.google.com/maps/d/viewer?mid=16UuI7FsZ44eye0vxkXhEnBNu44I2NqE",
        "referenceUrl": "https://www.google.com/maps/d/viewer?mid=16UuI7FsZ44eye0vxkXhEnBNu44I2NqE",
        "tags": [
          "海外",
          "Private trip/photobook/others"
        ],
        "images": [
          "https://pub-6d7574c4452b41519ab8adf1541d7f9e.r2.dev/seichi/oversea/3AAjQbR44kANiTNIrbd0Mu-fhZt_IAU_fF_Mao39_0299279d.png"
        ],
        "members": [],
        "source": {
          "provider": "FULL of Sakurazaka46 OVERSEA Map",
          "url": "https://www.google.com/maps/d/viewer?mid=16UuI7FsZ44eye0vxkXhEnBNu44I2NqE",
          "mapId": "16UuI7FsZ44eye0vxkXhEnBNu44I2NqE",
          "layer": "Private trip/photobook/others",
          "tags": [
            "海外",
            "Private trip/photobook/others"
          ],
          "name": "山﨑天 - Piccadilly Circus"
        },
        "classification": {
          "category": "Private trip/photobook/others",
          "subcategory": "Private trip/photobook/others",
          "method": "source-layer",
          "status": "source"
        },
        "classificationCandidates": {
          "members": [],
          "projects": [],
          "contentTypes": []
        }
      }
    },
    {
      "type": "Feature",
      "geometry": {
        "type": "Point",
        "coordinates": [
          -0.12318,
          51.51193
        ]
      },
      "properties": {
        "id": "mymaps:16UuI7FsZ44eye0vxkXhEnBNu44I2NqE:1477147517512d97822d",
        "sourceKey": "mymaps:16UuI7FsZ44eye0vxkXhEnBNu44I2NqE:1477147517512d97822d",
        "name": "山﨑天 - Covent Garden",
        "category": "Private trip/photobook/others",
        "subcategory": "Private trip/photobook/others",
        "categoryColor": "#3b82f6",
        "address": "",
        "sceneTitle": "山﨑天 - Covent Garden",
        "sceneNote": "description: https://www.instagram.com/p/DPQrcdWkaXf/?img_index=1 Note: credit to @eris.1 on threads URL: Tags: Comment:",
        "sourceLabel": "FULL of Sakurazaka46 OVERSEA Map",
        "sourceUrl": "https://www.google.com/maps/d/viewer?mid=16UuI7FsZ44eye0vxkXhEnBNu44I2NqE",
        "referenceUrl": "https://www.google.com/maps/d/viewer?mid=16UuI7FsZ44eye0vxkXhEnBNu44I2NqE",
        "tags": [
          "海外",
          "Private trip/photobook/others"
        ],
        "images": [
          "https://pub-6d7574c4452b41519ab8adf1541d7f9e.r2.dev/seichi/oversea/3AAjQbR6DiotDVDJqfb9a55VWoDFJae7D07oSk18_344808dc.png"
        ],
        "members": [],
        "source": {
          "provider": "FULL of Sakurazaka46 OVERSEA Map",
          "url": "https://www.google.com/maps/d/viewer?mid=16UuI7FsZ44eye0vxkXhEnBNu44I2NqE",
          "mapId": "16UuI7FsZ44eye0vxkXhEnBNu44I2NqE",
          "layer": "Private trip/photobook/others",
          "tags": [
            "海外",
            "Private trip/photobook/others"
          ],
          "name": "山﨑天 - Covent Garden"
        },
        "classification": {
          "category": "Private trip/photobook/others",
          "subcategory": "Private trip/photobook/others",
          "method": "source-layer",
          "status": "source"
        },
        "classificationCandidates": {
          "members": [],
          "projects": [],
          "contentTypes": []
        }
      }
    },
    {
      "type": "Feature",
      "geometry": {
        "type": "Point",
        "coordinates": [
          -0.12627,
          51.51166
        ]
      },
      "properties": {
        "id": "mymaps:16UuI7FsZ44eye0vxkXhEnBNu44I2NqE:427b572d05f5ac4f6d12",
        "sourceKey": "mymaps:16UuI7FsZ44eye0vxkXhEnBNu44I2NqE:427b572d05f5ac4f6d12",
        "name": "山﨑天 - Garrick St",
        "category": "Private trip/photobook/others",
        "subcategory": "Private trip/photobook/others",
        "categoryColor": "#3b82f6",
        "address": "",
        "sceneTitle": "山﨑天 - Garrick St",
        "sceneNote": "description: https://www.instagram.com/p/DPQrcdWkaXf/?img_index=2 https://www.instagram.com/p/DPQrcdWkaXf/?img_index=5 Note: credit to @eris.1 on threads URL: Tags: Comment:",
        "sourceLabel": "FULL of Sakurazaka46 OVERSEA Map",
        "sourceUrl": "https://www.google.com/maps/d/viewer?mid=16UuI7FsZ44eye0vxkXhEnBNu44I2NqE",
        "referenceUrl": "https://www.google.com/maps/d/viewer?mid=16UuI7FsZ44eye0vxkXhEnBNu44I2NqE",
        "tags": [
          "海外",
          "Private trip/photobook/others"
        ],
        "images": [
          "https://pub-6d7574c4452b41519ab8adf1541d7f9e.r2.dev/seichi/oversea/3AAjQbR5uolci7RmpdheiEw6HrYrArl5x0JDx-Ms_8f775062.png"
        ],
        "members": [],
        "source": {
          "provider": "FULL of Sakurazaka46 OVERSEA Map",
          "url": "https://www.google.com/maps/d/viewer?mid=16UuI7FsZ44eye0vxkXhEnBNu44I2NqE",
          "mapId": "16UuI7FsZ44eye0vxkXhEnBNu44I2NqE",
          "layer": "Private trip/photobook/others",
          "tags": [
            "海外",
            "Private trip/photobook/others"
          ],
          "name": "山﨑天 - Garrick St"
        },
        "classification": {
          "category": "Private trip/photobook/others",
          "subcategory": "Private trip/photobook/others",
          "method": "source-layer",
          "status": "source"
        },
        "classificationCandidates": {
          "members": [],
          "projects": [],
          "contentTypes": []
        }
      }
    },
    {
      "type": "Feature",
      "geometry": {
        "type": "Point",
        "coordinates": [
          -0.12829,
          51.51158
        ]
      },
      "properties": {
        "id": "mymaps:16UuI7FsZ44eye0vxkXhEnBNu44I2NqE:c29e72e3c33a6908d6b2:1495a1a2c1",
        "sourceKey": "mymaps:16UuI7FsZ44eye0vxkXhEnBNu44I2NqE:c29e72e3c33a6908d6b2:1495a1a2c1",
        "name": "山﨑天 - Leicester Square",
        "category": "Private trip/photobook/others",
        "subcategory": "Private trip/photobook/others",
        "categoryColor": "#3b82f6",
        "address": "",
        "sceneTitle": "山﨑天 - Leicester Square",
        "sceneNote": "description: https://www.instagram.com/p/DPQrcdWkaXf/?img_index=3 Note: credit to @eris.1 on threads URL: Tags: Comment:",
        "sourceLabel": "FULL of Sakurazaka46 OVERSEA Map",
        "sourceUrl": "https://www.google.com/maps/d/viewer?mid=16UuI7FsZ44eye0vxkXhEnBNu44I2NqE",
        "referenceUrl": "https://www.google.com/maps/d/viewer?mid=16UuI7FsZ44eye0vxkXhEnBNu44I2NqE",
        "tags": [
          "海外",
          "Private trip/photobook/others"
        ],
        "images": [
          "https://pub-6d7574c4452b41519ab8adf1541d7f9e.r2.dev/seichi/oversea/3AAjQbR5KQcUmnVZiiaHnv0eKBJQs-DSzocfco8N_64357599.png"
        ],
        "members": [],
        "source": {
          "provider": "FULL of Sakurazaka46 OVERSEA Map",
          "url": "https://www.google.com/maps/d/viewer?mid=16UuI7FsZ44eye0vxkXhEnBNu44I2NqE",
          "mapId": "16UuI7FsZ44eye0vxkXhEnBNu44I2NqE",
          "layer": "Private trip/photobook/others",
          "tags": [
            "海外",
            "Private trip/photobook/others"
          ],
          "name": "山﨑天 - Leicester Square"
        },
        "classification": {
          "category": "Private trip/photobook/others",
          "subcategory": "Private trip/photobook/others",
          "method": "source-layer",
          "status": "source"
        },
        "classificationCandidates": {
          "members": [],
          "projects": [],
          "contentTypes": []
        }
      }
    },
    {
      "type": "Feature",
      "geometry": {
        "type": "Point",
        "coordinates": [
          -0.13513,
          51.51
        ]
      },
      "properties": {
        "id": "mymaps:16UuI7FsZ44eye0vxkXhEnBNu44I2NqE:5051b628a3ab4238c39a:3c6a92d4f3",
        "sourceKey": "mymaps:16UuI7FsZ44eye0vxkXhEnBNu44I2NqE:5051b628a3ab4238c39a:3c6a92d4f3",
        "name": "山﨑天 - Piccadilly Circus",
        "category": "Private trip/photobook/others",
        "subcategory": "Private trip/photobook/others",
        "categoryColor": "#3b82f6",
        "address": "",
        "sceneTitle": "山﨑天 - Piccadilly Circus",
        "sceneNote": "description: https://www.instagram.com/p/DPQrcdWkaXf/?img_index=4 https://www.instagram.com/p/DPQrcdWkaXf/?img_index=6 Note: credit to @eris.1 on threads URL: Tags: Comment:",
        "sourceLabel": "FULL of Sakurazaka46 OVERSEA Map",
        "sourceUrl": "https://www.google.com/maps/d/viewer?mid=16UuI7FsZ44eye0vxkXhEnBNu44I2NqE",
        "referenceUrl": "https://www.google.com/maps/d/viewer?mid=16UuI7FsZ44eye0vxkXhEnBNu44I2NqE",
        "tags": [
          "海外",
          "Private trip/photobook/others"
        ],
        "images": [
          "https://pub-6d7574c4452b41519ab8adf1541d7f9e.r2.dev/seichi/oversea/3AAjQbR7RrLqIT7omWC2K5uUc09w7aTD0USJ52zw_703377f6.png"
        ],
        "members": [],
        "source": {
          "provider": "FULL of Sakurazaka46 OVERSEA Map",
          "url": "https://www.google.com/maps/d/viewer?mid=16UuI7FsZ44eye0vxkXhEnBNu44I2NqE",
          "mapId": "16UuI7FsZ44eye0vxkXhEnBNu44I2NqE",
          "layer": "Private trip/photobook/others",
          "tags": [
            "海外",
            "Private trip/photobook/others"
          ],
          "name": "山﨑天 - Piccadilly Circus"
        },
        "classification": {
          "category": "Private trip/photobook/others",
          "subcategory": "Private trip/photobook/others",
          "method": "source-layer",
          "status": "source"
        },
        "classificationCandidates": {
          "members": [],
          "projects": [],
          "contentTypes": []
        }
      }
    },
    {
      "type": "Feature",
      "geometry": {
        "type": "Point",
        "coordinates": [
          -0.134493,
          51.510038
        ]
      },
      "properties": {
        "id": "mymaps:16UuI7FsZ44eye0vxkXhEnBNu44I2NqE:ac39e925161917a319ef",
        "sourceKey": "mymaps:16UuI7FsZ44eye0vxkXhEnBNu44I2NqE:ac39e925161917a319ef",
        "name": "山﨑天 - Piccadily Circus",
        "category": "Private trip/photobook/others",
        "subcategory": "Private trip/photobook/others",
        "categoryColor": "#3b82f6",
        "address": "",
        "sceneTitle": "山﨑天 - Piccadily Circus",
        "sceneNote": "description: credit to @eris.1 on threads Note: credit to @eris.1 on threads URL: https://youtu.be/bbWx1tkh1lI?t=51s Tags: Comment:",
        "sourceLabel": "FULL of Sakurazaka46 OVERSEA Map",
        "sourceUrl": "https://www.google.com/maps/d/viewer?mid=16UuI7FsZ44eye0vxkXhEnBNu44I2NqE",
        "referenceUrl": "https://www.google.com/maps/d/viewer?mid=16UuI7FsZ44eye0vxkXhEnBNu44I2NqE",
        "tags": [
          "海外",
          "Private trip/photobook/others"
        ],
        "images": [],
        "members": [],
        "source": {
          "provider": "FULL of Sakurazaka46 OVERSEA Map",
          "url": "https://www.google.com/maps/d/viewer?mid=16UuI7FsZ44eye0vxkXhEnBNu44I2NqE",
          "mapId": "16UuI7FsZ44eye0vxkXhEnBNu44I2NqE",
          "layer": "Private trip/photobook/others",
          "tags": [
            "海外",
            "Private trip/photobook/others"
          ],
          "name": "山﨑天 - Piccadily Circus"
        },
        "classification": {
          "category": "Private trip/photobook/others",
          "subcategory": "Private trip/photobook/others",
          "method": "source-layer",
          "status": "source"
        },
        "classificationCandidates": {
          "members": [],
          "projects": [],
          "contentTypes": []
        }
      }
    },
    {
      "type": "Feature",
      "geometry": {
        "type": "Point",
        "coordinates": [
          -0.123125,
          51.500977
        ]
      },
      "properties": {
        "id": "mymaps:16UuI7FsZ44eye0vxkXhEnBNu44I2NqE:56c59261cf19dc18b5bb",
        "sourceKey": "mymaps:16UuI7FsZ44eye0vxkXhEnBNu44I2NqE:56c59261cf19dc18b5bb",
        "name": "山﨑天 - Big Ben",
        "category": "Private trip/photobook/others",
        "subcategory": "Private trip/photobook/others",
        "categoryColor": "#3b82f6",
        "address": "",
        "sceneTitle": "山﨑天 - Big Ben",
        "sceneNote": "description: credit to @eris.1 on threads Note: credit to @eris.1 on threads URL: https://youtu.be/bbWx1tkh1lI?t=90s Tags: Comment:",
        "sourceLabel": "FULL of Sakurazaka46 OVERSEA Map",
        "sourceUrl": "https://www.google.com/maps/d/viewer?mid=16UuI7FsZ44eye0vxkXhEnBNu44I2NqE",
        "referenceUrl": "https://www.google.com/maps/d/viewer?mid=16UuI7FsZ44eye0vxkXhEnBNu44I2NqE",
        "tags": [
          "海外",
          "Private trip/photobook/others"
        ],
        "images": [],
        "members": [],
        "source": {
          "provider": "FULL of Sakurazaka46 OVERSEA Map",
          "url": "https://www.google.com/maps/d/viewer?mid=16UuI7FsZ44eye0vxkXhEnBNu44I2NqE",
          "mapId": "16UuI7FsZ44eye0vxkXhEnBNu44I2NqE",
          "layer": "Private trip/photobook/others",
          "tags": [
            "海外",
            "Private trip/photobook/others"
          ],
          "name": "山﨑天 - Big Ben"
        },
        "classification": {
          "category": "Private trip/photobook/others",
          "subcategory": "Private trip/photobook/others",
          "method": "source-layer",
          "status": "source"
        },
        "classificationCandidates": {
          "members": [],
          "projects": [],
          "contentTypes": []
        }
      }
    },
    {
      "type": "Feature",
      "geometry": {
        "type": "Point",
        "coordinates": [
          -0.13585,
          51.51004
        ]
      },
      "properties": {
        "id": "mymaps:16UuI7FsZ44eye0vxkXhEnBNu44I2NqE:8dc59e51522f3c4cc633",
        "sourceKey": "mymaps:16UuI7FsZ44eye0vxkXhEnBNu44I2NqE:8dc59e51522f3c4cc633",
        "name": "山﨑天 - Piccadily Circus",
        "category": "Private trip/photobook/others",
        "subcategory": "Private trip/photobook/others",
        "categoryColor": "#3b82f6",
        "address": "",
        "sceneTitle": "山﨑天 - Piccadily Circus",
        "sceneNote": "description: credit to @eris.1 on threads Note: credit to @eris.1 on threads URL: https://youtu.be/bbWx1tkh1lI?t=93s Tags: Comment:",
        "sourceLabel": "FULL of Sakurazaka46 OVERSEA Map",
        "sourceUrl": "https://www.google.com/maps/d/viewer?mid=16UuI7FsZ44eye0vxkXhEnBNu44I2NqE",
        "referenceUrl": "https://www.google.com/maps/d/viewer?mid=16UuI7FsZ44eye0vxkXhEnBNu44I2NqE",
        "tags": [
          "海外",
          "Private trip/photobook/others"
        ],
        "images": [],
        "members": [],
        "source": {
          "provider": "FULL of Sakurazaka46 OVERSEA Map",
          "url": "https://www.google.com/maps/d/viewer?mid=16UuI7FsZ44eye0vxkXhEnBNu44I2NqE",
          "mapId": "16UuI7FsZ44eye0vxkXhEnBNu44I2NqE",
          "layer": "Private trip/photobook/others",
          "tags": [
            "海外",
            "Private trip/photobook/others"
          ],
          "name": "山﨑天 - Piccadily Circus"
        },
        "classification": {
          "category": "Private trip/photobook/others",
          "subcategory": "Private trip/photobook/others",
          "method": "source-layer",
          "status": "source"
        },
        "classificationCandidates": {
          "members": [],
          "projects": [],
          "contentTypes": []
        }
      }
    },
    {
      "type": "Feature",
      "geometry": {
        "type": "Point",
        "coordinates": [
          -0.1222,
          51.512212
        ]
      },
      "properties": {
        "id": "mymaps:16UuI7FsZ44eye0vxkXhEnBNu44I2NqE:535f1ce6586afa6606ae",
        "sourceKey": "mymaps:16UuI7FsZ44eye0vxkXhEnBNu44I2NqE:535f1ce6586afa6606ae",
        "name": "山﨑天 - Covent Garden",
        "category": "Private trip/photobook/others",
        "subcategory": "Private trip/photobook/others",
        "categoryColor": "#3b82f6",
        "address": "",
        "sceneTitle": "山﨑天 - Covent Garden",
        "sceneNote": "description: 櫻坂チャンネル - 【Vlog】山﨑天が「LONDON FASHION WEEK 2025」に参加！ Note: credit to @eris.1 on threads URL: https://youtu.be/bbWx1tkh1lI?t=114s Tags: Comment:",
        "sourceLabel": "FULL of Sakurazaka46 OVERSEA Map",
        "sourceUrl": "https://www.google.com/maps/d/viewer?mid=16UuI7FsZ44eye0vxkXhEnBNu44I2NqE",
        "referenceUrl": "https://www.google.com/maps/d/viewer?mid=16UuI7FsZ44eye0vxkXhEnBNu44I2NqE",
        "tags": [
          "海外",
          "Private trip/photobook/others"
        ],
        "images": [],
        "members": [],
        "source": {
          "provider": "FULL of Sakurazaka46 OVERSEA Map",
          "url": "https://www.google.com/maps/d/viewer?mid=16UuI7FsZ44eye0vxkXhEnBNu44I2NqE",
          "mapId": "16UuI7FsZ44eye0vxkXhEnBNu44I2NqE",
          "layer": "Private trip/photobook/others",
          "tags": [
            "海外",
            "Private trip/photobook/others"
          ],
          "name": "山﨑天 - Covent Garden"
        },
        "classification": {
          "category": "Private trip/photobook/others",
          "subcategory": "Private trip/photobook/others",
          "method": "source-layer",
          "status": "source"
        },
        "classificationCandidates": {
          "members": [],
          "projects": [],
          "contentTypes": []
        }
      }
    },
    {
      "type": "Feature",
      "geometry": {
        "type": "Point",
        "coordinates": [
          -0.12302,
          51.51187
        ]
      },
      "properties": {
        "id": "mymaps:16UuI7FsZ44eye0vxkXhEnBNu44I2NqE:e08c230ec2933c7ac0ba",
        "sourceKey": "mymaps:16UuI7FsZ44eye0vxkXhEnBNu44I2NqE:e08c230ec2933c7ac0ba",
        "name": "山﨑天 - Covent Garden",
        "category": "Private trip/photobook/others",
        "subcategory": "Private trip/photobook/others",
        "categoryColor": "#3b82f6",
        "address": "",
        "sceneTitle": "山﨑天 - Covent Garden",
        "sceneNote": "description: 櫻坂チャンネル - 【Vlog】山﨑天が「LONDON FASHION WEEK 2025」に参加！ Note: credit to @eris.1 on threads URL: https://youtu.be/bbWx1tkh1lI?t=118s Tags: Comment:",
        "sourceLabel": "FULL of Sakurazaka46 OVERSEA Map",
        "sourceUrl": "https://www.google.com/maps/d/viewer?mid=16UuI7FsZ44eye0vxkXhEnBNu44I2NqE",
        "referenceUrl": "https://www.google.com/maps/d/viewer?mid=16UuI7FsZ44eye0vxkXhEnBNu44I2NqE",
        "tags": [
          "海外",
          "Private trip/photobook/others"
        ],
        "images": [],
        "members": [],
        "source": {
          "provider": "FULL of Sakurazaka46 OVERSEA Map",
          "url": "https://www.google.com/maps/d/viewer?mid=16UuI7FsZ44eye0vxkXhEnBNu44I2NqE",
          "mapId": "16UuI7FsZ44eye0vxkXhEnBNu44I2NqE",
          "layer": "Private trip/photobook/others",
          "tags": [
            "海外",
            "Private trip/photobook/others"
          ],
          "name": "山﨑天 - Covent Garden"
        },
        "classification": {
          "category": "Private trip/photobook/others",
          "subcategory": "Private trip/photobook/others",
          "method": "source-layer",
          "status": "source"
        },
        "classificationCandidates": {
          "members": [],
          "projects": [],
          "contentTypes": []
        }
      }
    },
    {
      "type": "Feature",
      "geometry": {
        "type": "Point",
        "coordinates": [
          -0.1232,
          51.51192
        ]
      },
      "properties": {
        "id": "mymaps:16UuI7FsZ44eye0vxkXhEnBNu44I2NqE:c81f934839b593877926",
        "sourceKey": "mymaps:16UuI7FsZ44eye0vxkXhEnBNu44I2NqE:c81f934839b593877926",
        "name": "山﨑天 - Covent Garden",
        "category": "Private trip/photobook/others",
        "subcategory": "Private trip/photobook/others",
        "categoryColor": "#3b82f6",
        "address": "",
        "sceneTitle": "山﨑天 - Covent Garden",
        "sceneNote": "description: 櫻坂チャンネル - 【Vlog】山﨑天が「LONDON FASHION WEEK 2025」に参加！ Note: credit to @eris.1 on threads URL: https://youtu.be/bbWx1tkh1lI?t=134s Tags: Comment:",
        "sourceLabel": "FULL of Sakurazaka46 OVERSEA Map",
        "sourceUrl": "https://www.google.com/maps/d/viewer?mid=16UuI7FsZ44eye0vxkXhEnBNu44I2NqE",
        "referenceUrl": "https://www.google.com/maps/d/viewer?mid=16UuI7FsZ44eye0vxkXhEnBNu44I2NqE",
        "tags": [
          "海外",
          "Private trip/photobook/others"
        ],
        "images": [],
        "members": [],
        "source": {
          "provider": "FULL of Sakurazaka46 OVERSEA Map",
          "url": "https://www.google.com/maps/d/viewer?mid=16UuI7FsZ44eye0vxkXhEnBNu44I2NqE",
          "mapId": "16UuI7FsZ44eye0vxkXhEnBNu44I2NqE",
          "layer": "Private trip/photobook/others",
          "tags": [
            "海外",
            "Private trip/photobook/others"
          ],
          "name": "山﨑天 - Covent Garden"
        },
        "classification": {
          "category": "Private trip/photobook/others",
          "subcategory": "Private trip/photobook/others",
          "method": "source-layer",
          "status": "source"
        },
        "classificationCandidates": {
          "members": [],
          "projects": [],
          "contentTypes": []
        }
      }
    },
    {
      "type": "Feature",
      "geometry": {
        "type": "Point",
        "coordinates": [
          -0.123026,
          51.511444
        ]
      },
      "properties": {
        "id": "mymaps:16UuI7FsZ44eye0vxkXhEnBNu44I2NqE:29f1cb93705f346cb530",
        "sourceKey": "mymaps:16UuI7FsZ44eye0vxkXhEnBNu44I2NqE:29f1cb93705f346cb530",
        "name": "山﨑天 - Covent Garden",
        "category": "Private trip/photobook/others",
        "subcategory": "Private trip/photobook/others",
        "categoryColor": "#3b82f6",
        "address": "",
        "sceneTitle": "山﨑天 - Covent Garden",
        "sceneNote": "description: 櫻坂チャンネル - 【Vlog】山﨑天が「LONDON FASHION WEEK 2025」に参加！ Note: credit to @eris.1 on threads URL: https://youtu.be/bbWx1tkh1lI?t=171s Tags: Comment:",
        "sourceLabel": "FULL of Sakurazaka46 OVERSEA Map",
        "sourceUrl": "https://www.google.com/maps/d/viewer?mid=16UuI7FsZ44eye0vxkXhEnBNu44I2NqE",
        "referenceUrl": "https://www.google.com/maps/d/viewer?mid=16UuI7FsZ44eye0vxkXhEnBNu44I2NqE",
        "tags": [
          "海外",
          "Private trip/photobook/others"
        ],
        "images": [],
        "members": [],
        "source": {
          "provider": "FULL of Sakurazaka46 OVERSEA Map",
          "url": "https://www.google.com/maps/d/viewer?mid=16UuI7FsZ44eye0vxkXhEnBNu44I2NqE",
          "mapId": "16UuI7FsZ44eye0vxkXhEnBNu44I2NqE",
          "layer": "Private trip/photobook/others",
          "tags": [
            "海外",
            "Private trip/photobook/others"
          ],
          "name": "山﨑天 - Covent Garden"
        },
        "classification": {
          "category": "Private trip/photobook/others",
          "subcategory": "Private trip/photobook/others",
          "method": "source-layer",
          "status": "source"
        },
        "classificationCandidates": {
          "members": [],
          "projects": [],
          "contentTypes": []
        }
      }
    },
    {
      "type": "Feature",
      "geometry": {
        "type": "Point",
        "coordinates": [
          -0.12829,
          51.51158
        ]
      },
      "properties": {
        "id": "mymaps:16UuI7FsZ44eye0vxkXhEnBNu44I2NqE:c29e72e3c33a6908d6b2:a8ff7f7c2f",
        "sourceKey": "mymaps:16UuI7FsZ44eye0vxkXhEnBNu44I2NqE:c29e72e3c33a6908d6b2:a8ff7f7c2f",
        "name": "山﨑天 - Leicester Square",
        "category": "Private trip/photobook/others",
        "subcategory": "Private trip/photobook/others",
        "categoryColor": "#3b82f6",
        "address": "",
        "sceneTitle": "山﨑天 - Leicester Square",
        "sceneNote": "description: 櫻坂チャンネル - 【Vlog】山﨑天が「LONDON FASHION WEEK 2025」に参加！ Note: credit to @eris.1 on threads URL: https://youtu.be/bbWx1tkh1lI?t=181s Tags: Comment:",
        "sourceLabel": "FULL of Sakurazaka46 OVERSEA Map",
        "sourceUrl": "https://www.google.com/maps/d/viewer?mid=16UuI7FsZ44eye0vxkXhEnBNu44I2NqE",
        "referenceUrl": "https://www.google.com/maps/d/viewer?mid=16UuI7FsZ44eye0vxkXhEnBNu44I2NqE",
        "tags": [
          "海外",
          "Private trip/photobook/others"
        ],
        "images": [],
        "members": [],
        "source": {
          "provider": "FULL of Sakurazaka46 OVERSEA Map",
          "url": "https://www.google.com/maps/d/viewer?mid=16UuI7FsZ44eye0vxkXhEnBNu44I2NqE",
          "mapId": "16UuI7FsZ44eye0vxkXhEnBNu44I2NqE",
          "layer": "Private trip/photobook/others",
          "tags": [
            "海外",
            "Private trip/photobook/others"
          ],
          "name": "山﨑天 - Leicester Square"
        },
        "classification": {
          "category": "Private trip/photobook/others",
          "subcategory": "Private trip/photobook/others",
          "method": "source-layer",
          "status": "source"
        },
        "classificationCandidates": {
          "members": [],
          "projects": [],
          "contentTypes": []
        }
      }
    },
    {
      "type": "Feature",
      "geometry": {
        "type": "Point",
        "coordinates": [
          -0.135167,
          51.509999
        ]
      },
      "properties": {
        "id": "mymaps:16UuI7FsZ44eye0vxkXhEnBNu44I2NqE:ffdcd1c3dabbd62f6daf",
        "sourceKey": "mymaps:16UuI7FsZ44eye0vxkXhEnBNu44I2NqE:ffdcd1c3dabbd62f6daf",
        "name": "山﨑天 - Piccadilly Circus",
        "category": "Private trip/photobook/others",
        "subcategory": "Private trip/photobook/others",
        "categoryColor": "#3b82f6",
        "address": "",
        "sceneTitle": "山﨑天 - Piccadilly Circus",
        "sceneNote": "description: 櫻坂チャンネル - 【Vlog】山﨑天が「LONDON FASHION WEEK 2025」に参加！ Note: credit to @eris.1 on threads URL: https://youtu.be/bbWx1tkh1lI?t=188s Tags: Comment:",
        "sourceLabel": "FULL of Sakurazaka46 OVERSEA Map",
        "sourceUrl": "https://www.google.com/maps/d/viewer?mid=16UuI7FsZ44eye0vxkXhEnBNu44I2NqE",
        "referenceUrl": "https://www.google.com/maps/d/viewer?mid=16UuI7FsZ44eye0vxkXhEnBNu44I2NqE",
        "tags": [
          "海外",
          "Private trip/photobook/others"
        ],
        "images": [],
        "members": [],
        "source": {
          "provider": "FULL of Sakurazaka46 OVERSEA Map",
          "url": "https://www.google.com/maps/d/viewer?mid=16UuI7FsZ44eye0vxkXhEnBNu44I2NqE",
          "mapId": "16UuI7FsZ44eye0vxkXhEnBNu44I2NqE",
          "layer": "Private trip/photobook/others",
          "tags": [
            "海外",
            "Private trip/photobook/others"
          ],
          "name": "山﨑天 - Piccadilly Circus"
        },
        "classification": {
          "category": "Private trip/photobook/others",
          "subcategory": "Private trip/photobook/others",
          "method": "source-layer",
          "status": "source"
        },
        "classificationCandidates": {
          "members": [],
          "projects": [],
          "contentTypes": []
        }
      }
    },
    {
      "type": "Feature",
      "geometry": {
        "type": "Point",
        "coordinates": [
          -0.135674,
          51.509895
        ]
      },
      "properties": {
        "id": "mymaps:16UuI7FsZ44eye0vxkXhEnBNu44I2NqE:cef11aba0c8373ca0e32",
        "sourceKey": "mymaps:16UuI7FsZ44eye0vxkXhEnBNu44I2NqE:cef11aba0c8373ca0e32",
        "name": "山﨑天 - Piccadilly Circus",
        "category": "Private trip/photobook/others",
        "subcategory": "Private trip/photobook/others",
        "categoryColor": "#3b82f6",
        "address": "",
        "sceneTitle": "山﨑天 - Piccadilly Circus",
        "sceneNote": "description: 櫻坂チャンネル - 【Vlog】山﨑天が「LONDON FASHION WEEK 2025」に参加！ Note: credit to @eris.1 on threads URL: https://youtu.be/bbWx1tkh1lI?t=193s Tags: Comment:",
        "sourceLabel": "FULL of Sakurazaka46 OVERSEA Map",
        "sourceUrl": "https://www.google.com/maps/d/viewer?mid=16UuI7FsZ44eye0vxkXhEnBNu44I2NqE",
        "referenceUrl": "https://www.google.com/maps/d/viewer?mid=16UuI7FsZ44eye0vxkXhEnBNu44I2NqE",
        "tags": [
          "海外",
          "Private trip/photobook/others"
        ],
        "images": [],
        "members": [],
        "source": {
          "provider": "FULL of Sakurazaka46 OVERSEA Map",
          "url": "https://www.google.com/maps/d/viewer?mid=16UuI7FsZ44eye0vxkXhEnBNu44I2NqE",
          "mapId": "16UuI7FsZ44eye0vxkXhEnBNu44I2NqE",
          "layer": "Private trip/photobook/others",
          "tags": [
            "海外",
            "Private trip/photobook/others"
          ],
          "name": "山﨑天 - Piccadilly Circus"
        },
        "classification": {
          "category": "Private trip/photobook/others",
          "subcategory": "Private trip/photobook/others",
          "method": "source-layer",
          "status": "source"
        },
        "classificationCandidates": {
          "members": [],
          "projects": [],
          "contentTypes": []
        }
      }
    },
    {
      "type": "Feature",
      "geometry": {
        "type": "Point",
        "coordinates": [
          -0.131688,
          51.511062
        ]
      },
      "properties": {
        "id": "mymaps:16UuI7FsZ44eye0vxkXhEnBNu44I2NqE:c7603183722c12b57da8",
        "sourceKey": "mymaps:16UuI7FsZ44eye0vxkXhEnBNu44I2NqE:c7603183722c12b57da8",
        "name": "山﨑天 - Burger & Lobster",
        "category": "Private trip/photobook/others",
        "subcategory": "Private trip/photobook/others",
        "categoryColor": "#3b82f6",
        "address": "",
        "sceneTitle": "山﨑天 - Burger & Lobster",
        "sceneNote": "description: 櫻坂チャンネル - 【Vlog】山﨑天が「LONDON FASHION WEEK 2025」に参加！ Note: credit to @eris.1 on threads URL: https://youtu.be/bbWx1tkh1lI?t=227s Tags: Comment:",
        "sourceLabel": "FULL of Sakurazaka46 OVERSEA Map",
        "sourceUrl": "https://www.google.com/maps/d/viewer?mid=16UuI7FsZ44eye0vxkXhEnBNu44I2NqE",
        "referenceUrl": "https://www.google.com/maps/d/viewer?mid=16UuI7FsZ44eye0vxkXhEnBNu44I2NqE",
        "tags": [
          "海外",
          "Private trip/photobook/others"
        ],
        "images": [],
        "members": [],
        "source": {
          "provider": "FULL of Sakurazaka46 OVERSEA Map",
          "url": "https://www.google.com/maps/d/viewer?mid=16UuI7FsZ44eye0vxkXhEnBNu44I2NqE",
          "mapId": "16UuI7FsZ44eye0vxkXhEnBNu44I2NqE",
          "layer": "Private trip/photobook/others",
          "tags": [
            "海外",
            "Private trip/photobook/others"
          ],
          "name": "山﨑天 - Burger & Lobster"
        },
        "classification": {
          "category": "Private trip/photobook/others",
          "subcategory": "Private trip/photobook/others",
          "method": "source-layer",
          "status": "source"
        },
        "classificationCandidates": {
          "members": [],
          "projects": [],
          "contentTypes": []
        }
      }
    },
    {
      "type": "Feature",
      "geometry": {
        "type": "Point",
        "coordinates": [
          -0.17383,
          51.49611
        ]
      },
      "properties": {
        "id": "mymaps:16UuI7FsZ44eye0vxkXhEnBNu44I2NqE:05d59e01aba6293dbb3f",
        "sourceKey": "mymaps:16UuI7FsZ44eye0vxkXhEnBNu44I2NqE:05d59e01aba6293dbb3f",
        "name": "山﨑天 - Natural History Museum",
        "category": "Private trip/photobook/others",
        "subcategory": "Private trip/photobook/others",
        "categoryColor": "#3b82f6",
        "address": "",
        "sceneTitle": "山﨑天 - Natural History Museum",
        "sceneNote": "description: 櫻坂チャンネル - 【Vlog】山﨑天が「LONDON FASHION WEEK 2025」に参加！ Note: credit to @eris.1 on threads URL: https://youtu.be/bbWx1tkh1lI?t=291s Tags: Comment:",
        "sourceLabel": "FULL of Sakurazaka46 OVERSEA Map",
        "sourceUrl": "https://www.google.com/maps/d/viewer?mid=16UuI7FsZ44eye0vxkXhEnBNu44I2NqE",
        "referenceUrl": "https://www.google.com/maps/d/viewer?mid=16UuI7FsZ44eye0vxkXhEnBNu44I2NqE",
        "tags": [
          "海外",
          "Private trip/photobook/others"
        ],
        "images": [],
        "members": [],
        "source": {
          "provider": "FULL of Sakurazaka46 OVERSEA Map",
          "url": "https://www.google.com/maps/d/viewer?mid=16UuI7FsZ44eye0vxkXhEnBNu44I2NqE",
          "mapId": "16UuI7FsZ44eye0vxkXhEnBNu44I2NqE",
          "layer": "Private trip/photobook/others",
          "tags": [
            "海外",
            "Private trip/photobook/others"
          ],
          "name": "山﨑天 - Natural History Museum"
        },
        "classification": {
          "category": "Private trip/photobook/others",
          "subcategory": "Private trip/photobook/others",
          "method": "source-layer",
          "status": "source"
        },
        "classificationCandidates": {
          "members": [],
          "projects": [],
          "contentTypes": []
        }
      }
    },
    {
      "type": "Feature",
      "geometry": {
        "type": "Point",
        "coordinates": [
          -0.173615,
          51.49667
        ]
      },
      "properties": {
        "id": "mymaps:16UuI7FsZ44eye0vxkXhEnBNu44I2NqE:a84fc0b5f29f36977283",
        "sourceKey": "mymaps:16UuI7FsZ44eye0vxkXhEnBNu44I2NqE:a84fc0b5f29f36977283",
        "name": "山﨑天 - V&A Museum",
        "category": "Private trip/photobook/others",
        "subcategory": "Private trip/photobook/others",
        "categoryColor": "#3b82f6",
        "address": "",
        "sceneTitle": "山﨑天 - V&A Museum",
        "sceneNote": "description: 櫻坂チャンネル - 【Vlog】山﨑天が「LONDON FASHION WEEK 2025」に参加！ Note: credit to @eris.1 on threads URL: https://youtu.be/bbWx1tkh1lI?t=304s Tags: Comment:",
        "sourceLabel": "FULL of Sakurazaka46 OVERSEA Map",
        "sourceUrl": "https://www.google.com/maps/d/viewer?mid=16UuI7FsZ44eye0vxkXhEnBNu44I2NqE",
        "referenceUrl": "https://www.google.com/maps/d/viewer?mid=16UuI7FsZ44eye0vxkXhEnBNu44I2NqE",
        "tags": [
          "海外",
          "Private trip/photobook/others"
        ],
        "images": [],
        "members": [],
        "source": {
          "provider": "FULL of Sakurazaka46 OVERSEA Map",
          "url": "https://www.google.com/maps/d/viewer?mid=16UuI7FsZ44eye0vxkXhEnBNu44I2NqE",
          "mapId": "16UuI7FsZ44eye0vxkXhEnBNu44I2NqE",
          "layer": "Private trip/photobook/others",
          "tags": [
            "海外",
            "Private trip/photobook/others"
          ],
          "name": "山﨑天 - V&A Museum"
        },
        "classification": {
          "category": "Private trip/photobook/others",
          "subcategory": "Private trip/photobook/others",
          "method": "source-layer",
          "status": "source"
        },
        "classificationCandidates": {
          "members": [],
          "projects": [],
          "contentTypes": []
        }
      }
    },
    {
      "type": "Feature",
      "geometry": {
        "type": "Point",
        "coordinates": [
          -0.173346,
          51.496812
        ]
      },
      "properties": {
        "id": "mymaps:16UuI7FsZ44eye0vxkXhEnBNu44I2NqE:601a701c5fe67b9dc1dc",
        "sourceKey": "mymaps:16UuI7FsZ44eye0vxkXhEnBNu44I2NqE:601a701c5fe67b9dc1dc",
        "name": "山﨑天 - Exhibition Road Courtyard",
        "category": "Private trip/photobook/others",
        "subcategory": "Private trip/photobook/others",
        "categoryColor": "#3b82f6",
        "address": "",
        "sceneTitle": "山﨑天 - Exhibition Road Courtyard",
        "sceneNote": "description: 櫻坂チャンネル - 【Vlog】山﨑天が「LONDON FASHION WEEK 2025」に参加！ Note: credit to @eris.1 on threads URL: https://youtu.be/bbWx1tkh1lI?t=309s Tags: Comment:",
        "sourceLabel": "FULL of Sakurazaka46 OVERSEA Map",
        "sourceUrl": "https://www.google.com/maps/d/viewer?mid=16UuI7FsZ44eye0vxkXhEnBNu44I2NqE",
        "referenceUrl": "https://www.google.com/maps/d/viewer?mid=16UuI7FsZ44eye0vxkXhEnBNu44I2NqE",
        "tags": [
          "海外",
          "Private trip/photobook/others"
        ],
        "images": [],
        "members": [],
        "source": {
          "provider": "FULL of Sakurazaka46 OVERSEA Map",
          "url": "https://www.google.com/maps/d/viewer?mid=16UuI7FsZ44eye0vxkXhEnBNu44I2NqE",
          "mapId": "16UuI7FsZ44eye0vxkXhEnBNu44I2NqE",
          "layer": "Private trip/photobook/others",
          "tags": [
            "海外",
            "Private trip/photobook/others"
          ],
          "name": "山﨑天 - Exhibition Road Courtyard"
        },
        "classification": {
          "category": "Private trip/photobook/others",
          "subcategory": "Private trip/photobook/others",
          "method": "source-layer",
          "status": "source"
        },
        "classificationCandidates": {
          "members": [],
          "projects": [],
          "contentTypes": []
        }
      }
    },
    {
      "type": "Feature",
      "geometry": {
        "type": "Point",
        "coordinates": [
          -0.173239,
          51.496746
        ]
      },
      "properties": {
        "id": "mymaps:16UuI7FsZ44eye0vxkXhEnBNu44I2NqE:a07bfb65ade7fe52bfa6",
        "sourceKey": "mymaps:16UuI7FsZ44eye0vxkXhEnBNu44I2NqE:a07bfb65ade7fe52bfa6",
        "name": "山﨑天 - Exhibition Road Courtyard",
        "category": "Private trip/photobook/others",
        "subcategory": "Private trip/photobook/others",
        "categoryColor": "#3b82f6",
        "address": "",
        "sceneTitle": "山﨑天 - Exhibition Road Courtyard",
        "sceneNote": "description: 櫻坂チャンネル - 【Vlog】山﨑天が「LONDON FASHION WEEK 2025」に参加！ Note: credit to @eris.1 on threads URL: https://youtu.be/bbWx1tkh1lI?t=326s Tags: Comment:",
        "sourceLabel": "FULL of Sakurazaka46 OVERSEA Map",
        "sourceUrl": "https://www.google.com/maps/d/viewer?mid=16UuI7FsZ44eye0vxkXhEnBNu44I2NqE",
        "referenceUrl": "https://www.google.com/maps/d/viewer?mid=16UuI7FsZ44eye0vxkXhEnBNu44I2NqE",
        "tags": [
          "海外",
          "Private trip/photobook/others"
        ],
        "images": [],
        "members": [],
        "source": {
          "provider": "FULL of Sakurazaka46 OVERSEA Map",
          "url": "https://www.google.com/maps/d/viewer?mid=16UuI7FsZ44eye0vxkXhEnBNu44I2NqE",
          "mapId": "16UuI7FsZ44eye0vxkXhEnBNu44I2NqE",
          "layer": "Private trip/photobook/others",
          "tags": [
            "海外",
            "Private trip/photobook/others"
          ],
          "name": "山﨑天 - Exhibition Road Courtyard"
        },
        "classification": {
          "category": "Private trip/photobook/others",
          "subcategory": "Private trip/photobook/others",
          "method": "source-layer",
          "status": "source"
        },
        "classificationCandidates": {
          "members": [],
          "projects": [],
          "contentTypes": []
        }
      }
    },
    {
      "type": "Feature",
      "geometry": {
        "type": "Point",
        "coordinates": [
          -0.15675,
          51.503659
        ]
      },
      "properties": {
        "id": "mymaps:16UuI7FsZ44eye0vxkXhEnBNu44I2NqE:eeb3df4147d966717b2a",
        "sourceKey": "mymaps:16UuI7FsZ44eye0vxkXhEnBNu44I2NqE:eeb3df4147d966717b2a",
        "name": "山﨑天 - Hyde Park",
        "category": "Private trip/photobook/others",
        "subcategory": "Private trip/photobook/others",
        "categoryColor": "#3b82f6",
        "address": "",
        "sceneTitle": "山﨑天 - Hyde Park",
        "sceneNote": "description: 櫻坂チャンネル - 【Vlog】山﨑天が「LONDON FASHION WEEK 2025」に参加！ Note: credit to @eris.1 on threads URL: https://youtu.be/bbWx1tkh1lI?t=373s Tags: Comment:",
        "sourceLabel": "FULL of Sakurazaka46 OVERSEA Map",
        "sourceUrl": "https://www.google.com/maps/d/viewer?mid=16UuI7FsZ44eye0vxkXhEnBNu44I2NqE",
        "referenceUrl": "https://www.google.com/maps/d/viewer?mid=16UuI7FsZ44eye0vxkXhEnBNu44I2NqE",
        "tags": [
          "海外",
          "Private trip/photobook/others"
        ],
        "images": [],
        "members": [],
        "source": {
          "provider": "FULL of Sakurazaka46 OVERSEA Map",
          "url": "https://www.google.com/maps/d/viewer?mid=16UuI7FsZ44eye0vxkXhEnBNu44I2NqE",
          "mapId": "16UuI7FsZ44eye0vxkXhEnBNu44I2NqE",
          "layer": "Private trip/photobook/others",
          "tags": [
            "海外",
            "Private trip/photobook/others"
          ],
          "name": "山﨑天 - Hyde Park"
        },
        "classification": {
          "category": "Private trip/photobook/others",
          "subcategory": "Private trip/photobook/others",
          "method": "source-layer",
          "status": "source"
        },
        "classificationCandidates": {
          "members": [],
          "projects": [],
          "contentTypes": []
        }
      }
    },
    {
      "type": "Feature",
      "geometry": {
        "type": "Point",
        "coordinates": [
          -0.154927,
          51.503784
        ]
      },
      "properties": {
        "id": "mymaps:16UuI7FsZ44eye0vxkXhEnBNu44I2NqE:da920b7fd732e75d8657",
        "sourceKey": "mymaps:16UuI7FsZ44eye0vxkXhEnBNu44I2NqE:da920b7fd732e75d8657",
        "name": "山﨑天 - Hyde Park",
        "category": "Private trip/photobook/others",
        "subcategory": "Private trip/photobook/others",
        "categoryColor": "#3b82f6",
        "address": "",
        "sceneTitle": "山﨑天 - Hyde Park",
        "sceneNote": "description: 櫻坂チャンネル - 【Vlog】山﨑天が「LONDON FASHION WEEK 2025」に参加！ Note: credit to @eris.1 on threads URL: https://youtu.be/bbWx1tkh1lI?t=368s Tags: Comment:",
        "sourceLabel": "FULL of Sakurazaka46 OVERSEA Map",
        "sourceUrl": "https://www.google.com/maps/d/viewer?mid=16UuI7FsZ44eye0vxkXhEnBNu44I2NqE",
        "referenceUrl": "https://www.google.com/maps/d/viewer?mid=16UuI7FsZ44eye0vxkXhEnBNu44I2NqE",
        "tags": [
          "海外",
          "Private trip/photobook/others"
        ],
        "images": [],
        "members": [],
        "source": {
          "provider": "FULL of Sakurazaka46 OVERSEA Map",
          "url": "https://www.google.com/maps/d/viewer?mid=16UuI7FsZ44eye0vxkXhEnBNu44I2NqE",
          "mapId": "16UuI7FsZ44eye0vxkXhEnBNu44I2NqE",
          "layer": "Private trip/photobook/others",
          "tags": [
            "海外",
            "Private trip/photobook/others"
          ],
          "name": "山﨑天 - Hyde Park"
        },
        "classification": {
          "category": "Private trip/photobook/others",
          "subcategory": "Private trip/photobook/others",
          "method": "source-layer",
          "status": "source"
        },
        "classificationCandidates": {
          "members": [],
          "projects": [],
          "contentTypes": []
        }
      }
    },
    {
      "type": "Feature",
      "geometry": {
        "type": "Point",
        "coordinates": [
          -0.156991,
          51.504087
        ]
      },
      "properties": {
        "id": "mymaps:16UuI7FsZ44eye0vxkXhEnBNu44I2NqE:bf58e1bf5bdab5a53d10",
        "sourceKey": "mymaps:16UuI7FsZ44eye0vxkXhEnBNu44I2NqE:bf58e1bf5bdab5a53d10",
        "name": "山﨑天 - Hyde Park",
        "category": "Private trip/photobook/others",
        "subcategory": "Private trip/photobook/others",
        "categoryColor": "#3b82f6",
        "address": "",
        "sceneTitle": "山﨑天 - Hyde Park",
        "sceneNote": "description: 櫻坂チャンネル - 【Vlog】山﨑天が「LONDON FASHION WEEK 2025」に参加！ Note: credit to @eris.1 on threads URL: https://youtu.be/bbWx1tkh1lI?t=394s Tags: Comment:",
        "sourceLabel": "FULL of Sakurazaka46 OVERSEA Map",
        "sourceUrl": "https://www.google.com/maps/d/viewer?mid=16UuI7FsZ44eye0vxkXhEnBNu44I2NqE",
        "referenceUrl": "https://www.google.com/maps/d/viewer?mid=16UuI7FsZ44eye0vxkXhEnBNu44I2NqE",
        "tags": [
          "海外",
          "Private trip/photobook/others"
        ],
        "images": [],
        "members": [],
        "source": {
          "provider": "FULL of Sakurazaka46 OVERSEA Map",
          "url": "https://www.google.com/maps/d/viewer?mid=16UuI7FsZ44eye0vxkXhEnBNu44I2NqE",
          "mapId": "16UuI7FsZ44eye0vxkXhEnBNu44I2NqE",
          "layer": "Private trip/photobook/others",
          "tags": [
            "海外",
            "Private trip/photobook/others"
          ],
          "name": "山﨑天 - Hyde Park"
        },
        "classification": {
          "category": "Private trip/photobook/others",
          "subcategory": "Private trip/photobook/others",
          "method": "source-layer",
          "status": "source"
        },
        "classificationCandidates": {
          "members": [],
          "projects": [],
          "contentTypes": []
        }
      }
    },
    {
      "type": "Feature",
      "geometry": {
        "type": "Point",
        "coordinates": [
          -0.160052,
          51.504439
        ]
      },
      "properties": {
        "id": "mymaps:16UuI7FsZ44eye0vxkXhEnBNu44I2NqE:7b6a9d6032f0a666c239",
        "sourceKey": "mymaps:16UuI7FsZ44eye0vxkXhEnBNu44I2NqE:7b6a9d6032f0a666c239",
        "name": "山﨑天 - Hyde Park",
        "category": "Private trip/photobook/others",
        "subcategory": "Private trip/photobook/others",
        "categoryColor": "#3b82f6",
        "address": "",
        "sceneTitle": "山﨑天 - Hyde Park",
        "sceneNote": "description: 櫻坂チャンネル - 【Vlog】山﨑天が「LONDON FASHION WEEK 2025」に参加！ Note: credit to @eris.1 on threads URL: https://youtu.be/bbWx1tkh1lI?t=448s Tags: Comment:",
        "sourceLabel": "FULL of Sakurazaka46 OVERSEA Map",
        "sourceUrl": "https://www.google.com/maps/d/viewer?mid=16UuI7FsZ44eye0vxkXhEnBNu44I2NqE",
        "referenceUrl": "https://www.google.com/maps/d/viewer?mid=16UuI7FsZ44eye0vxkXhEnBNu44I2NqE",
        "tags": [
          "海外",
          "Private trip/photobook/others"
        ],
        "images": [],
        "members": [],
        "source": {
          "provider": "FULL of Sakurazaka46 OVERSEA Map",
          "url": "https://www.google.com/maps/d/viewer?mid=16UuI7FsZ44eye0vxkXhEnBNu44I2NqE",
          "mapId": "16UuI7FsZ44eye0vxkXhEnBNu44I2NqE",
          "layer": "Private trip/photobook/others",
          "tags": [
            "海外",
            "Private trip/photobook/others"
          ],
          "name": "山﨑天 - Hyde Park"
        },
        "classification": {
          "category": "Private trip/photobook/others",
          "subcategory": "Private trip/photobook/others",
          "method": "source-layer",
          "status": "source"
        },
        "classificationCandidates": {
          "members": [],
          "projects": [],
          "contentTypes": []
        }
      }
    },
    {
      "type": "Feature",
      "geometry": {
        "type": "Point",
        "coordinates": [
          -0.157666,
          51.50436
        ]
      },
      "properties": {
        "id": "mymaps:16UuI7FsZ44eye0vxkXhEnBNu44I2NqE:fb92a2994e429b94338a",
        "sourceKey": "mymaps:16UuI7FsZ44eye0vxkXhEnBNu44I2NqE:fb92a2994e429b94338a",
        "name": "山﨑天 - Hyde Park",
        "category": "Private trip/photobook/others",
        "subcategory": "Private trip/photobook/others",
        "categoryColor": "#3b82f6",
        "address": "",
        "sceneTitle": "山﨑天 - Hyde Park",
        "sceneNote": "description: 櫻坂チャンネル - 【Vlog】山﨑天が「LONDON FASHION WEEK 2025」に参加！ Note: credit to @eris.1 on threads URL: https://youtu.be/bbWx1tkh1lI?t=402s Tags: Comment:",
        "sourceLabel": "FULL of Sakurazaka46 OVERSEA Map",
        "sourceUrl": "https://www.google.com/maps/d/viewer?mid=16UuI7FsZ44eye0vxkXhEnBNu44I2NqE",
        "referenceUrl": "https://www.google.com/maps/d/viewer?mid=16UuI7FsZ44eye0vxkXhEnBNu44I2NqE",
        "tags": [
          "海外",
          "Private trip/photobook/others"
        ],
        "images": [],
        "members": [],
        "source": {
          "provider": "FULL of Sakurazaka46 OVERSEA Map",
          "url": "https://www.google.com/maps/d/viewer?mid=16UuI7FsZ44eye0vxkXhEnBNu44I2NqE",
          "mapId": "16UuI7FsZ44eye0vxkXhEnBNu44I2NqE",
          "layer": "Private trip/photobook/others",
          "tags": [
            "海外",
            "Private trip/photobook/others"
          ],
          "name": "山﨑天 - Hyde Park"
        },
        "classification": {
          "category": "Private trip/photobook/others",
          "subcategory": "Private trip/photobook/others",
          "method": "source-layer",
          "status": "source"
        },
        "classificationCandidates": {
          "members": [],
          "projects": [],
          "contentTypes": []
        }
      }
    },
    {
      "type": "Feature",
      "geometry": {
        "type": "Point",
        "coordinates": [
          -0.120739,
          51.512179
        ]
      },
      "properties": {
        "id": "mymaps:16UuI7FsZ44eye0vxkXhEnBNu44I2NqE:ccfbe63d3b19538eeda9",
        "sourceKey": "mymaps:16UuI7FsZ44eye0vxkXhEnBNu44I2NqE:ccfbe63d3b19538eeda9",
        "name": "山﨑天 - Aldwych",
        "category": "Private trip/photobook/others",
        "subcategory": "Private trip/photobook/others",
        "categoryColor": "#3b82f6",
        "address": "",
        "sceneTitle": "山﨑天 - Aldwych",
        "sceneNote": "description: 櫻坂チャンネル - 【Vlog】山﨑天が「LONDON FASHION WEEK 2025」に参加！ Note: credit to @eris.1 on threads URL: https://youtu.be/bbWx1tkh1lI?t=482s Tags: Comment:",
        "sourceLabel": "FULL of Sakurazaka46 OVERSEA Map",
        "sourceUrl": "https://www.google.com/maps/d/viewer?mid=16UuI7FsZ44eye0vxkXhEnBNu44I2NqE",
        "referenceUrl": "https://www.google.com/maps/d/viewer?mid=16UuI7FsZ44eye0vxkXhEnBNu44I2NqE",
        "tags": [
          "海外",
          "Private trip/photobook/others"
        ],
        "images": [],
        "members": [],
        "source": {
          "provider": "FULL of Sakurazaka46 OVERSEA Map",
          "url": "https://www.google.com/maps/d/viewer?mid=16UuI7FsZ44eye0vxkXhEnBNu44I2NqE",
          "mapId": "16UuI7FsZ44eye0vxkXhEnBNu44I2NqE",
          "layer": "Private trip/photobook/others",
          "tags": [
            "海外",
            "Private trip/photobook/others"
          ],
          "name": "山﨑天 - Aldwych"
        },
        "classification": {
          "category": "Private trip/photobook/others",
          "subcategory": "Private trip/photobook/others",
          "method": "source-layer",
          "status": "source"
        },
        "classificationCandidates": {
          "members": [],
          "projects": [],
          "contentTypes": []
        }
      }
    },
    {
      "type": "Feature",
      "geometry": {
        "type": "Point",
        "coordinates": [
          -0.122938,
          51.512188
        ]
      },
      "properties": {
        "id": "mymaps:16UuI7FsZ44eye0vxkXhEnBNu44I2NqE:76af780e315284fdef8b",
        "sourceKey": "mymaps:16UuI7FsZ44eye0vxkXhEnBNu44I2NqE:76af780e315284fdef8b",
        "name": "山﨑天 - Venchi",
        "category": "Private trip/photobook/others",
        "subcategory": "Private trip/photobook/others",
        "categoryColor": "#3b82f6",
        "address": "",
        "sceneTitle": "山﨑天 - Venchi",
        "sceneNote": "description: 櫻坂チャンネル - 【Vlog】山﨑天が「LONDON FASHION WEEK 2025」に参加！ Note: credit to @eris.1 on threads URL: https://youtu.be/bbWx1tkh1lI?t=595s Tags: Comment:",
        "sourceLabel": "FULL of Sakurazaka46 OVERSEA Map",
        "sourceUrl": "https://www.google.com/maps/d/viewer?mid=16UuI7FsZ44eye0vxkXhEnBNu44I2NqE",
        "referenceUrl": "https://www.google.com/maps/d/viewer?mid=16UuI7FsZ44eye0vxkXhEnBNu44I2NqE",
        "tags": [
          "海外",
          "Private trip/photobook/others"
        ],
        "images": [],
        "members": [],
        "source": {
          "provider": "FULL of Sakurazaka46 OVERSEA Map",
          "url": "https://www.google.com/maps/d/viewer?mid=16UuI7FsZ44eye0vxkXhEnBNu44I2NqE",
          "mapId": "16UuI7FsZ44eye0vxkXhEnBNu44I2NqE",
          "layer": "Private trip/photobook/others",
          "tags": [
            "海外",
            "Private trip/photobook/others"
          ],
          "name": "山﨑天 - Venchi"
        },
        "classification": {
          "category": "Private trip/photobook/others",
          "subcategory": "Private trip/photobook/others",
          "method": "source-layer",
          "status": "source"
        },
        "classificationCandidates": {
          "members": [],
          "projects": [],
          "contentTypes": []
        }
      }
    },
    {
      "type": "Feature",
      "geometry": {
        "type": "Point",
        "coordinates": [
          -0.128188,
          51.511562
        ]
      },
      "properties": {
        "id": "mymaps:16UuI7FsZ44eye0vxkXhEnBNu44I2NqE:5548a3f6faa0425fac0b",
        "sourceKey": "mymaps:16UuI7FsZ44eye0vxkXhEnBNu44I2NqE:5548a3f6faa0425fac0b",
        "name": "山﨑天 - Angus Steakhouse",
        "category": "Private trip/photobook/others",
        "subcategory": "Private trip/photobook/others",
        "categoryColor": "#3b82f6",
        "address": "",
        "sceneTitle": "山﨑天 - Angus Steakhouse",
        "sceneNote": "description: 櫻坂チャンネル - 【Vlog】山﨑天が「LONDON FASHION WEEK 2025」に参加！ Note: credit to @eris.1 on threads URL: https://youtu.be/bbWx1tkh1lI?t=626s Tags: Comment:",
        "sourceLabel": "FULL of Sakurazaka46 OVERSEA Map",
        "sourceUrl": "https://www.google.com/maps/d/viewer?mid=16UuI7FsZ44eye0vxkXhEnBNu44I2NqE",
        "referenceUrl": "https://www.google.com/maps/d/viewer?mid=16UuI7FsZ44eye0vxkXhEnBNu44I2NqE",
        "tags": [
          "海外",
          "Private trip/photobook/others"
        ],
        "images": [],
        "members": [],
        "source": {
          "provider": "FULL of Sakurazaka46 OVERSEA Map",
          "url": "https://www.google.com/maps/d/viewer?mid=16UuI7FsZ44eye0vxkXhEnBNu44I2NqE",
          "mapId": "16UuI7FsZ44eye0vxkXhEnBNu44I2NqE",
          "layer": "Private trip/photobook/others",
          "tags": [
            "海外",
            "Private trip/photobook/others"
          ],
          "name": "山﨑天 - Angus Steakhouse"
        },
        "classification": {
          "category": "Private trip/photobook/others",
          "subcategory": "Private trip/photobook/others",
          "method": "source-layer",
          "status": "source"
        },
        "classificationCandidates": {
          "members": [],
          "projects": [],
          "contentTypes": []
        }
      }
    },
    {
      "type": "Feature",
      "geometry": {
        "type": "Point",
        "coordinates": [
          -0.090695,
          51.504963
        ]
      },
      "properties": {
        "id": "mymaps:16UuI7FsZ44eye0vxkXhEnBNu44I2NqE:9834b756700218082b7f",
        "sourceKey": "mymaps:16UuI7FsZ44eye0vxkXhEnBNu44I2NqE:9834b756700218082b7f",
        "name": "山﨑天 - Borough Market",
        "category": "Private trip/photobook/others",
        "subcategory": "Private trip/photobook/others",
        "categoryColor": "#3b82f6",
        "address": "",
        "sceneTitle": "山﨑天 - Borough Market",
        "sceneNote": "description: 櫻坂チャンネル - 【Vlog】山﨑天が「LONDON FASHION WEEK 2025」に参加！ Note: credit to @eris.1 on threads URL: https://youtu.be/bbWx1tkh1lI?t=666s Tags: Comment:",
        "sourceLabel": "FULL of Sakurazaka46 OVERSEA Map",
        "sourceUrl": "https://www.google.com/maps/d/viewer?mid=16UuI7FsZ44eye0vxkXhEnBNu44I2NqE",
        "referenceUrl": "https://www.google.com/maps/d/viewer?mid=16UuI7FsZ44eye0vxkXhEnBNu44I2NqE",
        "tags": [
          "海外",
          "Private trip/photobook/others"
        ],
        "images": [],
        "members": [],
        "source": {
          "provider": "FULL of Sakurazaka46 OVERSEA Map",
          "url": "https://www.google.com/maps/d/viewer?mid=16UuI7FsZ44eye0vxkXhEnBNu44I2NqE",
          "mapId": "16UuI7FsZ44eye0vxkXhEnBNu44I2NqE",
          "layer": "Private trip/photobook/others",
          "tags": [
            "海外",
            "Private trip/photobook/others"
          ],
          "name": "山﨑天 - Borough Market"
        },
        "classification": {
          "category": "Private trip/photobook/others",
          "subcategory": "Private trip/photobook/others",
          "method": "source-layer",
          "status": "source"
        },
        "classificationCandidates": {
          "members": [],
          "projects": [],
          "contentTypes": []
        }
      }
    },
    {
      "type": "Feature",
      "geometry": {
        "type": "Point",
        "coordinates": [
          -0.127119,
          51.5073
        ]
      },
      "properties": {
        "id": "mymaps:16UuI7FsZ44eye0vxkXhEnBNu44I2NqE:12d4adfb0428defa7898",
        "sourceKey": "mymaps:16UuI7FsZ44eye0vxkXhEnBNu44I2NqE:12d4adfb0428defa7898",
        "name": "山﨑天 - Northumberland Ave",
        "category": "Private trip/photobook/others",
        "subcategory": "Private trip/photobook/others",
        "categoryColor": "#3b82f6",
        "address": "",
        "sceneTitle": "山﨑天 - Northumberland Ave",
        "sceneNote": "description: 櫻坂チャンネル - 【Vlog】山﨑天が「LONDON FASHION WEEK 2025」に参加！ Note: credit to @eris.1 on threads URL: https://youtu.be/bbWx1tkh1lI?t=858s Tags: Comment:",
        "sourceLabel": "FULL of Sakurazaka46 OVERSEA Map",
        "sourceUrl": "https://www.google.com/maps/d/viewer?mid=16UuI7FsZ44eye0vxkXhEnBNu44I2NqE",
        "referenceUrl": "https://www.google.com/maps/d/viewer?mid=16UuI7FsZ44eye0vxkXhEnBNu44I2NqE",
        "tags": [
          "海外",
          "Private trip/photobook/others"
        ],
        "images": [],
        "members": [],
        "source": {
          "provider": "FULL of Sakurazaka46 OVERSEA Map",
          "url": "https://www.google.com/maps/d/viewer?mid=16UuI7FsZ44eye0vxkXhEnBNu44I2NqE",
          "mapId": "16UuI7FsZ44eye0vxkXhEnBNu44I2NqE",
          "layer": "Private trip/photobook/others",
          "tags": [
            "海外",
            "Private trip/photobook/others"
          ],
          "name": "山﨑天 - Northumberland Ave"
        },
        "classification": {
          "category": "Private trip/photobook/others",
          "subcategory": "Private trip/photobook/others",
          "method": "source-layer",
          "status": "source"
        },
        "classificationCandidates": {
          "members": [],
          "projects": [],
          "contentTypes": []
        }
      }
    },
    {
      "type": "Feature",
      "geometry": {
        "type": "Point",
        "coordinates": [
          -0.127704,
          51.50824
        ]
      },
      "properties": {
        "id": "mymaps:16UuI7FsZ44eye0vxkXhEnBNu44I2NqE:0e7b663d13e4af79cf90",
        "sourceKey": "mymaps:16UuI7FsZ44eye0vxkXhEnBNu44I2NqE:0e7b663d13e4af79cf90",
        "name": "山﨑天 - Trafalgar Square Fountain",
        "category": "Private trip/photobook/others",
        "subcategory": "Private trip/photobook/others",
        "categoryColor": "#3b82f6",
        "address": "",
        "sceneTitle": "山﨑天 - Trafalgar Square Fountain",
        "sceneNote": "description: 櫻坂チャンネル - 【Vlog】山﨑天が「LONDON FASHION WEEK 2025」に参加！ Note: credit to @eris.1 on threads URL: https://youtu.be/bbWx1tkh1lI?t=891s Tags: Comment:",
        "sourceLabel": "FULL of Sakurazaka46 OVERSEA Map",
        "sourceUrl": "https://www.google.com/maps/d/viewer?mid=16UuI7FsZ44eye0vxkXhEnBNu44I2NqE",
        "referenceUrl": "https://www.google.com/maps/d/viewer?mid=16UuI7FsZ44eye0vxkXhEnBNu44I2NqE",
        "tags": [
          "海外",
          "Private trip/photobook/others"
        ],
        "images": [],
        "members": [],
        "source": {
          "provider": "FULL of Sakurazaka46 OVERSEA Map",
          "url": "https://www.google.com/maps/d/viewer?mid=16UuI7FsZ44eye0vxkXhEnBNu44I2NqE",
          "mapId": "16UuI7FsZ44eye0vxkXhEnBNu44I2NqE",
          "layer": "Private trip/photobook/others",
          "tags": [
            "海外",
            "Private trip/photobook/others"
          ],
          "name": "山﨑天 - Trafalgar Square Fountain"
        },
        "classification": {
          "category": "Private trip/photobook/others",
          "subcategory": "Private trip/photobook/others",
          "method": "source-layer",
          "status": "source"
        },
        "classificationCandidates": {
          "members": [],
          "projects": [],
          "contentTypes": []
        }
      }
    },
    {
      "type": "Feature",
      "geometry": {
        "type": "Point",
        "coordinates": [
          -0.12761,
          51.5083
        ]
      },
      "properties": {
        "id": "mymaps:16UuI7FsZ44eye0vxkXhEnBNu44I2NqE:c1e0c765c20803009763",
        "sourceKey": "mymaps:16UuI7FsZ44eye0vxkXhEnBNu44I2NqE:c1e0c765c20803009763",
        "name": "山﨑天 - Trafalgar Square",
        "category": "Private trip/photobook/others",
        "subcategory": "Private trip/photobook/others",
        "categoryColor": "#3b82f6",
        "address": "",
        "sceneTitle": "山﨑天 - Trafalgar Square",
        "sceneNote": "description: 櫻坂チャンネル - 【Vlog】山﨑天が「LONDON FASHION WEEK 2025」に参加！ Note: credit to @eris.1 on threads URL: https://youtu.be/bbWx1tkh1lI?t=898s Tags: Comment:",
        "sourceLabel": "FULL of Sakurazaka46 OVERSEA Map",
        "sourceUrl": "https://www.google.com/maps/d/viewer?mid=16UuI7FsZ44eye0vxkXhEnBNu44I2NqE",
        "referenceUrl": "https://www.google.com/maps/d/viewer?mid=16UuI7FsZ44eye0vxkXhEnBNu44I2NqE",
        "tags": [
          "海外",
          "Private trip/photobook/others"
        ],
        "images": [],
        "members": [],
        "source": {
          "provider": "FULL of Sakurazaka46 OVERSEA Map",
          "url": "https://www.google.com/maps/d/viewer?mid=16UuI7FsZ44eye0vxkXhEnBNu44I2NqE",
          "mapId": "16UuI7FsZ44eye0vxkXhEnBNu44I2NqE",
          "layer": "Private trip/photobook/others",
          "tags": [
            "海外",
            "Private trip/photobook/others"
          ],
          "name": "山﨑天 - Trafalgar Square"
        },
        "classification": {
          "category": "Private trip/photobook/others",
          "subcategory": "Private trip/photobook/others",
          "method": "source-layer",
          "status": "source"
        },
        "classificationCandidates": {
          "members": [],
          "projects": [],
          "contentTypes": []
        }
      }
    },
    {
      "type": "Feature",
      "geometry": {
        "type": "Point",
        "coordinates": [
          -0.12743,
          51.507704
        ]
      },
      "properties": {
        "id": "mymaps:16UuI7FsZ44eye0vxkXhEnBNu44I2NqE:77aae00ad46aace459e5",
        "sourceKey": "mymaps:16UuI7FsZ44eye0vxkXhEnBNu44I2NqE:77aae00ad46aace459e5",
        "name": "山﨑天 - Trafalgar Square",
        "category": "Private trip/photobook/others",
        "subcategory": "Private trip/photobook/others",
        "categoryColor": "#3b82f6",
        "address": "",
        "sceneTitle": "山﨑天 - Trafalgar Square",
        "sceneNote": "description: 櫻坂チャンネル - 【Vlog】山﨑天が「LONDON FASHION WEEK 2025」に参加！ Note: credit to @eris.1 on threads URL: https://youtu.be/bbWx1tkh1lI?t=905s Tags: Comment:",
        "sourceLabel": "FULL of Sakurazaka46 OVERSEA Map",
        "sourceUrl": "https://www.google.com/maps/d/viewer?mid=16UuI7FsZ44eye0vxkXhEnBNu44I2NqE",
        "referenceUrl": "https://www.google.com/maps/d/viewer?mid=16UuI7FsZ44eye0vxkXhEnBNu44I2NqE",
        "tags": [
          "海外",
          "Private trip/photobook/others"
        ],
        "images": [],
        "members": [],
        "source": {
          "provider": "FULL of Sakurazaka46 OVERSEA Map",
          "url": "https://www.google.com/maps/d/viewer?mid=16UuI7FsZ44eye0vxkXhEnBNu44I2NqE",
          "mapId": "16UuI7FsZ44eye0vxkXhEnBNu44I2NqE",
          "layer": "Private trip/photobook/others",
          "tags": [
            "海外",
            "Private trip/photobook/others"
          ],
          "name": "山﨑天 - Trafalgar Square"
        },
        "classification": {
          "category": "Private trip/photobook/others",
          "subcategory": "Private trip/photobook/others",
          "method": "source-layer",
          "status": "source"
        },
        "classificationCandidates": {
          "members": [],
          "projects": [],
          "contentTypes": []
        }
      }
    },
    {
      "type": "Feature",
      "geometry": {
        "type": "Point",
        "coordinates": [
          -0.1255,
          51.50716
        ]
      },
      "properties": {
        "id": "mymaps:16UuI7FsZ44eye0vxkXhEnBNu44I2NqE:32b03098ac58d1e15d15",
        "sourceKey": "mymaps:16UuI7FsZ44eye0vxkXhEnBNu44I2NqE:32b03098ac58d1e15d15",
        "name": "山﨑天 - Northumberland Ave",
        "category": "Private trip/photobook/others",
        "subcategory": "Private trip/photobook/others",
        "categoryColor": "#3b82f6",
        "address": "",
        "sceneTitle": "山﨑天 - Northumberland Ave",
        "sceneNote": "description: 櫻坂チャンネル - 【Vlog】山﨑天が「LONDON FASHION WEEK 2025」に参加！ Note: credit to @eris.1 on threads URL: https://youtu.be/bbWx1tkh1lI?t=940s Tags: Comment:",
        "sourceLabel": "FULL of Sakurazaka46 OVERSEA Map",
        "sourceUrl": "https://www.google.com/maps/d/viewer?mid=16UuI7FsZ44eye0vxkXhEnBNu44I2NqE",
        "referenceUrl": "https://www.google.com/maps/d/viewer?mid=16UuI7FsZ44eye0vxkXhEnBNu44I2NqE",
        "tags": [
          "海外",
          "Private trip/photobook/others"
        ],
        "images": [],
        "members": [],
        "source": {
          "provider": "FULL of Sakurazaka46 OVERSEA Map",
          "url": "https://www.google.com/maps/d/viewer?mid=16UuI7FsZ44eye0vxkXhEnBNu44I2NqE",
          "mapId": "16UuI7FsZ44eye0vxkXhEnBNu44I2NqE",
          "layer": "Private trip/photobook/others",
          "tags": [
            "海外",
            "Private trip/photobook/others"
          ],
          "name": "山﨑天 - Northumberland Ave"
        },
        "classification": {
          "category": "Private trip/photobook/others",
          "subcategory": "Private trip/photobook/others",
          "method": "source-layer",
          "status": "source"
        },
        "classificationCandidates": {
          "members": [],
          "projects": [],
          "contentTypes": []
        }
      }
    },
    {
      "type": "Feature",
      "geometry": {
        "type": "Point",
        "coordinates": [
          -0.12602,
          51.50698
        ]
      },
      "properties": {
        "id": "mymaps:16UuI7FsZ44eye0vxkXhEnBNu44I2NqE:cd486ad0ef4c18ee0ac7",
        "sourceKey": "mymaps:16UuI7FsZ44eye0vxkXhEnBNu44I2NqE:cd486ad0ef4c18ee0ac7",
        "name": "山﨑天 - Club Quarters Hotel",
        "category": "Private trip/photobook/others",
        "subcategory": "Private trip/photobook/others",
        "categoryColor": "#3b82f6",
        "address": "",
        "sceneTitle": "山﨑天 - Club Quarters Hotel",
        "sceneNote": "description: 櫻坂チャンネル - 【Vlog】山﨑天が「LONDON FASHION WEEK 2025」に参加！ Note: credit to @eris.1 on threads URL: https://youtu.be/bbWx1tkh1lI?t=948s Tags: Comment:",
        "sourceLabel": "FULL of Sakurazaka46 OVERSEA Map",
        "sourceUrl": "https://www.google.com/maps/d/viewer?mid=16UuI7FsZ44eye0vxkXhEnBNu44I2NqE",
        "referenceUrl": "https://www.google.com/maps/d/viewer?mid=16UuI7FsZ44eye0vxkXhEnBNu44I2NqE",
        "tags": [
          "海外",
          "Private trip/photobook/others"
        ],
        "images": [],
        "members": [],
        "source": {
          "provider": "FULL of Sakurazaka46 OVERSEA Map",
          "url": "https://www.google.com/maps/d/viewer?mid=16UuI7FsZ44eye0vxkXhEnBNu44I2NqE",
          "mapId": "16UuI7FsZ44eye0vxkXhEnBNu44I2NqE",
          "layer": "Private trip/photobook/others",
          "tags": [
            "海外",
            "Private trip/photobook/others"
          ],
          "name": "山﨑天 - Club Quarters Hotel"
        },
        "classification": {
          "category": "Private trip/photobook/others",
          "subcategory": "Private trip/photobook/others",
          "method": "source-layer",
          "status": "source"
        },
        "classificationCandidates": {
          "members": [],
          "projects": [],
          "contentTypes": []
        }
      }
    }
  ]
}
