{
  "type": "FeatureCollection",
  "features": [
    {
      "type": "Feature",
      "geometry": {
        "type": "Point",
        "coordinates": [
          139.5045813,
          35.5183863
        ]
      },
      "properties": {
        "id": "fumi-352",
        "name": "黒澤フィルムスタジオ 横浜スタジオ",
        "category": "PV&ジャケット写真",
        "subcategory": "PV&ジャケット写真",
        "categoryColor": "#e11d48",
        "address": "",
        "sceneTitle": "黒澤フィルムスタジオ 横浜スタジオ",
        "sceneNote": "説明: 欅坂46「Nobody」PV撮影場所 http://blog.livedoor.jp/fumichen2/archives/53036337.html 住所: 〒226-0016 神奈川県横浜市緑区霧が丘3-2-1",
        "sourceLabel": "fumi Diary 2号店",
        "sourceUrl": "http://blog.livedoor.jp/fumichen2/",
        "tags": [
          "PV&ジャケット写真"
        ],
        "images": [
          "https://pub-6d7574c4452b41519ab8adf1541d7f9e.r2.dev/seichi/sakurazaka/3AAjQbR6X9zyMcHAssKcTLUxQzvQ14hNdjuGb00-_3d38ac2c.png"
        ],
        "members": [],
        "source": {
          "provider": "fumi Diary 2号店",
          "url": "http://blog.livedoor.jp/fumichen2/",
          "mapId": "",
          "layer": "PV&ジャケット写真",
          "tags": [
            "PV&ジャケット写真"
          ],
          "name": "黒澤フィルムスタジオ 横浜スタジオ"
        },
        "classification": {
          "category": "PV&ジャケット写真",
          "subcategory": "PV&ジャケット写真",
          "method": "legacy-import",
          "status": "unreviewed"
        },
        "classificationCandidates": {
          "members": [],
          "projects": [],
          "contentTypes": []
        }
      }
    },
    {
      "type": "Feature",
      "geometry": {
        "type": "Point",
        "coordinates": [
          139.9295279,
          35.412451
        ]
      },
      "properties": {
        "id": "fumi-361",
        "name": "L'Atelier de ZERO",
        "category": "PV&ジャケット写真",
        "subcategory": "PV&ジャケット写真",
        "categoryColor": "#e11d48",
        "address": "",
        "sceneTitle": "L'Atelier de ZERO",
        "sceneNote": "説明: 櫻坂46「Nobody's fault」アーティスト写真撮影場所 http://blog.livedoor.jp/fumichen2/archives/55155778.html 櫻坂46「Nobody's fault」ジャケット写真撮影場所 http://blog.livedoor.jp/fumichen2/archives/55188673.html 住所: 〒292-0061 千葉県木更津市岩根3-12-35",
        "sourceLabel": "fumi Diary 2号店",
        "sourceUrl": "http://blog.livedoor.jp/fumichen2/",
        "tags": [
          "PV&ジャケット写真"
        ],
        "images": [
          "https://pub-6d7574c4452b41519ab8adf1541d7f9e.r2.dev/seichi/sakurazaka/3AAjQbR7sYryy0AeiM9aK0ODypIL7tbAdd4A6C_h_26f40904.png",
          "https://pub-6d7574c4452b41519ab8adf1541d7f9e.r2.dev/seichi/sakurazaka/3AAjQbR7lntVgLkuipCJUsnh3FAST7NtppaF9WWa_1c0431de.png",
          "https://pub-6d7574c4452b41519ab8adf1541d7f9e.r2.dev/seichi/sakurazaka/3AAjQbR5AHACkInwqvznjpM2Y7yUdOsM06bL-odl_4d945d84.png",
          "https://pub-6d7574c4452b41519ab8adf1541d7f9e.r2.dev/seichi/sakurazaka/3AAjQbR5SUpLQPi-nJ8TYmNMwHBRJ-peoyZa8JTQ_b7cb9cba.png",
          "https://pub-6d7574c4452b41519ab8adf1541d7f9e.r2.dev/seichi/sakurazaka/3AAjQbR6HjZIjS2t1sMd-KjS9D9iG_F7UwfND2OK_e3cf2b4c.png",
          "https://pub-6d7574c4452b41519ab8adf1541d7f9e.r2.dev/seichi/sakurazaka/3AAjQbR4ZRRQwnGpk_zEUYW0DENue-S1Xrn5M-l2_a2e63a5a.png"
        ],
        "members": [],
        "source": {
          "provider": "fumi Diary 2号店",
          "url": "http://blog.livedoor.jp/fumichen2/",
          "mapId": "",
          "layer": "PV&ジャケット写真",
          "tags": [
            "PV&ジャケット写真"
          ],
          "name": "L'Atelier de ZERO"
        },
        "classification": {
          "category": "PV&ジャケット写真",
          "subcategory": "PV&ジャケット写真",
          "method": "legacy-import",
          "status": "unreviewed"
        },
        "classificationCandidates": {
          "members": [],
          "projects": [],
          "contentTypes": []
        }
      }
    },
    {
      "type": "Feature",
      "geometry": {
        "type": "Point",
        "coordinates": [
          138.234734,
          38.039232
        ]
      },
      "properties": {
        "id": "fumi-362",
        "name": "大間港 コンクリート土台",
        "category": "PV&ジャケット写真",
        "subcategory": "PV&ジャケット写真",
        "categoryColor": "#e11d48",
        "address": "",
        "sceneTitle": "大間港 コンクリート土台",
        "sceneNote": "説明: 櫻坂46「Nobody's fault」PV撮影場所 http://blog.livedoor.jp/fumichen2/archives/55209366.html 住所: 〒952-1503 新潟県佐渡市相川柴町16 https://www.youtube.com/embed/fagRTasDcKo",
        "sourceLabel": "fumi Diary 2号店",
        "sourceUrl": "https://www.youtube.com/watch?v=fagRTasDcKo",
        "tags": [
          "PV&ジャケット写真"
        ],
        "images": [
          "https://pub-6d7574c4452b41519ab8adf1541d7f9e.r2.dev/seichi/sakurazaka/3AAjQbR4EF9LtCJP7NZ56RGtquDPsIBOZAFhaAVQ_63aa28e1.png",
          "https://img.youtube.com/vi/fagRTasDcKo/hqdefault.jpg"
        ],
        "members": [],
        "source": {
          "provider": "fumi Diary 2号店",
          "url": "https://www.youtube.com/watch?v=fagRTasDcKo",
          "mapId": "",
          "layer": "PV&ジャケット写真",
          "tags": [
            "PV&ジャケット写真"
          ],
          "name": "大間港 コンクリート土台"
        },
        "classification": {
          "category": "PV&ジャケット写真",
          "subcategory": "PV&ジャケット写真",
          "method": "legacy-import",
          "status": "unreviewed"
        },
        "classificationCandidates": {
          "members": [],
          "projects": [],
          "contentTypes": []
        }
      }
    },
    {
      "type": "Feature",
      "geometry": {
        "type": "Point",
        "coordinates": [
          138.23584,
          38.039023
        ]
      },
      "properties": {
        "id": "fumi-363",
        "name": "大間港 トラス橋",
        "category": "PV&ジャケット写真",
        "subcategory": "PV&ジャケット写真",
        "categoryColor": "#e11d48",
        "address": "",
        "sceneTitle": "大間港 トラス橋",
        "sceneNote": "説明: 櫻坂46「Nobody's fault」PV撮影場所 (大園玲、土生瑞穂、武元唯衣) http://blog.livedoor.jp/fumichen2/archives/55209366.html 住所: 〒952-1503 新潟県佐渡市相川柴町16 https://www.youtube.com/embed/fagRTasDcKo",
        "sourceLabel": "fumi Diary 2号店",
        "sourceUrl": "https://www.youtube.com/watch?v=fagRTasDcKo",
        "tags": [
          "PV&ジャケット写真"
        ],
        "images": [
          "https://pub-6d7574c4452b41519ab8adf1541d7f9e.r2.dev/seichi/sakurazaka/3AAjQbR6iuF4YGY_IsVv1hmMbQlnS5BhWn6vURBx_939a8f88.png",
          "https://img.youtube.com/vi/fagRTasDcKo/hqdefault.jpg"
        ],
        "members": [],
        "source": {
          "provider": "fumi Diary 2号店",
          "url": "https://www.youtube.com/watch?v=fagRTasDcKo",
          "mapId": "",
          "layer": "PV&ジャケット写真",
          "tags": [
            "PV&ジャケット写真"
          ],
          "name": "大間港 トラス橋"
        },
        "classification": {
          "category": "PV&ジャケット写真",
          "subcategory": "PV&ジャケット写真",
          "method": "legacy-import",
          "status": "unreviewed"
        },
        "classificationCandidates": {
          "members": [],
          "projects": [],
          "contentTypes": []
        }
      }
    },
    {
      "type": "Feature",
      "geometry": {
        "type": "Point",
        "coordinates": [
          138.235232,
          38.039115
        ]
      },
      "properties": {
        "id": "fumi-364",
        "name": "大間港 ローダー橋脚",
        "category": "PV&ジャケット写真",
        "subcategory": "PV&ジャケット写真",
        "categoryColor": "#e11d48",
        "address": "",
        "sceneTitle": "大間港 ローダー橋脚",
        "sceneNote": "説明: 櫻坂46「Nobody's fault」PV撮影場所 (森田ひかる) http://blog.livedoor.jp/fumichen2/archives/55209366.html 住所: 〒952-1503 新潟県佐渡市相川柴町16 https://www.youtube.com/embed/fagRTasDcKo",
        "sourceLabel": "fumi Diary 2号店",
        "sourceUrl": "https://www.youtube.com/watch?v=fagRTasDcKo",
        "tags": [
          "PV&ジャケット写真"
        ],
        "images": [
          "https://pub-6d7574c4452b41519ab8adf1541d7f9e.r2.dev/seichi/sakurazaka/3AAjQbR5Mykj65uHmb1Swk-F_hZASc53eL0HrSp0_4f28fa75.png",
          "https://img.youtube.com/vi/fagRTasDcKo/hqdefault.jpg"
        ],
        "members": [],
        "source": {
          "provider": "fumi Diary 2号店",
          "url": "https://www.youtube.com/watch?v=fagRTasDcKo",
          "mapId": "",
          "layer": "PV&ジャケット写真",
          "tags": [
            "PV&ジャケット写真"
          ],
          "name": "大間港 ローダー橋脚"
        },
        "classification": {
          "category": "PV&ジャケット写真",
          "subcategory": "PV&ジャケット写真",
          "method": "legacy-import",
          "status": "unreviewed"
        },
        "classificationCandidates": {
          "members": [],
          "projects": [],
          "contentTypes": []
        }
      }
    },
    {
      "type": "Feature",
      "geometry": {
        "type": "Point",
        "coordinates": [
          138.235431,
          38.039141
        ]
      },
      "properties": {
        "id": "fumi-365",
        "name": "大間港 船小屋",
        "category": "PV&ジャケット写真",
        "subcategory": "PV&ジャケット写真",
        "categoryColor": "#e11d48",
        "address": "",
        "sceneTitle": "大間港 船小屋",
        "sceneNote": "説明: 櫻坂46「Nobody's fault」PV撮影場所 (山﨑天、田村保乃) http://blog.livedoor.jp/fumichen2/archives/55209366.html 住所: 〒952-1503 新潟県佐渡市相川柴町16 https://www.youtube.com/embed/fagRTasDcKo",
        "sourceLabel": "fumi Diary 2号店",
        "sourceUrl": "https://www.youtube.com/watch?v=fagRTasDcKo",
        "tags": [
          "PV&ジャケット写真"
        ],
        "images": [
          "https://pub-6d7574c4452b41519ab8adf1541d7f9e.r2.dev/seichi/sakurazaka/3AAjQbR6-6hgwrw5wl8kPUwOW9uXnsL-vFcf4tYr_3cfc49a0.png",
          "https://img.youtube.com/vi/fagRTasDcKo/hqdefault.jpg"
        ],
        "members": [],
        "source": {
          "provider": "fumi Diary 2号店",
          "url": "https://www.youtube.com/watch?v=fagRTasDcKo",
          "mapId": "",
          "layer": "PV&ジャケット写真",
          "tags": [
            "PV&ジャケット写真"
          ],
          "name": "大間港 船小屋"
        },
        "classification": {
          "category": "PV&ジャケット写真",
          "subcategory": "PV&ジャケット写真",
          "method": "legacy-import",
          "status": "unreviewed"
        },
        "classificationCandidates": {
          "members": [],
          "projects": [],
          "contentTypes": []
        }
      }
    },
    {
      "type": "Feature",
      "geometry": {
        "type": "Point",
        "coordinates": [
          138.235599,
          38.038655
        ]
      },
      "properties": {
        "id": "fumi-366",
        "name": "大間港",
        "category": "PV&ジャケット写真",
        "subcategory": "PV&ジャケット写真",
        "categoryColor": "#e11d48",
        "address": "",
        "sceneTitle": "大間港",
        "sceneNote": "説明: 櫻坂46「Nobody's fault」PV撮影場所 (藤吉夏鈴、菅井友香) http://blog.livedoor.jp/fumichen2/archives/55209366.html 住所: 〒952-1503 新潟県佐渡市相川柴町16 https://www.youtube.com/embed/fagRTasDcKo",
        "sourceLabel": "fumi Diary 2号店",
        "sourceUrl": "https://www.youtube.com/watch?v=fagRTasDcKo",
        "tags": [
          "PV&ジャケット写真"
        ],
        "images": [
          "https://pub-6d7574c4452b41519ab8adf1541d7f9e.r2.dev/seichi/sakurazaka/3AAjQbR5lxwHW8WXrgju78Y6VffDcAor97cnot9k_d6fffbc0.png",
          "https://img.youtube.com/vi/fagRTasDcKo/hqdefault.jpg"
        ],
        "members": [],
        "source": {
          "provider": "fumi Diary 2号店",
          "url": "https://www.youtube.com/watch?v=fagRTasDcKo",
          "mapId": "",
          "layer": "PV&ジャケット写真",
          "tags": [
            "PV&ジャケット写真"
          ],
          "name": "大間港"
        },
        "classification": {
          "category": "PV&ジャケット写真",
          "subcategory": "PV&ジャケット写真",
          "method": "legacy-import",
          "status": "unreviewed"
        },
        "classificationCandidates": {
          "members": [],
          "projects": [],
          "contentTypes": []
        }
      }
    },
    {
      "type": "Feature",
      "geometry": {
        "type": "Point",
        "coordinates": [
          138.234207,
          38.042611
        ]
      },
      "properties": {
        "id": "fumi-367",
        "name": "第一観月橋&第二観月橋",
        "category": "PV&ジャケット写真",
        "subcategory": "PV&ジャケット写真",
        "categoryColor": "#e11d48",
        "address": "",
        "sceneTitle": "第一観月橋&第二観月橋",
        "sceneNote": "説明: 櫻坂46「Nobody's fault」PV撮影場所 http://blog.livedoor.jp/fumichen2/archives/55209366.html 住所: 〒952-1501 新潟県佐渡市下相川 https://www.youtube.com/embed/fagRTasDcKo",
        "sourceLabel": "fumi Diary 2号店",
        "sourceUrl": "https://www.youtube.com/watch?v=fagRTasDcKo",
        "tags": [
          "PV&ジャケット写真"
        ],
        "images": [
          "https://pub-6d7574c4452b41519ab8adf1541d7f9e.r2.dev/seichi/sakurazaka/3AAjQbR6Z5D_7RPl5tGfeTYh_1xqgLB3mJqWiwmd_58399e52.png",
          "https://pub-6d7574c4452b41519ab8adf1541d7f9e.r2.dev/seichi/sakurazaka/3AAjQbR4c8YnJ5WUJVgf54AgLIfNsFGR_uqwV8Kw_354caae3.png",
          "https://img.youtube.com/vi/fagRTasDcKo/hqdefault.jpg"
        ],
        "members": [],
        "source": {
          "provider": "fumi Diary 2号店",
          "url": "https://www.youtube.com/watch?v=fagRTasDcKo",
          "mapId": "",
          "layer": "PV&ジャケット写真",
          "tags": [
            "PV&ジャケット写真"
          ],
          "name": "第一観月橋&第二観月橋"
        },
        "classification": {
          "category": "PV&ジャケット写真",
          "subcategory": "PV&ジャケット写真",
          "method": "legacy-import",
          "status": "unreviewed"
        },
        "classificationCandidates": {
          "members": [],
          "projects": [],
          "contentTypes": []
        }
      }
    },
    {
      "type": "Feature",
      "geometry": {
        "type": "Point",
        "coordinates": [
          138.234458,
          38.042392
        ]
      },
      "properties": {
        "id": "fumi-368",
        "name": "溶岩",
        "category": "PV&ジャケット写真",
        "subcategory": "PV&ジャケット写真",
        "categoryColor": "#e11d48",
        "address": "",
        "sceneTitle": "溶岩",
        "sceneNote": "説明: 櫻坂46「Nobody's fault」PV撮影場所 http://blog.livedoor.jp/fumichen2/archives/55209366.html 住所: 〒952-1501 新潟県佐渡市下相川 https://www.youtube.com/embed/fagRTasDcKo",
        "sourceLabel": "fumi Diary 2号店",
        "sourceUrl": "https://www.youtube.com/watch?v=fagRTasDcKo",
        "tags": [
          "PV&ジャケット写真"
        ],
        "images": [
          "https://pub-6d7574c4452b41519ab8adf1541d7f9e.r2.dev/seichi/sakurazaka/3AAjQbR5SbBIrjVlu3EOwwuTDgzQwSE_VAAiZCGE_41be77d7.png",
          "https://pub-6d7574c4452b41519ab8adf1541d7f9e.r2.dev/seichi/sakurazaka/3AAjQbR7h5bDWyYl_J3zsrlixvxYvsg23p3ei4pl_e240f0ee.png",
          "https://img.youtube.com/vi/fagRTasDcKo/hqdefault.jpg"
        ],
        "members": [],
        "source": {
          "provider": "fumi Diary 2号店",
          "url": "https://www.youtube.com/watch?v=fagRTasDcKo",
          "mapId": "",
          "layer": "PV&ジャケット写真",
          "tags": [
            "PV&ジャケット写真"
          ],
          "name": "溶岩"
        },
        "classification": {
          "category": "PV&ジャケット写真",
          "subcategory": "PV&ジャケット写真",
          "method": "legacy-import",
          "status": "unreviewed"
        },
        "classificationCandidates": {
          "members": [],
          "projects": [],
          "contentTypes": []
        }
      }
    },
    {
      "type": "Feature",
      "geometry": {
        "type": "Point",
        "coordinates": [
          138.444785,
          38.078503
        ]
      },
      "properties": {
        "id": "fumi-369",
        "name": "両津港南埠頭7号岸壁",
        "category": "PV&ジャケット写真",
        "subcategory": "PV&ジャケット写真",
        "categoryColor": "#e11d48",
        "address": "",
        "sceneTitle": "両津港南埠頭7号岸壁",
        "sceneNote": "説明: 櫻坂46「Nobody's fault」PV撮影場所 http://blog.livedoor.jp/fumichen2/archives/55209366.html 住所: 〒952-0014 新潟県佐渡市両津湊 https://www.youtube.com/embed/fagRTasDcKo",
        "sourceLabel": "fumi Diary 2号店",
        "sourceUrl": "https://www.youtube.com/watch?v=fagRTasDcKo",
        "tags": [
          "PV&ジャケット写真"
        ],
        "images": [
          "https://pub-6d7574c4452b41519ab8adf1541d7f9e.r2.dev/seichi/sakurazaka/3AAjQbR579-oebHWcU4C-yE7Iv4WxFxTHfhR4xIf_0cfa6810.png",
          "https://img.youtube.com/vi/fagRTasDcKo/hqdefault.jpg"
        ],
        "members": [],
        "source": {
          "provider": "fumi Diary 2号店",
          "url": "https://www.youtube.com/watch?v=fagRTasDcKo",
          "mapId": "",
          "layer": "PV&ジャケット写真",
          "tags": [
            "PV&ジャケット写真"
          ],
          "name": "両津港南埠頭7号岸壁"
        },
        "classification": {
          "category": "PV&ジャケット写真",
          "subcategory": "PV&ジャケット写真",
          "method": "legacy-import",
          "status": "unreviewed"
        },
        "classificationCandidates": {
          "members": [],
          "projects": [],
          "contentTypes": []
        }
      }
    },
    {
      "type": "Feature",
      "geometry": {
        "type": "Point",
        "coordinates": [
          138.248982,
          38.092837
        ]
      },
      "properties": {
        "id": "fumi-370",
        "name": "尖閣湾揚島遊園",
        "category": "PV&ジャケット写真",
        "subcategory": "PV&ジャケット写真",
        "categoryColor": "#e11d48",
        "address": "",
        "sceneTitle": "尖閣湾揚島遊園",
        "sceneNote": "説明: 櫻坂46「Nobody's fault」PV撮影場所 http://blog.livedoor.jp/fumichen2/archives/55209366.html 住所: 〒952-2133 新潟県佐渡市北狄1561 https://www.youtube.com/embed/fagRTasDcKo",
        "sourceLabel": "fumi Diary 2号店",
        "sourceUrl": "https://www.youtube.com/watch?v=fagRTasDcKo",
        "tags": [
          "PV&ジャケット写真"
        ],
        "images": [
          "https://pub-6d7574c4452b41519ab8adf1541d7f9e.r2.dev/seichi/sakurazaka/3AAjQbR4rdg8irMsitdj0UtiPRgrWjh2afhEgAmz_e9158e1e.png",
          "https://img.youtube.com/vi/fagRTasDcKo/hqdefault.jpg"
        ],
        "members": [],
        "source": {
          "provider": "fumi Diary 2号店",
          "url": "https://www.youtube.com/watch?v=fagRTasDcKo",
          "mapId": "",
          "layer": "PV&ジャケット写真",
          "tags": [
            "PV&ジャケット写真"
          ],
          "name": "尖閣湾揚島遊園"
        },
        "classification": {
          "category": "PV&ジャケット写真",
          "subcategory": "PV&ジャケット写真",
          "method": "legacy-import",
          "status": "unreviewed"
        },
        "classificationCandidates": {
          "members": [],
          "projects": [],
          "contentTypes": []
        }
      }
    },
    {
      "type": "Feature",
      "geometry": {
        "type": "Point",
        "coordinates": [
          138.485329,
          38.331903
        ]
      },
      "properties": {
        "id": "fumi-371",
        "name": "二ツ亀海水浴場",
        "category": "PV&ジャケット写真",
        "subcategory": "PV&ジャケット写真",
        "categoryColor": "#e11d48",
        "address": "",
        "sceneTitle": "二ツ亀海水浴場",
        "sceneNote": "説明: 櫻坂46「Nobody's fault」PV撮影場所 http://blog.livedoor.jp/fumichen2/archives/55209366.html 住所: 〒952-3205 新潟県佐渡市鷲崎 https://www.youtube.com/embed/fagRTasDcKo",
        "sourceLabel": "fumi Diary 2号店",
        "sourceUrl": "https://www.youtube.com/watch?v=fagRTasDcKo",
        "tags": [
          "PV&ジャケット写真"
        ],
        "images": [
          "https://pub-6d7574c4452b41519ab8adf1541d7f9e.r2.dev/seichi/sakurazaka/3AAjQbR5fdZYh3NrHxV_zaezURsnjMQFM735a5KJ_7cb91995.png",
          "https://pub-6d7574c4452b41519ab8adf1541d7f9e.r2.dev/seichi/sakurazaka/3AAjQbR7FSn_dIlsuySQuHK4smFRphNgaEY_59Hf_a865eaf2.png",
          "https://img.youtube.com/vi/fagRTasDcKo/hqdefault.jpg"
        ],
        "members": [],
        "source": {
          "provider": "fumi Diary 2号店",
          "url": "https://www.youtube.com/watch?v=fagRTasDcKo",
          "mapId": "",
          "layer": "PV&ジャケット写真",
          "tags": [
            "PV&ジャケット写真"
          ],
          "name": "二ツ亀海水浴場"
        },
        "classification": {
          "category": "PV&ジャケット写真",
          "subcategory": "PV&ジャケット写真",
          "method": "legacy-import",
          "status": "unreviewed"
        },
        "classificationCandidates": {
          "members": [],
          "projects": [],
          "contentTypes": []
        }
      }
    },
    {
      "type": "Feature",
      "geometry": {
        "type": "Point",
        "coordinates": [
          138.464231,
          38.321631
        ]
      },
      "properties": {
        "id": "fumi-372",
        "name": "大野亀",
        "category": "PV&ジャケット写真",
        "subcategory": "PV&ジャケット写真",
        "categoryColor": "#e11d48",
        "address": "",
        "sceneTitle": "大野亀",
        "sceneNote": "説明: 櫻坂46「Nobody's fault」PV撮影場所 http://blog.livedoor.jp/fumichen2/archives/55209366.html 住所: 〒952-3203 新潟県佐渡市願 https://www.youtube.com/embed/fagRTasDcKo",
        "sourceLabel": "fumi Diary 2号店",
        "sourceUrl": "https://www.youtube.com/watch?v=fagRTasDcKo",
        "tags": [
          "PV&ジャケット写真"
        ],
        "images": [
          "https://pub-6d7574c4452b41519ab8adf1541d7f9e.r2.dev/seichi/sakurazaka/3AAjQbR7uO6nVsuRHX72A1yanMBKNx6JOLiVlIa6_6f2d8ead.png",
          "https://img.youtube.com/vi/fagRTasDcKo/hqdefault.jpg"
        ],
        "members": [],
        "source": {
          "provider": "fumi Diary 2号店",
          "url": "https://www.youtube.com/watch?v=fagRTasDcKo",
          "mapId": "",
          "layer": "PV&ジャケット写真",
          "tags": [
            "PV&ジャケット写真"
          ],
          "name": "大野亀"
        },
        "classification": {
          "category": "PV&ジャケット写真",
          "subcategory": "PV&ジャケット写真",
          "method": "legacy-import",
          "status": "unreviewed"
        },
        "classificationCandidates": {
          "members": [],
          "projects": [],
          "contentTypes": []
        }
      }
    },
    {
      "type": "Feature",
      "geometry": {
        "type": "Point",
        "coordinates": [
          139.710457,
          35.666036
        ]
      },
      "properties": {
        "id": "fumi-373",
        "name": "神宮前五丁目交差点",
        "category": "PV&ジャケット写真",
        "subcategory": "PV&ジャケット写真",
        "categoryColor": "#e11d48",
        "address": "",
        "sceneTitle": "神宮前五丁目交差点",
        "sceneNote": "説明: 櫻坂46「Nobody's fault」PV撮影場所 (守屋茜、尾関梨香) http://blog.livedoor.jp/fumichen2/archives/55209366.html 住所: 〒150-0001 東京都渋谷区神宮前5-1-3",
        "sourceLabel": "fumi Diary 2号店",
        "sourceUrl": "http://blog.livedoor.jp/fumichen2/",
        "tags": [
          "PV&ジャケット写真"
        ],
        "images": [
          "https://pub-6d7574c4452b41519ab8adf1541d7f9e.r2.dev/seichi/sakurazaka/3AAjQbR4qCN1gFfYDHMZgATCTOLVt6xOJknpRP2m_c0885ce5.png",
          "https://pub-6d7574c4452b41519ab8adf1541d7f9e.r2.dev/seichi/sakurazaka/3AAjQbR6dN-M7JmcLkZLU9HKEuMByRRwv3-nCE3U_a0428d1a.png"
        ],
        "members": [],
        "source": {
          "provider": "fumi Diary 2号店",
          "url": "http://blog.livedoor.jp/fumichen2/",
          "mapId": "",
          "layer": "PV&ジャケット写真",
          "tags": [
            "PV&ジャケット写真"
          ],
          "name": "神宮前五丁目交差点"
        },
        "classification": {
          "category": "PV&ジャケット写真",
          "subcategory": "PV&ジャケット写真",
          "method": "legacy-import",
          "status": "unreviewed"
        },
        "classificationCandidates": {
          "members": [],
          "projects": [],
          "contentTypes": []
        }
      }
    },
    {
      "type": "Feature",
      "geometry": {
        "type": "Point",
        "coordinates": [
          139.7032279,
          35.6582445
        ]
      },
      "properties": {
        "id": "fumi-374",
        "name": "渋谷駅東口歩道橋",
        "category": "PV&ジャケット写真",
        "subcategory": "PV&ジャケット写真",
        "categoryColor": "#e11d48",
        "address": "",
        "sceneTitle": "渋谷駅東口歩道橋",
        "sceneNote": "説明: 櫻坂46「Nobody's fault」PV撮影場所 (武元唯衣) http://blog.livedoor.jp/fumichen2/archives/55209366.html 住所: 〒150-0002 東京都渋谷区渋谷2-22-11 https://www.youtube.com/embed/fagRTasDcKo",
        "sourceLabel": "fumi Diary 2号店",
        "sourceUrl": "https://www.youtube.com/watch?v=fagRTasDcKo",
        "tags": [
          "PV&ジャケット写真"
        ],
        "images": [
          "https://pub-6d7574c4452b41519ab8adf1541d7f9e.r2.dev/seichi/sakurazaka/3AAjQbR4j6JSo344btBmaP22k74_KYvRHKEFGFED_ccf7f925.png",
          "https://img.youtube.com/vi/fagRTasDcKo/hqdefault.jpg"
        ],
        "members": [],
        "source": {
          "provider": "fumi Diary 2号店",
          "url": "https://www.youtube.com/watch?v=fagRTasDcKo",
          "mapId": "",
          "layer": "PV&ジャケット写真",
          "tags": [
            "PV&ジャケット写真"
          ],
          "name": "渋谷駅東口歩道橋"
        },
        "classification": {
          "category": "PV&ジャケット写真",
          "subcategory": "PV&ジャケット写真",
          "method": "legacy-import",
          "status": "unreviewed"
        },
        "classificationCandidates": {
          "members": [],
          "projects": [],
          "contentTypes": []
        }
      }
    },
    {
      "type": "Feature",
      "geometry": {
        "type": "Point",
        "coordinates": [
          139.7022742,
          35.661458
        ]
      },
      "properties": {
        "id": "fumi-375",
        "name": "宮下第一歩道橋",
        "category": "PV&ジャケット写真",
        "subcategory": "PV&ジャケット写真",
        "categoryColor": "#e11d48",
        "address": "",
        "sceneTitle": "宮下第一歩道橋",
        "sceneNote": "説明: 櫻坂46「Nobody's fault」PV撮影場所 (土生瑞穂、松田里奈、小池美波、菅井友香) http://blog.livedoor.jp/fumichen2/archives/55209366.html 住所: 〒150-8340 東京都渋谷区渋谷1-16-14 https://www.youtube.com/embed/fagRTasDcKo",
        "sourceLabel": "fumi Diary 2号店",
        "sourceUrl": "https://www.youtube.com/watch?v=fagRTasDcKo",
        "tags": [
          "PV&ジャケット写真"
        ],
        "images": [
          "https://pub-6d7574c4452b41519ab8adf1541d7f9e.r2.dev/seichi/sakurazaka/3AAjQbR5_9luhPM8VAF2vIzrNrpDRhFwWo9EUIBx_e3de34c5.png",
          "https://pub-6d7574c4452b41519ab8adf1541d7f9e.r2.dev/seichi/sakurazaka/3AAjQbR5_KQct266tNCtRqfx7ejHMg-FxU6b4mx6_c8f1c3b3.png",
          "https://pub-6d7574c4452b41519ab8adf1541d7f9e.r2.dev/seichi/sakurazaka/3AAjQbR62IZum9pwfr1x5ANCSAHrs8WITIMaeT_I_faa50092.png",
          "https://pub-6d7574c4452b41519ab8adf1541d7f9e.r2.dev/seichi/sakurazaka/3AAjQbR7e5y5UAw2AxnDuZB0kam4cb-F3vUzfpT__80832325.png",
          "https://img.youtube.com/vi/fagRTasDcKo/hqdefault.jpg"
        ],
        "members": [],
        "source": {
          "provider": "fumi Diary 2号店",
          "url": "https://www.youtube.com/watch?v=fagRTasDcKo",
          "mapId": "",
          "layer": "PV&ジャケット写真",
          "tags": [
            "PV&ジャケット写真"
          ],
          "name": "宮下第一歩道橋"
        },
        "classification": {
          "category": "PV&ジャケット写真",
          "subcategory": "PV&ジャケット写真",
          "method": "legacy-import",
          "status": "unreviewed"
        },
        "classificationCandidates": {
          "members": [],
          "projects": [],
          "contentTypes": []
        }
      }
    },
    {
      "type": "Feature",
      "geometry": {
        "type": "Point",
        "coordinates": [
          139.703212,
          35.65828
        ]
      },
      "properties": {
        "id": "fumi-376",
        "name": "渋谷駅東口交差点",
        "category": "PV&ジャケット写真",
        "subcategory": "PV&ジャケット写真",
        "categoryColor": "#e11d48",
        "address": "",
        "sceneTitle": "渋谷駅東口交差点",
        "sceneNote": "説明: 櫻坂46「Nobody's fault」PV撮影場所 (大園玲) http://blog.livedoor.jp/fumichen2/archives/55209366.html 住所: 〒150-0002 東京都渋谷区渋谷2-22-11 https://www.youtube.com/embed/fagRTasDcKo",
        "sourceLabel": "fumi Diary 2号店",
        "sourceUrl": "https://www.youtube.com/watch?v=fagRTasDcKo",
        "tags": [
          "PV&ジャケット写真"
        ],
        "images": [
          "https://pub-6d7574c4452b41519ab8adf1541d7f9e.r2.dev/seichi/sakurazaka/3AAjQbR566mrmNZOKcn5lLw134xr6zS0Vb5-43ml_dbc915a8.png",
          "https://img.youtube.com/vi/fagRTasDcKo/hqdefault.jpg"
        ],
        "members": [],
        "source": {
          "provider": "fumi Diary 2号店",
          "url": "https://www.youtube.com/watch?v=fagRTasDcKo",
          "mapId": "",
          "layer": "PV&ジャケット写真",
          "tags": [
            "PV&ジャケット写真"
          ],
          "name": "渋谷駅東口交差点"
        },
        "classification": {
          "category": "PV&ジャケット写真",
          "subcategory": "PV&ジャケット写真",
          "method": "legacy-import",
          "status": "unreviewed"
        },
        "classificationCandidates": {
          "members": [],
          "projects": [],
          "contentTypes": []
        }
      }
    },
    {
      "type": "Feature",
      "geometry": {
        "type": "Point",
        "coordinates": [
          139.7023744,
          35.6617163
        ]
      },
      "properties": {
        "id": "fumi-377",
        "name": "宮下公園交差点",
        "category": "PV&ジャケット写真",
        "subcategory": "PV&ジャケット写真",
        "categoryColor": "#e11d48",
        "address": "",
        "sceneTitle": "宮下公園交差点",
        "sceneNote": "説明: 櫻坂46「Nobody's fault」PV撮影場所 (山﨑天) http://blog.livedoor.jp/fumichen2/archives/55209366.html 住所: 〒150-8340 東京都渋谷区渋谷1-16-14 https://www.youtube.com/embed/fagRTasDcKo",
        "sourceLabel": "fumi Diary 2号店",
        "sourceUrl": "https://www.youtube.com/watch?v=fagRTasDcKo",
        "tags": [
          "PV&ジャケット写真"
        ],
        "images": [
          "https://pub-6d7574c4452b41519ab8adf1541d7f9e.r2.dev/seichi/sakurazaka/3AAjQbR5TnvqGSTOqJavawX37Y7BT5cjn24PuYw2_5a5e7b61.png",
          "https://img.youtube.com/vi/fagRTasDcKo/hqdefault.jpg"
        ],
        "members": [],
        "source": {
          "provider": "fumi Diary 2号店",
          "url": "https://www.youtube.com/watch?v=fagRTasDcKo",
          "mapId": "",
          "layer": "PV&ジャケット写真",
          "tags": [
            "PV&ジャケット写真"
          ],
          "name": "宮下公園交差点"
        },
        "classification": {
          "category": "PV&ジャケット写真",
          "subcategory": "PV&ジャケット写真",
          "method": "legacy-import",
          "status": "unreviewed"
        },
        "classificationCandidates": {
          "members": [],
          "projects": [],
          "contentTypes": []
        }
      }
    },
    {
      "type": "Feature",
      "geometry": {
        "type": "Point",
        "coordinates": [
          139.7030394,
          35.6582408
        ]
      },
      "properties": {
        "id": "fumi-378",
        "name": "渋谷駅東口歩道橋",
        "category": "PV&ジャケット写真",
        "subcategory": "PV&ジャケット写真",
        "categoryColor": "#e11d48",
        "address": "",
        "sceneTitle": "渋谷駅東口歩道橋",
        "sceneNote": "説明: 櫻坂46「Nobody's fault」PV撮影場所 (小林由依) http://blog.livedoor.jp/fumichen2/archives/55209366.html 住所: 〒150-0002 東京都渋谷区渋谷2-22-11 https://www.youtube.com/embed/fagRTasDcKo",
        "sourceLabel": "fumi Diary 2号店",
        "sourceUrl": "https://www.youtube.com/watch?v=fagRTasDcKo",
        "tags": [
          "PV&ジャケット写真"
        ],
        "images": [
          "https://pub-6d7574c4452b41519ab8adf1541d7f9e.r2.dev/seichi/sakurazaka/3AAjQbR7WtJCbaaJ2Em2xlO_EDdW-Usqna2ROJsd_3c9311cb.png",
          "https://img.youtube.com/vi/fagRTasDcKo/hqdefault.jpg"
        ],
        "members": [],
        "source": {
          "provider": "fumi Diary 2号店",
          "url": "https://www.youtube.com/watch?v=fagRTasDcKo",
          "mapId": "",
          "layer": "PV&ジャケット写真",
          "tags": [
            "PV&ジャケット写真"
          ],
          "name": "渋谷駅東口歩道橋"
        },
        "classification": {
          "category": "PV&ジャケット写真",
          "subcategory": "PV&ジャケット写真",
          "method": "legacy-import",
          "status": "unreviewed"
        },
        "classificationCandidates": {
          "members": [],
          "projects": [],
          "contentTypes": []
        }
      }
    },
    {
      "type": "Feature",
      "geometry": {
        "type": "Point",
        "coordinates": [
          139.702401,
          35.66102
        ]
      },
      "properties": {
        "id": "fumi-379",
        "name": "明治通り",
        "category": "PV&ジャケット写真",
        "subcategory": "PV&ジャケット写真",
        "categoryColor": "#e11d48",
        "address": "",
        "sceneTitle": "明治通り",
        "sceneNote": "説明: 櫻坂46「Nobody's fault」PV撮影場所 (渡邉理佐) http://blog.livedoor.jp/fumichen2/archives/55209366.html 住所: 〒150-0002 東京都渋谷区渋谷1-16-9 https://www.youtube.com/embed/fagRTasDcKo",
        "sourceLabel": "fumi Diary 2号店",
        "sourceUrl": "https://www.youtube.com/watch?v=fagRTasDcKo",
        "tags": [
          "PV&ジャケット写真"
        ],
        "images": [
          "https://pub-6d7574c4452b41519ab8adf1541d7f9e.r2.dev/seichi/sakurazaka/3AAjQbR6VmqnGfzTo7OHdKL6RlaUScXiBMsTH4Id_f84d8bbd.png",
          "https://img.youtube.com/vi/fagRTasDcKo/hqdefault.jpg"
        ],
        "members": [],
        "source": {
          "provider": "fumi Diary 2号店",
          "url": "https://www.youtube.com/watch?v=fagRTasDcKo",
          "mapId": "",
          "layer": "PV&ジャケット写真",
          "tags": [
            "PV&ジャケット写真"
          ],
          "name": "明治通り"
        },
        "classification": {
          "category": "PV&ジャケット写真",
          "subcategory": "PV&ジャケット写真",
          "method": "legacy-import",
          "status": "unreviewed"
        },
        "classificationCandidates": {
          "members": [],
          "projects": [],
          "contentTypes": []
        }
      }
    },
    {
      "type": "Feature",
      "geometry": {
        "type": "Point",
        "coordinates": [
          139.7006296,
          35.6593284
        ]
      },
      "properties": {
        "id": "fumi-380",
        "name": "渋谷駅前交差点",
        "category": "PV&ジャケット写真",
        "subcategory": "PV&ジャケット写真",
        "categoryColor": "#e11d48",
        "address": "",
        "sceneTitle": "渋谷駅前交差点",
        "sceneNote": "説明: 櫻坂46「Nobody's fault」PV撮影場所 (森田ひかる) http://blog.livedoor.jp/fumichen2/archives/55209366.html 住所: 〒150-0043 東京都渋谷区道玄坂2-1-1 https://www.youtube.com/embed/fagRTasDcKo",
        "sourceLabel": "fumi Diary 2号店",
        "sourceUrl": "https://www.youtube.com/watch?v=fagRTasDcKo",
        "tags": [
          "PV&ジャケット写真"
        ],
        "images": [
          "https://pub-6d7574c4452b41519ab8adf1541d7f9e.r2.dev/seichi/sakurazaka/3AAjQbR5AuKJKZFQ8E7ljqjAa4TG7IEISo-yfjkQ_17232621.png",
          "https://img.youtube.com/vi/fagRTasDcKo/hqdefault.jpg"
        ],
        "members": [],
        "source": {
          "provider": "fumi Diary 2号店",
          "url": "https://www.youtube.com/watch?v=fagRTasDcKo",
          "mapId": "",
          "layer": "PV&ジャケット写真",
          "tags": [
            "PV&ジャケット写真"
          ],
          "name": "渋谷駅前交差点"
        },
        "classification": {
          "category": "PV&ジャケット写真",
          "subcategory": "PV&ジャケット写真",
          "method": "legacy-import",
          "status": "unreviewed"
        },
        "classificationCandidates": {
          "members": [],
          "projects": [],
          "contentTypes": []
        }
      }
    },
    {
      "type": "Feature",
      "geometry": {
        "type": "Point",
        "coordinates": [
          139.123495,
          35.811577
        ]
      },
      "properties": {
        "id": "fumi-381",
        "name": "白丸ダム魚道",
        "category": "PV&ジャケット写真",
        "subcategory": "PV&ジャケット写真",
        "categoryColor": "#e11d48",
        "address": "",
        "sceneTitle": "白丸ダム魚道",
        "sceneNote": "説明: 櫻坂46「なぜ 恋をして来なかったんだろう？」PV撮影場所 http://blog.livedoor.jp/fumichen2/archives/55218699.html 住所: 〒198-0106 東京都西多摩郡奥多摩町棚澤 https://www.youtube.com/embed/S4gEJIyLHlM",
        "sourceLabel": "fumi Diary 2号店",
        "sourceUrl": "https://www.youtube.com/watch?v=S4gEJIyLHlM",
        "tags": [
          "PV&ジャケット写真"
        ],
        "images": [
          "https://pub-6d7574c4452b41519ab8adf1541d7f9e.r2.dev/seichi/sakurazaka/3AAjQbR7RfvvLW9ijTuDKbw32whrIT9Wocuvevq__5aa443c9.png",
          "https://img.youtube.com/vi/S4gEJIyLHlM/hqdefault.jpg"
        ],
        "members": [],
        "source": {
          "provider": "fumi Diary 2号店",
          "url": "https://www.youtube.com/watch?v=S4gEJIyLHlM",
          "mapId": "",
          "layer": "PV&ジャケット写真",
          "tags": [
            "PV&ジャケット写真"
          ],
          "name": "白丸ダム魚道"
        },
        "classification": {
          "category": "PV&ジャケット写真",
          "subcategory": "PV&ジャケット写真",
          "method": "legacy-import",
          "status": "unreviewed"
        },
        "classificationCandidates": {
          "members": [],
          "projects": [],
          "contentTypes": []
        }
      }
    },
    {
      "type": "Feature",
      "geometry": {
        "type": "Point",
        "coordinates": [
          139.5649686,
          35.5870801
        ]
      },
      "properties": {
        "id": "fumi-382",
        "name": "Avaco Studio さぎ沼スタジオ S-2スタジオ",
        "category": "PV&ジャケット写真",
        "subcategory": "PV&ジャケット写真",
        "categoryColor": "#e11d48",
        "address": "",
        "sceneTitle": "Avaco Studio さぎ沼スタジオ S-2スタジオ",
        "sceneNote": "説明: 櫻坂46「なぜ 恋をして来なかったんだろう？」PV撮影場所 http://blog.livedoor.jp/fumichen2/archives/55218699.html 住所: 〒216-0011 神奈川県川崎市宮前区犬蔵2-17-7 https://www.youtube.com/embed/S4gEJIyLHlM",
        "sourceLabel": "fumi Diary 2号店",
        "sourceUrl": "https://www.youtube.com/watch?v=S4gEJIyLHlM",
        "tags": [
          "PV&ジャケット写真"
        ],
        "images": [
          "https://pub-6d7574c4452b41519ab8adf1541d7f9e.r2.dev/seichi/sakurazaka/3AAjQbR4kV4e3fCLVq9gzTUtj79AEA1sd3dotJfw_21ffa60d.png",
          "https://img.youtube.com/vi/S4gEJIyLHlM/hqdefault.jpg"
        ],
        "members": [],
        "source": {
          "provider": "fumi Diary 2号店",
          "url": "https://www.youtube.com/watch?v=S4gEJIyLHlM",
          "mapId": "",
          "layer": "PV&ジャケット写真",
          "tags": [
            "PV&ジャケット写真"
          ],
          "name": "Avaco Studio さぎ沼スタジオ S-2スタジオ"
        },
        "classification": {
          "category": "PV&ジャケット写真",
          "subcategory": "PV&ジャケット写真",
          "method": "legacy-import",
          "status": "unreviewed"
        },
        "classificationCandidates": {
          "members": [],
          "projects": [],
          "contentTypes": []
        }
      }
    },
    {
      "type": "Feature",
      "geometry": {
        "type": "Point",
        "coordinates": [
          139.6978946,
          35.6915807
        ]
      },
      "properties": {
        "id": "fumi-383",
        "name": "新宿小田急パーク 屋上",
        "category": "PV&ジャケット写真",
        "subcategory": "PV&ジャケット写真",
        "categoryColor": "#e11d48",
        "address": "",
        "sceneTitle": "新宿小田急パーク 屋上",
        "sceneNote": "説明: 櫻坂46「Buddies」PV撮影場所 http://blog.livedoor.jp/fumichen2/archives/55254469.html 住所: 〒160-0023 東京都新宿区西新宿1丁目7-2 https://www.youtube.com/embed/yT5S7Cy5cCE",
        "sourceLabel": "fumi Diary 2号店",
        "sourceUrl": "https://www.youtube.com/watch?v=yT5S7Cy5cCE",
        "tags": [
          "PV&ジャケット写真"
        ],
        "images": [
          "https://pub-6d7574c4452b41519ab8adf1541d7f9e.r2.dev/seichi/sakurazaka/3AAjQbR4d8I9yMxrPmPR3cU7zYp6iP4dDn7iBGCj_000ce581.png",
          "https://img.youtube.com/vi/yT5S7Cy5cCE/hqdefault.jpg"
        ],
        "members": [],
        "source": {
          "provider": "fumi Diary 2号店",
          "url": "https://www.youtube.com/watch?v=yT5S7Cy5cCE",
          "mapId": "",
          "layer": "PV&ジャケット写真",
          "tags": [
            "PV&ジャケット写真"
          ],
          "name": "新宿小田急パーク 屋上"
        },
        "classification": {
          "category": "PV&ジャケット写真",
          "subcategory": "PV&ジャケット写真",
          "method": "legacy-import",
          "status": "unreviewed"
        },
        "classificationCandidates": {
          "members": [],
          "projects": [],
          "contentTypes": []
        }
      }
    },
    {
      "type": "Feature",
      "geometry": {
        "type": "Point",
        "coordinates": [
          139.701856,
          35.662661
        ]
      },
      "properties": {
        "id": "fumi-384",
        "name": "宮下公園",
        "category": "PV&ジャケット写真",
        "subcategory": "PV&ジャケット写真",
        "categoryColor": "#e11d48",
        "address": "",
        "sceneTitle": "宮下公園",
        "sceneNote": "説明: 櫻坂46「Buddies」PV撮影場所 http://blog.livedoor.jp/fumichen2/archives/55254469.html 住所: 〒150-0002 東京都渋谷区渋谷1-26-5 https://www.youtube.com/embed/yT5S7Cy5cCE",
        "sourceLabel": "fumi Diary 2号店",
        "sourceUrl": "https://www.youtube.com/watch?v=yT5S7Cy5cCE",
        "tags": [
          "PV&ジャケット写真"
        ],
        "images": [
          "https://pub-6d7574c4452b41519ab8adf1541d7f9e.r2.dev/seichi/sakurazaka/3AAjQbR7WHr0LsmHnZ661SoE7ylCHSBNK5rrcfyQ_ec349a45.png",
          "https://img.youtube.com/vi/yT5S7Cy5cCE/hqdefault.jpg"
        ],
        "members": [],
        "source": {
          "provider": "fumi Diary 2号店",
          "url": "https://www.youtube.com/watch?v=yT5S7Cy5cCE",
          "mapId": "",
          "layer": "PV&ジャケット写真",
          "tags": [
            "PV&ジャケット写真"
          ],
          "name": "宮下公園"
        },
        "classification": {
          "category": "PV&ジャケット写真",
          "subcategory": "PV&ジャケット写真",
          "method": "legacy-import",
          "status": "unreviewed"
        },
        "classificationCandidates": {
          "members": [],
          "projects": [],
          "contentTypes": []
        }
      }
    },
    {
      "type": "Feature",
      "geometry": {
        "type": "Point",
        "coordinates": [
          139.7595604,
          35.6662364
        ]
      },
      "properties": {
        "id": "fumi-385",
        "name": "新橋駅前ビル1号館",
        "category": "PV&ジャケット写真",
        "subcategory": "PV&ジャケット写真",
        "categoryColor": "#e11d48",
        "address": "",
        "sceneTitle": "新橋駅前ビル1号館",
        "sceneNote": "説明: 櫻坂46「Buddies」PV撮影場所 http://blog.livedoor.jp/fumichen2/archives/55254469.html 住所: 〒105-0004 東京都港区新橋2-20-15 https://www.youtube.com/embed/yT5S7Cy5cCE",
        "sourceLabel": "fumi Diary 2号店",
        "sourceUrl": "https://www.youtube.com/watch?v=yT5S7Cy5cCE",
        "tags": [
          "PV&ジャケット写真"
        ],
        "images": [
          "https://pub-6d7574c4452b41519ab8adf1541d7f9e.r2.dev/seichi/sakurazaka/3AAjQbR78fswYnfb_VHv9nWzMnk3dfBO3AAdn8w0_715a0fa1.png",
          "https://pub-6d7574c4452b41519ab8adf1541d7f9e.r2.dev/seichi/sakurazaka/3AAjQbR6SsJr4NNn1vXLUjGOOeQTW-a0mOq_HNbd_5156e9be.png",
          "https://img.youtube.com/vi/yT5S7Cy5cCE/hqdefault.jpg"
        ],
        "members": [],
        "source": {
          "provider": "fumi Diary 2号店",
          "url": "https://www.youtube.com/watch?v=yT5S7Cy5cCE",
          "mapId": "",
          "layer": "PV&ジャケット写真",
          "tags": [
            "PV&ジャケット写真"
          ],
          "name": "新橋駅前ビル1号館"
        },
        "classification": {
          "category": "PV&ジャケット写真",
          "subcategory": "PV&ジャケット写真",
          "method": "legacy-import",
          "status": "unreviewed"
        },
        "classificationCandidates": {
          "members": [],
          "projects": [],
          "contentTypes": []
        }
      }
    },
    {
      "type": "Feature",
      "geometry": {
        "type": "Point",
        "coordinates": [
          139.7589639,
          35.6655356
        ]
      },
      "properties": {
        "id": "fumi-386",
        "name": "新橋駅前ビル2号館",
        "category": "PV&ジャケット写真",
        "subcategory": "PV&ジャケット写真",
        "categoryColor": "#e11d48",
        "address": "",
        "sceneTitle": "新橋駅前ビル2号館",
        "sceneNote": "説明: 櫻坂46「Buddies」PV撮影場所 (小池美波、小林由依) http://blog.livedoor.jp/fumichen2/archives/55254469.html 住所: 〒105-0004 東京都港区新橋2-21-1 https://www.youtube.com/embed/yT5S7Cy5cCE",
        "sourceLabel": "fumi Diary 2号店",
        "sourceUrl": "https://www.youtube.com/watch?v=yT5S7Cy5cCE",
        "tags": [
          "PV&ジャケット写真"
        ],
        "images": [
          "https://pub-6d7574c4452b41519ab8adf1541d7f9e.r2.dev/seichi/sakurazaka/3AAjQbR6o-3h8pKX23tMgnOhneazAtrIo79E2MKy_9713a38f.png",
          "https://pub-6d7574c4452b41519ab8adf1541d7f9e.r2.dev/seichi/sakurazaka/3AAjQbR409TRVhpqHqTo1xGV6o8WhUMzRvTn3xp0_85f82dd1.png",
          "https://img.youtube.com/vi/yT5S7Cy5cCE/hqdefault.jpg"
        ],
        "members": [],
        "source": {
          "provider": "fumi Diary 2号店",
          "url": "https://www.youtube.com/watch?v=yT5S7Cy5cCE",
          "mapId": "",
          "layer": "PV&ジャケット写真",
          "tags": [
            "PV&ジャケット写真"
          ],
          "name": "新橋駅前ビル2号館"
        },
        "classification": {
          "category": "PV&ジャケット写真",
          "subcategory": "PV&ジャケット写真",
          "method": "legacy-import",
          "status": "unreviewed"
        },
        "classificationCandidates": {
          "members": [],
          "projects": [],
          "contentTypes": []
        }
      }
    },
    {
      "type": "Feature",
      "geometry": {
        "type": "Point",
        "coordinates": [
          139.7021512,
          35.6968682
        ]
      },
      "properties": {
        "id": "fumi-387",
        "name": "三幸ビルB館 屋上",
        "category": "PV&ジャケット写真",
        "subcategory": "PV&ジャケット写真",
        "categoryColor": "#e11d48",
        "address": "",
        "sceneTitle": "三幸ビルB館 屋上",
        "sceneNote": "説明: 櫻坂46「Buddies」PV撮影場所 (上村莉菜、松平璃子、森田ひかる) http://blog.livedoor.jp/fumichen2/archives/55254469.html 住所: 〒160-0021 東京都新宿区歌舞伎町2-39-2 https://www.youtube.com/embed/yT5S7Cy5cCE",
        "sourceLabel": "fumi Diary 2号店",
        "sourceUrl": "https://www.youtube.com/watch?v=yT5S7Cy5cCE",
        "tags": [
          "PV&ジャケット写真"
        ],
        "images": [
          "https://pub-6d7574c4452b41519ab8adf1541d7f9e.r2.dev/seichi/sakurazaka/3AAjQbR5EUrMofrH8yiGN6I5e2y0A4uBtc5RudD1_d4fd7183.png",
          "https://pub-6d7574c4452b41519ab8adf1541d7f9e.r2.dev/seichi/sakurazaka/3AAjQbR4Dr5xvN08iQZLED0eU2GXkffGzKb6nP6__8c4fb809.png",
          "https://img.youtube.com/vi/yT5S7Cy5cCE/hqdefault.jpg"
        ],
        "members": [],
        "source": {
          "provider": "fumi Diary 2号店",
          "url": "https://www.youtube.com/watch?v=yT5S7Cy5cCE",
          "mapId": "",
          "layer": "PV&ジャケット写真",
          "tags": [
            "PV&ジャケット写真"
          ],
          "name": "三幸ビルB館 屋上"
        },
        "classification": {
          "category": "PV&ジャケット写真",
          "subcategory": "PV&ジャケット写真",
          "method": "legacy-import",
          "status": "unreviewed"
        },
        "classificationCandidates": {
          "members": [],
          "projects": [],
          "contentTypes": []
        }
      }
    },
    {
      "type": "Feature",
      "geometry": {
        "type": "Point",
        "coordinates": [
          139.6982708,
          35.6876481
        ]
      },
      "properties": {
        "id": "fumi-388",
        "name": "JR九州ホテルブラッサム新宿 屋上",
        "category": "PV&ジャケット写真",
        "subcategory": "PV&ジャケット写真",
        "categoryColor": "#e11d48",
        "address": "",
        "sceneTitle": "JR九州ホテルブラッサム新宿 屋上",
        "sceneNote": "説明: 櫻坂46「Buddies」PV撮影場所 (山﨑天) http://blog.livedoor.jp/fumichen2/archives/55254469.html 住所: 〒151-0053 東京都渋谷区代々木2-6-2 https://www.youtube.com/embed/yT5S7Cy5cCE",
        "sourceLabel": "fumi Diary 2号店",
        "sourceUrl": "https://www.youtube.com/watch?v=yT5S7Cy5cCE",
        "tags": [
          "PV&ジャケット写真"
        ],
        "images": [
          "https://pub-6d7574c4452b41519ab8adf1541d7f9e.r2.dev/seichi/sakurazaka/3AAjQbR69l4DxsxoXRqT23DBpTIsuhFuI0spdOYU_61231e5e.png",
          "https://img.youtube.com/vi/yT5S7Cy5cCE/hqdefault.jpg"
        ],
        "members": [],
        "source": {
          "provider": "fumi Diary 2号店",
          "url": "https://www.youtube.com/watch?v=yT5S7Cy5cCE",
          "mapId": "",
          "layer": "PV&ジャケット写真",
          "tags": [
            "PV&ジャケット写真"
          ],
          "name": "JR九州ホテルブラッサム新宿 屋上"
        },
        "classification": {
          "category": "PV&ジャケット写真",
          "subcategory": "PV&ジャケット写真",
          "method": "legacy-import",
          "status": "unreviewed"
        },
        "classificationCandidates": {
          "members": [],
          "projects": [],
          "contentTypes": []
        }
      }
    },
    {
      "type": "Feature",
      "geometry": {
        "type": "Point",
        "coordinates": [
          139.6971176,
          35.6929889
        ]
      },
      "properties": {
        "id": "fumi-389",
        "name": "新都心歩道橋",
        "category": "PV&ジャケット写真",
        "subcategory": "PV&ジャケット写真",
        "categoryColor": "#e11d48",
        "address": "",
        "sceneTitle": "新都心歩道橋",
        "sceneNote": "説明: 櫻坂46「Buddies」PV撮影場所 (渡邉理佐) http://blog.livedoor.jp/fumichen2/archives/55254469.html 住所: 〒160-0023 東京都新宿区西新宿7-12 https://www.youtube.com/embed/yT5S7Cy5cCE",
        "sourceLabel": "fumi Diary 2号店",
        "sourceUrl": "https://www.youtube.com/watch?v=yT5S7Cy5cCE",
        "tags": [
          "PV&ジャケット写真"
        ],
        "images": [
          "https://pub-6d7574c4452b41519ab8adf1541d7f9e.r2.dev/seichi/sakurazaka/3AAjQbR6Vtngq4s8kjdJvAFJuAXmpPL9c4POxzDo_1950a214.png",
          "https://pub-6d7574c4452b41519ab8adf1541d7f9e.r2.dev/seichi/sakurazaka/3AAjQbR4UourEsZoYQSxTntMj-ypWGg0pqzWudns_5b919d7b.png",
          "https://img.youtube.com/vi/yT5S7Cy5cCE/hqdefault.jpg"
        ],
        "members": [],
        "source": {
          "provider": "fumi Diary 2号店",
          "url": "https://www.youtube.com/watch?v=yT5S7Cy5cCE",
          "mapId": "",
          "layer": "PV&ジャケット写真",
          "tags": [
            "PV&ジャケット写真"
          ],
          "name": "新都心歩道橋"
        },
        "classification": {
          "category": "PV&ジャケット写真",
          "subcategory": "PV&ジャケット写真",
          "method": "legacy-import",
          "status": "unreviewed"
        },
        "classificationCandidates": {
          "members": [],
          "projects": [],
          "contentTypes": []
        }
      }
    },
    {
      "type": "Feature",
      "geometry": {
        "type": "Point",
        "coordinates": [
          139.704613,
          35.694035
        ]
      },
      "properties": {
        "id": "fumi-390",
        "name": "あかるい花園三番街",
        "category": "PV&ジャケット写真",
        "subcategory": "PV&ジャケット写真",
        "categoryColor": "#e11d48",
        "address": "",
        "sceneTitle": "あかるい花園三番街",
        "sceneNote": "説明: 櫻坂46「Buddies」PV撮影場所 (小林由依、山﨑天、渡邉理佐) http://blog.livedoor.jp/fumichen2/archives/55254469.html 住所: 〒160-0021 東京都新宿区歌舞伎町1丁目1 https://www.youtube.com/embed/yT5S7Cy5cCE",
        "sourceLabel": "fumi Diary 2号店",
        "sourceUrl": "https://www.youtube.com/watch?v=yT5S7Cy5cCE",
        "tags": [
          "PV&ジャケット写真"
        ],
        "images": [
          "https://pub-6d7574c4452b41519ab8adf1541d7f9e.r2.dev/seichi/sakurazaka/3AAjQbR6Coz8KoFcv4Ns1xEmdCbMI0nyw1RqA5yb_32a26a52.png",
          "https://img.youtube.com/vi/yT5S7Cy5cCE/hqdefault.jpg"
        ],
        "members": [],
        "source": {
          "provider": "fumi Diary 2号店",
          "url": "https://www.youtube.com/watch?v=yT5S7Cy5cCE",
          "mapId": "",
          "layer": "PV&ジャケット写真",
          "tags": [
            "PV&ジャケット写真"
          ],
          "name": "あかるい花園三番街"
        },
        "classification": {
          "category": "PV&ジャケット写真",
          "subcategory": "PV&ジャケット写真",
          "method": "legacy-import",
          "status": "unreviewed"
        },
        "classificationCandidates": {
          "members": [],
          "projects": [],
          "contentTypes": []
        }
      }
    },
    {
      "type": "Feature",
      "geometry": {
        "type": "Point",
        "coordinates": [
          139.704697,
          35.694013
        ]
      },
      "properties": {
        "id": "fumi-391",
        "name": "あかるい花園三番街",
        "category": "PV&ジャケット写真",
        "subcategory": "PV&ジャケット写真",
        "categoryColor": "#e11d48",
        "address": "",
        "sceneTitle": "あかるい花園三番街",
        "sceneNote": "説明: 櫻坂46「Buddies」PV撮影場所 (田村保乃) http://blog.livedoor.jp/fumichen2/archives/55254469.html 住所: 〒160-0021 東京都新宿区歌舞伎町1丁目1 https://www.youtube.com/embed/yT5S7Cy5cCE",
        "sourceLabel": "fumi Diary 2号店",
        "sourceUrl": "https://www.youtube.com/watch?v=yT5S7Cy5cCE",
        "tags": [
          "PV&ジャケット写真"
        ],
        "images": [
          "https://pub-6d7574c4452b41519ab8adf1541d7f9e.r2.dev/seichi/sakurazaka/3AAjQbR6ZJvR2O_qI1tyJzZ205Ff375R33_dNyMv_5983d3d7.png",
          "https://img.youtube.com/vi/yT5S7Cy5cCE/hqdefault.jpg"
        ],
        "members": [],
        "source": {
          "provider": "fumi Diary 2号店",
          "url": "https://www.youtube.com/watch?v=yT5S7Cy5cCE",
          "mapId": "",
          "layer": "PV&ジャケット写真",
          "tags": [
            "PV&ジャケット写真"
          ],
          "name": "あかるい花園三番街"
        },
        "classification": {
          "category": "PV&ジャケット写真",
          "subcategory": "PV&ジャケット写真",
          "method": "legacy-import",
          "status": "unreviewed"
        },
        "classificationCandidates": {
          "members": [],
          "projects": [],
          "contentTypes": []
        }
      }
    },
    {
      "type": "Feature",
      "geometry": {
        "type": "Point",
        "coordinates": [
          139.704669,
          35.693962
        ]
      },
      "properties": {
        "id": "fumi-392",
        "name": "あかるい花園三番街",
        "category": "PV&ジャケット写真",
        "subcategory": "PV&ジャケット写真",
        "categoryColor": "#e11d48",
        "address": "",
        "sceneTitle": "あかるい花園三番街",
        "sceneNote": "説明: 櫻坂46「Buddies」PV撮影場所 (田村保乃) http://blog.livedoor.jp/fumichen2/archives/55254469.html 住所: 〒160-0021 東京都新宿区歌舞伎町1丁目1 https://www.youtube.com/embed/yT5S7Cy5cCE",
        "sourceLabel": "fumi Diary 2号店",
        "sourceUrl": "https://www.youtube.com/watch?v=yT5S7Cy5cCE",
        "tags": [
          "PV&ジャケット写真"
        ],
        "images": [
          "https://pub-6d7574c4452b41519ab8adf1541d7f9e.r2.dev/seichi/sakurazaka/3AAjQbR6gt45tnSxkykFFxmSpobY_naQjYlPBW1-_fa7e6a1e.png",
          "https://img.youtube.com/vi/yT5S7Cy5cCE/hqdefault.jpg"
        ],
        "members": [],
        "source": {
          "provider": "fumi Diary 2号店",
          "url": "https://www.youtube.com/watch?v=yT5S7Cy5cCE",
          "mapId": "",
          "layer": "PV&ジャケット写真",
          "tags": [
            "PV&ジャケット写真"
          ],
          "name": "あかるい花園三番街"
        },
        "classification": {
          "category": "PV&ジャケット写真",
          "subcategory": "PV&ジャケット写真",
          "method": "legacy-import",
          "status": "unreviewed"
        },
        "classificationCandidates": {
          "members": [],
          "projects": [],
          "contentTypes": []
        }
      }
    },
    {
      "type": "Feature",
      "geometry": {
        "type": "Point",
        "coordinates": [
          139.758283,
          35.660552
        ]
      },
      "properties": {
        "id": "fumi-393",
        "name": "山手線沿い",
        "category": "PV&ジャケット写真",
        "subcategory": "PV&ジャケット写真",
        "categoryColor": "#e11d48",
        "address": "",
        "sceneTitle": "山手線沿い",
        "sceneNote": "説明: 櫻坂46「Buddies」PV撮影場所 (藤吉夏鈴、小池美波、森田ひかる、田村保乃) http://blog.livedoor.jp/fumichen2/archives/55254469.html 住所: 〒105-0021 東京都港区東新橋2-18-3 https://www.youtube.com/embed/yT5S7Cy5cCE",
        "sourceLabel": "fumi Diary 2号店",
        "sourceUrl": "https://www.youtube.com/watch?v=yT5S7Cy5cCE",
        "tags": [
          "PV&ジャケット写真"
        ],
        "images": [
          "https://pub-6d7574c4452b41519ab8adf1541d7f9e.r2.dev/seichi/sakurazaka/3AAjQbR6r6-dySrUfV7NSMTKzOp_ukt43XFGxC6p_e5497300.png",
          "https://img.youtube.com/vi/yT5S7Cy5cCE/hqdefault.jpg"
        ],
        "members": [],
        "source": {
          "provider": "fumi Diary 2号店",
          "url": "https://www.youtube.com/watch?v=yT5S7Cy5cCE",
          "mapId": "",
          "layer": "PV&ジャケット写真",
          "tags": [
            "PV&ジャケット写真"
          ],
          "name": "山手線沿い"
        },
        "classification": {
          "category": "PV&ジャケット写真",
          "subcategory": "PV&ジャケット写真",
          "method": "legacy-import",
          "status": "unreviewed"
        },
        "classificationCandidates": {
          "members": [],
          "projects": [],
          "contentTypes": []
        }
      }
    },
    {
      "type": "Feature",
      "geometry": {
        "type": "Point",
        "coordinates": [
          139.7609382,
          35.6549518
        ]
      },
      "properties": {
        "id": "fumi-394",
        "name": "東京ポートシティ竹芝 SKIP TERRACE 4F",
        "category": "PV&ジャケット写真",
        "subcategory": "PV&ジャケット写真",
        "categoryColor": "#e11d48",
        "address": "",
        "sceneTitle": "東京ポートシティ竹芝 SKIP TERRACE 4F",
        "sceneNote": "説明: 櫻坂46「Buddies」PV撮影場所 (小池美波、？、齋藤冬優花) http://blog.livedoor.jp/fumichen2/archives/55254469.html 住所: 〒105-0022 東京都港区海岸1-7-1 https://www.youtube.com/embed/yT5S7Cy5cCE",
        "sourceLabel": "fumi Diary 2号店",
        "sourceUrl": "https://www.youtube.com/watch?v=yT5S7Cy5cCE",
        "tags": [
          "PV&ジャケット写真"
        ],
        "images": [
          "https://pub-6d7574c4452b41519ab8adf1541d7f9e.r2.dev/seichi/sakurazaka/3AAjQbR4bOhji9TIvRxdSXVEekTx9lPDSv_GCEwu_c4c885d7.png",
          "https://img.youtube.com/vi/yT5S7Cy5cCE/hqdefault.jpg"
        ],
        "members": [],
        "source": {
          "provider": "fumi Diary 2号店",
          "url": "https://www.youtube.com/watch?v=yT5S7Cy5cCE",
          "mapId": "",
          "layer": "PV&ジャケット写真",
          "tags": [
            "PV&ジャケット写真"
          ],
          "name": "東京ポートシティ竹芝 SKIP TERRACE 4F"
        },
        "classification": {
          "category": "PV&ジャケット写真",
          "subcategory": "PV&ジャケット写真",
          "method": "legacy-import",
          "status": "unreviewed"
        },
        "classificationCandidates": {
          "members": [],
          "projects": [],
          "contentTypes": []
        }
      }
    },
    {
      "type": "Feature",
      "geometry": {
        "type": "Point",
        "coordinates": [
          139.758329,
          35.66489
        ]
      },
      "properties": {
        "id": "fumi-395",
        "name": "日陰橋ガード下",
        "category": "PV&ジャケット写真",
        "subcategory": "PV&ジャケット写真",
        "categoryColor": "#e11d48",
        "address": "",
        "sceneTitle": "日陰橋ガード下",
        "sceneNote": "説明: 櫻坂46「Buddies」PV撮影場所 (菅井友香) http://blog.livedoor.jp/fumichen2/archives/55254469.html 住所: 〒105-0004 東京都港区新橋3-25-9 https://www.youtube.com/embed/yT5S7Cy5cCE",
        "sourceLabel": "fumi Diary 2号店",
        "sourceUrl": "https://www.youtube.com/watch?v=yT5S7Cy5cCE",
        "tags": [
          "PV&ジャケット写真"
        ],
        "images": [
          "https://pub-6d7574c4452b41519ab8adf1541d7f9e.r2.dev/seichi/sakurazaka/3AAjQbR4kb-4JzTUoodZye7uCVmAFuzOG1oVtleo_69c99768.png",
          "https://img.youtube.com/vi/yT5S7Cy5cCE/hqdefault.jpg"
        ],
        "members": [],
        "source": {
          "provider": "fumi Diary 2号店",
          "url": "https://www.youtube.com/watch?v=yT5S7Cy5cCE",
          "mapId": "",
          "layer": "PV&ジャケット写真",
          "tags": [
            "PV&ジャケット写真"
          ],
          "name": "日陰橋ガード下"
        },
        "classification": {
          "category": "PV&ジャケット写真",
          "subcategory": "PV&ジャケット写真",
          "method": "legacy-import",
          "status": "unreviewed"
        },
        "classificationCandidates": {
          "members": [],
          "projects": [],
          "contentTypes": []
        }
      }
    },
    {
      "type": "Feature",
      "geometry": {
        "type": "Point",
        "coordinates": [
          139.758373,
          35.664784
        ]
      },
      "properties": {
        "id": "fumi-396",
        "name": "芝口橋架道橋下",
        "category": "PV&ジャケット写真",
        "subcategory": "PV&ジャケット写真",
        "categoryColor": "#e11d48",
        "address": "",
        "sceneTitle": "芝口橋架道橋下",
        "sceneNote": "説明: 櫻坂46「Buddies」PV撮影場所 (菅井友香) http://blog.livedoor.jp/fumichen2/archives/55254469.html 住所: 〒105-0004 東京都港区新橋3-25-9 https://www.youtube.com/embed/yT5S7Cy5cCE",
        "sourceLabel": "fumi Diary 2号店",
        "sourceUrl": "https://www.youtube.com/watch?v=yT5S7Cy5cCE",
        "tags": [
          "PV&ジャケット写真"
        ],
        "images": [
          "https://pub-6d7574c4452b41519ab8adf1541d7f9e.r2.dev/seichi/sakurazaka/3AAjQbR7ylz65uUWFuepa3IicrvBtJCTpBHMn7nV_b705684a.png",
          "https://img.youtube.com/vi/yT5S7Cy5cCE/hqdefault.jpg"
        ],
        "members": [],
        "source": {
          "provider": "fumi Diary 2号店",
          "url": "https://www.youtube.com/watch?v=yT5S7Cy5cCE",
          "mapId": "",
          "layer": "PV&ジャケット写真",
          "tags": [
            "PV&ジャケット写真"
          ],
          "name": "芝口橋架道橋下"
        },
        "classification": {
          "category": "PV&ジャケット写真",
          "subcategory": "PV&ジャケット写真",
          "method": "legacy-import",
          "status": "unreviewed"
        },
        "classificationCandidates": {
          "members": [],
          "projects": [],
          "contentTypes": []
        }
      }
    },
    {
      "type": "Feature",
      "geometry": {
        "type": "Point",
        "coordinates": [
          139.760535,
          35.663693
        ]
      },
      "properties": {
        "id": "fumi-397",
        "name": "汐留駅前歩道橋",
        "category": "PV&ジャケット写真",
        "subcategory": "PV&ジャケット写真",
        "categoryColor": "#e11d48",
        "address": "",
        "sceneTitle": "汐留駅前歩道橋",
        "sceneNote": "説明: 櫻坂46「Buddies」PV撮影場所 (田村保乃、菅井友香) http://blog.livedoor.jp/fumichen2/archives/55254469.html 住所: 〒105-0021 東京都港区東新橋1丁目 https://www.youtube.com/embed/yT5S7Cy5cCE",
        "sourceLabel": "fumi Diary 2号店",
        "sourceUrl": "https://www.youtube.com/watch?v=yT5S7Cy5cCE",
        "tags": [
          "PV&ジャケット写真"
        ],
        "images": [
          "https://pub-6d7574c4452b41519ab8adf1541d7f9e.r2.dev/seichi/sakurazaka/3AAjQbR7MiLexOlQ9JvFnybEvRP7mDnnVIV5UiCk_0bd89bdb.png",
          "https://pub-6d7574c4452b41519ab8adf1541d7f9e.r2.dev/seichi/sakurazaka/3AAjQbR5jRedCRzVF_VmBH8qVxBO2d2Gjk5v5qog_7f4efa94.png",
          "https://img.youtube.com/vi/yT5S7Cy5cCE/hqdefault.jpg"
        ],
        "members": [],
        "source": {
          "provider": "fumi Diary 2号店",
          "url": "https://www.youtube.com/watch?v=yT5S7Cy5cCE",
          "mapId": "",
          "layer": "PV&ジャケット写真",
          "tags": [
            "PV&ジャケット写真"
          ],
          "name": "汐留駅前歩道橋"
        },
        "classification": {
          "category": "PV&ジャケット写真",
          "subcategory": "PV&ジャケット写真",
          "method": "legacy-import",
          "status": "unreviewed"
        },
        "classificationCandidates": {
          "members": [],
          "projects": [],
          "contentTypes": []
        }
      }
    },
    {
      "type": "Feature",
      "geometry": {
        "type": "Point",
        "coordinates": [
          139.757733,
          35.638443
        ]
      },
      "properties": {
        "id": "fumi-398",
        "name": "海岸3丁目",
        "category": "PV&ジャケット写真",
        "subcategory": "PV&ジャケット写真",
        "categoryColor": "#e11d48",
        "address": "",
        "sceneTitle": "海岸3丁目",
        "sceneNote": "説明: 櫻坂46「Buddies」PV撮影場所 (山﨑天) http://blog.livedoor.jp/fumichen2/archives/55254469.html 住所: 〒108-0022 東京都港区海岸3丁目33 https://www.youtube.com/embed/yT5S7Cy5cCE",
        "sourceLabel": "fumi Diary 2号店",
        "sourceUrl": "https://www.youtube.com/watch?v=yT5S7Cy5cCE",
        "tags": [
          "PV&ジャケット写真"
        ],
        "images": [
          "https://pub-6d7574c4452b41519ab8adf1541d7f9e.r2.dev/seichi/sakurazaka/3AAjQbR7_1MLsHK6C_eN9-CU4qHuntshiJTyM6JL_51c3b488.png",
          "https://pub-6d7574c4452b41519ab8adf1541d7f9e.r2.dev/seichi/sakurazaka/3AAjQbR4zN0zehZ6Yod76btJQYb3MTnoR40fZf56_61868c28.png",
          "https://pub-6d7574c4452b41519ab8adf1541d7f9e.r2.dev/seichi/sakurazaka/3AAjQbR6iW8j9je4bcF0nTAPJNlot9wSLfu9jrbu_ae0531a4.png",
          "https://img.youtube.com/vi/yT5S7Cy5cCE/hqdefault.jpg"
        ],
        "members": [],
        "source": {
          "provider": "fumi Diary 2号店",
          "url": "https://www.youtube.com/watch?v=yT5S7Cy5cCE",
          "mapId": "",
          "layer": "PV&ジャケット写真",
          "tags": [
            "PV&ジャケット写真"
          ],
          "name": "海岸3丁目"
        },
        "classification": {
          "category": "PV&ジャケット写真",
          "subcategory": "PV&ジャケット写真",
          "method": "legacy-import",
          "status": "unreviewed"
        },
        "classificationCandidates": {
          "members": [],
          "projects": [],
          "contentTypes": []
        }
      }
    },
    {
      "type": "Feature",
      "geometry": {
        "type": "Point",
        "coordinates": [
          139.781663,
          35.648341
        ]
      },
      "properties": {
        "id": "fumi-399",
        "name": "豊洲大橋",
        "category": "PV&ジャケット写真",
        "subcategory": "PV&ジャケット写真",
        "categoryColor": "#e11d48",
        "address": "",
        "sceneTitle": "豊洲大橋",
        "sceneNote": "説明: 櫻坂46「Buddies」PV撮影場所 http://blog.livedoor.jp/fumichen2/archives/55254469.html 住所: 〒135-0061 東京都江東区豊洲6丁目5 https://www.youtube.com/embed/yT5S7Cy5cCE",
        "sourceLabel": "fumi Diary 2号店",
        "sourceUrl": "https://www.youtube.com/watch?v=yT5S7Cy5cCE",
        "tags": [
          "PV&ジャケット写真"
        ],
        "images": [
          "https://pub-6d7574c4452b41519ab8adf1541d7f9e.r2.dev/seichi/sakurazaka/3AAjQbR5cwKYiXT2O930PpZdzTZTR1OuZplJ2S_N_268949fc.png",
          "https://img.youtube.com/vi/yT5S7Cy5cCE/hqdefault.jpg"
        ],
        "members": [],
        "source": {
          "provider": "fumi Diary 2号店",
          "url": "https://www.youtube.com/watch?v=yT5S7Cy5cCE",
          "mapId": "",
          "layer": "PV&ジャケット写真",
          "tags": [
            "PV&ジャケット写真"
          ],
          "name": "豊洲大橋"
        },
        "classification": {
          "category": "PV&ジャケット写真",
          "subcategory": "PV&ジャケット写真",
          "method": "legacy-import",
          "status": "unreviewed"
        },
        "classificationCandidates": {
          "members": [],
          "projects": [],
          "contentTypes": []
        }
      }
    },
    {
      "type": "Feature",
      "geometry": {
        "type": "Point",
        "coordinates": [
          139.7992012,
          35.7121312
        ]
      },
      "properties": {
        "id": "fumi-400",
        "name": "井上梨名: Studio Polygons",
        "category": "PV&ジャケット写真",
        "subcategory": "井上梨名",
        "categoryColor": "#e11d48",
        "address": "",
        "sceneTitle": "Studio Polygons",
        "sceneNote": "説明: 櫻坂46 井上梨名「恋して❤️りなウェーブ」個人PV撮影場所 http://blog.livedoor.jp/fumichen2/archives/55388868.html 住所: 〒111-0033 東京都台東区花川戸1-3-6 花川戸ビル 1階103号室 https://www.youtube.com/embed/NteYAaiUXzE",
        "sourceLabel": "fumi Diary 2号店",
        "sourceUrl": "https://www.youtube.com/watch?v=NteYAaiUXzE",
        "tags": [
          "PV&ジャケット写真"
        ],
        "images": [
          "https://pub-6d7574c4452b41519ab8adf1541d7f9e.r2.dev/seichi/sakurazaka/3AAjQbR5EFCWq6KPVtf-wdqJwIvhyR8-9ppYJOSw_b15b3a60.png",
          "https://pub-6d7574c4452b41519ab8adf1541d7f9e.r2.dev/seichi/sakurazaka/3AAjQbR4uaUPrz7OLKE3JFoxBK4-nK6rPFsVSJZl_435b9b4a.png",
          "https://img.youtube.com/vi/NteYAaiUXzE/hqdefault.jpg"
        ],
        "members": [],
        "source": {
          "provider": "fumi Diary 2号店",
          "url": "https://www.youtube.com/watch?v=NteYAaiUXzE",
          "mapId": "",
          "layer": "PV&ジャケット写真",
          "tags": [
            "PV&ジャケット写真"
          ],
          "name": "井上梨名: Studio Polygons"
        },
        "classification": {
          "category": "PV&ジャケット写真",
          "subcategory": "井上梨名",
          "method": "legacy-import",
          "status": "unreviewed"
        },
        "classificationCandidates": {
          "members": [],
          "projects": [],
          "contentTypes": []
        }
      }
    },
    {
      "type": "Feature",
      "geometry": {
        "type": "Point",
        "coordinates": [
          139.487279,
          35.307647
        ]
      },
      "properties": {
        "id": "fumi-401",
        "name": "遠藤光莉: 片瀬海岸東浜",
        "category": "PV&ジャケット写真",
        "subcategory": "遠藤光莉",
        "categoryColor": "#e11d48",
        "address": "",
        "sceneTitle": "片瀬海岸東浜",
        "sceneNote": "説明: 櫻坂46 遠藤光莉「夏、売ります!」個人PV撮影場所 http://blog.livedoor.jp/fumichen2/archives/57283154.html 住所: 〒251-0035 神奈川県藤沢市片瀬海岸1-7-9 https://www.youtube.com/embed/3RAkGB1-li0",
        "sourceLabel": "fumi Diary 2号店",
        "sourceUrl": "https://www.youtube.com/watch?v=3RAkGB1-li0",
        "tags": [
          "PV&ジャケット写真"
        ],
        "images": [
          "https://pub-6d7574c4452b41519ab8adf1541d7f9e.r2.dev/seichi/sakurazaka/3AAjQbR4b6-9ZlKeIgPo2IMxz4IcE3_aEPGYBLm2_de90a48c.png",
          "https://img.youtube.com/vi/3RAkGB1-li0/hqdefault.jpg"
        ],
        "members": [],
        "source": {
          "provider": "fumi Diary 2号店",
          "url": "https://www.youtube.com/watch?v=3RAkGB1-li0",
          "mapId": "",
          "layer": "PV&ジャケット写真",
          "tags": [
            "PV&ジャケット写真"
          ],
          "name": "遠藤光莉: 片瀬海岸東浜"
        },
        "classification": {
          "category": "PV&ジャケット写真",
          "subcategory": "遠藤光莉",
          "method": "legacy-import",
          "status": "unreviewed"
        },
        "classificationCandidates": {
          "members": [],
          "projects": [],
          "contentTypes": []
        }
      }
    },
    {
      "type": "Feature",
      "geometry": {
        "type": "Point",
        "coordinates": [
          139.4862744,
          35.3149748
        ]
      },
      "properties": {
        "id": "fumi-402",
        "name": "遠藤光莉: ラムピリカ",
        "category": "PV&ジャケット写真",
        "subcategory": "遠藤光莉",
        "categoryColor": "#e11d48",
        "address": "",
        "sceneTitle": "ラムピリカ",
        "sceneNote": "説明: 櫻坂46 遠藤光莉「夏、売ります!」個人PV撮影場所 http://blog.livedoor.jp/fumichen2/archives/57283154.html 住所: 〒251-0032 神奈川県藤沢市片瀬3-1-26 https://www.youtube.com/embed/3RAkGB1-li0",
        "sourceLabel": "fumi Diary 2号店",
        "sourceUrl": "https://www.youtube.com/watch?v=3RAkGB1-li0",
        "tags": [
          "PV&ジャケット写真"
        ],
        "images": [
          "https://pub-6d7574c4452b41519ab8adf1541d7f9e.r2.dev/seichi/sakurazaka/3AAjQbR7YQLon-NZM-hzAZ1tXWf5S3S_u0nXBmbJ_97448784.png",
          "https://pub-6d7574c4452b41519ab8adf1541d7f9e.r2.dev/seichi/sakurazaka/3AAjQbR5iPDV7xy_hiIzAegontT-z20deK6vgqoJ_93017a46.png",
          "https://pub-6d7574c4452b41519ab8adf1541d7f9e.r2.dev/seichi/sakurazaka/3AAjQbR4XdW_jUukyuq-J_zq3fPFbipqOkFGjmRt_b4329458.png",
          "https://img.youtube.com/vi/3RAkGB1-li0/hqdefault.jpg"
        ],
        "members": [],
        "source": {
          "provider": "fumi Diary 2号店",
          "url": "https://www.youtube.com/watch?v=3RAkGB1-li0",
          "mapId": "",
          "layer": "PV&ジャケット写真",
          "tags": [
            "PV&ジャケット写真"
          ],
          "name": "遠藤光莉: ラムピリカ"
        },
        "classification": {
          "category": "PV&ジャケット写真",
          "subcategory": "遠藤光莉",
          "method": "legacy-import",
          "status": "unreviewed"
        },
        "classificationCandidates": {
          "members": [],
          "projects": [],
          "contentTypes": []
        }
      }
    },
    {
      "type": "Feature",
      "geometry": {
        "type": "Point",
        "coordinates": [
          139.4820799,
          35.3085636
        ]
      },
      "properties": {
        "id": "fumi-403",
        "name": "遠藤光莉: GARB 江ノ島",
        "category": "PV&ジャケット写真",
        "subcategory": "遠藤光莉",
        "categoryColor": "#e11d48",
        "address": "",
        "sceneTitle": "GARB 江ノ島",
        "sceneNote": "説明: 櫻坂46 遠藤光莉「夏、売ります!」個人PV撮影場所 http://blog.livedoor.jp/fumichen2/archives/57283154.html 住所: 〒251-0035 神奈川県藤沢市片瀬海岸2-17-23 THE BEACH HOUSE 2F https://www.youtube.com/embed/3RAkGB1-li0",
        "sourceLabel": "fumi Diary 2号店",
        "sourceUrl": "https://www.youtube.com/watch?v=3RAkGB1-li0",
        "tags": [
          "PV&ジャケット写真"
        ],
        "images": [
          "https://pub-6d7574c4452b41519ab8adf1541d7f9e.r2.dev/seichi/sakurazaka/3AAjQbR4P5dNDNtpmHRer6sktFPMpd1yHFD--jkQ_643dfc1b.png",
          "https://img.youtube.com/vi/3RAkGB1-li0/hqdefault.jpg"
        ],
        "members": [],
        "source": {
          "provider": "fumi Diary 2号店",
          "url": "https://www.youtube.com/watch?v=3RAkGB1-li0",
          "mapId": "",
          "layer": "PV&ジャケット写真",
          "tags": [
            "PV&ジャケット写真"
          ],
          "name": "遠藤光莉: GARB 江ノ島"
        },
        "classification": {
          "category": "PV&ジャケット写真",
          "subcategory": "遠藤光莉",
          "method": "legacy-import",
          "status": "unreviewed"
        },
        "classificationCandidates": {
          "members": [],
          "projects": [],
          "contentTypes": []
        }
      }
    },
    {
      "type": "Feature",
      "geometry": {
        "type": "Point",
        "coordinates": [
          139.766394,
          35.670018
        ]
      },
      "properties": {
        "id": "fumi-404",
        "name": "大園玲: 三原橋街角広場",
        "category": "PV&ジャケット写真",
        "subcategory": "大園玲",
        "categoryColor": "#e11d48",
        "address": "",
        "sceneTitle": "三原橋街角広場",
        "sceneNote": "説明: 櫻坂46 大園玲「メモ探偵」個人PV撮影場所 http://blog.livedoor.jp/fumichen2/archives/55271965.html 住所: 〒104-0061 東京都中央区銀座5-11-1 https://www.youtube.com/embed/3E_gdb5G608",
        "sourceLabel": "fumi Diary 2号店",
        "sourceUrl": "https://www.youtube.com/watch?v=3E_gdb5G608",
        "tags": [
          "PV&ジャケット写真"
        ],
        "images": [
          "https://pub-6d7574c4452b41519ab8adf1541d7f9e.r2.dev/seichi/sakurazaka/3AAjQbR6IJ51WRUICKtb6IP1kGCvfbmw0UnOPKC__206aa233.png",
          "https://pub-6d7574c4452b41519ab8adf1541d7f9e.r2.dev/seichi/sakurazaka/3AAjQbR7ersZRUy72a980yCVZWj31b4r_Xzyc3o0_89e40d33.png",
          "https://img.youtube.com/vi/3E_gdb5G608/hqdefault.jpg"
        ],
        "members": [],
        "source": {
          "provider": "fumi Diary 2号店",
          "url": "https://www.youtube.com/watch?v=3E_gdb5G608",
          "mapId": "",
          "layer": "PV&ジャケット写真",
          "tags": [
            "PV&ジャケット写真"
          ],
          "name": "大園玲: 三原橋街角広場"
        },
        "classification": {
          "category": "PV&ジャケット写真",
          "subcategory": "大園玲",
          "method": "legacy-import",
          "status": "unreviewed"
        },
        "classificationCandidates": {
          "members": [],
          "projects": [],
          "contentTypes": []
        }
      }
    },
    {
      "type": "Feature",
      "geometry": {
        "type": "Point",
        "coordinates": [
          139.762759,
          35.671544
        ]
      },
      "properties": {
        "id": "fumi-405",
        "name": "大園玲: ソニー通り",
        "category": "PV&ジャケット写真",
        "subcategory": "大園玲",
        "categoryColor": "#e11d48",
        "address": "",
        "sceneTitle": "ソニー通り",
        "sceneNote": "説明: 櫻坂46 大園玲「メモ探偵」個人PV撮影場所 http://blog.livedoor.jp/fumichen2/archives/55271965.html 住所: 〒104-0061 東京都中央区銀座5-4-14 https://www.youtube.com/embed/3E_gdb5G608",
        "sourceLabel": "fumi Diary 2号店",
        "sourceUrl": "https://www.youtube.com/watch?v=3E_gdb5G608",
        "tags": [
          "PV&ジャケット写真"
        ],
        "images": [
          "https://pub-6d7574c4452b41519ab8adf1541d7f9e.r2.dev/seichi/sakurazaka/3AAjQbR5_AiP5LWcdIT6qCm-ooFV6ntAVIp-fvAL_bfaf51be.png",
          "https://img.youtube.com/vi/3E_gdb5G608/hqdefault.jpg"
        ],
        "members": [],
        "source": {
          "provider": "fumi Diary 2号店",
          "url": "https://www.youtube.com/watch?v=3E_gdb5G608",
          "mapId": "",
          "layer": "PV&ジャケット写真",
          "tags": [
            "PV&ジャケット写真"
          ],
          "name": "大園玲: ソニー通り"
        },
        "classification": {
          "category": "PV&ジャケット写真",
          "subcategory": "大園玲",
          "method": "legacy-import",
          "status": "unreviewed"
        },
        "classificationCandidates": {
          "members": [],
          "projects": [],
          "contentTypes": []
        }
      }
    },
    {
      "type": "Feature",
      "geometry": {
        "type": "Point",
        "coordinates": [
          139.763191,
          35.671446
        ]
      },
      "properties": {
        "id": "fumi-406",
        "name": "大園玲: 並木通り",
        "category": "PV&ジャケット写真",
        "subcategory": "大園玲",
        "categoryColor": "#e11d48",
        "address": "",
        "sceneTitle": "並木通り",
        "sceneNote": "説明: 櫻坂46 大園玲「メモ探偵」個人PV撮影場所 http://blog.livedoor.jp/fumichen2/archives/55271965.html 住所: 〒104-0061 東京都中央区銀座5-4-7 https://www.youtube.com/embed/3E_gdb5G608",
        "sourceLabel": "fumi Diary 2号店",
        "sourceUrl": "https://www.youtube.com/watch?v=3E_gdb5G608",
        "tags": [
          "PV&ジャケット写真"
        ],
        "images": [
          "https://pub-6d7574c4452b41519ab8adf1541d7f9e.r2.dev/seichi/sakurazaka/3AAjQbR5Dy2kWTZ3AQKGw5uX95kCyIfXIC-ykv9h_0e3430d2.png",
          "https://img.youtube.com/vi/3E_gdb5G608/hqdefault.jpg"
        ],
        "members": [],
        "source": {
          "provider": "fumi Diary 2号店",
          "url": "https://www.youtube.com/watch?v=3E_gdb5G608",
          "mapId": "",
          "layer": "PV&ジャケット写真",
          "tags": [
            "PV&ジャケット写真"
          ],
          "name": "大園玲: 並木通り"
        },
        "classification": {
          "category": "PV&ジャケット写真",
          "subcategory": "大園玲",
          "method": "legacy-import",
          "status": "unreviewed"
        },
        "classificationCandidates": {
          "members": [],
          "projects": [],
          "contentTypes": []
        }
      }
    },
    {
      "type": "Feature",
      "geometry": {
        "type": "Point",
        "coordinates": [
          139.7656524,
          35.6702291
        ]
      },
      "properties": {
        "id": "fumi-407",
        "name": "大園玲: The Iron Fairies Ginza (旧Tír na nÓg)",
        "category": "PV&ジャケット写真",
        "subcategory": "大園玲",
        "categoryColor": "#e11d48",
        "address": "",
        "sceneTitle": "The Iron Fairies Ginza (旧Tír na nÓg)",
        "sceneNote": "説明: 櫻坂46 大園玲「メモ探偵」個人PV撮影場所 http://blog.livedoor.jp/fumichen2/archives/55271965.html 住所: 〒104-0061 東京都中央区銀座5-9-5 チアーズ銀座B1F https://www.youtube.com/embed/3E_gdb5G608",
        "sourceLabel": "fumi Diary 2号店",
        "sourceUrl": "https://www.youtube.com/watch?v=3E_gdb5G608",
        "tags": [
          "PV&ジャケット写真"
        ],
        "images": [
          "https://pub-6d7574c4452b41519ab8adf1541d7f9e.r2.dev/seichi/sakurazaka/3AAjQbR6e24OEZKXBd_fF1tutTTROxtEFN2ncSg8_6b2e0c88.png",
          "https://img.youtube.com/vi/3E_gdb5G608/hqdefault.jpg"
        ],
        "members": [],
        "source": {
          "provider": "fumi Diary 2号店",
          "url": "https://www.youtube.com/watch?v=3E_gdb5G608",
          "mapId": "",
          "layer": "PV&ジャケット写真",
          "tags": [
            "PV&ジャケット写真"
          ],
          "name": "大園玲: The Iron Fairies Ginza (旧Tír na nÓg)"
        },
        "classification": {
          "category": "PV&ジャケット写真",
          "subcategory": "大園玲",
          "method": "legacy-import",
          "status": "unreviewed"
        },
        "classificationCandidates": {
          "members": [],
          "projects": [],
          "contentTypes": []
        }
      }
    },
    {
      "type": "Feature",
      "geometry": {
        "type": "Point",
        "coordinates": [
          139.763032,
          35.671135
        ]
      },
      "properties": {
        "id": "fumi-408",
        "name": "大園玲: Fashion Village銀座並木通り店",
        "category": "PV&ジャケット写真",
        "subcategory": "大園玲",
        "categoryColor": "#e11d48",
        "address": "",
        "sceneTitle": "Fashion Village銀座並木通り店",
        "sceneNote": "説明: 櫻坂46 大園玲「メモ探偵」個人PV撮影場所 http://blog.livedoor.jp/fumichen2/archives/55271965.html 住所: 〒104-0061 東京都中央区銀座5-5-13 https://www.youtube.com/embed/3E_gdb5G608",
        "sourceLabel": "fumi Diary 2号店",
        "sourceUrl": "https://www.youtube.com/watch?v=3E_gdb5G608",
        "tags": [
          "PV&ジャケット写真"
        ],
        "images": [
          "https://pub-6d7574c4452b41519ab8adf1541d7f9e.r2.dev/seichi/sakurazaka/3AAjQbR6vel94GpZQs2QRkVC-tN766fLGCRvEAx0_c99af359.png",
          "https://pub-6d7574c4452b41519ab8adf1541d7f9e.r2.dev/seichi/sakurazaka/3AAjQbR6sGkpdUKiYoSieXufkag6Okq51OcVATBM_0b5379da.png",
          "https://img.youtube.com/vi/3E_gdb5G608/hqdefault.jpg"
        ],
        "members": [],
        "source": {
          "provider": "fumi Diary 2号店",
          "url": "https://www.youtube.com/watch?v=3E_gdb5G608",
          "mapId": "",
          "layer": "PV&ジャケット写真",
          "tags": [
            "PV&ジャケット写真"
          ],
          "name": "大園玲: Fashion Village銀座並木通り店"
        },
        "classification": {
          "category": "PV&ジャケット写真",
          "subcategory": "大園玲",
          "method": "legacy-import",
          "status": "unreviewed"
        },
        "classificationCandidates": {
          "members": [],
          "projects": [],
          "contentTypes": []
        }
      }
    },
    {
      "type": "Feature",
      "geometry": {
        "type": "Point",
        "coordinates": [
          139.762834,
          35.67124
        ]
      },
      "properties": {
        "id": "fumi-409",
        "name": "大園玲: みゆき通り",
        "category": "PV&ジャケット写真",
        "subcategory": "大園玲",
        "categoryColor": "#e11d48",
        "address": "",
        "sceneTitle": "みゆき通り",
        "sceneNote": "説明: 櫻坂46 大園玲「メモ探偵」個人PV撮影場所 http://blog.livedoor.jp/fumichen2/archives/55271965.html 住所: 〒104-0061 東京都中央区銀座5-4-9 https://www.youtube.com/embed/3E_gdb5G608",
        "sourceLabel": "fumi Diary 2号店",
        "sourceUrl": "https://www.youtube.com/watch?v=3E_gdb5G608",
        "tags": [
          "PV&ジャケット写真"
        ],
        "images": [
          "https://pub-6d7574c4452b41519ab8adf1541d7f9e.r2.dev/seichi/sakurazaka/3AAjQbR64qC4gjlRbmSuN_b-V_rlTK97gVaUb1Ca_5cb69007.png",
          "https://img.youtube.com/vi/3E_gdb5G608/hqdefault.jpg"
        ],
        "members": [],
        "source": {
          "provider": "fumi Diary 2号店",
          "url": "https://www.youtube.com/watch?v=3E_gdb5G608",
          "mapId": "",
          "layer": "PV&ジャケット写真",
          "tags": [
            "PV&ジャケット写真"
          ],
          "name": "大園玲: みゆき通り"
        },
        "classification": {
          "category": "PV&ジャケット写真",
          "subcategory": "大園玲",
          "method": "legacy-import",
          "status": "unreviewed"
        },
        "classificationCandidates": {
          "members": [],
          "projects": [],
          "contentTypes": []
        }
      }
    },
    {
      "type": "Feature",
      "geometry": {
        "type": "Point",
        "coordinates": [
          139.763414,
          35.671549
        ]
      },
      "properties": {
        "id": "fumi-410",
        "name": "大園玲: 並木通り",
        "category": "PV&ジャケット写真",
        "subcategory": "大園玲",
        "categoryColor": "#e11d48",
        "address": "",
        "sceneTitle": "並木通り",
        "sceneNote": "説明: 櫻坂46 大園玲「メモ探偵」個人PV撮影場所 http://blog.livedoor.jp/fumichen2/archives/55271965.html 住所: 〒104-0061 東京都中央区銀座5-5-16 https://www.youtube.com/embed/3E_gdb5G608",
        "sourceLabel": "fumi Diary 2号店",
        "sourceUrl": "https://www.youtube.com/watch?v=3E_gdb5G608",
        "tags": [
          "PV&ジャケット写真"
        ],
        "images": [
          "https://pub-6d7574c4452b41519ab8adf1541d7f9e.r2.dev/seichi/sakurazaka/3AAjQbR6iG471YLNtaP7wLu95toklK6jeQfdEbap_b2b78374.png",
          "https://pub-6d7574c4452b41519ab8adf1541d7f9e.r2.dev/seichi/sakurazaka/3AAjQbR4dL8HIO-VVbzpsCZwwgUh5JWkn0uARAEf_7e078e7c.png",
          "https://img.youtube.com/vi/3E_gdb5G608/hqdefault.jpg"
        ],
        "members": [],
        "source": {
          "provider": "fumi Diary 2号店",
          "url": "https://www.youtube.com/watch?v=3E_gdb5G608",
          "mapId": "",
          "layer": "PV&ジャケット写真",
          "tags": [
            "PV&ジャケット写真"
          ],
          "name": "大園玲: 並木通り"
        },
        "classification": {
          "category": "PV&ジャケット写真",
          "subcategory": "大園玲",
          "method": "legacy-import",
          "status": "unreviewed"
        },
        "classificationCandidates": {
          "members": [],
          "projects": [],
          "contentTypes": []
        }
      }
    },
    {
      "type": "Feature",
      "geometry": {
        "type": "Point",
        "coordinates": [
          139.7633311,
          35.6717161
        ]
      },
      "properties": {
        "id": "fumi-411",
        "name": "大園玲: BLT STEAK GINZA",
        "category": "PV&ジャケット写真",
        "subcategory": "大園玲",
        "categoryColor": "#e11d48",
        "address": "",
        "sceneTitle": "BLT STEAK GINZA",
        "sceneNote": "説明: 櫻坂46 大園玲「メモ探偵」個人PV撮影場所 http://blog.livedoor.jp/fumichen2/archives/55271965.html 住所: 〒104-0061 東京都中央区銀座5-4-6 ロイヤルクリスタル銀座 8F https://www.youtube.com/embed/3E_gdb5G608",
        "sourceLabel": "fumi Diary 2号店",
        "sourceUrl": "https://www.youtube.com/watch?v=3E_gdb5G608",
        "tags": [
          "PV&ジャケット写真"
        ],
        "images": [
          "https://pub-6d7574c4452b41519ab8adf1541d7f9e.r2.dev/seichi/sakurazaka/3AAjQbR6-t8coxpFdvOqtjBPUg3ouBObIj9dOQgr_faf2fa08.png",
          "https://img.youtube.com/vi/3E_gdb5G608/hqdefault.jpg"
        ],
        "members": [],
        "source": {
          "provider": "fumi Diary 2号店",
          "url": "https://www.youtube.com/watch?v=3E_gdb5G608",
          "mapId": "",
          "layer": "PV&ジャケット写真",
          "tags": [
            "PV&ジャケット写真"
          ],
          "name": "大園玲: BLT STEAK GINZA"
        },
        "classification": {
          "category": "PV&ジャケット写真",
          "subcategory": "大園玲",
          "method": "legacy-import",
          "status": "unreviewed"
        },
        "classificationCandidates": {
          "members": [],
          "projects": [],
          "contentTypes": []
        }
      }
    },
    {
      "type": "Feature",
      "geometry": {
        "type": "Point",
        "coordinates": [
          139.601617,
          35.678848
        ]
      },
      "properties": {
        "id": "fumi-412",
        "name": "大沼晶保: 烏山北住宅12号棟前広場",
        "category": "PV&ジャケット写真",
        "subcategory": "大沼晶保",
        "categoryColor": "#e11d48",
        "address": "",
        "sceneTitle": "烏山北住宅12号棟前広場",
        "sceneNote": "説明: 櫻坂46 大沼晶保「晶保の車窓から」個人PV撮影場所 http://blog.livedoor.jp/fumichen2/archives/57283296.html 住所: 〒157-0061 東京都世田谷区北烏山3-13-12 https://www.youtube.com/embed/FGe84gUNegM",
        "sourceLabel": "fumi Diary 2号店",
        "sourceUrl": "https://www.youtube.com/watch?v=FGe84gUNegM",
        "tags": [
          "PV&ジャケット写真"
        ],
        "images": [
          "https://pub-6d7574c4452b41519ab8adf1541d7f9e.r2.dev/seichi/sakurazaka/3AAjQbR4VXRYRDF9FW29mvo1spjJ2Juq71aOwFWS_ed373337.png",
          "https://pub-6d7574c4452b41519ab8adf1541d7f9e.r2.dev/seichi/sakurazaka/3AAjQbR5myZyhdor2ES4XQxsOAYwgC5heVFlXN4f_76c3902d.png",
          "https://img.youtube.com/vi/FGe84gUNegM/hqdefault.jpg"
        ],
        "members": [],
        "source": {
          "provider": "fumi Diary 2号店",
          "url": "https://www.youtube.com/watch?v=FGe84gUNegM",
          "mapId": "",
          "layer": "PV&ジャケット写真",
          "tags": [
            "PV&ジャケット写真"
          ],
          "name": "大沼晶保: 烏山北住宅12号棟前広場"
        },
        "classification": {
          "category": "PV&ジャケット写真",
          "subcategory": "大沼晶保",
          "method": "legacy-import",
          "status": "unreviewed"
        },
        "classificationCandidates": {
          "members": [],
          "projects": [],
          "contentTypes": []
        }
      }
    },
    {
      "type": "Feature",
      "geometry": {
        "type": "Point",
        "coordinates": [
          139.6232819,
          35.7052768
        ]
      },
      "properties": {
        "id": "fumi-413",
        "name": "幸阪茉里乃: プラネアール荻窪スタジオ",
        "category": "PV&ジャケット写真",
        "subcategory": "幸阪茉里乃",
        "categoryColor": "#e11d48",
        "address": "",
        "sceneTitle": "プラネアール荻窪スタジオ",
        "sceneNote": "説明: 櫻坂46 幸阪茉里乃「相談に乗せ師」個人PV撮影場所 http://blog.livedoor.jp/fumichen2/archives/55272711.html 住所: 〒167-0032 東京都杉並区天沼2-4-1 井上ビル3号館 B1F https://www.youtube.com/embed/KJD4H5CbHpo",
        "sourceLabel": "fumi Diary 2号店",
        "sourceUrl": "https://www.youtube.com/watch?v=KJD4H5CbHpo",
        "tags": [
          "PV&ジャケット写真"
        ],
        "images": [
          "https://pub-6d7574c4452b41519ab8adf1541d7f9e.r2.dev/seichi/sakurazaka/3AAjQbR5az00RhtvqTZMtHoE89LMdkLtdMysCKjC_53b2d61c.png",
          "https://img.youtube.com/vi/KJD4H5CbHpo/hqdefault.jpg"
        ],
        "members": [],
        "source": {
          "provider": "fumi Diary 2号店",
          "url": "https://www.youtube.com/watch?v=KJD4H5CbHpo",
          "mapId": "",
          "layer": "PV&ジャケット写真",
          "tags": [
            "PV&ジャケット写真"
          ],
          "name": "幸阪茉里乃: プラネアール荻窪スタジオ"
        },
        "classification": {
          "category": "PV&ジャケット写真",
          "subcategory": "幸阪茉里乃",
          "method": "legacy-import",
          "status": "unreviewed"
        },
        "classificationCandidates": {
          "members": [],
          "projects": [],
          "contentTypes": []
        }
      }
    },
    {
      "type": "Feature",
      "geometry": {
        "type": "Point",
        "coordinates": [
          139.5678192,
          35.3248561
        ]
      },
      "properties": {
        "id": "fumi-414",
        "name": "関有美子: 鎌倉古今",
        "category": "PV&ジャケット写真",
        "subcategory": "関有美子",
        "categoryColor": "#e11d48",
        "address": "",
        "sceneTitle": "鎌倉古今",
        "sceneNote": "説明: 櫻坂46 関有美子「日本講座」個人PV撮影場所 http://blog.livedoor.jp/fumichen2/archives/55269983.html 住所: 〒248-0002 神奈川県鎌倉市二階堂836 https://www.youtube.com/embed/QyTa_6Pqibw",
        "sourceLabel": "fumi Diary 2号店",
        "sourceUrl": "https://www.youtube.com/watch?v=QyTa_6Pqibw",
        "tags": [
          "PV&ジャケット写真"
        ],
        "images": [
          "https://pub-6d7574c4452b41519ab8adf1541d7f9e.r2.dev/seichi/sakurazaka/3AAjQbR5YppAekT_Ctb_oUY3PlUzZwk7teSOu9UF_a5f3c446.png",
          "https://img.youtube.com/vi/QyTa_6Pqibw/hqdefault.jpg"
        ],
        "members": [],
        "source": {
          "provider": "fumi Diary 2号店",
          "url": "https://www.youtube.com/watch?v=QyTa_6Pqibw",
          "mapId": "",
          "layer": "PV&ジャケット写真",
          "tags": [
            "PV&ジャケット写真"
          ],
          "name": "関有美子: 鎌倉古今"
        },
        "classification": {
          "category": "PV&ジャケット写真",
          "subcategory": "関有美子",
          "method": "legacy-import",
          "status": "unreviewed"
        },
        "classificationCandidates": {
          "members": [],
          "projects": [],
          "contentTypes": []
        }
      }
    },
    {
      "type": "Feature",
      "geometry": {
        "type": "Point",
        "coordinates": [
          139.5389383,
          35.7782569
        ]
      },
      "properties": {
        "id": "fumi-415",
        "name": "武元唯衣: 清瀬市コミュニティプラザひまわり",
        "category": "PV&ジャケット写真",
        "subcategory": "武元唯衣",
        "categoryColor": "#e11d48",
        "address": "",
        "sceneTitle": "清瀬市コミュニティプラザひまわり",
        "sceneNote": "説明: 櫻坂46 武元唯衣「琵琶湖が生んだパワフルガール」個人PV撮影場所 http://blog.livedoor.jp/fumichen2/archives/55558846.html 住所: 〒204-0011 東京都清瀬市下清戸1-212-4 https://www.youtube.com/embed/RS16gBu2eT4",
        "sourceLabel": "fumi Diary 2号店",
        "sourceUrl": "https://www.youtube.com/watch?v=RS16gBu2eT4",
        "tags": [
          "PV&ジャケット写真"
        ],
        "images": [
          "https://pub-6d7574c4452b41519ab8adf1541d7f9e.r2.dev/seichi/sakurazaka/3AAjQbR5Y_4qGpppCCcdtkMsJysUNk33eHeGX-jw_22348162.png",
          "https://pub-6d7574c4452b41519ab8adf1541d7f9e.r2.dev/seichi/sakurazaka/3AAjQbR6FRUheLszIQyZn5QLgqaPlQRx0ucnhVw5_4a442d44.png",
          "https://img.youtube.com/vi/RS16gBu2eT4/hqdefault.jpg"
        ],
        "members": [],
        "source": {
          "provider": "fumi Diary 2号店",
          "url": "https://www.youtube.com/watch?v=RS16gBu2eT4",
          "mapId": "",
          "layer": "PV&ジャケット写真",
          "tags": [
            "PV&ジャケット写真"
          ],
          "name": "武元唯衣: 清瀬市コミュニティプラザひまわり"
        },
        "classification": {
          "category": "PV&ジャケット写真",
          "subcategory": "武元唯衣",
          "method": "legacy-import",
          "status": "unreviewed"
        },
        "classificationCandidates": {
          "members": [],
          "projects": [],
          "contentTypes": []
        }
      }
    },
    {
      "type": "Feature",
      "geometry": {
        "type": "Point",
        "coordinates": [
          139.8471474,
          35.2082265
        ]
      },
      "properties": {
        "id": "fumi-416",
        "name": "田村保乃: 富津竹岡学校スタジオ",
        "category": "PV&ジャケット写真",
        "subcategory": "田村保乃",
        "categoryColor": "#e11d48",
        "address": "",
        "sceneTitle": "富津竹岡学校スタジオ",
        "sceneNote": "説明: 櫻坂46 田村保乃「恋のラブアタック大作戦」個人PV撮影場所 http://blog.livedoor.jp/fumichen2/archives/55266994.html 住所: 〒299-1621 千葉県富津市竹岡380-1 https://www.youtube.com/embed/lHk9_bG4O7c",
        "sourceLabel": "fumi Diary 2号店",
        "sourceUrl": "https://www.youtube.com/watch?v=lHk9_bG4O7c",
        "tags": [
          "PV&ジャケット写真"
        ],
        "images": [
          "https://pub-6d7574c4452b41519ab8adf1541d7f9e.r2.dev/seichi/sakurazaka/3AAjQbR6l5wv9naDV3KC7MuAC2fGmUb8qq3brjXS_ecbad2ec.png",
          "https://img.youtube.com/vi/lHk9_bG4O7c/hqdefault.jpg"
        ],
        "members": [],
        "source": {
          "provider": "fumi Diary 2号店",
          "url": "https://www.youtube.com/watch?v=lHk9_bG4O7c",
          "mapId": "",
          "layer": "PV&ジャケット写真",
          "tags": [
            "PV&ジャケット写真"
          ],
          "name": "田村保乃: 富津竹岡学校スタジオ"
        },
        "classification": {
          "category": "PV&ジャケット写真",
          "subcategory": "田村保乃",
          "method": "legacy-import",
          "status": "unreviewed"
        },
        "classificationCandidates": {
          "members": [],
          "projects": [],
          "contentTypes": []
        }
      }
    },
    {
      "type": "Feature",
      "geometry": {
        "type": "Point",
        "coordinates": [
          139.8684764,
          35.2211675
        ]
      },
      "properties": {
        "id": "fumi-417",
        "name": "田村保乃: 上総湊港海浜公園",
        "category": "PV&ジャケット写真",
        "subcategory": "田村保乃",
        "categoryColor": "#e11d48",
        "address": "",
        "sceneTitle": "上総湊港海浜公園",
        "sceneNote": "説明: 櫻坂46 田村保乃「恋のラブアタック大作戦」個人PV撮影場所 http://blog.livedoor.jp/fumichen2/archives/55266994.html 住所: 〒299-1607 千葉県富津市湊752番2 https://www.youtube.com/embed/lHk9_bG4O7c",
        "sourceLabel": "fumi Diary 2号店",
        "sourceUrl": "https://www.youtube.com/watch?v=lHk9_bG4O7c",
        "tags": [
          "PV&ジャケット写真"
        ],
        "images": [
          "https://pub-6d7574c4452b41519ab8adf1541d7f9e.r2.dev/seichi/sakurazaka/3AAjQbR5MKyBkTuL9ruND_MxIHK6jEg2c31SNZDH_d4224b0c.png",
          "https://img.youtube.com/vi/lHk9_bG4O7c/hqdefault.jpg"
        ],
        "members": [],
        "source": {
          "provider": "fumi Diary 2号店",
          "url": "https://www.youtube.com/watch?v=lHk9_bG4O7c",
          "mapId": "",
          "layer": "PV&ジャケット写真",
          "tags": [
            "PV&ジャケット写真"
          ],
          "name": "田村保乃: 上総湊港海浜公園"
        },
        "classification": {
          "category": "PV&ジャケット写真",
          "subcategory": "田村保乃",
          "method": "legacy-import",
          "status": "unreviewed"
        },
        "classificationCandidates": {
          "members": [],
          "projects": [],
          "contentTypes": []
        }
      }
    },
    {
      "type": "Feature",
      "geometry": {
        "type": "Point",
        "coordinates": [
          139.8485527,
          35.208628
        ]
      },
      "properties": {
        "id": "fumi-418",
        "name": "田村保乃: 石洞山 不動院",
        "category": "PV&ジャケット写真",
        "subcategory": "田村保乃",
        "categoryColor": "#e11d48",
        "address": "",
        "sceneTitle": "石洞山 不動院",
        "sceneNote": "説明: 櫻坂46 田村保乃「恋のラブアタック大作戦」個人PV撮影場所 http://blog.livedoor.jp/fumichen2/archives/55266994.html 住所: 〒299-1621 千葉県富津市竹岡364 https://www.youtube.com/embed/lHk9_bG4O7c",
        "sourceLabel": "fumi Diary 2号店",
        "sourceUrl": "https://www.youtube.com/watch?v=lHk9_bG4O7c",
        "tags": [
          "PV&ジャケット写真"
        ],
        "images": [
          "https://pub-6d7574c4452b41519ab8adf1541d7f9e.r2.dev/seichi/sakurazaka/3AAjQbR6xRPhZ5M9LQNgW29qo4uU5IUq22HIIo0N_303a425e.png",
          "https://img.youtube.com/vi/lHk9_bG4O7c/hqdefault.jpg"
        ],
        "members": [],
        "source": {
          "provider": "fumi Diary 2号店",
          "url": "https://www.youtube.com/watch?v=lHk9_bG4O7c",
          "mapId": "",
          "layer": "PV&ジャケット写真",
          "tags": [
            "PV&ジャケット写真"
          ],
          "name": "田村保乃: 石洞山 不動院"
        },
        "classification": {
          "category": "PV&ジャケット写真",
          "subcategory": "田村保乃",
          "method": "legacy-import",
          "status": "unreviewed"
        },
        "classificationCandidates": {
          "members": [],
          "projects": [],
          "contentTypes": []
        }
      }
    },
    {
      "type": "Feature",
      "geometry": {
        "type": "Point",
        "coordinates": [
          139.419057,
          35.653849
        ]
      },
      "properties": {
        "id": "fumi-419",
        "name": "藤吉夏鈴: 百草台コミュニティーセンター (旧百草台小学校)",
        "category": "PV&ジャケット写真",
        "subcategory": "藤吉夏鈴",
        "categoryColor": "#e11d48",
        "address": "",
        "sceneTitle": "百草台コミュニティーセンター (旧百草台小学校)",
        "sceneNote": "説明: 櫻坂46 藤吉夏鈴「藤吉さんを笑わせたい」個人PV撮影場所 http://blog.livedoor.jp/fumichen2/archives/55295324.html 住所: 〒191-0033 東京都日野市百草999 https://www.youtube.com/embed/D0Cvj4_mzQA",
        "sourceLabel": "fumi Diary 2号店",
        "sourceUrl": "https://www.youtube.com/watch?v=D0Cvj4_mzQA",
        "tags": [
          "PV&ジャケット写真"
        ],
        "images": [
          "https://pub-6d7574c4452b41519ab8adf1541d7f9e.r2.dev/seichi/sakurazaka/3AAjQbR5i-a4yxiEJ0St9ujbQXCaDR2JSHEKc8U__6e0ccb4a.png",
          "https://pub-6d7574c4452b41519ab8adf1541d7f9e.r2.dev/seichi/sakurazaka/3AAjQbR7FP7-KfnBslQTKjNg4gruiLGOuhDAWa1h_34828d5f.png",
          "https://pub-6d7574c4452b41519ab8adf1541d7f9e.r2.dev/seichi/sakurazaka/3AAjQbR4V3jLoGZ2gwAAd2sWXVnH-GDDPrbxBpbg_5ef7ea9b.png",
          "https://img.youtube.com/vi/D0Cvj4_mzQA/hqdefault.jpg"
        ],
        "members": [],
        "source": {
          "provider": "fumi Diary 2号店",
          "url": "https://www.youtube.com/watch?v=D0Cvj4_mzQA",
          "mapId": "",
          "layer": "PV&ジャケット写真",
          "tags": [
            "PV&ジャケット写真"
          ],
          "name": "藤吉夏鈴: 百草台コミュニティーセンター (旧百草台小学校)"
        },
        "classification": {
          "category": "PV&ジャケット写真",
          "subcategory": "藤吉夏鈴",
          "method": "legacy-import",
          "status": "unreviewed"
        },
        "classificationCandidates": {
          "members": [],
          "projects": [],
          "contentTypes": []
        }
      }
    },
    {
      "type": "Feature",
      "geometry": {
        "type": "Point",
        "coordinates": [
          139.7257001,
          36.3651363
        ]
      },
      "properties": {
        "id": "fumi-420",
        "name": "増本綺良: 栃木県立栃木翔南高等学校",
        "category": "PV&ジャケット写真",
        "subcategory": "増本綺良",
        "categoryColor": "#e11d48",
        "address": "",
        "sceneTitle": "栃木県立栃木翔南高等学校",
        "sceneNote": "説明: 櫻坂46 増本綺良「綺良と綺良」個人PV撮影場所 http://blog.livedoor.jp/fumichen2/archives/57283351.html 住所: 〒329-4407 栃木県栃木市大平町川連370 https://www.youtube.com/embed/R6h0HszBKnQ",
        "sourceLabel": "fumi Diary 2号店",
        "sourceUrl": "https://www.youtube.com/watch?v=R6h0HszBKnQ",
        "tags": [
          "PV&ジャケット写真"
        ],
        "images": [
          "https://pub-6d7574c4452b41519ab8adf1541d7f9e.r2.dev/seichi/sakurazaka/3AAjQbR4lo-oOp1yNay7ThfYP5IDAOOS-O0jbPma_57c66df8.png",
          "https://pub-6d7574c4452b41519ab8adf1541d7f9e.r2.dev/seichi/sakurazaka/3AAjQbR5vSP-BQgYNk-BuXJVISxH_LUY48UEpUx5_11d64437.png",
          "https://pub-6d7574c4452b41519ab8adf1541d7f9e.r2.dev/seichi/sakurazaka/3AAjQbR6Aet-qM4RMUYgiS11QISvN60p9NyTLN6Z_e1e49f1a.png",
          "https://img.youtube.com/vi/R6h0HszBKnQ/hqdefault.jpg"
        ],
        "members": [],
        "source": {
          "provider": "fumi Diary 2号店",
          "url": "https://www.youtube.com/watch?v=R6h0HszBKnQ",
          "mapId": "",
          "layer": "PV&ジャケット写真",
          "tags": [
            "PV&ジャケット写真"
          ],
          "name": "増本綺良: 栃木県立栃木翔南高等学校"
        },
        "classification": {
          "category": "PV&ジャケット写真",
          "subcategory": "増本綺良",
          "method": "legacy-import",
          "status": "unreviewed"
        },
        "classificationCandidates": {
          "members": [],
          "projects": [],
          "contentTypes": []
        }
      }
    },
    {
      "type": "Feature",
      "geometry": {
        "type": "Point",
        "coordinates": [
          140.2749243,
          35.3731347
        ]
      },
      "properties": {
        "id": "fumi-421",
        "name": "松田里奈: 越後屋長南東小学校スタジオ",
        "category": "PV&ジャケット写真",
        "subcategory": "松田里奈",
        "categoryColor": "#e11d48",
        "address": "",
        "sceneTitle": "越後屋長南東小学校スタジオ",
        "sceneNote": "説明: 櫻坂46 松田里奈「ある夏の日、放送室で。」個人PV撮影場所 http://blog.livedoor.jp/fumichen2/archives/55281360.html 住所: 〒297-0135 千葉県長生郡長南町地引1239 https://www.youtube.com/embed/kLygVwmXREU",
        "sourceLabel": "fumi Diary 2号店",
        "sourceUrl": "https://www.youtube.com/watch?v=kLygVwmXREU",
        "tags": [
          "PV&ジャケット写真"
        ],
        "images": [
          "https://pub-6d7574c4452b41519ab8adf1541d7f9e.r2.dev/seichi/sakurazaka/3AAjQbR5RFp7mcUuA1CkhHw2o-us7M7vaSy_LRCU_51ffad21.png",
          "https://pub-6d7574c4452b41519ab8adf1541d7f9e.r2.dev/seichi/sakurazaka/3AAjQbR4NZSF2VlQjixVvVFDnYxSDv015qw7zUeS_8f973bce.png",
          "https://pub-6d7574c4452b41519ab8adf1541d7f9e.r2.dev/seichi/sakurazaka/3AAjQbR6GD3non5vKZzFU9uGEzb4GVDKiWgklLll_78b668e3.png",
          "https://pub-6d7574c4452b41519ab8adf1541d7f9e.r2.dev/seichi/sakurazaka/3AAjQbR60H1rWTTOX97gpB68pAcDHIjgSJPYvWnS_cc74fbb4.png",
          "https://pub-6d7574c4452b41519ab8adf1541d7f9e.r2.dev/seichi/sakurazaka/3AAjQbR7vNn_2YmmyqqOl_EUQNUjhbjV1KjGc44b_a4993fcb.png",
          "https://pub-6d7574c4452b41519ab8adf1541d7f9e.r2.dev/seichi/sakurazaka/3AAjQbR5VHNHWlaIyakZrpv1yHk4eVHSq9fM9sKw_839667d6.png",
          "https://pub-6d7574c4452b41519ab8adf1541d7f9e.r2.dev/seichi/sakurazaka/3AAjQbR4uaGtAzn8zVS4FOej4nPjK1mxyBc59O32_545e9c4b.png",
          "https://pub-6d7574c4452b41519ab8adf1541d7f9e.r2.dev/seichi/sakurazaka/3AAjQbR7v5r_yIfxAyNWAm9HMv3PES3n0JeoQhIJ_8c77dc98.png",
          "https://img.youtube.com/vi/kLygVwmXREU/hqdefault.jpg"
        ],
        "members": [],
        "source": {
          "provider": "fumi Diary 2号店",
          "url": "https://www.youtube.com/watch?v=kLygVwmXREU",
          "mapId": "",
          "layer": "PV&ジャケット写真",
          "tags": [
            "PV&ジャケット写真"
          ],
          "name": "松田里奈: 越後屋長南東小学校スタジオ"
        },
        "classification": {
          "category": "PV&ジャケット写真",
          "subcategory": "松田里奈",
          "method": "legacy-import",
          "status": "unreviewed"
        },
        "classificationCandidates": {
          "members": [],
          "projects": [],
          "contentTypes": []
        }
      }
    },
    {
      "type": "Feature",
      "geometry": {
        "type": "Point",
        "coordinates": [
          140.271608,
          35.374886
        ]
      },
      "properties": {
        "id": "fumi-422",
        "name": "松田里奈: 田んぼ",
        "category": "PV&ジャケット写真",
        "subcategory": "松田里奈",
        "categoryColor": "#e11d48",
        "address": "",
        "sceneTitle": "田んぼ",
        "sceneNote": "説明: 櫻坂46 松田里奈「ある夏の日、放送室で。」個人PV撮影場所 http://blog.livedoor.jp/fumichen2/archives/55281360.html 住所: 〒297-0132 千葉県長生郡長南町給田 https://www.youtube.com/embed/kLygVwmXREU",
        "sourceLabel": "fumi Diary 2号店",
        "sourceUrl": "https://www.youtube.com/watch?v=kLygVwmXREU",
        "tags": [
          "PV&ジャケット写真"
        ],
        "images": [
          "https://pub-6d7574c4452b41519ab8adf1541d7f9e.r2.dev/seichi/sakurazaka/3AAjQbR77v9pX2gpmHDleAKqiF-mya7pE_EZe29p_a50a3923.png",
          "https://img.youtube.com/vi/kLygVwmXREU/hqdefault.jpg"
        ],
        "members": [],
        "source": {
          "provider": "fumi Diary 2号店",
          "url": "https://www.youtube.com/watch?v=kLygVwmXREU",
          "mapId": "",
          "layer": "PV&ジャケット写真",
          "tags": [
            "PV&ジャケット写真"
          ],
          "name": "松田里奈: 田んぼ"
        },
        "classification": {
          "category": "PV&ジャケット写真",
          "subcategory": "松田里奈",
          "method": "legacy-import",
          "status": "unreviewed"
        },
        "classificationCandidates": {
          "members": [],
          "projects": [],
          "contentTypes": []
        }
      }
    },
    {
      "type": "Feature",
      "geometry": {
        "type": "Point",
        "coordinates": [
          139.7257467,
          35.6884318
        ]
      },
      "properties": {
        "id": "fumi-423",
        "name": "森田ひかる: 名倉堂ビル B101",
        "category": "PV&ジャケット写真",
        "subcategory": "森田ひかる",
        "categoryColor": "#e11d48",
        "address": "",
        "sceneTitle": "名倉堂ビル B101",
        "sceneNote": "説明: 櫻坂46 森田ひかる「革命前夜」個人PV撮影場所 http://blog.livedoor.jp/fumichen2/archives/57280378.html ※今はDIMENSIONING 101 LABのチューニングスタジオになっています。 住所: 〒160-0008 東京都新宿区四谷三栄町14-5 https://www.youtube.com/embed/WaK9YfYNv2g",
        "sourceLabel": "fumi Diary 2号店",
        "sourceUrl": "https://www.youtube.com/watch?v=WaK9YfYNv2g",
        "tags": [
          "PV&ジャケット写真"
        ],
        "images": [
          "https://pub-6d7574c4452b41519ab8adf1541d7f9e.r2.dev/seichi/sakurazaka/3AAjQbR6c-qQyIj6SB2_fVDdgem53-W19TJ7owt2_009bbd52.png",
          "https://img.youtube.com/vi/WaK9YfYNv2g/hqdefault.jpg"
        ],
        "members": [],
        "source": {
          "provider": "fumi Diary 2号店",
          "url": "https://www.youtube.com/watch?v=WaK9YfYNv2g",
          "mapId": "",
          "layer": "PV&ジャケット写真",
          "tags": [
            "PV&ジャケット写真"
          ],
          "name": "森田ひかる: 名倉堂ビル B101"
        },
        "classification": {
          "category": "PV&ジャケット写真",
          "subcategory": "森田ひかる",
          "method": "legacy-import",
          "status": "unreviewed"
        },
        "classificationCandidates": {
          "members": [],
          "projects": [],
          "contentTypes": []
        }
      }
    },
    {
      "type": "Feature",
      "geometry": {
        "type": "Point",
        "coordinates": [
          139.7224673,
          35.7103701
        ]
      },
      "properties": {
        "id": "fumi-424",
        "name": "森田ひかる: リーガロイヤルホテル東京",
        "category": "PV&ジャケット写真",
        "subcategory": "森田ひかる",
        "categoryColor": "#e11d48",
        "address": "",
        "sceneTitle": "リーガロイヤルホテル東京",
        "sceneNote": "説明: 櫻坂46 森田ひかる「革命前夜」個人PV撮影場所 http://blog.livedoor.jp/fumichen2/archives/57280378.html 住所: 〒169-8613 東京都新宿区戸塚町1-104-19 https://www.youtube.com/embed/WaK9YfYNv2g",
        "sourceLabel": "fumi Diary 2号店",
        "sourceUrl": "https://www.youtube.com/watch?v=WaK9YfYNv2g",
        "tags": [
          "PV&ジャケット写真"
        ],
        "images": [
          "https://pub-6d7574c4452b41519ab8adf1541d7f9e.r2.dev/seichi/sakurazaka/3AAjQbR4Xa5fVaVxakmQP8qv86zrPRlJ5pU8KI0d_656d8742.png",
          "https://img.youtube.com/vi/WaK9YfYNv2g/hqdefault.jpg"
        ],
        "members": [],
        "source": {
          "provider": "fumi Diary 2号店",
          "url": "https://www.youtube.com/watch?v=WaK9YfYNv2g",
          "mapId": "",
          "layer": "PV&ジャケット写真",
          "tags": [
            "PV&ジャケット写真"
          ],
          "name": "森田ひかる: リーガロイヤルホテル東京"
        },
        "classification": {
          "category": "PV&ジャケット写真",
          "subcategory": "森田ひかる",
          "method": "legacy-import",
          "status": "unreviewed"
        },
        "classificationCandidates": {
          "members": [],
          "projects": [],
          "contentTypes": []
        }
      }
    },
    {
      "type": "Feature",
      "geometry": {
        "type": "Point",
        "coordinates": [
          138.685925,
          35.502534
        ]
      },
      "properties": {
        "id": "fumi-425",
        "name": "守屋麗奈: 西湖",
        "category": "PV&ジャケット写真",
        "subcategory": "守屋麗奈",
        "categoryColor": "#e11d48",
        "address": "",
        "sceneTitle": "西湖",
        "sceneNote": "説明: 櫻坂46 守屋麗奈「麗しい、世界。」個人PV撮影場所 http://blog.livedoor.jp/fumichen2/archives/55272439.html 住所: 〒401-0332 山梨県南都留郡富士河口湖町西湖987 https://www.youtube.com/embed/ipOfjIiST6A",
        "sourceLabel": "fumi Diary 2号店",
        "sourceUrl": "https://www.youtube.com/watch?v=ipOfjIiST6A",
        "tags": [
          "PV&ジャケット写真"
        ],
        "images": [
          "https://pub-6d7574c4452b41519ab8adf1541d7f9e.r2.dev/seichi/sakurazaka/3AAjQbR62jGoA1hUO_VMwRFAx4wutvbs_CyngAPH_924179f9.png",
          "https://img.youtube.com/vi/ipOfjIiST6A/hqdefault.jpg"
        ],
        "members": [],
        "source": {
          "provider": "fumi Diary 2号店",
          "url": "https://www.youtube.com/watch?v=ipOfjIiST6A",
          "mapId": "",
          "layer": "PV&ジャケット写真",
          "tags": [
            "PV&ジャケット写真"
          ],
          "name": "守屋麗奈: 西湖"
        },
        "classification": {
          "category": "PV&ジャケット写真",
          "subcategory": "守屋麗奈",
          "method": "legacy-import",
          "status": "unreviewed"
        },
        "classificationCandidates": {
          "members": [],
          "projects": [],
          "contentTypes": []
        }
      }
    },
    {
      "type": "Feature",
      "geometry": {
        "type": "Point",
        "coordinates": [
          140.1174799,
          35.4239548
        ]
      },
      "properties": {
        "id": "fumi-426",
        "name": "山﨑天: 外山商店",
        "category": "PV&ジャケット写真",
        "subcategory": "山﨑天",
        "categoryColor": "#e11d48",
        "address": "",
        "sceneTitle": "外山商店",
        "sceneNote": "説明: 櫻坂46 山﨑天「蒼天」個人PV撮影場所 http://blog.livedoor.jp/fumichen2/archives/55278038.html 住所: 〒290-0221 千葉県市原市馬立1185 https://www.youtube.com/embed/g114GkvmtxI",
        "sourceLabel": "fumi Diary 2号店",
        "sourceUrl": "https://www.youtube.com/watch?v=g114GkvmtxI",
        "tags": [
          "PV&ジャケット写真"
        ],
        "images": [
          "https://pub-6d7574c4452b41519ab8adf1541d7f9e.r2.dev/seichi/sakurazaka/3AAjQbR4tnshwOL0jlr2IU6rN1Uv-kWFw7qXxh4w_5d1b8548.png",
          "https://pub-6d7574c4452b41519ab8adf1541d7f9e.r2.dev/seichi/sakurazaka/3AAjQbR4UaJTFc3jWP7XG7MvD7ak0LHarPzkk_VP_332e4d8c.png",
          "https://img.youtube.com/vi/g114GkvmtxI/hqdefault.jpg"
        ],
        "members": [],
        "source": {
          "provider": "fumi Diary 2号店",
          "url": "https://www.youtube.com/watch?v=g114GkvmtxI",
          "mapId": "",
          "layer": "PV&ジャケット写真",
          "tags": [
            "PV&ジャケット写真"
          ],
          "name": "山﨑天: 外山商店"
        },
        "classification": {
          "category": "PV&ジャケット写真",
          "subcategory": "山﨑天",
          "method": "legacy-import",
          "status": "unreviewed"
        },
        "classificationCandidates": {
          "members": [],
          "projects": [],
          "contentTypes": []
        }
      }
    },
    {
      "type": "Feature",
      "geometry": {
        "type": "Point",
        "coordinates": [
          140.1651131,
          35.3813761
        ]
      },
      "properties": {
        "id": "fumi-427",
        "name": "山﨑天: 上総鶴舞駅",
        "category": "PV&ジャケット写真",
        "subcategory": "山﨑天",
        "categoryColor": "#e11d48",
        "address": "",
        "sceneTitle": "上総鶴舞駅",
        "sceneNote": "説明: 櫻坂46 山﨑天「蒼天」個人PV撮影場所 http://blog.livedoor.jp/fumichen2/archives/55278038.html 住所: 〒290-0516 千葉県市原市池和田898-2 https://www.youtube.com/embed/g114GkvmtxI",
        "sourceLabel": "fumi Diary 2号店",
        "sourceUrl": "https://www.youtube.com/watch?v=g114GkvmtxI",
        "tags": [
          "PV&ジャケット写真"
        ],
        "images": [
          "https://pub-6d7574c4452b41519ab8adf1541d7f9e.r2.dev/seichi/sakurazaka/3AAjQbR7rXmgq-4R4Eoucb74genfOd-Up740EtvC_c3a9a580.png",
          "https://pub-6d7574c4452b41519ab8adf1541d7f9e.r2.dev/seichi/sakurazaka/3AAjQbR659QKoxwbnwyDG3HTE3Z_xqqKZ5l0YGT-_562c94eb.png",
          "https://img.youtube.com/vi/g114GkvmtxI/hqdefault.jpg"
        ],
        "members": [],
        "source": {
          "provider": "fumi Diary 2号店",
          "url": "https://www.youtube.com/watch?v=g114GkvmtxI",
          "mapId": "",
          "layer": "PV&ジャケット写真",
          "tags": [
            "PV&ジャケット写真"
          ],
          "name": "山﨑天: 上総鶴舞駅"
        },
        "classification": {
          "category": "PV&ジャケット写真",
          "subcategory": "山﨑天",
          "method": "legacy-import",
          "status": "unreviewed"
        },
        "classificationCandidates": {
          "members": [],
          "projects": [],
          "contentTypes": []
        }
      }
    },
    {
      "type": "Feature",
      "geometry": {
        "type": "Point",
        "coordinates": [
          140.167056,
          35.380593
        ]
      },
      "properties": {
        "id": "fumi-428",
        "name": "山﨑天: 田んぼ",
        "category": "PV&ジャケット写真",
        "subcategory": "山﨑天",
        "categoryColor": "#e11d48",
        "address": "",
        "sceneTitle": "田んぼ",
        "sceneNote": "説明: 櫻坂46 山﨑天「蒼天」個人PV撮影場所 http://blog.livedoor.jp/fumichen2/archives/55278038.html 住所: 〒290-0516 千葉県市原市池和田 https://www.youtube.com/embed/g114GkvmtxI",
        "sourceLabel": "fumi Diary 2号店",
        "sourceUrl": "https://www.youtube.com/watch?v=g114GkvmtxI",
        "tags": [
          "PV&ジャケット写真"
        ],
        "images": [
          "https://pub-6d7574c4452b41519ab8adf1541d7f9e.r2.dev/seichi/sakurazaka/3AAjQbR59kMW44ZJpG5a3ToylCGPOk-ysxnnx1Xc_90557124.png",
          "https://img.youtube.com/vi/g114GkvmtxI/hqdefault.jpg"
        ],
        "members": [],
        "source": {
          "provider": "fumi Diary 2号店",
          "url": "https://www.youtube.com/watch?v=g114GkvmtxI",
          "mapId": "",
          "layer": "PV&ジャケット写真",
          "tags": [
            "PV&ジャケット写真"
          ],
          "name": "山﨑天: 田んぼ"
        },
        "classification": {
          "category": "PV&ジャケット写真",
          "subcategory": "山﨑天",
          "method": "legacy-import",
          "status": "unreviewed"
        },
        "classificationCandidates": {
          "members": [],
          "projects": [],
          "contentTypes": []
        }
      }
    },
    {
      "type": "Feature",
      "geometry": {
        "type": "Point",
        "coordinates": [
          139.706022,
          35.666532
        ]
      },
      "properties": {
        "id": "fumi-429",
        "name": "山﨑天: 旧渋谷川遊歩道 穏田橋石碑",
        "category": "PV&ジャケット写真",
        "subcategory": "山﨑天",
        "categoryColor": "#e11d48",
        "address": "",
        "sceneTitle": "旧渋谷川遊歩道 穏田橋石碑",
        "sceneNote": "説明: 櫻坂46 山﨑天「蒼天」個人PV撮影場所 http://blog.livedoor.jp/fumichen2/archives/55278038.html 住所: 〒150-0001 東京都渋谷区神宮前5-17-4 https://www.youtube.com/embed/g114GkvmtxI",
        "sourceLabel": "fumi Diary 2号店",
        "sourceUrl": "https://www.youtube.com/watch?v=g114GkvmtxI",
        "tags": [
          "PV&ジャケット写真"
        ],
        "images": [
          "https://pub-6d7574c4452b41519ab8adf1541d7f9e.r2.dev/seichi/sakurazaka/3AAjQbR57qVcyDjAZJiyXMSfUPrKdmHty6ymM9LX_e7e698b6.png",
          "https://img.youtube.com/vi/g114GkvmtxI/hqdefault.jpg"
        ],
        "members": [],
        "source": {
          "provider": "fumi Diary 2号店",
          "url": "https://www.youtube.com/watch?v=g114GkvmtxI",
          "mapId": "",
          "layer": "PV&ジャケット写真",
          "tags": [
            "PV&ジャケット写真"
          ],
          "name": "山﨑天: 旧渋谷川遊歩道 穏田橋石碑"
        },
        "classification": {
          "category": "PV&ジャケット写真",
          "subcategory": "山﨑天",
          "method": "legacy-import",
          "status": "unreviewed"
        },
        "classificationCandidates": {
          "members": [],
          "projects": [],
          "contentTypes": []
        }
      }
    },
    {
      "type": "Feature",
      "geometry": {
        "type": "Point",
        "coordinates": [
          139.7051895,
          35.6659459
        ]
      },
      "properties": {
        "id": "fumi-430",
        "name": "山﨑天: INO 5",
        "category": "PV&ジャケット写真",
        "subcategory": "山﨑天",
        "categoryColor": "#e11d48",
        "address": "",
        "sceneTitle": "INO 5",
        "sceneNote": "説明: 櫻坂46 山﨑天「蒼天」個人PV撮影場所 http://blog.livedoor.jp/fumichen2/archives/55278038.html 住所: 〒150-0001 東京都渋谷区神宮前6-14-6 https://www.youtube.com/embed/g114GkvmtxI",
        "sourceLabel": "fumi Diary 2号店",
        "sourceUrl": "https://www.youtube.com/watch?v=g114GkvmtxI",
        "tags": [
          "PV&ジャケット写真"
        ],
        "images": [
          "https://pub-6d7574c4452b41519ab8adf1541d7f9e.r2.dev/seichi/sakurazaka/3AAjQbR5xSUFCbLnlNdMvTqWLXybIYSgq4c1_Aeg_ad736f35.png",
          "https://img.youtube.com/vi/g114GkvmtxI/hqdefault.jpg"
        ],
        "members": [],
        "source": {
          "provider": "fumi Diary 2号店",
          "url": "https://www.youtube.com/watch?v=g114GkvmtxI",
          "mapId": "",
          "layer": "PV&ジャケット写真",
          "tags": [
            "PV&ジャケット写真"
          ],
          "name": "山﨑天: INO 5"
        },
        "classification": {
          "category": "PV&ジャケット写真",
          "subcategory": "山﨑天",
          "method": "legacy-import",
          "status": "unreviewed"
        },
        "classificationCandidates": {
          "members": [],
          "projects": [],
          "contentTypes": []
        }
      }
    },
    {
      "type": "Feature",
      "geometry": {
        "type": "Point",
        "coordinates": [
          139.7061637,
          35.6664024
        ]
      },
      "properties": {
        "id": "fumi-431",
        "name": "山﨑天: NUMBER SUGAR",
        "category": "PV&ジャケット写真",
        "subcategory": "山﨑天",
        "categoryColor": "#e11d48",
        "address": "",
        "sceneTitle": "NUMBER SUGAR",
        "sceneNote": "説明: 櫻坂46 山﨑天「蒼天」個人PV撮影場所 http://blog.livedoor.jp/fumichen2/archives/55278038.html 住所: 〒150-0001 東京都渋谷区神宮前5-11-11 https://www.youtube.com/embed/g114GkvmtxI",
        "sourceLabel": "fumi Diary 2号店",
        "sourceUrl": "https://www.youtube.com/watch?v=g114GkvmtxI",
        "tags": [
          "PV&ジャケット写真"
        ],
        "images": [
          "https://pub-6d7574c4452b41519ab8adf1541d7f9e.r2.dev/seichi/sakurazaka/3AAjQbR62pXVCTBEBmThVZIxEFBPUyMF6hz_c2KI_cceb04c5.png",
          "https://img.youtube.com/vi/g114GkvmtxI/hqdefault.jpg"
        ],
        "members": [],
        "source": {
          "provider": "fumi Diary 2号店",
          "url": "https://www.youtube.com/watch?v=g114GkvmtxI",
          "mapId": "",
          "layer": "PV&ジャケット写真",
          "tags": [
            "PV&ジャケット写真"
          ],
          "name": "山﨑天: NUMBER SUGAR"
        },
        "classification": {
          "category": "PV&ジャケット写真",
          "subcategory": "山﨑天",
          "method": "legacy-import",
          "status": "unreviewed"
        },
        "classificationCandidates": {
          "members": [],
          "projects": [],
          "contentTypes": []
        }
      }
    },
    {
      "type": "Feature",
      "geometry": {
        "type": "Point",
        "coordinates": [
          139.7059894,
          35.6665996
        ]
      },
      "properties": {
        "id": "fumi-432",
        "name": "山﨑天: 旧PAUL & JOE キャットストリート店",
        "category": "PV&ジャケット写真",
        "subcategory": "山﨑天",
        "categoryColor": "#e11d48",
        "address": "",
        "sceneTitle": "旧PAUL & JOE キャットストリート店",
        "sceneNote": "説明: 櫻坂46 山﨑天「蒼天」個人PV撮影場所 http://blog.livedoor.jp/fumichen2/archives/55278038.html 住所: 〒150-0011 東京都渋谷区神宮前6-7-8 VI 1-B ネスト原宿6 https://www.youtube.com/embed/g114GkvmtxI",
        "sourceLabel": "fumi Diary 2号店",
        "sourceUrl": "https://www.youtube.com/watch?v=g114GkvmtxI",
        "tags": [
          "PV&ジャケット写真"
        ],
        "images": [
          "https://pub-6d7574c4452b41519ab8adf1541d7f9e.r2.dev/seichi/sakurazaka/3AAjQbR4xRIKhP97Y8wJZJFWQzfaEdVgCXsgDgxq_9531e8f1.png",
          "https://img.youtube.com/vi/g114GkvmtxI/hqdefault.jpg"
        ],
        "members": [],
        "source": {
          "provider": "fumi Diary 2号店",
          "url": "https://www.youtube.com/watch?v=g114GkvmtxI",
          "mapId": "",
          "layer": "PV&ジャケット写真",
          "tags": [
            "PV&ジャケット写真"
          ],
          "name": "山﨑天: 旧PAUL & JOE キャットストリート店"
        },
        "classification": {
          "category": "PV&ジャケット写真",
          "subcategory": "山﨑天",
          "method": "legacy-import",
          "status": "unreviewed"
        },
        "classificationCandidates": {
          "members": [],
          "projects": [],
          "contentTypes": []
        }
      }
    },
    {
      "type": "Feature",
      "geometry": {
        "type": "Point",
        "coordinates": [
          139.700765,
          35.659128
        ]
      },
      "properties": {
        "id": "fumi-433",
        "name": "山﨑天: 渋谷駅ハチ公前広場 青ガエル(旧東急5000系車両)",
        "category": "PV&ジャケット写真",
        "subcategory": "山﨑天",
        "categoryColor": "#e11d48",
        "address": "",
        "sceneTitle": "渋谷駅ハチ公前広場 青ガエル(旧東急5000系車両)",
        "sceneNote": "説明: 櫻坂46 山﨑天「蒼天」個人PV撮影場所 http://blog.livedoor.jp/fumichen2/archives/55278038.html 住所: 〒150-0043 東京都渋谷区道玄坂2丁目1 https://www.youtube.com/embed/g114GkvmtxI",
        "sourceLabel": "fumi Diary 2号店",
        "sourceUrl": "https://www.youtube.com/watch?v=g114GkvmtxI",
        "tags": [
          "PV&ジャケット写真"
        ],
        "images": [
          "https://pub-6d7574c4452b41519ab8adf1541d7f9e.r2.dev/seichi/sakurazaka/3AAjQbR65U4a5TBVBeTI9LXbSFpaeFBbc5h_2DVG_07225bb8.png",
          "https://img.youtube.com/vi/g114GkvmtxI/hqdefault.jpg"
        ],
        "members": [],
        "source": {
          "provider": "fumi Diary 2号店",
          "url": "https://www.youtube.com/watch?v=g114GkvmtxI",
          "mapId": "",
          "layer": "PV&ジャケット写真",
          "tags": [
            "PV&ジャケット写真"
          ],
          "name": "山﨑天: 渋谷駅ハチ公前広場 青ガエル(旧東急5000系車両)"
        },
        "classification": {
          "category": "PV&ジャケット写真",
          "subcategory": "山﨑天",
          "method": "legacy-import",
          "status": "unreviewed"
        },
        "classificationCandidates": {
          "members": [],
          "projects": [],
          "contentTypes": []
        }
      }
    },
    {
      "type": "Feature",
      "geometry": {
        "type": "Point",
        "coordinates": [
          139.706874,
          35.652017
        ]
      },
      "properties": {
        "id": "fumi-434",
        "name": "山﨑天: 四反道跨線人道橋",
        "category": "PV&ジャケット写真",
        "subcategory": "山﨑天",
        "categoryColor": "#e11d48",
        "address": "",
        "sceneTitle": "四反道跨線人道橋",
        "sceneNote": "説明: 櫻坂46 山﨑天「蒼天」個人PV撮影場所 http://blog.livedoor.jp/fumichen2/archives/55278038.html 住所: 〒150-0011 東京都渋谷区東2丁目26 https://www.youtube.com/embed/g114GkvmtxI",
        "sourceLabel": "fumi Diary 2号店",
        "sourceUrl": "https://www.youtube.com/watch?v=g114GkvmtxI",
        "tags": [
          "PV&ジャケット写真"
        ],
        "images": [
          "https://pub-6d7574c4452b41519ab8adf1541d7f9e.r2.dev/seichi/sakurazaka/3AAjQbR4wnmvXZwgeMoHnBAqE0UNzDL9o9QKnlvy_8e1f661c.png",
          "https://img.youtube.com/vi/g114GkvmtxI/hqdefault.jpg"
        ],
        "members": [],
        "source": {
          "provider": "fumi Diary 2号店",
          "url": "https://www.youtube.com/watch?v=g114GkvmtxI",
          "mapId": "",
          "layer": "PV&ジャケット写真",
          "tags": [
            "PV&ジャケット写真"
          ],
          "name": "山﨑天: 四反道跨線人道橋"
        },
        "classification": {
          "category": "PV&ジャケット写真",
          "subcategory": "山﨑天",
          "method": "legacy-import",
          "status": "unreviewed"
        },
        "classificationCandidates": {
          "members": [],
          "projects": [],
          "contentTypes": []
        }
      }
    },
    {
      "type": "Feature",
      "geometry": {
        "type": "Point",
        "coordinates": [
          139.700454,
          35.659607
        ]
      },
      "properties": {
        "id": "fumi-435",
        "name": "山﨑天: 渋谷駅前交差点",
        "category": "PV&ジャケット写真",
        "subcategory": "山﨑天",
        "categoryColor": "#e11d48",
        "address": "",
        "sceneTitle": "渋谷駅前交差点",
        "sceneNote": "説明: 櫻坂46 山﨑天「蒼天」個人PV撮影場所 http://blog.livedoor.jp/fumichen2/archives/55278038.html 住所: 〒150-0042 東京都渋谷区宇田川町21 https://www.youtube.com/embed/g114GkvmtxI",
        "sourceLabel": "fumi Diary 2号店",
        "sourceUrl": "https://www.youtube.com/watch?v=g114GkvmtxI",
        "tags": [
          "PV&ジャケット写真"
        ],
        "images": [
          "https://pub-6d7574c4452b41519ab8adf1541d7f9e.r2.dev/seichi/sakurazaka/3AAjQbR43SzuQxUkiuq5eQkzpzDkGXFlhslLZLui_7f86d865.png",
          "https://img.youtube.com/vi/g114GkvmtxI/hqdefault.jpg"
        ],
        "members": [],
        "source": {
          "provider": "fumi Diary 2号店",
          "url": "https://www.youtube.com/watch?v=g114GkvmtxI",
          "mapId": "",
          "layer": "PV&ジャケット写真",
          "tags": [
            "PV&ジャケット写真"
          ],
          "name": "山﨑天: 渋谷駅前交差点"
        },
        "classification": {
          "category": "PV&ジャケット写真",
          "subcategory": "山﨑天",
          "method": "legacy-import",
          "status": "unreviewed"
        },
        "classificationCandidates": {
          "members": [],
          "projects": [],
          "contentTypes": []
        }
      }
    },
    {
      "type": "Feature",
      "geometry": {
        "type": "Point",
        "coordinates": [
          139.701317,
          35.645162
        ]
      },
      "properties": {
        "id": "fumi-436",
        "name": "山﨑天: 駒沢通りの階段",
        "category": "PV&ジャケット写真",
        "subcategory": "山﨑天",
        "categoryColor": "#e11d48",
        "address": "",
        "sceneTitle": "駒沢通りの階段",
        "sceneNote": "説明: 櫻坂46 山﨑天「蒼天」個人PV撮影場所 http://blog.livedoor.jp/fumichen2/archives/55278038.html 住所: 〒153-0051 東京都目黒区上目黒1-3-3 https://www.youtube.com/embed/g114GkvmtxI",
        "sourceLabel": "fumi Diary 2号店",
        "sourceUrl": "https://www.youtube.com/watch?v=g114GkvmtxI",
        "tags": [
          "PV&ジャケット写真"
        ],
        "images": [
          "https://pub-6d7574c4452b41519ab8adf1541d7f9e.r2.dev/seichi/sakurazaka/3AAjQbR6L3XhZAvOAhayoFxPgpVUmIS_Nyeoxe33_eac5f61e.png",
          "https://img.youtube.com/vi/g114GkvmtxI/hqdefault.jpg"
        ],
        "members": [],
        "source": {
          "provider": "fumi Diary 2号店",
          "url": "https://www.youtube.com/watch?v=g114GkvmtxI",
          "mapId": "",
          "layer": "PV&ジャケット写真",
          "tags": [
            "PV&ジャケット写真"
          ],
          "name": "山﨑天: 駒沢通りの階段"
        },
        "classification": {
          "category": "PV&ジャケット写真",
          "subcategory": "山﨑天",
          "method": "legacy-import",
          "status": "unreviewed"
        },
        "classificationCandidates": {
          "members": [],
          "projects": [],
          "contentTypes": []
        }
      }
    },
    {
      "type": "Feature",
      "geometry": {
        "type": "Point",
        "coordinates": [
          140.8029346,
          36.9559099
        ]
      },
      "properties": {
        "id": "fumi-437",
        "name": "ヘレナ国際ホテル",
        "category": "PV&ジャケット写真",
        "subcategory": "PV&ジャケット写真",
        "categoryColor": "#e11d48",
        "address": "",
        "sceneTitle": "ヘレナ国際ホテル",
        "sceneNote": "説明: 櫻坂46「BAN」アーティスト写真撮影場所 http://blog.livedoor.jp/fumichen2/archives/55572509.html 櫻坂46「BAN」ジャケット写真撮影場所 http://blog.livedoor.jp/fumichen2/archives/55599844.html 住所: 〒974-8202 福島県いわき市添野町頭巾平66-3",
        "sourceLabel": "fumi Diary 2号店",
        "sourceUrl": "http://blog.livedoor.jp/fumichen2/",
        "tags": [
          "PV&ジャケット写真"
        ],
        "images": [
          "https://pub-6d7574c4452b41519ab8adf1541d7f9e.r2.dev/seichi/sakurazaka/3AAjQbR4BNgjh0J8aR3Qu_7yQIQA7qXa0Whi991w_8f19e2a1.png",
          "https://pub-6d7574c4452b41519ab8adf1541d7f9e.r2.dev/seichi/sakurazaka/3AAjQbR5nngC5leyKYp-Z2G-M_x5A0YndtMtypmZ_d0ce6e7e.png",
          "https://pub-6d7574c4452b41519ab8adf1541d7f9e.r2.dev/seichi/sakurazaka/3AAjQbR6hH750CkVcly0dgK5_k5cZqqxSq6tOqWU_8f143166.png",
          "https://pub-6d7574c4452b41519ab8adf1541d7f9e.r2.dev/seichi/sakurazaka/3AAjQbR40I_H-uSBQVBVULLfQwDQjHke0bdGcHG0_c332b8ea.png",
          "https://pub-6d7574c4452b41519ab8adf1541d7f9e.r2.dev/seichi/sakurazaka/3AAjQbR6d3ta2zIGPqnZ1YhNhFrPqev4-YMtCVN__c2234f92.png",
          "https://pub-6d7574c4452b41519ab8adf1541d7f9e.r2.dev/seichi/sakurazaka/3AAjQbR7gYFk_lpUqkgkzjwi4dKa43Ohss9e9Cka_176c6920.png"
        ],
        "members": [],
        "source": {
          "provider": "fumi Diary 2号店",
          "url": "http://blog.livedoor.jp/fumichen2/",
          "mapId": "",
          "layer": "PV&ジャケット写真",
          "tags": [
            "PV&ジャケット写真"
          ],
          "name": "ヘレナ国際ホテル"
        },
        "classification": {
          "category": "PV&ジャケット写真",
          "subcategory": "PV&ジャケット写真",
          "method": "legacy-import",
          "status": "unreviewed"
        },
        "classificationCandidates": {
          "members": [],
          "projects": [],
          "contentTypes": []
        }
      }
    },
    {
      "type": "Feature",
      "geometry": {
        "type": "Point",
        "coordinates": [
          135.007804,
          34.558144
        ]
      },
      "properties": {
        "id": "fumi-438",
        "name": "淡路夢舞台国際会議場",
        "category": "PV&ジャケット写真",
        "subcategory": "PV&ジャケット写真",
        "categoryColor": "#e11d48",
        "address": "",
        "sceneTitle": "淡路夢舞台国際会議場",
        "sceneNote": "説明: 櫻坂46「BAN」PV撮影場所 http://blog.livedoor.jp/fumichen2/archives/55572549.html 住所: 〒656-2306 兵庫県淡路市夢舞台1番地 https://www.youtube.com/embed/fPZ37t3nvco",
        "sourceLabel": "fumi Diary 2号店",
        "sourceUrl": "https://www.youtube.com/watch?v=fPZ37t3nvco",
        "tags": [
          "PV&ジャケット写真"
        ],
        "images": [
          "https://pub-6d7574c4452b41519ab8adf1541d7f9e.r2.dev/seichi/sakurazaka/3AAjQbR554mpmw8Q3cQAo210nBLWHCDrw45lsH4-_acd90117.png",
          "https://img.youtube.com/vi/fPZ37t3nvco/hqdefault.jpg"
        ],
        "members": [],
        "source": {
          "provider": "fumi Diary 2号店",
          "url": "https://www.youtube.com/watch?v=fPZ37t3nvco",
          "mapId": "",
          "layer": "PV&ジャケット写真",
          "tags": [
            "PV&ジャケット写真"
          ],
          "name": "淡路夢舞台国際会議場"
        },
        "classification": {
          "category": "PV&ジャケット写真",
          "subcategory": "PV&ジャケット写真",
          "method": "legacy-import",
          "status": "unreviewed"
        },
        "classificationCandidates": {
          "members": [],
          "projects": [],
          "contentTypes": []
        }
      }
    },
    {
      "type": "Feature",
      "geometry": {
        "type": "Point",
        "coordinates": [
          135.008477,
          34.561891
        ]
      },
      "properties": {
        "id": "fumi-439",
        "name": "淡路夢舞台 山回廊",
        "category": "PV&ジャケット写真",
        "subcategory": "PV&ジャケット写真",
        "categoryColor": "#e11d48",
        "address": "",
        "sceneTitle": "淡路夢舞台 山回廊",
        "sceneNote": "説明: 櫻坂46「BAN」PV撮影場所 http://blog.livedoor.jp/fumichen2/archives/55572549.html 住所: 〒656-2306 兵庫県淡路市夢舞台2番地 https://www.youtube.com/embed/fPZ37t3nvco",
        "sourceLabel": "fumi Diary 2号店",
        "sourceUrl": "https://www.youtube.com/watch?v=fPZ37t3nvco",
        "tags": [
          "PV&ジャケット写真"
        ],
        "images": [
          "https://pub-6d7574c4452b41519ab8adf1541d7f9e.r2.dev/seichi/sakurazaka/3AAjQbR6l45QOtNPTLJwt_DUP_19MzUKa5nrAZAn_4685aac0.png",
          "https://img.youtube.com/vi/fPZ37t3nvco/hqdefault.jpg"
        ],
        "members": [],
        "source": {
          "provider": "fumi Diary 2号店",
          "url": "https://www.youtube.com/watch?v=fPZ37t3nvco",
          "mapId": "",
          "layer": "PV&ジャケット写真",
          "tags": [
            "PV&ジャケット写真"
          ],
          "name": "淡路夢舞台 山回廊"
        },
        "classification": {
          "category": "PV&ジャケット写真",
          "subcategory": "PV&ジャケット写真",
          "method": "legacy-import",
          "status": "unreviewed"
        },
        "classificationCandidates": {
          "members": [],
          "projects": [],
          "contentTypes": []
        }
      }
    },
    {
      "type": "Feature",
      "geometry": {
        "type": "Point",
        "coordinates": [
          135.008707,
          34.561849
        ]
      },
      "properties": {
        "id": "fumi-440",
        "name": "淡路夢舞台 楕円フォーラム",
        "category": "PV&ジャケット写真",
        "subcategory": "PV&ジャケット写真",
        "categoryColor": "#e11d48",
        "address": "",
        "sceneTitle": "淡路夢舞台 楕円フォーラム",
        "sceneNote": "説明: 櫻坂46「BAN」PV撮影場所 http://blog.livedoor.jp/fumichen2/archives/55572549.html 住所: 〒656-2306 兵庫県淡路市夢舞台2番地 https://www.youtube.com/embed/fPZ37t3nvco",
        "sourceLabel": "fumi Diary 2号店",
        "sourceUrl": "https://www.youtube.com/watch?v=fPZ37t3nvco",
        "tags": [
          "PV&ジャケット写真"
        ],
        "images": [
          "https://pub-6d7574c4452b41519ab8adf1541d7f9e.r2.dev/seichi/sakurazaka/3AAjQbR5PrYzGvB78OIyuFOslwCXPehpb3f3WAwM_2aa44cf2.png",
          "https://img.youtube.com/vi/fPZ37t3nvco/hqdefault.jpg"
        ],
        "members": [],
        "source": {
          "provider": "fumi Diary 2号店",
          "url": "https://www.youtube.com/watch?v=fPZ37t3nvco",
          "mapId": "",
          "layer": "PV&ジャケット写真",
          "tags": [
            "PV&ジャケット写真"
          ],
          "name": "淡路夢舞台 楕円フォーラム"
        },
        "classification": {
          "category": "PV&ジャケット写真",
          "subcategory": "PV&ジャケット写真",
          "method": "legacy-import",
          "status": "unreviewed"
        },
        "classificationCandidates": {
          "members": [],
          "projects": [],
          "contentTypes": []
        }
      }
    },
    {
      "type": "Feature",
      "geometry": {
        "type": "Point",
        "coordinates": [
          135.008893,
          34.561705
        ]
      },
      "properties": {
        "id": "fumi-441",
        "name": "淡路夢舞台 楕円フォーラム",
        "category": "PV&ジャケット写真",
        "subcategory": "PV&ジャケット写真",
        "categoryColor": "#e11d48",
        "address": "",
        "sceneTitle": "淡路夢舞台 楕円フォーラム",
        "sceneNote": "説明: 櫻坂46「BAN」PV撮影場所 (森田ひかる) http://blog.livedoor.jp/fumichen2/archives/55572549.html 住所: 〒656-2306 兵庫県淡路市夢舞台2番地 https://www.youtube.com/embed/fPZ37t3nvco",
        "sourceLabel": "fumi Diary 2号店",
        "sourceUrl": "https://www.youtube.com/watch?v=fPZ37t3nvco",
        "tags": [
          "PV&ジャケット写真"
        ],
        "images": [
          "https://pub-6d7574c4452b41519ab8adf1541d7f9e.r2.dev/seichi/sakurazaka/3AAjQbR6U1y22lkoI1wlp7qgNfCDk7Zp3324AW_V_75b4a810.png",
          "https://img.youtube.com/vi/fPZ37t3nvco/hqdefault.jpg"
        ],
        "members": [],
        "source": {
          "provider": "fumi Diary 2号店",
          "url": "https://www.youtube.com/watch?v=fPZ37t3nvco",
          "mapId": "",
          "layer": "PV&ジャケット写真",
          "tags": [
            "PV&ジャケット写真"
          ],
          "name": "淡路夢舞台 楕円フォーラム"
        },
        "classification": {
          "category": "PV&ジャケット写真",
          "subcategory": "PV&ジャケット写真",
          "method": "legacy-import",
          "status": "unreviewed"
        },
        "classificationCandidates": {
          "members": [],
          "projects": [],
          "contentTypes": []
        }
      }
    },
    {
      "type": "Feature",
      "geometry": {
        "type": "Point",
        "coordinates": [
          135.008703,
          34.561544
        ]
      },
      "properties": {
        "id": "fumi-442",
        "name": "淡路夢舞台 楕円フォーラム",
        "category": "PV&ジャケット写真",
        "subcategory": "PV&ジャケット写真",
        "categoryColor": "#e11d48",
        "address": "",
        "sceneTitle": "淡路夢舞台 楕円フォーラム",
        "sceneNote": "説明: 櫻坂46「BAN」PV撮影場所 http://blog.livedoor.jp/fumichen2/archives/55572549.html 住所: 〒656-2306 兵庫県淡路市夢舞台2番地 https://www.youtube.com/embed/fPZ37t3nvco",
        "sourceLabel": "fumi Diary 2号店",
        "sourceUrl": "https://www.youtube.com/watch?v=fPZ37t3nvco",
        "tags": [
          "PV&ジャケット写真"
        ],
        "images": [
          "https://pub-6d7574c4452b41519ab8adf1541d7f9e.r2.dev/seichi/sakurazaka/3AAjQbR4LAdhastORdbo2xQYu2ozOITKyNrhLYWl_b02c6d7a.png",
          "https://img.youtube.com/vi/fPZ37t3nvco/hqdefault.jpg"
        ],
        "members": [],
        "source": {
          "provider": "fumi Diary 2号店",
          "url": "https://www.youtube.com/watch?v=fPZ37t3nvco",
          "mapId": "",
          "layer": "PV&ジャケット写真",
          "tags": [
            "PV&ジャケット写真"
          ],
          "name": "淡路夢舞台 楕円フォーラム"
        },
        "classification": {
          "category": "PV&ジャケット写真",
          "subcategory": "PV&ジャケット写真",
          "method": "legacy-import",
          "status": "unreviewed"
        },
        "classificationCandidates": {
          "members": [],
          "projects": [],
          "contentTypes": []
        }
      }
    },
    {
      "type": "Feature",
      "geometry": {
        "type": "Point",
        "coordinates": [
          135.00901,
          34.561872
        ]
      },
      "properties": {
        "id": "fumi-443",
        "name": "淡路夢舞台 海回廊",
        "category": "PV&ジャケット写真",
        "subcategory": "PV&ジャケット写真",
        "categoryColor": "#e11d48",
        "address": "",
        "sceneTitle": "淡路夢舞台 海回廊",
        "sceneNote": "説明: 櫻坂46「BAN」PV撮影場所 (守屋麗奈、松田里奈、小林由依) http://blog.livedoor.jp/fumichen2/archives/55572549.html 住所: 〒656-2306 兵庫県淡路市夢舞台2番地 https://www.youtube.com/embed/fPZ37t3nvco",
        "sourceLabel": "fumi Diary 2号店",
        "sourceUrl": "https://www.youtube.com/watch?v=fPZ37t3nvco",
        "tags": [
          "PV&ジャケット写真"
        ],
        "images": [
          "https://pub-6d7574c4452b41519ab8adf1541d7f9e.r2.dev/seichi/sakurazaka/3AAjQbR60UoXDbKOfRPzwjSbN-MCOoxHPYmTrxH5_56814daa.png",
          "https://img.youtube.com/vi/fPZ37t3nvco/hqdefault.jpg"
        ],
        "members": [],
        "source": {
          "provider": "fumi Diary 2号店",
          "url": "https://www.youtube.com/watch?v=fPZ37t3nvco",
          "mapId": "",
          "layer": "PV&ジャケット写真",
          "tags": [
            "PV&ジャケット写真"
          ],
          "name": "淡路夢舞台 海回廊"
        },
        "classification": {
          "category": "PV&ジャケット写真",
          "subcategory": "PV&ジャケット写真",
          "method": "legacy-import",
          "status": "unreviewed"
        },
        "classificationCandidates": {
          "members": [],
          "projects": [],
          "contentTypes": []
        }
      }
    },
    {
      "type": "Feature",
      "geometry": {
        "type": "Point",
        "coordinates": [
          135.008814,
          34.560931
        ]
      },
      "properties": {
        "id": "fumi-444",
        "name": "淡路夢舞台 海回廊",
        "category": "PV&ジャケット写真",
        "subcategory": "PV&ジャケット写真",
        "categoryColor": "#e11d48",
        "address": "",
        "sceneTitle": "淡路夢舞台 海回廊",
        "sceneNote": "説明: 櫻坂46「BAN」PV撮影場所 http://blog.livedoor.jp/fumichen2/archives/55572549.html 住所: 〒656-2306 兵庫県淡路市夢舞台2番地 https://www.youtube.com/embed/fPZ37t3nvco",
        "sourceLabel": "fumi Diary 2号店",
        "sourceUrl": "https://www.youtube.com/watch?v=fPZ37t3nvco",
        "tags": [
          "PV&ジャケット写真"
        ],
        "images": [
          "https://pub-6d7574c4452b41519ab8adf1541d7f9e.r2.dev/seichi/sakurazaka/3AAjQbR6atPzUilBtmA9VMzP9gZ1F-26u6_jvYLf_744c9c53.png",
          "https://pub-6d7574c4452b41519ab8adf1541d7f9e.r2.dev/seichi/sakurazaka/3AAjQbR6NkoeNSshWgB3XC6uqAWF-k4s-UuQrzcg_c6194984.png",
          "https://img.youtube.com/vi/fPZ37t3nvco/hqdefault.jpg"
        ],
        "members": [],
        "source": {
          "provider": "fumi Diary 2号店",
          "url": "https://www.youtube.com/watch?v=fPZ37t3nvco",
          "mapId": "",
          "layer": "PV&ジャケット写真",
          "tags": [
            "PV&ジャケット写真"
          ],
          "name": "淡路夢舞台 海回廊"
        },
        "classification": {
          "category": "PV&ジャケット写真",
          "subcategory": "PV&ジャケット写真",
          "method": "legacy-import",
          "status": "unreviewed"
        },
        "classificationCandidates": {
          "members": [],
          "projects": [],
          "contentTypes": []
        }
      }
    },
    {
      "type": "Feature",
      "geometry": {
        "type": "Point",
        "coordinates": [
          135.010055,
          34.56351
        ]
      },
      "properties": {
        "id": "fumi-445",
        "name": "淡路夢舞台 野外劇場",
        "category": "PV&ジャケット写真",
        "subcategory": "PV&ジャケット写真",
        "categoryColor": "#e11d48",
        "address": "",
        "sceneTitle": "淡路夢舞台 野外劇場",
        "sceneNote": "説明: 櫻坂46「BAN」PV撮影場所 http://blog.livedoor.jp/fumichen2/archives/55572549.html 住所: 〒656-2306 兵庫県淡路市夢舞台2番地 https://www.youtube.com/embed/fPZ37t3nvco",
        "sourceLabel": "fumi Diary 2号店",
        "sourceUrl": "https://www.youtube.com/watch?v=fPZ37t3nvco",
        "tags": [
          "PV&ジャケット写真"
        ],
        "images": [
          "https://pub-6d7574c4452b41519ab8adf1541d7f9e.r2.dev/seichi/sakurazaka/3AAjQbR4GOAHvqB2DujBc7m95zS7SHeyqLLgi1Qz_c3c88b5c.png",
          "https://img.youtube.com/vi/fPZ37t3nvco/hqdefault.jpg"
        ],
        "members": [],
        "source": {
          "provider": "fumi Diary 2号店",
          "url": "https://www.youtube.com/watch?v=fPZ37t3nvco",
          "mapId": "",
          "layer": "PV&ジャケット写真",
          "tags": [
            "PV&ジャケット写真"
          ],
          "name": "淡路夢舞台 野外劇場"
        },
        "classification": {
          "category": "PV&ジャケット写真",
          "subcategory": "PV&ジャケット写真",
          "method": "legacy-import",
          "status": "unreviewed"
        },
        "classificationCandidates": {
          "members": [],
          "projects": [],
          "contentTypes": []
        }
      }
    },
    {
      "type": "Feature",
      "geometry": {
        "type": "Point",
        "coordinates": [
          135.008789,
          34.561756
        ]
      },
      "properties": {
        "id": "fumi-446",
        "name": "淡路夢舞台 楕円フォーラム",
        "category": "PV&ジャケット写真",
        "subcategory": "PV&ジャケット写真",
        "categoryColor": "#e11d48",
        "address": "",
        "sceneTitle": "淡路夢舞台 楕円フォーラム",
        "sceneNote": "説明: 櫻坂46「BAN」PV撮影場所 http://blog.livedoor.jp/fumichen2/archives/55572549.html 住所: 〒656-2306 兵庫県淡路市夢舞台2番地 https://www.youtube.com/embed/fPZ37t3nvco",
        "sourceLabel": "fumi Diary 2号店",
        "sourceUrl": "https://www.youtube.com/watch?v=fPZ37t3nvco",
        "tags": [
          "PV&ジャケット写真"
        ],
        "images": [
          "https://pub-6d7574c4452b41519ab8adf1541d7f9e.r2.dev/seichi/sakurazaka/3AAjQbR6kIfk-5HvTwfK42MnYOJWRjKaCbJcsjsx_96d572d3.png",
          "https://img.youtube.com/vi/fPZ37t3nvco/hqdefault.jpg"
        ],
        "members": [],
        "source": {
          "provider": "fumi Diary 2号店",
          "url": "https://www.youtube.com/watch?v=fPZ37t3nvco",
          "mapId": "",
          "layer": "PV&ジャケット写真",
          "tags": [
            "PV&ジャケット写真"
          ],
          "name": "淡路夢舞台 楕円フォーラム"
        },
        "classification": {
          "category": "PV&ジャケット写真",
          "subcategory": "PV&ジャケット写真",
          "method": "legacy-import",
          "status": "unreviewed"
        },
        "classificationCandidates": {
          "members": [],
          "projects": [],
          "contentTypes": []
        }
      }
    },
    {
      "type": "Feature",
      "geometry": {
        "type": "Point",
        "coordinates": [
          135.008368,
          34.560862
        ]
      },
      "properties": {
        "id": "fumi-447",
        "name": "淡路夢舞台 円形フォーラム",
        "category": "PV&ジャケット写真",
        "subcategory": "PV&ジャケット写真",
        "categoryColor": "#e11d48",
        "address": "",
        "sceneTitle": "淡路夢舞台 円形フォーラム",
        "sceneNote": "説明: 櫻坂46「BAN」PV撮影場所 http://blog.livedoor.jp/fumichen2/archives/55572549.html 住所: 〒656-2306 兵庫県淡路市夢舞台2番地 https://www.youtube.com/embed/fPZ37t3nvco",
        "sourceLabel": "fumi Diary 2号店",
        "sourceUrl": "https://www.youtube.com/watch?v=fPZ37t3nvco",
        "tags": [
          "PV&ジャケット写真"
        ],
        "images": [
          "https://pub-6d7574c4452b41519ab8adf1541d7f9e.r2.dev/seichi/sakurazaka/3AAjQbR4iJ7GHO5FNwUMJc-x3UMQV83zLG_Z-1ZP_700bd6ad.png",
          "https://img.youtube.com/vi/fPZ37t3nvco/hqdefault.jpg"
        ],
        "members": [],
        "source": {
          "provider": "fumi Diary 2号店",
          "url": "https://www.youtube.com/watch?v=fPZ37t3nvco",
          "mapId": "",
          "layer": "PV&ジャケット写真",
          "tags": [
            "PV&ジャケット写真"
          ],
          "name": "淡路夢舞台 円形フォーラム"
        },
        "classification": {
          "category": "PV&ジャケット写真",
          "subcategory": "PV&ジャケット写真",
          "method": "legacy-import",
          "status": "unreviewed"
        },
        "classificationCandidates": {
          "members": [],
          "projects": [],
          "contentTypes": []
        }
      }
    },
    {
      "type": "Feature",
      "geometry": {
        "type": "Point",
        "coordinates": [
          139.7003226,
          35.658017
        ]
      },
      "properties": {
        "id": "fumi-448",
        "name": "東急プラザ渋谷 屋上テラス 17F SHIBU NIWA",
        "category": "PV&ジャケット写真",
        "subcategory": "PV&ジャケット写真",
        "categoryColor": "#e11d48",
        "address": "",
        "sceneTitle": "東急プラザ渋谷 屋上テラス 17F SHIBU NIWA",
        "sceneNote": "説明: 櫻坂46「偶然の答え」PV撮影場所 (藤吉夏鈴) http://blog.livedoor.jp/fumichen2/archives/55595674.html 住所: 〒150-0043 東京都渋谷区道玄坂1-2-2 https://www.youtube.com/embed/_ZCf_iLMwn0",
        "sourceLabel": "fumi Diary 2号店",
        "sourceUrl": "https://www.youtube.com/watch?v=_ZCf_iLMwn0",
        "tags": [
          "PV&ジャケット写真"
        ],
        "images": [
          "https://pub-6d7574c4452b41519ab8adf1541d7f9e.r2.dev/seichi/sakurazaka/3AAjQbR4TSrhPvpj_07E-Dj5_BcvezdAywNz78Hh_b278bc55.png",
          "https://img.youtube.com/vi/_ZCf_iLMwn0/hqdefault.jpg"
        ],
        "members": [],
        "source": {
          "provider": "fumi Diary 2号店",
          "url": "https://www.youtube.com/watch?v=_ZCf_iLMwn0",
          "mapId": "",
          "layer": "PV&ジャケット写真",
          "tags": [
            "PV&ジャケット写真"
          ],
          "name": "東急プラザ渋谷 屋上テラス 17F SHIBU NIWA"
        },
        "classification": {
          "category": "PV&ジャケット写真",
          "subcategory": "PV&ジャケット写真",
          "method": "legacy-import",
          "status": "unreviewed"
        },
        "classificationCandidates": {
          "members": [],
          "projects": [],
          "contentTypes": []
        }
      }
    },
    {
      "type": "Feature",
      "geometry": {
        "type": "Point",
        "coordinates": [
          139.9920878,
          35.9511127
        ]
      },
      "properties": {
        "id": "fumi-449",
        "name": "関東鉄道守谷駅",
        "category": "PV&ジャケット写真",
        "subcategory": "PV&ジャケット写真",
        "categoryColor": "#e11d48",
        "address": "",
        "sceneTitle": "関東鉄道守谷駅",
        "sceneNote": "説明: 櫻坂46「偶然の答え」PV撮影場所 http://blog.livedoor.jp/fumichen2/archives/55595674.html 住所: 〒302-0115 茨城県守谷市中央2-18-3 https://www.youtube.com/embed/_ZCf_iLMwn0",
        "sourceLabel": "fumi Diary 2号店",
        "sourceUrl": "https://www.youtube.com/watch?v=_ZCf_iLMwn0",
        "tags": [
          "PV&ジャケット写真"
        ],
        "images": [
          "https://pub-6d7574c4452b41519ab8adf1541d7f9e.r2.dev/seichi/sakurazaka/3AAjQbR4lqIG3cOKzPCKKPTyD9fwavyn9w9EzIyf_444f5f0d.png",
          "https://pub-6d7574c4452b41519ab8adf1541d7f9e.r2.dev/seichi/sakurazaka/3AAjQbR73lEsuuIBVUcUSn_vkAv4mFK_I5ghykKW_0e5e8074.png",
          "https://pub-6d7574c4452b41519ab8adf1541d7f9e.r2.dev/seichi/sakurazaka/3AAjQbR7-zMbrpc5MO5KCHEnqx9OB7eu9dSal9Ay_5fc92d52.png",
          "https://img.youtube.com/vi/_ZCf_iLMwn0/hqdefault.jpg"
        ],
        "members": [],
        "source": {
          "provider": "fumi Diary 2号店",
          "url": "https://www.youtube.com/watch?v=_ZCf_iLMwn0",
          "mapId": "",
          "layer": "PV&ジャケット写真",
          "tags": [
            "PV&ジャケット写真"
          ],
          "name": "関東鉄道守谷駅"
        },
        "classification": {
          "category": "PV&ジャケット写真",
          "subcategory": "PV&ジャケット写真",
          "method": "legacy-import",
          "status": "unreviewed"
        },
        "classificationCandidates": {
          "members": [],
          "projects": [],
          "contentTypes": []
        }
      }
    },
    {
      "type": "Feature",
      "geometry": {
        "type": "Point",
        "coordinates": [
          139.393184,
          36.356174
        ]
      },
      "properties": {
        "id": "fumi-450",
        "name": "旧栃木県立足利西高等学校 グランド",
        "category": "PV&ジャケット写真",
        "subcategory": "PV&ジャケット写真",
        "categoryColor": "#e11d48",
        "address": "",
        "sceneTitle": "旧栃木県立足利西高等学校 グランド",
        "sceneNote": "説明: 櫻坂46「偶然の答え」PV撮影場所 http://blog.livedoor.jp/fumichen2/archives/55595674.html 住所: 〒326-0845 栃木県足利市大前町103-11 https://www.youtube.com/embed/_ZCf_iLMwn0",
        "sourceLabel": "fumi Diary 2号店",
        "sourceUrl": "https://www.youtube.com/watch?v=_ZCf_iLMwn0",
        "tags": [
          "PV&ジャケット写真"
        ],
        "images": [
          "https://pub-6d7574c4452b41519ab8adf1541d7f9e.r2.dev/seichi/sakurazaka/3AAjQbR5SHotFeMXVLU3PZnySbj7sHd005t79x6a_e022a531.png",
          "https://img.youtube.com/vi/_ZCf_iLMwn0/hqdefault.jpg"
        ],
        "members": [],
        "source": {
          "provider": "fumi Diary 2号店",
          "url": "https://www.youtube.com/watch?v=_ZCf_iLMwn0",
          "mapId": "",
          "layer": "PV&ジャケット写真",
          "tags": [
            "PV&ジャケット写真"
          ],
          "name": "旧栃木県立足利西高等学校 グランド"
        },
        "classification": {
          "category": "PV&ジャケット写真",
          "subcategory": "PV&ジャケット写真",
          "method": "legacy-import",
          "status": "unreviewed"
        },
        "classificationCandidates": {
          "members": [],
          "projects": [],
          "contentTypes": []
        }
      }
    },
    {
      "type": "Feature",
      "geometry": {
        "type": "Point",
        "coordinates": [
          139.3914853,
          36.3566382
        ]
      },
      "properties": {
        "id": "fumi-451",
        "name": "旧栃木県立足利西高等学校 屋上&教室",
        "category": "PV&ジャケット写真",
        "subcategory": "PV&ジャケット写真",
        "categoryColor": "#e11d48",
        "address": "",
        "sceneTitle": "旧栃木県立足利西高等学校 屋上&教室",
        "sceneNote": "説明: 櫻坂46「偶然の答え」PV撮影場所 http://blog.livedoor.jp/fumichen2/archives/55595674.html 住所: 〒326-0845 栃木県足利市大前町103-11 https://www.youtube.com/embed/_ZCf_iLMwn0",
        "sourceLabel": "fumi Diary 2号店",
        "sourceUrl": "https://www.youtube.com/watch?v=_ZCf_iLMwn0",
        "tags": [
          "PV&ジャケット写真"
        ],
        "images": [
          "https://pub-6d7574c4452b41519ab8adf1541d7f9e.r2.dev/seichi/sakurazaka/3AAjQbR54VRNCR7m2oWP0eF6SULwCZwGxeVwIbAa_dc67b521.png",
          "https://pub-6d7574c4452b41519ab8adf1541d7f9e.r2.dev/seichi/sakurazaka/3AAjQbR6ho3iprijJWic1u0KQS1tAdyY8Y0XuCBj_610e7209.png",
          "https://img.youtube.com/vi/_ZCf_iLMwn0/hqdefault.jpg"
        ],
        "members": [],
        "source": {
          "provider": "fumi Diary 2号店",
          "url": "https://www.youtube.com/watch?v=_ZCf_iLMwn0",
          "mapId": "",
          "layer": "PV&ジャケット写真",
          "tags": [
            "PV&ジャケット写真"
          ],
          "name": "旧栃木県立足利西高等学校 屋上&教室"
        },
        "classification": {
          "category": "PV&ジャケット写真",
          "subcategory": "PV&ジャケット写真",
          "method": "legacy-import",
          "status": "unreviewed"
        },
        "classificationCandidates": {
          "members": [],
          "projects": [],
          "contentTypes": []
        }
      }
    },
    {
      "type": "Feature",
      "geometry": {
        "type": "Point",
        "coordinates": [
          139.39308,
          36.355627
        ]
      },
      "properties": {
        "id": "fumi-452",
        "name": "旧栃木県立足利西高等学校",
        "category": "PV&ジャケット写真",
        "subcategory": "PV&ジャケット写真",
        "categoryColor": "#e11d48",
        "address": "",
        "sceneTitle": "旧栃木県立足利西高等学校",
        "sceneNote": "説明: 櫻坂46「偶然の答え」PV撮影場所 (藤吉夏鈴) http://blog.livedoor.jp/fumichen2/archives/55595674.html 住所: 〒326-0845 栃木県足利市大前町103-11 https://www.youtube.com/embed/_ZCf_iLMwn0",
        "sourceLabel": "fumi Diary 2号店",
        "sourceUrl": "https://www.youtube.com/watch?v=_ZCf_iLMwn0",
        "tags": [
          "PV&ジャケット写真"
        ],
        "images": [
          "https://pub-6d7574c4452b41519ab8adf1541d7f9e.r2.dev/seichi/sakurazaka/3AAjQbR5OF2EZdGV62NxsdeY5YlJRlFyUPT821jw_54e4beba.png",
          "https://img.youtube.com/vi/_ZCf_iLMwn0/hqdefault.jpg"
        ],
        "members": [],
        "source": {
          "provider": "fumi Diary 2号店",
          "url": "https://www.youtube.com/watch?v=_ZCf_iLMwn0",
          "mapId": "",
          "layer": "PV&ジャケット写真",
          "tags": [
            "PV&ジャケット写真"
          ],
          "name": "旧栃木県立足利西高等学校"
        },
        "classification": {
          "category": "PV&ジャケット写真",
          "subcategory": "PV&ジャケット写真",
          "method": "legacy-import",
          "status": "unreviewed"
        },
        "classificationCandidates": {
          "members": [],
          "projects": [],
          "contentTypes": []
        }
      }
    },
    {
      "type": "Feature",
      "geometry": {
        "type": "Point",
        "coordinates": [
          139.9789402,
          35.9425137
        ]
      },
      "properties": {
        "id": "fumi-453",
        "name": "アクロスモール守谷 駐車場",
        "category": "PV&ジャケット写真",
        "subcategory": "PV&ジャケット写真",
        "categoryColor": "#e11d48",
        "address": "",
        "sceneTitle": "アクロスモール守谷 駐車場",
        "sceneNote": "説明: 櫻坂46「偶然の答え」PV撮影場所 (藤吉夏鈴、永瀬莉子) http://blog.livedoor.jp/fumichen2/archives/55595674.html 住所: 〒302-0127 茨城県守谷市松ヶ丘6-6-1 https://www.youtube.com/embed/_ZCf_iLMwn0",
        "sourceLabel": "fumi Diary 2号店",
        "sourceUrl": "https://www.youtube.com/watch?v=_ZCf_iLMwn0",
        "tags": [
          "PV&ジャケット写真"
        ],
        "images": [
          "https://pub-6d7574c4452b41519ab8adf1541d7f9e.r2.dev/seichi/sakurazaka/3AAjQbR7ksecooXK7W7Gj5js49CAfZOLcpV6dtEC_d2e0f29e.png",
          "https://img.youtube.com/vi/_ZCf_iLMwn0/hqdefault.jpg"
        ],
        "members": [],
        "source": {
          "provider": "fumi Diary 2号店",
          "url": "https://www.youtube.com/watch?v=_ZCf_iLMwn0",
          "mapId": "",
          "layer": "PV&ジャケット写真",
          "tags": [
            "PV&ジャケット写真"
          ],
          "name": "アクロスモール守谷 駐車場"
        },
        "classification": {
          "category": "PV&ジャケット写真",
          "subcategory": "PV&ジャケット写真",
          "method": "legacy-import",
          "status": "unreviewed"
        },
        "classificationCandidates": {
          "members": [],
          "projects": [],
          "contentTypes": []
        }
      }
    },
    {
      "type": "Feature",
      "geometry": {
        "type": "Point",
        "coordinates": [
          139.698754,
          35.661668
        ]
      },
      "properties": {
        "id": "fumi-454",
        "name": "渋谷PARCO",
        "category": "PV&ジャケット写真",
        "subcategory": "PV&ジャケット写真",
        "categoryColor": "#e11d48",
        "address": "",
        "sceneTitle": "渋谷PARCO",
        "sceneNote": "説明: 櫻坂46「偶然の答え」PV撮影場所 (藤吉夏鈴) http://blog.livedoor.jp/fumichen2/archives/55595674.html 住所: 〒150-8377 東京都渋谷区宇田川町15-1 https://www.youtube.com/embed/_ZCf_iLMwn0",
        "sourceLabel": "fumi Diary 2号店",
        "sourceUrl": "https://www.youtube.com/watch?v=_ZCf_iLMwn0",
        "tags": [
          "PV&ジャケット写真"
        ],
        "images": [
          "https://pub-6d7574c4452b41519ab8adf1541d7f9e.r2.dev/seichi/sakurazaka/3AAjQbR5JTCDqZnqwNCUUlR7Dmde_MUAnZx_tNIo_030e25ad.png",
          "https://img.youtube.com/vi/_ZCf_iLMwn0/hqdefault.jpg"
        ],
        "members": [],
        "source": {
          "provider": "fumi Diary 2号店",
          "url": "https://www.youtube.com/watch?v=_ZCf_iLMwn0",
          "mapId": "",
          "layer": "PV&ジャケット写真",
          "tags": [
            "PV&ジャケット写真"
          ],
          "name": "渋谷PARCO"
        },
        "classification": {
          "category": "PV&ジャケット写真",
          "subcategory": "PV&ジャケット写真",
          "method": "legacy-import",
          "status": "unreviewed"
        },
        "classificationCandidates": {
          "members": [],
          "projects": [],
          "contentTypes": []
        }
      }
    },
    {
      "type": "Feature",
      "geometry": {
        "type": "Point",
        "coordinates": [
          139.6988595,
          35.6615411
        ]
      },
      "properties": {
        "id": "fumi-455",
        "name": "スペイン坂",
        "category": "PV&ジャケット写真",
        "subcategory": "PV&ジャケット写真",
        "categoryColor": "#e11d48",
        "address": "",
        "sceneTitle": "スペイン坂",
        "sceneNote": "説明: 櫻坂46「偶然の答え」PV撮影場所 (藤吉夏鈴) http://blog.livedoor.jp/fumichen2/archives/55595674.html ※シャッターは白塗りになりました。 住所: 〒150-0042 東京都渋谷区宇田川町16-15 https://www.youtube.com/embed/_ZCf_iLMwn0",
        "sourceLabel": "fumi Diary 2号店",
        "sourceUrl": "https://www.youtube.com/watch?v=_ZCf_iLMwn0",
        "tags": [
          "PV&ジャケット写真"
        ],
        "images": [
          "https://pub-6d7574c4452b41519ab8adf1541d7f9e.r2.dev/seichi/sakurazaka/3AAjQbR4yQ2cl17RP6T3KVGRqoye7dhsbOcEKx82_fb7826c6.png",
          "https://img.youtube.com/vi/_ZCf_iLMwn0/hqdefault.jpg"
        ],
        "members": [],
        "source": {
          "provider": "fumi Diary 2号店",
          "url": "https://www.youtube.com/watch?v=_ZCf_iLMwn0",
          "mapId": "",
          "layer": "PV&ジャケット写真",
          "tags": [
            "PV&ジャケット写真"
          ],
          "name": "スペイン坂"
        },
        "classification": {
          "category": "PV&ジャケット写真",
          "subcategory": "PV&ジャケット写真",
          "method": "legacy-import",
          "status": "unreviewed"
        },
        "classificationCandidates": {
          "members": [],
          "projects": [],
          "contentTypes": []
        }
      }
    },
    {
      "type": "Feature",
      "geometry": {
        "type": "Point",
        "coordinates": [
          138.5294192,
          35.0154183
        ]
      },
      "properties": {
        "id": "fumi-456",
        "name": "三保飛行場",
        "category": "PV&ジャケット写真",
        "subcategory": "PV&ジャケット写真",
        "categoryColor": "#e11d48",
        "address": "",
        "sceneTitle": "三保飛行場",
        "sceneNote": "説明: 櫻坂46「思ったよりも寂しくない」PV撮影場所 http://blog.livedoor.jp/fumichen2/archives/55623373.html 住所: 〒424-0901 静岡県静岡市清水区三保 https://www.youtube.com/embed/D0W44Z3D3wo",
        "sourceLabel": "fumi Diary 2号店",
        "sourceUrl": "https://www.youtube.com/watch?v=D0W44Z3D3wo",
        "tags": [
          "PV&ジャケット写真"
        ],
        "images": [
          "https://pub-6d7574c4452b41519ab8adf1541d7f9e.r2.dev/seichi/sakurazaka/3AAjQbR4NJxpEDqghXC-lpWVDVwE7TlDGjLwj_xN_ff06fd14.png",
          "https://img.youtube.com/vi/D0W44Z3D3wo/hqdefault.jpg"
        ],
        "members": [],
        "source": {
          "provider": "fumi Diary 2号店",
          "url": "https://www.youtube.com/watch?v=D0W44Z3D3wo",
          "mapId": "",
          "layer": "PV&ジャケット写真",
          "tags": [
            "PV&ジャケット写真"
          ],
          "name": "三保飛行場"
        },
        "classification": {
          "category": "PV&ジャケット写真",
          "subcategory": "PV&ジャケット写真",
          "method": "legacy-import",
          "status": "unreviewed"
        },
        "classificationCandidates": {
          "members": [],
          "projects": [],
          "contentTypes": []
        }
      }
    },
    {
      "type": "Feature",
      "geometry": {
        "type": "Point",
        "coordinates": [
          139.2689756,
          36.0069445
        ]
      },
      "properties": {
        "id": "fumi-457",
        "name": "ときたまひみつきち COMORIVER",
        "category": "PV&ジャケット写真",
        "subcategory": "PV&ジャケット写真",
        "categoryColor": "#e11d48",
        "address": "",
        "sceneTitle": "ときたまひみつきち COMORIVER",
        "sceneNote": "説明: 櫻坂46「SAKURA BANASHI ～いま、話したいこと～」特典映像撮影場所 http://blog.livedoor.jp/fumichen2/archives/55648791.html 住所: 〒355-0353 埼玉県比企郡ときがわ町大字本郷930-1 https://www.youtube.com/embed/LFYiJ3O8SPE",
        "sourceLabel": "fumi Diary 2号店",
        "sourceUrl": "https://www.youtube.com/watch?v=LFYiJ3O8SPE",
        "tags": [
          "PV&ジャケット写真"
        ],
        "images": [
          "https://pub-6d7574c4452b41519ab8adf1541d7f9e.r2.dev/seichi/sakurazaka/3AAjQbR7zr50Yd5jvJp5pWa8PEoQ3CVrbSNaboxv_d6b682e2.png",
          "https://pub-6d7574c4452b41519ab8adf1541d7f9e.r2.dev/seichi/sakurazaka/3AAjQbR6MMjVJXYoDsad22lzHsvxHt917B-xevpi_b6663de9.png",
          "https://img.youtube.com/vi/LFYiJ3O8SPE/hqdefault.jpg"
        ],
        "members": [],
        "source": {
          "provider": "fumi Diary 2号店",
          "url": "https://www.youtube.com/watch?v=LFYiJ3O8SPE",
          "mapId": "",
          "layer": "PV&ジャケット写真",
          "tags": [
            "PV&ジャケット写真"
          ],
          "name": "ときたまひみつきち COMORIVER"
        },
        "classification": {
          "category": "PV&ジャケット写真",
          "subcategory": "PV&ジャケット写真",
          "method": "legacy-import",
          "status": "unreviewed"
        },
        "classificationCandidates": {
          "members": [],
          "projects": [],
          "contentTypes": []
        }
      }
    },
    {
      "type": "Feature",
      "geometry": {
        "type": "Point",
        "coordinates": [
          138.4663695,
          36.5566297
        ]
      },
      "properties": {
        "id": "fumi-458",
        "name": "パルコール嬬恋リゾート スキー&ホテル",
        "category": "PV&ジャケット写真",
        "subcategory": "PV&ジャケット写真",
        "categoryColor": "#e11d48",
        "address": "",
        "sceneTitle": "パルコール嬬恋リゾート スキー&ホテル",
        "sceneNote": "説明: 櫻坂46「流れ弾」アーティスト写真撮影場所 http://blog.livedoor.jp/fumichen2/archives/56021754.html 櫻坂46「流れ弾」ジャケット写真撮影場所 http://blog.livedoor.jp/fumichen2/archives/56069974.html 住所: 〒377-1611 群馬県吾妻郡嬬恋村大字干俣バラギ高原",
        "sourceLabel": "fumi Diary 2号店",
        "sourceUrl": "http://blog.livedoor.jp/fumichen2/",
        "tags": [
          "PV&ジャケット写真"
        ],
        "images": [
          "https://pub-6d7574c4452b41519ab8adf1541d7f9e.r2.dev/seichi/sakurazaka/3AAjQbR4yXjDa1TB-s4B_w45GIaimTPd2KGkMozH_19ff5f63.png",
          "https://pub-6d7574c4452b41519ab8adf1541d7f9e.r2.dev/seichi/sakurazaka/3AAjQbR4FaTJyQ8gIoYro-oq4_m-lpKprc5XHRYf_cf8f4765.png",
          "https://pub-6d7574c4452b41519ab8adf1541d7f9e.r2.dev/seichi/sakurazaka/3AAjQbR6sAKczwMZXkNw-0pkQnHOfcKCbn-ORKWc_9c9154a9.png",
          "https://pub-6d7574c4452b41519ab8adf1541d7f9e.r2.dev/seichi/sakurazaka/3AAjQbR5XhxzaC3Mwf9AwZEm6NYFwN0D3gVdL92b_2ffa1415.png",
          "https://pub-6d7574c4452b41519ab8adf1541d7f9e.r2.dev/seichi/sakurazaka/3AAjQbR5fI-OQMHsuoGOAcUV4nBapVCAjgHPdSNy_51369731.png",
          "https://pub-6d7574c4452b41519ab8adf1541d7f9e.r2.dev/seichi/sakurazaka/3AAjQbR4LZDA5Lo5I51zaDp4Nm5LTPRLZZQ6A5UP_ceab6075.png"
        ],
        "members": [],
        "source": {
          "provider": "fumi Diary 2号店",
          "url": "http://blog.livedoor.jp/fumichen2/",
          "mapId": "",
          "layer": "PV&ジャケット写真",
          "tags": [
            "PV&ジャケット写真"
          ],
          "name": "パルコール嬬恋リゾート スキー&ホテル"
        },
        "classification": {
          "category": "PV&ジャケット写真",
          "subcategory": "PV&ジャケット写真",
          "method": "legacy-import",
          "status": "unreviewed"
        },
        "classificationCandidates": {
          "members": [],
          "projects": [],
          "contentTypes": []
        }
      }
    },
    {
      "type": "Feature",
      "geometry": {
        "type": "Point",
        "coordinates": [
          139.5835944,
          35.5361294
        ]
      },
      "properties": {
        "id": "fumi-459",
        "name": "Media Garden",
        "category": "PV&ジャケット写真",
        "subcategory": "PV&ジャケット写真",
        "categoryColor": "#e11d48",
        "address": "",
        "sceneTitle": "Media Garden",
        "sceneNote": "説明: 櫻坂46「流れ弾」PV撮影場所 http://blog.livedoor.jp/fumichen2/archives/56085872.html 住所: 〒224-0037 神奈川県横浜市都筑区茅ヶ崎南2-1-56 https://www.youtube.com/embed/drCopBcrxRM",
        "sourceLabel": "fumi Diary 2号店",
        "sourceUrl": "https://www.youtube.com/watch?v=drCopBcrxRM",
        "tags": [
          "PV&ジャケット写真"
        ],
        "images": [
          "https://pub-6d7574c4452b41519ab8adf1541d7f9e.r2.dev/seichi/sakurazaka/3AAjQbR4RK77IQvU8gStPfL4TUu_OGxo7UlwhAMx_6ae5ea27.png",
          "https://pub-6d7574c4452b41519ab8adf1541d7f9e.r2.dev/seichi/sakurazaka/3AAjQbR6G2Y0lF4vKUVz3thRegYhv_XVTL_ycXsr_ed2b5a01.png",
          "https://img.youtube.com/vi/drCopBcrxRM/hqdefault.jpg"
        ],
        "members": [],
        "source": {
          "provider": "fumi Diary 2号店",
          "url": "https://www.youtube.com/watch?v=drCopBcrxRM",
          "mapId": "",
          "layer": "PV&ジャケット写真",
          "tags": [
            "PV&ジャケット写真"
          ],
          "name": "Media Garden"
        },
        "classification": {
          "category": "PV&ジャケット写真",
          "subcategory": "PV&ジャケット写真",
          "method": "legacy-import",
          "status": "unreviewed"
        },
        "classificationCandidates": {
          "members": [],
          "projects": [],
          "contentTypes": []
        }
      }
    },
    {
      "type": "Feature",
      "geometry": {
        "type": "Point",
        "coordinates": [
          139.697547,
          35.689364
        ]
      },
      "properties": {
        "id": "fumi-460",
        "name": "二番街通り",
        "category": "PV&ジャケット写真",
        "subcategory": "PV&ジャケット写真",
        "categoryColor": "#e11d48",
        "address": "",
        "sceneTitle": "二番街通り",
        "sceneNote": "説明: 櫻坂46「無言の宇宙」PV撮影場所 (渡邉理佐) http://blog.livedoor.jp/fumichen2/archives/56122962.html 住所: 〒160-0023 東京都新宿区西新宿1-16-10 https://www.youtube.com/embed/7GZGTse6dUs",
        "sourceLabel": "fumi Diary 2号店",
        "sourceUrl": "https://www.youtube.com/watch?v=7GZGTse6dUs",
        "tags": [
          "PV&ジャケット写真"
        ],
        "images": [
          "https://pub-6d7574c4452b41519ab8adf1541d7f9e.r2.dev/seichi/sakurazaka/3AAjQbR706EcqkDV7WvIz6NPu0NVFr9o3hXuEGZ-_5c05e2b8.png",
          "https://img.youtube.com/vi/7GZGTse6dUs/hqdefault.jpg"
        ],
        "members": [],
        "source": {
          "provider": "fumi Diary 2号店",
          "url": "https://www.youtube.com/watch?v=7GZGTse6dUs",
          "mapId": "",
          "layer": "PV&ジャケット写真",
          "tags": [
            "PV&ジャケット写真"
          ],
          "name": "二番街通り"
        },
        "classification": {
          "category": "PV&ジャケット写真",
          "subcategory": "PV&ジャケット写真",
          "method": "legacy-import",
          "status": "unreviewed"
        },
        "classificationCandidates": {
          "members": [],
          "projects": [],
          "contentTypes": []
        }
      }
    },
    {
      "type": "Feature",
      "geometry": {
        "type": "Point",
        "coordinates": [
          139.691715,
          35.565553
        ]
      },
      "properties": {
        "id": "fumi-461",
        "name": "居酒屋河童",
        "category": "PV&ジャケット写真",
        "subcategory": "PV&ジャケット写真",
        "categoryColor": "#e11d48",
        "address": "",
        "sceneTitle": "居酒屋河童",
        "sceneNote": "説明: 櫻坂46「無言の宇宙」PV撮影場所 (山﨑天) http://blog.livedoor.jp/fumichen2/archives/56122962.html 住所: 〒146-0093 東京都大田区矢口1-22-20 https://www.youtube.com/embed/7GZGTse6dUs",
        "sourceLabel": "fumi Diary 2号店",
        "sourceUrl": "https://www.youtube.com/watch?v=7GZGTse6dUs",
        "tags": [
          "PV&ジャケット写真"
        ],
        "images": [
          "https://pub-6d7574c4452b41519ab8adf1541d7f9e.r2.dev/seichi/sakurazaka/3AAjQbR4PGL63ctWEZ30NH-RloANxTZBVhpOpjUI_0cc4ed91.png",
          "https://img.youtube.com/vi/7GZGTse6dUs/hqdefault.jpg"
        ],
        "members": [],
        "source": {
          "provider": "fumi Diary 2号店",
          "url": "https://www.youtube.com/watch?v=7GZGTse6dUs",
          "mapId": "",
          "layer": "PV&ジャケット写真",
          "tags": [
            "PV&ジャケット写真"
          ],
          "name": "居酒屋河童"
        },
        "classification": {
          "category": "PV&ジャケット写真",
          "subcategory": "PV&ジャケット写真",
          "method": "legacy-import",
          "status": "unreviewed"
        },
        "classificationCandidates": {
          "members": [],
          "projects": [],
          "contentTypes": []
        }
      }
    },
    {
      "type": "Feature",
      "geometry": {
        "type": "Point",
        "coordinates": [
          139.780355,
          35.662826
        ]
      },
      "properties": {
        "id": "fumi-462",
        "name": "もんじゃひろ仲通り",
        "category": "PV&ジャケット写真",
        "subcategory": "PV&ジャケット写真",
        "categoryColor": "#e11d48",
        "address": "",
        "sceneTitle": "もんじゃひろ仲通り",
        "sceneNote": "説明: 櫻坂46「無言の宇宙」PV撮影場所 (森田ひかる) http://blog.livedoor.jp/fumichen2/archives/56122962.html 住所: 〒104-0052 東京都中央区月島3-18-4 https://www.youtube.com/embed/7GZGTse6dUs",
        "sourceLabel": "fumi Diary 2号店",
        "sourceUrl": "https://www.youtube.com/watch?v=7GZGTse6dUs",
        "tags": [
          "PV&ジャケット写真"
        ],
        "images": [
          "https://pub-6d7574c4452b41519ab8adf1541d7f9e.r2.dev/seichi/sakurazaka/3AAjQbR5CwYOiff2C_o8SRuuOK2Q88Su0oR5304H_1ed9da8d.png",
          "https://img.youtube.com/vi/7GZGTse6dUs/hqdefault.jpg"
        ],
        "members": [],
        "source": {
          "provider": "fumi Diary 2号店",
          "url": "https://www.youtube.com/watch?v=7GZGTse6dUs",
          "mapId": "",
          "layer": "PV&ジャケット写真",
          "tags": [
            "PV&ジャケット写真"
          ],
          "name": "もんじゃひろ仲通り"
        },
        "classification": {
          "category": "PV&ジャケット写真",
          "subcategory": "PV&ジャケット写真",
          "method": "legacy-import",
          "status": "unreviewed"
        },
        "classificationCandidates": {
          "members": [],
          "projects": [],
          "contentTypes": []
        }
      }
    },
    {
      "type": "Feature",
      "geometry": {
        "type": "Point",
        "coordinates": [
          139.7801779,
          35.6627457
        ]
      },
      "properties": {
        "id": "fumi-463",
        "name": "たんぽぽ",
        "category": "PV&ジャケット写真",
        "subcategory": "PV&ジャケット写真",
        "categoryColor": "#e11d48",
        "address": "",
        "sceneTitle": "たんぽぽ",
        "sceneNote": "説明: 櫻坂46「無言の宇宙」PV撮影場所 (土生瑞穂) http://blog.livedoor.jp/fumichen2/archives/56122962.html 住所: 〒104-0052 東京都中央区月島3-18-5 https://www.youtube.com/embed/7GZGTse6dUs",
        "sourceLabel": "fumi Diary 2号店",
        "sourceUrl": "https://www.youtube.com/watch?v=7GZGTse6dUs",
        "tags": [
          "PV&ジャケット写真"
        ],
        "images": [
          "https://pub-6d7574c4452b41519ab8adf1541d7f9e.r2.dev/seichi/sakurazaka/3AAjQbR4voXeZv7RzEotf2vqVvSFXujXSuflIj9Y_00e1046f.png",
          "https://img.youtube.com/vi/7GZGTse6dUs/hqdefault.jpg"
        ],
        "members": [],
        "source": {
          "provider": "fumi Diary 2号店",
          "url": "https://www.youtube.com/watch?v=7GZGTse6dUs",
          "mapId": "",
          "layer": "PV&ジャケット写真",
          "tags": [
            "PV&ジャケット写真"
          ],
          "name": "たんぽぽ"
        },
        "classification": {
          "category": "PV&ジャケット写真",
          "subcategory": "PV&ジャケット写真",
          "method": "legacy-import",
          "status": "unreviewed"
        },
        "classificationCandidates": {
          "members": [],
          "projects": [],
          "contentTypes": []
        }
      }
    },
    {
      "type": "Feature",
      "geometry": {
        "type": "Point",
        "coordinates": [
          139.6913516,
          35.5657714
        ]
      },
      "properties": {
        "id": "fumi-464",
        "name": "新田神社",
        "category": "PV&ジャケット写真",
        "subcategory": "PV&ジャケット写真",
        "categoryColor": "#e11d48",
        "address": "",
        "sceneTitle": "新田神社",
        "sceneNote": "説明: 櫻坂46「無言の宇宙」PV撮影場所 (小林由依) http://blog.livedoor.jp/fumichen2/archives/56122962.html 住所: 〒146-0093 東京都大田区矢口1-21-23 https://www.youtube.com/embed/7GZGTse6dUs",
        "sourceLabel": "fumi Diary 2号店",
        "sourceUrl": "https://www.youtube.com/watch?v=7GZGTse6dUs",
        "tags": [
          "PV&ジャケット写真"
        ],
        "images": [
          "https://pub-6d7574c4452b41519ab8adf1541d7f9e.r2.dev/seichi/sakurazaka/3AAjQbR7tshKR0KS1A2x9_aldWNaH9068OgCoEQo_43bf6eb5.png",
          "https://img.youtube.com/vi/7GZGTse6dUs/hqdefault.jpg"
        ],
        "members": [],
        "source": {
          "provider": "fumi Diary 2号店",
          "url": "https://www.youtube.com/watch?v=7GZGTse6dUs",
          "mapId": "",
          "layer": "PV&ジャケット写真",
          "tags": [
            "PV&ジャケット写真"
          ],
          "name": "新田神社"
        },
        "classification": {
          "category": "PV&ジャケット写真",
          "subcategory": "PV&ジャケット写真",
          "method": "legacy-import",
          "status": "unreviewed"
        },
        "classificationCandidates": {
          "members": [],
          "projects": [],
          "contentTypes": []
        }
      }
    },
    {
      "type": "Feature",
      "geometry": {
        "type": "Point",
        "coordinates": [
          139.6922,
          35.568145
        ]
      },
      "properties": {
        "id": "fumi-465",
        "name": "東急多摩川線 下丸子4号踏切",
        "category": "PV&ジャケット写真",
        "subcategory": "PV&ジャケット写真",
        "categoryColor": "#e11d48",
        "address": "",
        "sceneTitle": "東急多摩川線 下丸子4号踏切",
        "sceneNote": "説明: 櫻坂46「無言の宇宙」PV撮影場所 (渡辺梨加) http://blog.livedoor.jp/fumichen2/archives/56122962.html 住所: 〒146-0093 東京都大田区矢口1丁目6 https://www.youtube.com/embed/7GZGTse6dUs",
        "sourceLabel": "fumi Diary 2号店",
        "sourceUrl": "https://www.youtube.com/watch?v=7GZGTse6dUs",
        "tags": [
          "PV&ジャケット写真"
        ],
        "images": [
          "https://pub-6d7574c4452b41519ab8adf1541d7f9e.r2.dev/seichi/sakurazaka/3AAjQbR5EkcVXI6P4OVUn2WriCe__DfTJQg3wlOA_64abdae8.png",
          "https://img.youtube.com/vi/7GZGTse6dUs/hqdefault.jpg"
        ],
        "members": [],
        "source": {
          "provider": "fumi Diary 2号店",
          "url": "https://www.youtube.com/watch?v=7GZGTse6dUs",
          "mapId": "",
          "layer": "PV&ジャケット写真",
          "tags": [
            "PV&ジャケット写真"
          ],
          "name": "東急多摩川線 下丸子4号踏切"
        },
        "classification": {
          "category": "PV&ジャケット写真",
          "subcategory": "PV&ジャケット写真",
          "method": "legacy-import",
          "status": "unreviewed"
        },
        "classificationCandidates": {
          "members": [],
          "projects": [],
          "contentTypes": []
        }
      }
    },
    {
      "type": "Feature",
      "geometry": {
        "type": "Point",
        "coordinates": [
          139.692096,
          35.565682
        ]
      },
      "properties": {
        "id": "fumi-466",
        "name": "矢口南児童公園",
        "category": "PV&ジャケット写真",
        "subcategory": "PV&ジャケット写真",
        "categoryColor": "#e11d48",
        "address": "",
        "sceneTitle": "矢口南児童公園",
        "sceneNote": "説明: 櫻坂46「無言の宇宙」PV撮影場所 (菅井友香) http://blog.livedoor.jp/fumichen2/archives/56122962.html 住所: 〒146-0093 東京都大田区矢口1-22-21 https://www.youtube.com/embed/7GZGTse6dUs",
        "sourceLabel": "fumi Diary 2号店",
        "sourceUrl": "https://www.youtube.com/watch?v=7GZGTse6dUs",
        "tags": [
          "PV&ジャケット写真"
        ],
        "images": [
          "https://pub-6d7574c4452b41519ab8adf1541d7f9e.r2.dev/seichi/sakurazaka/3AAjQbR5YlNILwGImHJk2s5gZu-eynrbyw-5H8tw_f9b66da1.png",
          "https://img.youtube.com/vi/7GZGTse6dUs/hqdefault.jpg"
        ],
        "members": [],
        "source": {
          "provider": "fumi Diary 2号店",
          "url": "https://www.youtube.com/watch?v=7GZGTse6dUs",
          "mapId": "",
          "layer": "PV&ジャケット写真",
          "tags": [
            "PV&ジャケット写真"
          ],
          "name": "矢口南児童公園"
        },
        "classification": {
          "category": "PV&ジャケット写真",
          "subcategory": "PV&ジャケット写真",
          "method": "legacy-import",
          "status": "unreviewed"
        },
        "classificationCandidates": {
          "members": [],
          "projects": [],
          "contentTypes": []
        }
      }
    },
    {
      "type": "Feature",
      "geometry": {
        "type": "Point",
        "coordinates": [
          139.763081,
          35.671781
        ]
      },
      "properties": {
        "id": "fumi-467",
        "name": "ソニー通り、ROYAL CRYSTAL GINZA",
        "category": "PV&ジャケット写真",
        "subcategory": "PV&ジャケット写真",
        "categoryColor": "#e11d48",
        "address": "",
        "sceneTitle": "ソニー通り、ROYAL CRYSTAL GINZA",
        "sceneNote": "説明: 櫻坂46「無言の宇宙」PV撮影場所 (幸阪茉里乃) http://blog.livedoor.jp/fumichen2/archives/56122962.html 住所: 〒104-0061 東京都中央区銀座5-4-5 https://www.youtube.com/embed/7GZGTse6dUs",
        "sourceLabel": "fumi Diary 2号店",
        "sourceUrl": "https://www.youtube.com/watch?v=7GZGTse6dUs",
        "tags": [
          "PV&ジャケット写真"
        ],
        "images": [
          "https://pub-6d7574c4452b41519ab8adf1541d7f9e.r2.dev/seichi/sakurazaka/3AAjQbR5HckzLxkEo-nHo6DK88qZ-xToAOPtXRk7_6813e4f9.png",
          "https://img.youtube.com/vi/7GZGTse6dUs/hqdefault.jpg"
        ],
        "members": [],
        "source": {
          "provider": "fumi Diary 2号店",
          "url": "https://www.youtube.com/watch?v=7GZGTse6dUs",
          "mapId": "",
          "layer": "PV&ジャケット写真",
          "tags": [
            "PV&ジャケット写真"
          ],
          "name": "ソニー通り、ROYAL CRYSTAL GINZA"
        },
        "classification": {
          "category": "PV&ジャケット写真",
          "subcategory": "PV&ジャケット写真",
          "method": "legacy-import",
          "status": "unreviewed"
        },
        "classificationCandidates": {
          "members": [],
          "projects": [],
          "contentTypes": []
        }
      }
    },
    {
      "type": "Feature",
      "geometry": {
        "type": "Point",
        "coordinates": [
          139.699028,
          35.69346
        ]
      },
      "properties": {
        "id": "fumi-468",
        "name": "新宿大ガード西交差点",
        "category": "PV&ジャケット写真",
        "subcategory": "PV&ジャケット写真",
        "categoryColor": "#e11d48",
        "address": "",
        "sceneTitle": "新宿大ガード西交差点",
        "sceneNote": "説明: 櫻坂46「無言の宇宙」PV撮影場所 (渡邉理佐) http://blog.livedoor.jp/fumichen2/archives/56122962.html 住所: 〒160-0023 東京都新宿区西新宿1-3-3 https://www.youtube.com/embed/7GZGTse6dUs",
        "sourceLabel": "fumi Diary 2号店",
        "sourceUrl": "https://www.youtube.com/watch?v=7GZGTse6dUs",
        "tags": [
          "PV&ジャケット写真"
        ],
        "images": [
          "https://pub-6d7574c4452b41519ab8adf1541d7f9e.r2.dev/seichi/sakurazaka/3AAjQbR5t_acqE_HuSmNu79WCvecAK0RUnuJyuJG_8c5ed390.png",
          "https://img.youtube.com/vi/7GZGTse6dUs/hqdefault.jpg"
        ],
        "members": [],
        "source": {
          "provider": "fumi Diary 2号店",
          "url": "https://www.youtube.com/watch?v=7GZGTse6dUs",
          "mapId": "",
          "layer": "PV&ジャケット写真",
          "tags": [
            "PV&ジャケット写真"
          ],
          "name": "新宿大ガード西交差点"
        },
        "classification": {
          "category": "PV&ジャケット写真",
          "subcategory": "PV&ジャケット写真",
          "method": "legacy-import",
          "status": "unreviewed"
        },
        "classificationCandidates": {
          "members": [],
          "projects": [],
          "contentTypes": []
        }
      }
    },
    {
      "type": "Feature",
      "geometry": {
        "type": "Point",
        "coordinates": [
          139.784243,
          35.660918
        ]
      },
      "properties": {
        "id": "fumi-469",
        "name": "朝潮橋",
        "category": "PV&ジャケット写真",
        "subcategory": "PV&ジャケット写真",
        "categoryColor": "#e11d48",
        "address": "",
        "sceneTitle": "朝潮橋",
        "sceneNote": "説明: 櫻坂46「無言の宇宙」PV撮影場所 (渡邉理佐) http://blog.livedoor.jp/fumichen2/archives/56122962.html 住所: 〒104-0052 東京都中央区月島4-4-4 https://www.youtube.com/embed/7GZGTse6dUs",
        "sourceLabel": "fumi Diary 2号店",
        "sourceUrl": "https://www.youtube.com/watch?v=7GZGTse6dUs",
        "tags": [
          "PV&ジャケット写真"
        ],
        "images": [
          "https://pub-6d7574c4452b41519ab8adf1541d7f9e.r2.dev/seichi/sakurazaka/3AAjQbR74oY96nBf_ExS1enBitAtdLOgyixicGgQ_c19caf8d.png",
          "https://img.youtube.com/vi/7GZGTse6dUs/hqdefault.jpg"
        ],
        "members": [],
        "source": {
          "provider": "fumi Diary 2号店",
          "url": "https://www.youtube.com/watch?v=7GZGTse6dUs",
          "mapId": "",
          "layer": "PV&ジャケット写真",
          "tags": [
            "PV&ジャケット写真"
          ],
          "name": "朝潮橋"
        },
        "classification": {
          "category": "PV&ジャケット写真",
          "subcategory": "PV&ジャケット写真",
          "method": "legacy-import",
          "status": "unreviewed"
        },
        "classificationCandidates": {
          "members": [],
          "projects": [],
          "contentTypes": []
        }
      }
    },
    {
      "type": "Feature",
      "geometry": {
        "type": "Point",
        "coordinates": [
          139.7802418,
          35.6626565
        ]
      },
      "properties": {
        "id": "fumi-470",
        "name": "もんじゃ まるた",
        "category": "PV&ジャケット写真",
        "subcategory": "PV&ジャケット写真",
        "categoryColor": "#e11d48",
        "address": "",
        "sceneTitle": "もんじゃ まるた",
        "sceneNote": "説明: 櫻坂46「無言の宇宙」PV撮影場所 (田村保乃) http://blog.livedoor.jp/fumichen2/archives/56122962.html 住所: 〒104-0052 東京都中央区月島3-17-9 https://www.youtube.com/embed/7GZGTse6dUs",
        "sourceLabel": "fumi Diary 2号店",
        "sourceUrl": "https://www.youtube.com/watch?v=7GZGTse6dUs",
        "tags": [
          "PV&ジャケット写真"
        ],
        "images": [
          "https://pub-6d7574c4452b41519ab8adf1541d7f9e.r2.dev/seichi/sakurazaka/3AAjQbR4xaVIyHEVQtU0jp36UF8JoYitVPTZO1Mp_13412863.png",
          "https://img.youtube.com/vi/7GZGTse6dUs/hqdefault.jpg"
        ],
        "members": [],
        "source": {
          "provider": "fumi Diary 2号店",
          "url": "https://www.youtube.com/watch?v=7GZGTse6dUs",
          "mapId": "",
          "layer": "PV&ジャケット写真",
          "tags": [
            "PV&ジャケット写真"
          ],
          "name": "もんじゃ まるた"
        },
        "classification": {
          "category": "PV&ジャケット写真",
          "subcategory": "PV&ジャケット写真",
          "method": "legacy-import",
          "status": "unreviewed"
        },
        "classificationCandidates": {
          "members": [],
          "projects": [],
          "contentTypes": []
        }
      }
    },
    {
      "type": "Feature",
      "geometry": {
        "type": "Point",
        "coordinates": [
          139.764108,
          35.671635
        ]
      },
      "properties": {
        "id": "fumi-471",
        "name": "西五番街通り, Armani/Ristorante Armani Ginza Tower",
        "category": "PV&ジャケット写真",
        "subcategory": "PV&ジャケット写真",
        "categoryColor": "#e11d48",
        "address": "",
        "sceneTitle": "西五番街通り, Armani/Ristorante Armani Ginza Tower",
        "sceneNote": "説明: 櫻坂46「無言の宇宙」PV撮影場所 (上村莉菜) http://blog.livedoor.jp/fumichen2/archives/56122962.html 住所: 〒104-0061 東京都中央区銀座5-5-4 銀座タワー https://www.youtube.com/embed/7GZGTse6dUs",
        "sourceLabel": "fumi Diary 2号店",
        "sourceUrl": "https://www.youtube.com/watch?v=7GZGTse6dUs",
        "tags": [
          "PV&ジャケット写真"
        ],
        "images": [
          "https://pub-6d7574c4452b41519ab8adf1541d7f9e.r2.dev/seichi/sakurazaka/3AAjQbR7pOv44ibD9JpBuNPvHq3kUaJEA3-dLEDb_263fa7a6.png",
          "https://img.youtube.com/vi/7GZGTse6dUs/hqdefault.jpg"
        ],
        "members": [],
        "source": {
          "provider": "fumi Diary 2号店",
          "url": "https://www.youtube.com/watch?v=7GZGTse6dUs",
          "mapId": "",
          "layer": "PV&ジャケット写真",
          "tags": [
            "PV&ジャケット写真"
          ],
          "name": "西五番街通り, Armani/Ristorante Armani Ginza Tower"
        },
        "classification": {
          "category": "PV&ジャケット写真",
          "subcategory": "PV&ジャケット写真",
          "method": "legacy-import",
          "status": "unreviewed"
        },
        "classificationCandidates": {
          "members": [],
          "projects": [],
          "contentTypes": []
        }
      }
    },
    {
      "type": "Feature",
      "geometry": {
        "type": "Point",
        "coordinates": [
          139.762146,
          35.670052
        ]
      },
      "properties": {
        "id": "fumi-472",
        "name": "LOUIS VUITTON 銀座並木通り店",
        "category": "PV&ジャケット写真",
        "subcategory": "PV&ジャケット写真",
        "categoryColor": "#e11d48",
        "address": "",
        "sceneTitle": "LOUIS VUITTON 銀座並木通り店",
        "sceneNote": "説明: 櫻坂46「無言の宇宙」PV撮影場所 (関有美子) http://blog.livedoor.jp/fumichen2/archives/56122962.html 住所: 〒104-0061 東京都中央区銀座7-6-1 https://www.youtube.com/embed/7GZGTse6dUs",
        "sourceLabel": "fumi Diary 2号店",
        "sourceUrl": "https://www.youtube.com/watch?v=7GZGTse6dUs",
        "tags": [
          "PV&ジャケット写真"
        ],
        "images": [
          "https://pub-6d7574c4452b41519ab8adf1541d7f9e.r2.dev/seichi/sakurazaka/3AAjQbR6JK3Moa4wV4Zs0hWWom74GIGlgqvsoVLg_10a77337.png",
          "https://img.youtube.com/vi/7GZGTse6dUs/hqdefault.jpg"
        ],
        "members": [],
        "source": {
          "provider": "fumi Diary 2号店",
          "url": "https://www.youtube.com/watch?v=7GZGTse6dUs",
          "mapId": "",
          "layer": "PV&ジャケット写真",
          "tags": [
            "PV&ジャケット写真"
          ],
          "name": "LOUIS VUITTON 銀座並木通り店"
        },
        "classification": {
          "category": "PV&ジャケット写真",
          "subcategory": "PV&ジャケット写真",
          "method": "legacy-import",
          "status": "unreviewed"
        },
        "classificationCandidates": {
          "members": [],
          "projects": [],
          "contentTypes": []
        }
      }
    },
    {
      "type": "Feature",
      "geometry": {
        "type": "Point",
        "coordinates": [
          139.6920837,
          35.5680254
        ]
      },
      "properties": {
        "id": "fumi-473",
        "name": "武蔵新田駅",
        "category": "PV&ジャケット写真",
        "subcategory": "PV&ジャケット写真",
        "categoryColor": "#e11d48",
        "address": "",
        "sceneTitle": "武蔵新田駅",
        "sceneNote": "説明: 櫻坂46「無言の宇宙」PV撮影場所 (守屋茜) http://blog.livedoor.jp/fumichen2/archives/56122962.html 住所: 〒146-0093 東京都大田区矢口1-18-1 https://www.youtube.com/embed/7GZGTse6dUs",
        "sourceLabel": "fumi Diary 2号店",
        "sourceUrl": "https://www.youtube.com/watch?v=7GZGTse6dUs",
        "tags": [
          "PV&ジャケット写真"
        ],
        "images": [
          "https://pub-6d7574c4452b41519ab8adf1541d7f9e.r2.dev/seichi/sakurazaka/3AAjQbR4cTsaZ2H9Fr3ZKnCrcABmVJb_uzlhCWQD_74900bb3.png",
          "https://pub-6d7574c4452b41519ab8adf1541d7f9e.r2.dev/seichi/sakurazaka/3AAjQbR4Ed7vbjfeVfSZfJIftM2iBEnL-3N0MaZq_1053b15d.png",
          "https://img.youtube.com/vi/7GZGTse6dUs/hqdefault.jpg"
        ],
        "members": [],
        "source": {
          "provider": "fumi Diary 2号店",
          "url": "https://www.youtube.com/watch?v=7GZGTse6dUs",
          "mapId": "",
          "layer": "PV&ジャケット写真",
          "tags": [
            "PV&ジャケット写真"
          ],
          "name": "武蔵新田駅"
        },
        "classification": {
          "category": "PV&ジャケット写真",
          "subcategory": "PV&ジャケット写真",
          "method": "legacy-import",
          "status": "unreviewed"
        },
        "classificationCandidates": {
          "members": [],
          "projects": [],
          "contentTypes": []
        }
      }
    },
    {
      "type": "Feature",
      "geometry": {
        "type": "Point",
        "coordinates": [
          139.764853,
          35.671514
        ]
      },
      "properties": {
        "id": "fumi-474",
        "name": "東京メトロ銀座駅A10出口、和光本館前",
        "category": "PV&ジャケット写真",
        "subcategory": "PV&ジャケット写真",
        "categoryColor": "#e11d48",
        "address": "",
        "sceneTitle": "東京メトロ銀座駅A10出口、和光本館前",
        "sceneNote": "説明: 櫻坂46「無言の宇宙」PV撮影場所 (渡邉理佐) http://blog.livedoor.jp/fumichen2/archives/56122962.html 住所: 〒104-8105 東京都中央区銀座4-5-11 https://www.youtube.com/embed/7GZGTse6dUs",
        "sourceLabel": "fumi Diary 2号店",
        "sourceUrl": "https://www.youtube.com/watch?v=7GZGTse6dUs",
        "tags": [
          "PV&ジャケット写真"
        ],
        "images": [
          "https://pub-6d7574c4452b41519ab8adf1541d7f9e.r2.dev/seichi/sakurazaka/3AAjQbR7MxpTZ2RizRTrcfLFCu92Z-TF9qJfH5wQ_0a6a379d.png",
          "https://img.youtube.com/vi/7GZGTse6dUs/hqdefault.jpg"
        ],
        "members": [],
        "source": {
          "provider": "fumi Diary 2号店",
          "url": "https://www.youtube.com/watch?v=7GZGTse6dUs",
          "mapId": "",
          "layer": "PV&ジャケット写真",
          "tags": [
            "PV&ジャケット写真"
          ],
          "name": "東京メトロ銀座駅A10出口、和光本館前"
        },
        "classification": {
          "category": "PV&ジャケット写真",
          "subcategory": "PV&ジャケット写真",
          "method": "legacy-import",
          "status": "unreviewed"
        },
        "classificationCandidates": {
          "members": [],
          "projects": [],
          "contentTypes": []
        }
      }
    },
    {
      "type": "Feature",
      "geometry": {
        "type": "Point",
        "coordinates": [
          139.764688,
          35.671036
        ]
      },
      "properties": {
        "id": "fumi-475",
        "name": "東京メトロ銀座駅A2出口",
        "category": "PV&ジャケット写真",
        "subcategory": "PV&ジャケット写真",
        "categoryColor": "#e11d48",
        "address": "",
        "sceneTitle": "東京メトロ銀座駅A2出口",
        "sceneNote": "説明: 櫻坂46「無言の宇宙」PV撮影場所 (尾関梨香) http://blog.livedoor.jp/fumichen2/archives/56122962.html 住所: 〒104-0061 東京都中央区銀座5-7-4 https://www.youtube.com/embed/7GZGTse6dUs",
        "sourceLabel": "fumi Diary 2号店",
        "sourceUrl": "https://www.youtube.com/watch?v=7GZGTse6dUs",
        "tags": [
          "PV&ジャケット写真"
        ],
        "images": [
          "https://pub-6d7574c4452b41519ab8adf1541d7f9e.r2.dev/seichi/sakurazaka/3AAjQbR7e9qWgFg3Xw--tx1Mn_erBixYmJPxSwYp_a22e5353.png",
          "https://img.youtube.com/vi/7GZGTse6dUs/hqdefault.jpg"
        ],
        "members": [],
        "source": {
          "provider": "fumi Diary 2号店",
          "url": "https://www.youtube.com/watch?v=7GZGTse6dUs",
          "mapId": "",
          "layer": "PV&ジャケット写真",
          "tags": [
            "PV&ジャケット写真"
          ],
          "name": "東京メトロ銀座駅A2出口"
        },
        "classification": {
          "category": "PV&ジャケット写真",
          "subcategory": "PV&ジャケット写真",
          "method": "legacy-import",
          "status": "unreviewed"
        },
        "classificationCandidates": {
          "members": [],
          "projects": [],
          "contentTypes": []
        }
      }
    },
    {
      "type": "Feature",
      "geometry": {
        "type": "Point",
        "coordinates": [
          139.691705,
          35.565745
        ]
      },
      "properties": {
        "id": "fumi-476",
        "name": "新田神社と矢口南児童公園の間",
        "category": "PV&ジャケット写真",
        "subcategory": "PV&ジャケット写真",
        "categoryColor": "#e11d48",
        "address": "",
        "sceneTitle": "新田神社と矢口南児童公園の間",
        "sceneNote": "説明: 櫻坂46「無言の宇宙」PV撮影場所 (菅井友香、山﨑天、小林由依) http://blog.livedoor.jp/fumichen2/archives/56122962.html 住所: 〒146-0093 東京都大田区矢口1-21-23 https://www.youtube.com/embed/7GZGTse6dUs",
        "sourceLabel": "fumi Diary 2号店",
        "sourceUrl": "https://www.youtube.com/watch?v=7GZGTse6dUs",
        "tags": [
          "PV&ジャケット写真"
        ],
        "images": [
          "https://pub-6d7574c4452b41519ab8adf1541d7f9e.r2.dev/seichi/sakurazaka/3AAjQbR661dFWYrPTBULd3w4jQxuidfX_s7877ru_982e1a63.png",
          "https://img.youtube.com/vi/7GZGTse6dUs/hqdefault.jpg"
        ],
        "members": [],
        "source": {
          "provider": "fumi Diary 2号店",
          "url": "https://www.youtube.com/watch?v=7GZGTse6dUs",
          "mapId": "",
          "layer": "PV&ジャケット写真",
          "tags": [
            "PV&ジャケット写真"
          ],
          "name": "新田神社と矢口南児童公園の間"
        },
        "classification": {
          "category": "PV&ジャケット写真",
          "subcategory": "PV&ジャケット写真",
          "method": "legacy-import",
          "status": "unreviewed"
        },
        "classificationCandidates": {
          "members": [],
          "projects": [],
          "contentTypes": []
        }
      }
    },
    {
      "type": "Feature",
      "geometry": {
        "type": "Point",
        "coordinates": [
          139.691681,
          35.566701
        ]
      },
      "properties": {
        "id": "fumi-477",
        "name": "羽田屋伊東商店 金魚屋",
        "category": "PV&ジャケット写真",
        "subcategory": "PV&ジャケット写真",
        "categoryColor": "#e11d48",
        "address": "",
        "sceneTitle": "羽田屋伊東商店 金魚屋",
        "sceneNote": "説明: 櫻坂46「無言の宇宙」PV撮影場所 (菅井友香、山﨑天、小林由依) http://blog.livedoor.jp/fumichen2/archives/56122962.html 住所: 〒146-0093 東京都大田区矢口1-20-22 https://www.youtube.com/embed/7GZGTse6dUs",
        "sourceLabel": "fumi Diary 2号店",
        "sourceUrl": "https://www.youtube.com/watch?v=7GZGTse6dUs",
        "tags": [
          "PV&ジャケット写真"
        ],
        "images": [
          "https://pub-6d7574c4452b41519ab8adf1541d7f9e.r2.dev/seichi/sakurazaka/3AAjQbR5vFa6FYxQYSJVHB6SwpEE7vJS4zSjaSjI_0756a439.png",
          "https://img.youtube.com/vi/7GZGTse6dUs/hqdefault.jpg"
        ],
        "members": [],
        "source": {
          "provider": "fumi Diary 2号店",
          "url": "https://www.youtube.com/watch?v=7GZGTse6dUs",
          "mapId": "",
          "layer": "PV&ジャケット写真",
          "tags": [
            "PV&ジャケット写真"
          ],
          "name": "羽田屋伊東商店 金魚屋"
        },
        "classification": {
          "category": "PV&ジャケット写真",
          "subcategory": "PV&ジャケット写真",
          "method": "legacy-import",
          "status": "unreviewed"
        },
        "classificationCandidates": {
          "members": [],
          "projects": [],
          "contentTypes": []
        }
      }
    },
    {
      "type": "Feature",
      "geometry": {
        "type": "Point",
        "coordinates": [
          139.7842278,
          35.660842
        ]
      },
      "properties": {
        "id": "fumi-478",
        "name": "朝潮橋横のテラス",
        "category": "PV&ジャケット写真",
        "subcategory": "PV&ジャケット写真",
        "categoryColor": "#e11d48",
        "address": "",
        "sceneTitle": "朝潮橋横のテラス",
        "sceneNote": "説明: 櫻坂46「無言の宇宙」PV撮影場所 (渡邉理佐) http://blog.livedoor.jp/fumichen2/archives/56122962.html 住所: 〒104-0052 東京都中央区月島4-4-4 https://www.youtube.com/embed/7GZGTse6dUs",
        "sourceLabel": "fumi Diary 2号店",
        "sourceUrl": "https://www.youtube.com/watch?v=7GZGTse6dUs",
        "tags": [
          "PV&ジャケット写真"
        ],
        "images": [
          "https://pub-6d7574c4452b41519ab8adf1541d7f9e.r2.dev/seichi/sakurazaka/3AAjQbR4gpgJduHNjK_x4ESXF5MBPZr6OJjhPoeu_3f551797.png",
          "https://img.youtube.com/vi/7GZGTse6dUs/hqdefault.jpg"
        ],
        "members": [],
        "source": {
          "provider": "fumi Diary 2号店",
          "url": "https://www.youtube.com/watch?v=7GZGTse6dUs",
          "mapId": "",
          "layer": "PV&ジャケット写真",
          "tags": [
            "PV&ジャケット写真"
          ],
          "name": "朝潮橋横のテラス"
        },
        "classification": {
          "category": "PV&ジャケット写真",
          "subcategory": "PV&ジャケット写真",
          "method": "legacy-import",
          "status": "unreviewed"
        },
        "classificationCandidates": {
          "members": [],
          "projects": [],
          "contentTypes": []
        }
      }
    },
    {
      "type": "Feature",
      "geometry": {
        "type": "Point",
        "coordinates": [
          139.691958,
          35.567961
        ]
      },
      "properties": {
        "id": "fumi-479",
        "name": "武蔵新田駅前",
        "category": "PV&ジャケット写真",
        "subcategory": "PV&ジャケット写真",
        "categoryColor": "#e11d48",
        "address": "",
        "sceneTitle": "武蔵新田駅前",
        "sceneNote": "説明: 櫻坂46「無言の宇宙」PV撮影場所 (渡辺梨加、守屋茜) http://blog.livedoor.jp/fumichen2/archives/56122962.html 住所: 〒146-0093 東京都大田区矢口1-18-1 https://www.youtube.com/embed/7GZGTse6dUs",
        "sourceLabel": "fumi Diary 2号店",
        "sourceUrl": "https://www.youtube.com/watch?v=7GZGTse6dUs",
        "tags": [
          "PV&ジャケット写真"
        ],
        "images": [
          "https://pub-6d7574c4452b41519ab8adf1541d7f9e.r2.dev/seichi/sakurazaka/3AAjQbR66qDLhKwUAVrhJIV61LCQjJQ2k8aKzJRq_85cdefb6.png",
          "https://img.youtube.com/vi/7GZGTse6dUs/hqdefault.jpg"
        ],
        "members": [],
        "source": {
          "provider": "fumi Diary 2号店",
          "url": "https://www.youtube.com/watch?v=7GZGTse6dUs",
          "mapId": "",
          "layer": "PV&ジャケット写真",
          "tags": [
            "PV&ジャケット写真"
          ],
          "name": "武蔵新田駅前"
        },
        "classification": {
          "category": "PV&ジャケット写真",
          "subcategory": "PV&ジャケット写真",
          "method": "legacy-import",
          "status": "unreviewed"
        },
        "classificationCandidates": {
          "members": [],
          "projects": [],
          "contentTypes": []
        }
      }
    },
    {
      "type": "Feature",
      "geometry": {
        "type": "Point",
        "coordinates": [
          139.763244,
          35.672542
        ]
      },
      "properties": {
        "id": "fumi-480",
        "name": "数寄屋橋交差点",
        "category": "PV&ジャケット写真",
        "subcategory": "PV&ジャケット写真",
        "categoryColor": "#e11d48",
        "address": "",
        "sceneTitle": "数寄屋橋交差点",
        "sceneNote": "説明: 櫻坂46「無言の宇宙」PV撮影場所 (関有美子、上村莉菜、尾関梨香、幸阪茉里乃) http://blog.livedoor.jp/fumichen2/archives/56122962.html 住所: 〒104-0061 東京都中央区銀座4丁目 https://www.youtube.com/embed/7GZGTse6dUs",
        "sourceLabel": "fumi Diary 2号店",
        "sourceUrl": "https://www.youtube.com/watch?v=7GZGTse6dUs",
        "tags": [
          "PV&ジャケット写真"
        ],
        "images": [
          "https://pub-6d7574c4452b41519ab8adf1541d7f9e.r2.dev/seichi/sakurazaka/3AAjQbR4TExSFhAwKsVgxHcMf2TPNshgI7m5XR-R_bdc3b6e9.png",
          "https://img.youtube.com/vi/7GZGTse6dUs/hqdefault.jpg"
        ],
        "members": [],
        "source": {
          "provider": "fumi Diary 2号店",
          "url": "https://www.youtube.com/watch?v=7GZGTse6dUs",
          "mapId": "",
          "layer": "PV&ジャケット写真",
          "tags": [
            "PV&ジャケット写真"
          ],
          "name": "数寄屋橋交差点"
        },
        "classification": {
          "category": "PV&ジャケット写真",
          "subcategory": "PV&ジャケット写真",
          "method": "legacy-import",
          "status": "unreviewed"
        },
        "classificationCandidates": {
          "members": [],
          "projects": [],
          "contentTypes": []
        }
      }
    },
    {
      "type": "Feature",
      "geometry": {
        "type": "Point",
        "coordinates": [
          139.780038,
          35.662609
        ]
      },
      "properties": {
        "id": "fumi-481",
        "name": "つくしや 三番目",
        "category": "PV&ジャケット写真",
        "subcategory": "PV&ジャケット写真",
        "categoryColor": "#e11d48",
        "address": "",
        "sceneTitle": "つくしや 三番目",
        "sceneNote": "説明: 櫻坂46「無言の宇宙」PV撮影場所 (田村保乃、森田ひかる、土生瑞穂) http://blog.livedoor.jp/fumichen2/archives/56122962.html 住所: 〒104-0052 東京都中央区月島3-19-4 https://www.youtube.com/embed/7GZGTse6dUs",
        "sourceLabel": "fumi Diary 2号店",
        "sourceUrl": "https://www.youtube.com/watch?v=7GZGTse6dUs",
        "tags": [
          "PV&ジャケット写真"
        ],
        "images": [
          "https://pub-6d7574c4452b41519ab8adf1541d7f9e.r2.dev/seichi/sakurazaka/3AAjQbR6dbceMBPaqgHpRzwhB6hppJ4LGqAwta8v_1a6f8012.png",
          "https://img.youtube.com/vi/7GZGTse6dUs/hqdefault.jpg"
        ],
        "members": [],
        "source": {
          "provider": "fumi Diary 2号店",
          "url": "https://www.youtube.com/watch?v=7GZGTse6dUs",
          "mapId": "",
          "layer": "PV&ジャケット写真",
          "tags": [
            "PV&ジャケット写真"
          ],
          "name": "つくしや 三番目"
        },
        "classification": {
          "category": "PV&ジャケット写真",
          "subcategory": "PV&ジャケット写真",
          "method": "legacy-import",
          "status": "unreviewed"
        },
        "classificationCandidates": {
          "members": [],
          "projects": [],
          "contentTypes": []
        }
      }
    },
    {
      "type": "Feature",
      "geometry": {
        "type": "Point",
        "coordinates": [
          139.692068,
          35.566938
        ]
      },
      "properties": {
        "id": "fumi-482",
        "name": "山崎薬局前",
        "category": "PV&ジャケット写真",
        "subcategory": "PV&ジャケット写真",
        "categoryColor": "#e11d48",
        "address": "",
        "sceneTitle": "山崎薬局前",
        "sceneNote": "説明: 櫻坂46「無言の宇宙」PV撮影場所 (菅井友香、山﨑天、小林由依) http://blog.livedoor.jp/fumichen2/archives/56122962.html 住所: 〒146-0093 東京都大田区矢口1-20-3 https://www.youtube.com/embed/7GZGTse6dUs",
        "sourceLabel": "fumi Diary 2号店",
        "sourceUrl": "https://www.youtube.com/watch?v=7GZGTse6dUs",
        "tags": [
          "PV&ジャケット写真"
        ],
        "images": [
          "https://pub-6d7574c4452b41519ab8adf1541d7f9e.r2.dev/seichi/sakurazaka/3AAjQbR6-1GTvQE4oOykoOAm-KZe-p5_QqQETwqS_d7e03460.png",
          "https://img.youtube.com/vi/7GZGTse6dUs/hqdefault.jpg"
        ],
        "members": [],
        "source": {
          "provider": "fumi Diary 2号店",
          "url": "https://www.youtube.com/watch?v=7GZGTse6dUs",
          "mapId": "",
          "layer": "PV&ジャケット写真",
          "tags": [
            "PV&ジャケット写真"
          ],
          "name": "山崎薬局前"
        },
        "classification": {
          "category": "PV&ジャケット写真",
          "subcategory": "PV&ジャケット写真",
          "method": "legacy-import",
          "status": "unreviewed"
        },
        "classificationCandidates": {
          "members": [],
          "projects": [],
          "contentTypes": []
        }
      }
    },
    {
      "type": "Feature",
      "geometry": {
        "type": "Point",
        "coordinates": [
          139.743261,
          35.633282
        ]
      },
      "properties": {
        "id": "fumi-483",
        "name": "芝浦中央公園",
        "category": "PV&ジャケット写真",
        "subcategory": "PV&ジャケット写真",
        "categoryColor": "#e11d48",
        "address": "",
        "sceneTitle": "芝浦中央公園",
        "sceneNote": "説明: 櫻坂46「無言の宇宙」PV撮影場所 http://blog.livedoor.jp/fumichen2/archives/56122962.html 住所: 〒108-0075 東京都港区港南1-2-28 https://www.youtube.com/embed/7GZGTse6dUs",
        "sourceLabel": "fumi Diary 2号店",
        "sourceUrl": "https://www.youtube.com/watch?v=7GZGTse6dUs",
        "tags": [
          "PV&ジャケット写真"
        ],
        "images": [
          "https://pub-6d7574c4452b41519ab8adf1541d7f9e.r2.dev/seichi/sakurazaka/3AAjQbR7A8Jcn-KS3pCMoiKHhOY1KQwlpimgs62l_8e154b76.png",
          "https://pub-6d7574c4452b41519ab8adf1541d7f9e.r2.dev/seichi/sakurazaka/3AAjQbR6K9hQz2LHaYIRQLaUuGj3NeXUjURQqB9C_7683b353.png",
          "https://img.youtube.com/vi/7GZGTse6dUs/hqdefault.jpg"
        ],
        "members": [],
        "source": {
          "provider": "fumi Diary 2号店",
          "url": "https://www.youtube.com/watch?v=7GZGTse6dUs",
          "mapId": "",
          "layer": "PV&ジャケット写真",
          "tags": [
            "PV&ジャケット写真"
          ],
          "name": "芝浦中央公園"
        },
        "classification": {
          "category": "PV&ジャケット写真",
          "subcategory": "PV&ジャケット写真",
          "method": "legacy-import",
          "status": "unreviewed"
        },
        "classificationCandidates": {
          "members": [],
          "projects": [],
          "contentTypes": []
        }
      }
    },
    {
      "type": "Feature",
      "geometry": {
        "type": "Point",
        "coordinates": [
          139.6801742,
          35.4940673
        ]
      },
      "properties": {
        "id": "fumi-484",
        "name": "横浜スーパー・ファクトリー C STUDIO",
        "category": "PV&ジャケット写真",
        "subcategory": "PV&ジャケット写真",
        "categoryColor": "#e11d48",
        "address": "",
        "sceneTitle": "横浜スーパー・ファクトリー C STUDIO",
        "sceneNote": "説明: 櫻坂46「無言の宇宙」PV撮影場所 http://blog.livedoor.jp/fumichen2/archives/56122962.html 住所: 〒230-0045 神奈川県横浜市鶴見区末広町1-11 https://www.youtube.com/embed/7GZGTse6dUs",
        "sourceLabel": "fumi Diary 2号店",
        "sourceUrl": "https://www.youtube.com/watch?v=7GZGTse6dUs",
        "tags": [
          "PV&ジャケット写真"
        ],
        "images": [
          "https://pub-6d7574c4452b41519ab8adf1541d7f9e.r2.dev/seichi/sakurazaka/3AAjQbR5ig0VwOLoJ3fLxa4bUY5imd7iItbrqE7u_f793dc33.png",
          "https://img.youtube.com/vi/7GZGTse6dUs/hqdefault.jpg"
        ],
        "members": [],
        "source": {
          "provider": "fumi Diary 2号店",
          "url": "https://www.youtube.com/watch?v=7GZGTse6dUs",
          "mapId": "",
          "layer": "PV&ジャケット写真",
          "tags": [
            "PV&ジャケット写真"
          ],
          "name": "横浜スーパー・ファクトリー C STUDIO"
        },
        "classification": {
          "category": "PV&ジャケット写真",
          "subcategory": "PV&ジャケット写真",
          "method": "legacy-import",
          "status": "unreviewed"
        },
        "classificationCandidates": {
          "members": [],
          "projects": [],
          "contentTypes": []
        }
      }
    },
    {
      "type": "Feature",
      "geometry": {
        "type": "Point",
        "coordinates": [
          140.0501649,
          36.340468
        ]
      },
      "properties": {
        "id": "fumi-485",
        "name": "大和ホースパーク",
        "category": "PV&ジャケット写真",
        "subcategory": "PV&ジャケット写真",
        "categoryColor": "#e11d48",
        "address": "",
        "sceneTitle": "大和ホースパーク",
        "sceneNote": "説明: 櫻坂46 齋藤冬優花×菅井友香×守屋茜 SAKURA MEGURI 撮影場所 http://blog.livedoor.jp/fumichen2/archives/56191663.html 住所: 〒309-1244 茨城県桜川市大国玉4432-6 https://www.youtube.com/embed/ND-KYQUMQ-Y",
        "sourceLabel": "fumi Diary 2号店",
        "sourceUrl": "https://www.youtube.com/watch?v=ND-KYQUMQ-Y",
        "tags": [
          "PV&ジャケット写真"
        ],
        "images": [
          "https://pub-6d7574c4452b41519ab8adf1541d7f9e.r2.dev/seichi/sakurazaka/3AAjQbR7_Q7QzrDnas6nHZ-RmfnTVj_o4SqkxIH9_45e25aa4.png",
          "https://pub-6d7574c4452b41519ab8adf1541d7f9e.r2.dev/seichi/sakurazaka/3AAjQbR6JsG7h9Ic3j56kEJzY0Jip18-1gEpWquU_d8421f98.png",
          "https://pub-6d7574c4452b41519ab8adf1541d7f9e.r2.dev/seichi/sakurazaka/3AAjQbR7HOCH7vVCu2Wqo7BQB9u8Bh0MlyBDcVc1_78204ab5.png",
          "https://pub-6d7574c4452b41519ab8adf1541d7f9e.r2.dev/seichi/sakurazaka/3AAjQbR765ygaeRKy1SCN_4fBUc_rZR-2R518PhX_fef70ec6.png",
          "https://pub-6d7574c4452b41519ab8adf1541d7f9e.r2.dev/seichi/sakurazaka/3AAjQbR5r4oZk8AlmteJVuSBqkE6Maju8KOZMtuQ_8ed406ef.png",
          "https://pub-6d7574c4452b41519ab8adf1541d7f9e.r2.dev/seichi/sakurazaka/3AAjQbR7dx2b8w_SnHJddgOhf4F-2cuc_qi7PwkU_7f3c29cb.png",
          "https://img.youtube.com/vi/ND-KYQUMQ-Y/hqdefault.jpg"
        ],
        "members": [],
        "source": {
          "provider": "fumi Diary 2号店",
          "url": "https://www.youtube.com/watch?v=ND-KYQUMQ-Y",
          "mapId": "",
          "layer": "PV&ジャケット写真",
          "tags": [
            "PV&ジャケット写真"
          ],
          "name": "大和ホースパーク"
        },
        "classification": {
          "category": "PV&ジャケット写真",
          "subcategory": "PV&ジャケット写真",
          "method": "legacy-import",
          "status": "unreviewed"
        },
        "classificationCandidates": {
          "members": [],
          "projects": [],
          "contentTypes": []
        }
      }
    },
    {
      "type": "Feature",
      "geometry": {
        "type": "Point",
        "coordinates": [
          140.1604466,
          36.0628805
        ]
      },
      "properties": {
        "id": "fumi-486",
        "name": "桜窯",
        "category": "PV&ジャケット写真",
        "subcategory": "PV&ジャケット写真",
        "categoryColor": "#e11d48",
        "address": "",
        "sceneTitle": "桜窯",
        "sceneNote": "説明: 櫻坂46 渡辺梨加×渡邉理佐×増本綺良 SAKURA MEGURI 撮影場所 http://blog.livedoor.jp/fumichen2/archives/56193253.html 住所: 〒305-0042 茨城県つくば市下広岡1116-1 https://www.youtube.com/embed/ND-KYQUMQ-Y",
        "sourceLabel": "fumi Diary 2号店",
        "sourceUrl": "https://www.youtube.com/watch?v=ND-KYQUMQ-Y",
        "tags": [
          "PV&ジャケット写真"
        ],
        "images": [
          "https://pub-6d7574c4452b41519ab8adf1541d7f9e.r2.dev/seichi/sakurazaka/3AAjQbR7qKYjnrOf8_uZxKgMho8Arfoqgb7kjpV8_9c3c6832.png",
          "https://pub-6d7574c4452b41519ab8adf1541d7f9e.r2.dev/seichi/sakurazaka/3AAjQbR5HNHA3747WFHKBwROAysYUbx4ee73eZk0_bd5b28d3.png",
          "https://pub-6d7574c4452b41519ab8adf1541d7f9e.r2.dev/seichi/sakurazaka/3AAjQbR5HBzrrjAvyk2Hgbw5O9lnZMxzbbCuUKXs_b2ded318.png",
          "https://pub-6d7574c4452b41519ab8adf1541d7f9e.r2.dev/seichi/sakurazaka/3AAjQbR7MchklwzsphAG2QeCr2y1R-fOm-4WBYM3_de8e0aba.png",
          "https://pub-6d7574c4452b41519ab8adf1541d7f9e.r2.dev/seichi/sakurazaka/3AAjQbR6eE1CsnjZsJPup6mBAy4sh3Ykncz-xGXG_288fdced.png",
          "https://pub-6d7574c4452b41519ab8adf1541d7f9e.r2.dev/seichi/sakurazaka/3AAjQbR6MPt5-WopMmdNigW35LRnL-RM0ElRcGST_ef4a2d44.png",
          "https://img.youtube.com/vi/ND-KYQUMQ-Y/hqdefault.jpg"
        ],
        "members": [],
        "source": {
          "provider": "fumi Diary 2号店",
          "url": "https://www.youtube.com/watch?v=ND-KYQUMQ-Y",
          "mapId": "",
          "layer": "PV&ジャケット写真",
          "tags": [
            "PV&ジャケット写真"
          ],
          "name": "桜窯"
        },
        "classification": {
          "category": "PV&ジャケット写真",
          "subcategory": "PV&ジャケット写真",
          "method": "legacy-import",
          "status": "unreviewed"
        },
        "classificationCandidates": {
          "members": [],
          "projects": [],
          "contentTypes": []
        }
      }
    },
    {
      "type": "Feature",
      "geometry": {
        "type": "Point",
        "coordinates": [
          139.021009,
          36.164877
        ]
      },
      "properties": {
        "id": "fumi-487",
        "name": "桜山公園 日本庭園",
        "category": "PV&ジャケット写真",
        "subcategory": "PV&ジャケット写真",
        "categoryColor": "#e11d48",
        "address": "",
        "sceneTitle": "桜山公園 日本庭園",
        "sceneNote": "説明: 櫻坂46 井上梨名×幸阪茉里乃×関有美子×守屋麗奈 SAKURA MEGURI 撮影場所 http://blog.livedoor.jp/fumichen2/archives/56193796.html 住所: 〒370-1405 群馬県藤岡市三波川2166-1 https://www.youtube.com/embed/ND-KYQUMQ-Y",
        "sourceLabel": "fumi Diary 2号店",
        "sourceUrl": "https://www.youtube.com/watch?v=ND-KYQUMQ-Y",
        "tags": [
          "PV&ジャケット写真"
        ],
        "images": [
          "https://pub-6d7574c4452b41519ab8adf1541d7f9e.r2.dev/seichi/sakurazaka/3AAjQbR4MyAWaruLloJT_Fc4kZnKCilH_57NoNtd_3e593617.png",
          "https://img.youtube.com/vi/ND-KYQUMQ-Y/hqdefault.jpg"
        ],
        "members": [],
        "source": {
          "provider": "fumi Diary 2号店",
          "url": "https://www.youtube.com/watch?v=ND-KYQUMQ-Y",
          "mapId": "",
          "layer": "PV&ジャケット写真",
          "tags": [
            "PV&ジャケット写真"
          ],
          "name": "桜山公園 日本庭園"
        },
        "classification": {
          "category": "PV&ジャケット写真",
          "subcategory": "PV&ジャケット写真",
          "method": "legacy-import",
          "status": "unreviewed"
        },
        "classificationCandidates": {
          "members": [],
          "projects": [],
          "contentTypes": []
        }
      }
    },
    {
      "type": "Feature",
      "geometry": {
        "type": "Point",
        "coordinates": [
          139.018993,
          36.161923
        ]
      },
      "properties": {
        "id": "fumi-488",
        "name": "桜山公園 茶室",
        "category": "PV&ジャケット写真",
        "subcategory": "PV&ジャケット写真",
        "categoryColor": "#e11d48",
        "address": "",
        "sceneTitle": "桜山公園 茶室",
        "sceneNote": "説明: 櫻坂46 井上梨名×幸阪茉里乃×関有美子×守屋麗奈 SAKURA MEGURI 撮影場所 http://blog.livedoor.jp/fumichen2/archives/56193796.html 住所: 〒370-1405 群馬県藤岡市三波川2166-1 https://www.youtube.com/embed/ND-KYQUMQ-Y",
        "sourceLabel": "fumi Diary 2号店",
        "sourceUrl": "https://www.youtube.com/watch?v=ND-KYQUMQ-Y",
        "tags": [
          "PV&ジャケット写真"
        ],
        "images": [
          "https://pub-6d7574c4452b41519ab8adf1541d7f9e.r2.dev/seichi/sakurazaka/3AAjQbR4MvaJS63wB9PGEXpBSbklQDOOGbr-nCkP_8b14267b.png",
          "https://pub-6d7574c4452b41519ab8adf1541d7f9e.r2.dev/seichi/sakurazaka/3AAjQbR64G9-0VKPGaqBysZvgxL0fBWMnUvehUm6_7b051e0d.png",
          "https://img.youtube.com/vi/ND-KYQUMQ-Y/hqdefault.jpg"
        ],
        "members": [],
        "source": {
          "provider": "fumi Diary 2号店",
          "url": "https://www.youtube.com/watch?v=ND-KYQUMQ-Y",
          "mapId": "",
          "layer": "PV&ジャケット写真",
          "tags": [
            "PV&ジャケット写真"
          ],
          "name": "桜山公園 茶室"
        },
        "classification": {
          "category": "PV&ジャケット写真",
          "subcategory": "PV&ジャケット写真",
          "method": "legacy-import",
          "status": "unreviewed"
        },
        "classificationCandidates": {
          "members": [],
          "projects": [],
          "contentTypes": []
        }
      }
    },
    {
      "type": "Feature",
      "geometry": {
        "type": "Point",
        "coordinates": [
          139.019849,
          36.161304
        ]
      },
      "properties": {
        "id": "fumi-489",
        "name": "桜山公園 芝生広場",
        "category": "PV&ジャケット写真",
        "subcategory": "PV&ジャケット写真",
        "categoryColor": "#e11d48",
        "address": "",
        "sceneTitle": "桜山公園 芝生広場",
        "sceneNote": "説明: 櫻坂46 井上梨名×幸阪茉里乃×関有美子×守屋麗奈 SAKURA MEGURI 撮影場所 http://blog.livedoor.jp/fumichen2/archives/56193796.html 住所: 〒370-1405 群馬県藤岡市三波川2166-1 https://www.youtube.com/embed/ND-KYQUMQ-Y",
        "sourceLabel": "fumi Diary 2号店",
        "sourceUrl": "https://www.youtube.com/watch?v=ND-KYQUMQ-Y",
        "tags": [
          "PV&ジャケット写真"
        ],
        "images": [
          "https://pub-6d7574c4452b41519ab8adf1541d7f9e.r2.dev/seichi/sakurazaka/3AAjQbR54sbOx3d5NZusC5kVhsg8o4-innGnDrBY_be825c74.png",
          "https://img.youtube.com/vi/ND-KYQUMQ-Y/hqdefault.jpg"
        ],
        "members": [],
        "source": {
          "provider": "fumi Diary 2号店",
          "url": "https://www.youtube.com/watch?v=ND-KYQUMQ-Y",
          "mapId": "",
          "layer": "PV&ジャケット写真",
          "tags": [
            "PV&ジャケット写真"
          ],
          "name": "桜山公園 芝生広場"
        },
        "classification": {
          "category": "PV&ジャケット写真",
          "subcategory": "PV&ジャケット写真",
          "method": "legacy-import",
          "status": "unreviewed"
        },
        "classificationCandidates": {
          "members": [],
          "projects": [],
          "contentTypes": []
        }
      }
    },
    {
      "type": "Feature",
      "geometry": {
        "type": "Point",
        "coordinates": [
          139.0975191,
          34.8731122
        ]
      },
      "properties": {
        "id": "fumi-490",
        "name": "伊豆アート体験 さくら坂",
        "category": "PV&ジャケット写真",
        "subcategory": "PV&ジャケット写真",
        "categoryColor": "#e11d48",
        "address": "",
        "sceneTitle": "伊豆アート体験 さくら坂",
        "sceneNote": "説明: 櫻坂46 遠藤光莉×藤吉夏鈴×山﨑天 SAKURA MEGURI 撮影場所 http://blog.livedoor.jp/fumichen2/archives/56205211.html 住所: 〒413-0232 静岡県伊東市八幡野1666-4 伊豆高原体験の里 https://www.youtube.com/embed/ND-KYQUMQ-Y",
        "sourceLabel": "fumi Diary 2号店",
        "sourceUrl": "https://www.youtube.com/watch?v=ND-KYQUMQ-Y",
        "tags": [
          "PV&ジャケット写真"
        ],
        "images": [
          "https://pub-6d7574c4452b41519ab8adf1541d7f9e.r2.dev/seichi/sakurazaka/3AAjQbR4Oz9Ky0ZvIhr3Syp_sapzcgXTtUiF1nHZ_9965fec2.png",
          "https://pub-6d7574c4452b41519ab8adf1541d7f9e.r2.dev/seichi/sakurazaka/3AAjQbR7vyuEH1yUVT66bw0hiL4bIb_E9KaE8QIx_4b25dd6c.png",
          "https://pub-6d7574c4452b41519ab8adf1541d7f9e.r2.dev/seichi/sakurazaka/3AAjQbR4X5iBIupzY03QZv2kt2gu_2u1ADgfkPIo_c53e1a93.png",
          "https://pub-6d7574c4452b41519ab8adf1541d7f9e.r2.dev/seichi/sakurazaka/3AAjQbR5BX71N3W5bfs06SWzzO9kO8AU_oftPHaw_c25c47f0.png",
          "https://img.youtube.com/vi/ND-KYQUMQ-Y/hqdefault.jpg"
        ],
        "members": [],
        "source": {
          "provider": "fumi Diary 2号店",
          "url": "https://www.youtube.com/watch?v=ND-KYQUMQ-Y",
          "mapId": "",
          "layer": "PV&ジャケット写真",
          "tags": [
            "PV&ジャケット写真"
          ],
          "name": "伊豆アート体験 さくら坂"
        },
        "classification": {
          "category": "PV&ジャケット写真",
          "subcategory": "PV&ジャケット写真",
          "method": "legacy-import",
          "status": "unreviewed"
        },
        "classificationCandidates": {
          "members": [],
          "projects": [],
          "contentTypes": []
        }
      }
    },
    {
      "type": "Feature",
      "geometry": {
        "type": "Point",
        "coordinates": [
          139.00545,
          34.753653
        ]
      },
      "properties": {
        "id": "fumi-491",
        "name": "伊豆今井浜温泉 桐のかほり 咲楽",
        "category": "PV&ジャケット写真",
        "subcategory": "PV&ジャケット写真",
        "categoryColor": "#e11d48",
        "address": "",
        "sceneTitle": "伊豆今井浜温泉 桐のかほり 咲楽",
        "sceneNote": "説明: 櫻坂46 遠藤光莉×藤吉夏鈴×山﨑天 SAKURA MEGURI 撮影場所 http://blog.livedoor.jp/fumichen2/archives/56205211.html 住所: 〒413-0503 静岡県賀茂郡河津町見高182-35 https://www.youtube.com/embed/ND-KYQUMQ-Y",
        "sourceLabel": "fumi Diary 2号店",
        "sourceUrl": "https://www.youtube.com/watch?v=ND-KYQUMQ-Y",
        "tags": [
          "PV&ジャケット写真"
        ],
        "images": [
          "https://pub-6d7574c4452b41519ab8adf1541d7f9e.r2.dev/seichi/sakurazaka/3AAjQbR7bEZmYhLxkez4g9NwX1jRuzJ4Yg2XowrD_31a3eb68.png",
          "https://pub-6d7574c4452b41519ab8adf1541d7f9e.r2.dev/seichi/sakurazaka/3AAjQbR4QJskScL7N7TbjcS5jwyx0_dlB0tDWaS-_737d9587.png",
          "https://img.youtube.com/vi/ND-KYQUMQ-Y/hqdefault.jpg"
        ],
        "members": [],
        "source": {
          "provider": "fumi Diary 2号店",
          "url": "https://www.youtube.com/watch?v=ND-KYQUMQ-Y",
          "mapId": "",
          "layer": "PV&ジャケット写真",
          "tags": [
            "PV&ジャケット写真"
          ],
          "name": "伊豆今井浜温泉 桐のかほり 咲楽"
        },
        "classification": {
          "category": "PV&ジャケット写真",
          "subcategory": "PV&ジャケット写真",
          "method": "legacy-import",
          "status": "unreviewed"
        },
        "classificationCandidates": {
          "members": [],
          "projects": [],
          "contentTypes": []
        }
      }
    },
    {
      "type": "Feature",
      "geometry": {
        "type": "Point",
        "coordinates": [
          139.7123818,
          35.6689308
        ]
      },
      "properties": {
        "id": "fumi-492",
        "name": "LATTEST OMOTESANDO Espresso Bar",
        "category": "PV&ジャケット写真",
        "subcategory": "PV&ジャケット写真",
        "categoryColor": "#e11d48",
        "address": "",
        "sceneTitle": "LATTEST OMOTESANDO Espresso Bar",
        "sceneNote": "説明: 櫻坂46 小池美波×小林由依×大園玲 SAKURA MEGURI 撮影場所 http://blog.livedoor.jp/fumichen2/archives/56205390.html 住所: 〒150-0001 東京都渋谷区神宮前3-5-2 https://www.youtube.com/embed/ND-KYQUMQ-Y",
        "sourceLabel": "fumi Diary 2号店",
        "sourceUrl": "https://www.youtube.com/watch?v=ND-KYQUMQ-Y",
        "tags": [
          "PV&ジャケット写真"
        ],
        "images": [
          "https://pub-6d7574c4452b41519ab8adf1541d7f9e.r2.dev/seichi/sakurazaka/3AAjQbR4xV5ZpU8RaxXmkXjMWFQ5ZA2rRIct9nFK_154afbc8.png",
          "https://pub-6d7574c4452b41519ab8adf1541d7f9e.r2.dev/seichi/sakurazaka/3AAjQbR6meJxI3gdLOKoQlN5dlVWDpRiDSox4DEL_52e29e3b.png",
          "https://pub-6d7574c4452b41519ab8adf1541d7f9e.r2.dev/seichi/sakurazaka/3AAjQbR5zg4dz2q5_5M__T2-poPA2ZKl6irP6IhX_9dd62357.png",
          "https://pub-6d7574c4452b41519ab8adf1541d7f9e.r2.dev/seichi/sakurazaka/3AAjQbR79wyxw9gRxvp76sXvf3-uhxGlZ6hjKZW5_cd9a1015.png",
          "https://pub-6d7574c4452b41519ab8adf1541d7f9e.r2.dev/seichi/sakurazaka/3AAjQbR6mDaeOaLxlPvbPe_bzzRx41kxqSSRw6ZQ_49d76955.png",
          "https://pub-6d7574c4452b41519ab8adf1541d7f9e.r2.dev/seichi/sakurazaka/3AAjQbR5LPjCL0e5n8i4JB0jtkdqIAeCJgRgKwab_a33d2fce.png",
          "https://pub-6d7574c4452b41519ab8adf1541d7f9e.r2.dev/seichi/sakurazaka/3AAjQbR6Aw9P1UMe3yGf3FooKSgEST76Y8YvVThH_d90e446e.png",
          "https://pub-6d7574c4452b41519ab8adf1541d7f9e.r2.dev/seichi/sakurazaka/3AAjQbR49O_rAuOeek_-NEnNBiuW_MpI4dpyyaiQ_58aad244.png",
          "https://pub-6d7574c4452b41519ab8adf1541d7f9e.r2.dev/seichi/sakurazaka/3AAjQbR7kh-MsVMHjDghJSv7FiPXMCj0lBZpsMMK_a5e6771b.png",
          "https://img.youtube.com/vi/ND-KYQUMQ-Y/hqdefault.jpg"
        ],
        "members": [],
        "source": {
          "provider": "fumi Diary 2号店",
          "url": "https://www.youtube.com/watch?v=ND-KYQUMQ-Y",
          "mapId": "",
          "layer": "PV&ジャケット写真",
          "tags": [
            "PV&ジャケット写真"
          ],
          "name": "LATTEST OMOTESANDO Espresso Bar"
        },
        "classification": {
          "category": "PV&ジャケット写真",
          "subcategory": "PV&ジャケット写真",
          "method": "legacy-import",
          "status": "unreviewed"
        },
        "classificationCandidates": {
          "members": [],
          "projects": [],
          "contentTypes": []
        }
      }
    },
    {
      "type": "Feature",
      "geometry": {
        "type": "Point",
        "coordinates": [
          139.7019144,
          36.7831706
        ]
      },
      "properties": {
        "id": "fumi-493",
        "name": "日光さる軍団",
        "category": "PV&ジャケット写真",
        "subcategory": "PV&ジャケット写真",
        "categoryColor": "#e11d48",
        "address": "",
        "sceneTitle": "日光さる軍団",
        "sceneNote": "説明: 櫻坂46 大沼晶保×武元唯衣×田村保乃 SAKURA MEGURI 撮影場所 http://blog.livedoor.jp/fumichen2/archives/56205582.html 住所: 〒321-2524 栃木県日光市柄倉763 https://www.youtube.com/embed/ND-KYQUMQ-Y",
        "sourceLabel": "fumi Diary 2号店",
        "sourceUrl": "https://www.youtube.com/watch?v=ND-KYQUMQ-Y",
        "tags": [
          "PV&ジャケット写真"
        ],
        "images": [
          "https://pub-6d7574c4452b41519ab8adf1541d7f9e.r2.dev/seichi/sakurazaka/3AAjQbR5i7CK-j42BFyqOBV0ec4f5iRNaIAeUiS__3c817257.png",
          "https://pub-6d7574c4452b41519ab8adf1541d7f9e.r2.dev/seichi/sakurazaka/3AAjQbR6VoFoFIVfKrcTqKtZS3ooY-zK6517C5dh_5c24f292.png",
          "https://pub-6d7574c4452b41519ab8adf1541d7f9e.r2.dev/seichi/sakurazaka/3AAjQbR47vNyiOzlcxIMvfqkgbI8oJAhJnHOwT1e_674269da.png",
          "https://pub-6d7574c4452b41519ab8adf1541d7f9e.r2.dev/seichi/sakurazaka/3AAjQbR7qGeWUNPtPplu9OBvJ7TZzcxFGotQs-Vu_969c8a13.png",
          "https://pub-6d7574c4452b41519ab8adf1541d7f9e.r2.dev/seichi/sakurazaka/3AAjQbR4Db6-H8QLAI5nqqSfluX7ALGoPeYPEQ6-_62dd92e3.png",
          "https://pub-6d7574c4452b41519ab8adf1541d7f9e.r2.dev/seichi/sakurazaka/3AAjQbR4wJ4pxMq3c82l27k5YyAVB9R_eRcXwEek_0121d73b.png",
          "https://img.youtube.com/vi/ND-KYQUMQ-Y/hqdefault.jpg"
        ],
        "members": [],
        "source": {
          "provider": "fumi Diary 2号店",
          "url": "https://www.youtube.com/watch?v=ND-KYQUMQ-Y",
          "mapId": "",
          "layer": "PV&ジャケット写真",
          "tags": [
            "PV&ジャケット写真"
          ],
          "name": "日光さる軍団"
        },
        "classification": {
          "category": "PV&ジャケット写真",
          "subcategory": "PV&ジャケット写真",
          "method": "legacy-import",
          "status": "unreviewed"
        },
        "classificationCandidates": {
          "members": [],
          "projects": [],
          "contentTypes": []
        }
      }
    },
    {
      "type": "Feature",
      "geometry": {
        "type": "Point",
        "coordinates": [
          139.6885597,
          36.7244608
        ]
      },
      "properties": {
        "id": "fumi-494",
        "name": "日光珈琲 玉藻小路",
        "category": "PV&ジャケット写真",
        "subcategory": "PV&ジャケット写真",
        "categoryColor": "#e11d48",
        "address": "",
        "sceneTitle": "日光珈琲 玉藻小路",
        "sceneNote": "説明: 櫻坂46 大沼晶保×武元唯衣×田村保乃 SAKURA MEGURI 撮影場所 http://blog.livedoor.jp/fumichen2/archives/56205582.html 住所: 〒321-1261 栃木県日光市今市754 https://www.youtube.com/embed/ND-KYQUMQ-Y",
        "sourceLabel": "fumi Diary 2号店",
        "sourceUrl": "https://www.youtube.com/watch?v=ND-KYQUMQ-Y",
        "tags": [
          "PV&ジャケット写真"
        ],
        "images": [
          "https://pub-6d7574c4452b41519ab8adf1541d7f9e.r2.dev/seichi/sakurazaka/3AAjQbR78MfeUv0FHHiH0dvXxzNJAVMKzkRqypq0_924fd327.png",
          "https://img.youtube.com/vi/ND-KYQUMQ-Y/hqdefault.jpg"
        ],
        "members": [],
        "source": {
          "provider": "fumi Diary 2号店",
          "url": "https://www.youtube.com/watch?v=ND-KYQUMQ-Y",
          "mapId": "",
          "layer": "PV&ジャケット写真",
          "tags": [
            "PV&ジャケット写真"
          ],
          "name": "日光珈琲 玉藻小路"
        },
        "classification": {
          "category": "PV&ジャケット写真",
          "subcategory": "PV&ジャケット写真",
          "method": "legacy-import",
          "status": "unreviewed"
        },
        "classificationCandidates": {
          "members": [],
          "projects": [],
          "contentTypes": []
        }
      }
    },
    {
      "type": "Feature",
      "geometry": {
        "type": "Point",
        "coordinates": [
          139.7765537,
          35.6889524
        ]
      },
      "properties": {
        "id": "fumi-495",
        "name": "江戸切子の店 華硝 日本橋店",
        "category": "PV&ジャケット写真",
        "subcategory": "PV&ジャケット写真",
        "categoryColor": "#e11d48",
        "address": "",
        "sceneTitle": "江戸切子の店 華硝 日本橋店",
        "sceneNote": "説明: 櫻坂46 上村莉菜×尾関梨香×原田葵 SAKURA MEGURI 撮影場所 http://blog.livedoor.jp/fumichen2/archives/56218062.html 住所: 〒136-0071 東京都江東区亀戸3-49-21 (製造1F 店舗3F) https://www.youtube.com/embed/ND-KYQUMQ-Y",
        "sourceLabel": "fumi Diary 2号店",
        "sourceUrl": "https://www.youtube.com/watch?v=ND-KYQUMQ-Y",
        "tags": [
          "PV&ジャケット写真"
        ],
        "images": [
          "https://pub-6d7574c4452b41519ab8adf1541d7f9e.r2.dev/seichi/sakurazaka/3AAjQbR5J7Y_29ofu2rPJciCteuOzKtgoSPnNtCf_8c8e04ab.png",
          "https://pub-6d7574c4452b41519ab8adf1541d7f9e.r2.dev/seichi/sakurazaka/3AAjQbR6cb8lS_BfF7GFEeOVVEISbU0XdEuSAtUo_58737e90.png",
          "https://pub-6d7574c4452b41519ab8adf1541d7f9e.r2.dev/seichi/sakurazaka/3AAjQbR6kRnfhs6FZYBgqyvgLwRwsjJkQaChylcU_46a737dc.png",
          "https://pub-6d7574c4452b41519ab8adf1541d7f9e.r2.dev/seichi/sakurazaka/3AAjQbR539R5KIxKJ6LyjYo3k2gT3ZpDBwskQE6A_6507b177.png",
          "https://pub-6d7574c4452b41519ab8adf1541d7f9e.r2.dev/seichi/sakurazaka/3AAjQbR6ABm6CvRdE8lyMVbJFFH5tCjyjvVGCcTk_85075a23.png",
          "https://pub-6d7574c4452b41519ab8adf1541d7f9e.r2.dev/seichi/sakurazaka/3AAjQbR6G6o-yYMf15tB0-srOrlMlnfUmTd-9gTY_9cd6b9a0.png",
          "https://img.youtube.com/vi/ND-KYQUMQ-Y/hqdefault.jpg"
        ],
        "members": [],
        "source": {
          "provider": "fumi Diary 2号店",
          "url": "https://www.youtube.com/watch?v=ND-KYQUMQ-Y",
          "mapId": "",
          "layer": "PV&ジャケット写真",
          "tags": [
            "PV&ジャケット写真"
          ],
          "name": "江戸切子の店 華硝 日本橋店"
        },
        "classification": {
          "category": "PV&ジャケット写真",
          "subcategory": "PV&ジャケット写真",
          "method": "legacy-import",
          "status": "unreviewed"
        },
        "classificationCandidates": {
          "members": [],
          "projects": [],
          "contentTypes": []
        }
      }
    },
    {
      "type": "Feature",
      "geometry": {
        "type": "Point",
        "coordinates": [
          139.7377949,
          35.5887845
        ]
      },
      "properties": {
        "id": "fumi-496",
        "name": "しながわ水族館",
        "category": "PV&ジャケット写真",
        "subcategory": "PV&ジャケット写真",
        "categoryColor": "#e11d48",
        "address": "",
        "sceneTitle": "しながわ水族館",
        "sceneNote": "説明: 櫻坂46 土生瑞穂×松田里奈×森田ひかる SAKURA MEGURI 撮影場所 http://blog.livedoor.jp/fumichen2/archives/56218193.html 住所: 〒140-0012 東京都品川区勝島3-2-1 https://www.youtube.com/embed/ND-KYQUMQ-Y",
        "sourceLabel": "fumi Diary 2号店",
        "sourceUrl": "https://www.youtube.com/watch?v=ND-KYQUMQ-Y",
        "tags": [
          "PV&ジャケット写真"
        ],
        "images": [
          "https://pub-6d7574c4452b41519ab8adf1541d7f9e.r2.dev/seichi/sakurazaka/3AAjQbR4yFkfEpgi7tf2bblimfDLobr7jSOJMcET_8bc97053.png",
          "https://pub-6d7574c4452b41519ab8adf1541d7f9e.r2.dev/seichi/sakurazaka/3AAjQbR7RCDVRFGLpYMvVXsSW09ZUwWhvY5s5vwA_da3a1b46.png",
          "https://pub-6d7574c4452b41519ab8adf1541d7f9e.r2.dev/seichi/sakurazaka/3AAjQbR6zrStvLPAxWdibys8_-jbrt7WZEX4UWdn_fb04b961.png",
          "https://pub-6d7574c4452b41519ab8adf1541d7f9e.r2.dev/seichi/sakurazaka/3AAjQbR5gBvpQoxOXW18uXvhMJToPLUJoTP2SYk8_09a26227.png",
          "https://pub-6d7574c4452b41519ab8adf1541d7f9e.r2.dev/seichi/sakurazaka/3AAjQbR5RvbMWxrlACS0Tptj_YLyjI0RCEivHI8g_7d026459.png",
          "https://pub-6d7574c4452b41519ab8adf1541d7f9e.r2.dev/seichi/sakurazaka/3AAjQbR6sVpwB_cnOF6tJmH85ZDCcKVE_bSgbo5I_f9026229.png",
          "https://pub-6d7574c4452b41519ab8adf1541d7f9e.r2.dev/seichi/sakurazaka/3AAjQbR54aY2e-3mmlODFSa8HboowvPFyJK1N-IB_818e62c4.png",
          "https://pub-6d7574c4452b41519ab8adf1541d7f9e.r2.dev/seichi/sakurazaka/3AAjQbR4AogGYB-habC-YJH-WFm-J-h8B9N7eT2T_040b689d.png",
          "https://pub-6d7574c4452b41519ab8adf1541d7f9e.r2.dev/seichi/sakurazaka/3AAjQbR6CtpuoDJnU2VQ2Nv7oXiuxkTSvlABWg5u_ca0f3b3e.png",
          "https://img.youtube.com/vi/ND-KYQUMQ-Y/hqdefault.jpg"
        ],
        "members": [],
        "source": {
          "provider": "fumi Diary 2号店",
          "url": "https://www.youtube.com/watch?v=ND-KYQUMQ-Y",
          "mapId": "",
          "layer": "PV&ジャケット写真",
          "tags": [
            "PV&ジャケット写真"
          ],
          "name": "しながわ水族館"
        },
        "classification": {
          "category": "PV&ジャケット写真",
          "subcategory": "PV&ジャケット写真",
          "method": "legacy-import",
          "status": "unreviewed"
        },
        "classificationCandidates": {
          "members": [],
          "projects": [],
          "contentTypes": []
        }
      }
    },
    {
      "type": "Feature",
      "geometry": {
        "type": "Point",
        "coordinates": [
          139.6053565,
          35.6367342
        ]
      },
      "properties": {
        "id": "fumi-497",
        "name": "東宝スタジオ STAGE 3",
        "category": "PV&ジャケット写真",
        "subcategory": "PV&ジャケット写真",
        "categoryColor": "#e11d48",
        "address": "",
        "sceneTitle": "東宝スタジオ STAGE 3",
        "sceneNote": "説明: 櫻坂46「五月雨よ」アーティスト写真撮影場所 http://blog.livedoor.jp/fumichen2/archives/56467922.html 櫻坂46「五月雨よ」ジャケット写真撮影場所 http://blog.livedoor.jp/fumichen2/archives/56504244.html 住所: 〒157-8561 東京都世田谷区成城1-4-1",
        "sourceLabel": "fumi Diary 2号店",
        "sourceUrl": "http://blog.livedoor.jp/fumichen2/",
        "tags": [
          "PV&ジャケット写真"
        ],
        "images": [
          "https://pub-6d7574c4452b41519ab8adf1541d7f9e.r2.dev/seichi/sakurazaka/3AAjQbR6NwRyrOZjZNagbHPaZSEh0mvzX0jXxbUx_30756b8b.png",
          "https://pub-6d7574c4452b41519ab8adf1541d7f9e.r2.dev/seichi/sakurazaka/3AAjQbR6KsjMR-o_JI4V1oczZ-R9uuy7BfRwdwmU_e8dabe1b.png",
          "https://pub-6d7574c4452b41519ab8adf1541d7f9e.r2.dev/seichi/sakurazaka/3AAjQbR4CTYFU-UL_Mj7A6sKxjRWn_dWUIDpxe0s_e03a000d.png",
          "https://pub-6d7574c4452b41519ab8adf1541d7f9e.r2.dev/seichi/sakurazaka/3AAjQbR5S6qd8_DIDjF1bH0c3CSNHhj6ebeFZaN__5d6a7f12.png",
          "https://pub-6d7574c4452b41519ab8adf1541d7f9e.r2.dev/seichi/sakurazaka/3AAjQbR7cXYFWv45IAybBNVfUoEg5cE0sQ2Nh56-_9fae5409.png",
          "https://pub-6d7574c4452b41519ab8adf1541d7f9e.r2.dev/seichi/sakurazaka/3AAjQbR5CGDaQTOVBCj5yADqaoXsD_WR_UKURnl-_c5c82d43.png",
          "https://pub-6d7574c4452b41519ab8adf1541d7f9e.r2.dev/seichi/sakurazaka/3AAjQbR4VIGSWiSRJt4EpQlTMJK6mOsO7yj1IX9-_1353cd2f.png"
        ],
        "members": [],
        "source": {
          "provider": "fumi Diary 2号店",
          "url": "http://blog.livedoor.jp/fumichen2/",
          "mapId": "",
          "layer": "PV&ジャケット写真",
          "tags": [
            "PV&ジャケット写真"
          ],
          "name": "東宝スタジオ STAGE 3"
        },
        "classification": {
          "category": "PV&ジャケット写真",
          "subcategory": "PV&ジャケット写真",
          "method": "legacy-import",
          "status": "unreviewed"
        },
        "classificationCandidates": {
          "members": [],
          "projects": [],
          "contentTypes": []
        }
      }
    },
    {
      "type": "Feature",
      "geometry": {
        "type": "Point",
        "coordinates": [
          138.4169792,
          34.9857456
        ]
      },
      "properties": {
        "id": "fumi-498",
        "name": "静岡県コンベンションアーツセンター (グランシップ)",
        "category": "PV&ジャケット写真",
        "subcategory": "PV&ジャケット写真",
        "categoryColor": "#e11d48",
        "address": "",
        "sceneTitle": "静岡県コンベンションアーツセンター (グランシップ)",
        "sceneNote": "説明: 櫻坂46「五月雨よ」PV撮影場所 http://blog.livedoor.jp/fumichen2/archives/56520958.html 住所: 〒422-8019 静岡県静岡市駿河区東静岡2-3-1 https://www.youtube.com/embed/3boaeE3dwMs",
        "sourceLabel": "fumi Diary 2号店",
        "sourceUrl": "https://www.youtube.com/watch?v=3boaeE3dwMs",
        "tags": [
          "PV&ジャケット写真"
        ],
        "images": [
          "https://pub-6d7574c4452b41519ab8adf1541d7f9e.r2.dev/seichi/sakurazaka/3AAjQbR4OE6ItKn8XA5GJJKI82p2XM6p5Qd5lcLg_1fa2d621.png",
          "https://img.youtube.com/vi/3boaeE3dwMs/hqdefault.jpg"
        ],
        "members": [],
        "source": {
          "provider": "fumi Diary 2号店",
          "url": "https://www.youtube.com/watch?v=3boaeE3dwMs",
          "mapId": "",
          "layer": "PV&ジャケット写真",
          "tags": [
            "PV&ジャケット写真"
          ],
          "name": "静岡県コンベンションアーツセンター (グランシップ)"
        },
        "classification": {
          "category": "PV&ジャケット写真",
          "subcategory": "PV&ジャケット写真",
          "method": "legacy-import",
          "status": "unreviewed"
        },
        "classificationCandidates": {
          "members": [],
          "projects": [],
          "contentTypes": []
        }
      }
    },
    {
      "type": "Feature",
      "geometry": {
        "type": "Point",
        "coordinates": [
          139.009579,
          35.211469
        ]
      },
      "properties": {
        "id": "fumi-499",
        "name": "芦ノ湖遊覧船 箱根園港",
        "category": "PV&ジャケット写真",
        "subcategory": "PV&ジャケット写真",
        "categoryColor": "#e11d48",
        "address": "",
        "sceneTitle": "芦ノ湖遊覧船 箱根園港",
        "sceneNote": "説明: 櫻坂46「五月雨よ」PV撮影場所 (山﨑天) http://blog.livedoor.jp/fumichen2/archives/56520958.html 住所: 〒250-0522 神奈川県足柄下郡箱根町 https://www.youtube.com/embed/3boaeE3dwMs",
        "sourceLabel": "fumi Diary 2号店",
        "sourceUrl": "https://www.youtube.com/watch?v=3boaeE3dwMs",
        "tags": [
          "PV&ジャケット写真"
        ],
        "images": [
          "https://pub-6d7574c4452b41519ab8adf1541d7f9e.r2.dev/seichi/sakurazaka/3AAjQbR6QwwAKvX_IlhWK1tQVycPHWw3xaofSwEJ_26feadc3.png",
          "https://pub-6d7574c4452b41519ab8adf1541d7f9e.r2.dev/seichi/sakurazaka/3AAjQbR7VODZWIljPjmKCOWXzAzofRDyY71lcIFH_0e2406c4.png",
          "https://img.youtube.com/vi/3boaeE3dwMs/hqdefault.jpg"
        ],
        "members": [],
        "source": {
          "provider": "fumi Diary 2号店",
          "url": "https://www.youtube.com/watch?v=3boaeE3dwMs",
          "mapId": "",
          "layer": "PV&ジャケット写真",
          "tags": [
            "PV&ジャケット写真"
          ],
          "name": "芦ノ湖遊覧船 箱根園港"
        },
        "classification": {
          "category": "PV&ジャケット写真",
          "subcategory": "PV&ジャケット写真",
          "method": "legacy-import",
          "status": "unreviewed"
        },
        "classificationCandidates": {
          "members": [],
          "projects": [],
          "contentTypes": []
        }
      }
    },
    {
      "type": "Feature",
      "geometry": {
        "type": "Point",
        "coordinates": [
          139.01175,
          35.1892
        ]
      },
      "properties": {
        "id": "fumi-500",
        "name": "芦ノ湖 白浜",
        "category": "PV&ジャケット写真",
        "subcategory": "PV&ジャケット写真",
        "categoryColor": "#e11d48",
        "address": "",
        "sceneTitle": "芦ノ湖 白浜",
        "sceneNote": "説明: 櫻坂46「五月雨よ」PV撮影場所 (田村保乃、森田ひかる、武元唯衣、土生瑞穂、大園玲) http://blog.livedoor.jp/fumichen2/archives/56520958.html 住所: 〒250-0522 神奈川県足柄下郡箱根町 https://www.youtube.com/embed/3boaeE3dwMs",
        "sourceLabel": "fumi Diary 2号店",
        "sourceUrl": "https://www.youtube.com/watch?v=3boaeE3dwMs",
        "tags": [
          "PV&ジャケット写真"
        ],
        "images": [
          "https://pub-6d7574c4452b41519ab8adf1541d7f9e.r2.dev/seichi/sakurazaka/3AAjQbR7Mav6yxdtdhNYXwHK9pumNAmkun00q3Ia_f074db81.png",
          "https://pub-6d7574c4452b41519ab8adf1541d7f9e.r2.dev/seichi/sakurazaka/3AAjQbR4DuJDpqrH5fqDF-WWa-1eHq2b85A3RUDS_aa98f584.png",
          "https://img.youtube.com/vi/3boaeE3dwMs/hqdefault.jpg"
        ],
        "members": [],
        "source": {
          "provider": "fumi Diary 2号店",
          "url": "https://www.youtube.com/watch?v=3boaeE3dwMs",
          "mapId": "",
          "layer": "PV&ジャケット写真",
          "tags": [
            "PV&ジャケット写真"
          ],
          "name": "芦ノ湖 白浜"
        },
        "classification": {
          "category": "PV&ジャケット写真",
          "subcategory": "PV&ジャケット写真",
          "method": "legacy-import",
          "status": "unreviewed"
        },
        "classificationCandidates": {
          "members": [],
          "projects": [],
          "contentTypes": []
        }
      }
    },
    {
      "type": "Feature",
      "geometry": {
        "type": "Point",
        "coordinates": [
          139.003453,
          34.80614
        ]
      },
      "properties": {
        "id": "fumi-501",
        "name": "稲取細野高原",
        "category": "PV&ジャケット写真",
        "subcategory": "PV&ジャケット写真",
        "categoryColor": "#e11d48",
        "address": "",
        "sceneTitle": "稲取細野高原",
        "sceneNote": "説明: 櫻坂46「五月雨よ」PV撮影場所 http://blog.livedoor.jp/fumichen2/archives/56520958.html 住所: 〒413-0411 静岡県賀茂郡東伊豆町稲取細野高原 https://www.youtube.com/embed/3boaeE3dwMs",
        "sourceLabel": "fumi Diary 2号店",
        "sourceUrl": "https://www.youtube.com/watch?v=3boaeE3dwMs",
        "tags": [
          "PV&ジャケット写真"
        ],
        "images": [
          "https://pub-6d7574c4452b41519ab8adf1541d7f9e.r2.dev/seichi/sakurazaka/3AAjQbR7FUsWlcaLt2HZG4LzbUHeyFl1EpOSsq4k_d70fa9d3.png",
          "https://pub-6d7574c4452b41519ab8adf1541d7f9e.r2.dev/seichi/sakurazaka/3AAjQbR7jzcIHxd58FfudCEOq_4BOqeoTJi_ogGf_a29f29e9.png",
          "https://img.youtube.com/vi/3boaeE3dwMs/hqdefault.jpg"
        ],
        "members": [],
        "source": {
          "provider": "fumi Diary 2号店",
          "url": "https://www.youtube.com/watch?v=3boaeE3dwMs",
          "mapId": "",
          "layer": "PV&ジャケット写真",
          "tags": [
            "PV&ジャケット写真"
          ],
          "name": "稲取細野高原"
        },
        "classification": {
          "category": "PV&ジャケット写真",
          "subcategory": "PV&ジャケット写真",
          "method": "legacy-import",
          "status": "unreviewed"
        },
        "classificationCandidates": {
          "members": [],
          "projects": [],
          "contentTypes": []
        }
      }
    },
    {
      "type": "Feature",
      "geometry": {
        "type": "Point",
        "coordinates": [
          139.008805,
          34.796031
        ]
      },
      "properties": {
        "id": "fumi-502",
        "name": "稲取細野高原",
        "category": "PV&ジャケット写真",
        "subcategory": "PV&ジャケット写真",
        "categoryColor": "#e11d48",
        "address": "",
        "sceneTitle": "稲取細野高原",
        "sceneNote": "説明: 櫻坂46「五月雨よ」PV撮影場所 (渡邉理佐) http://blog.livedoor.jp/fumichen2/archives/56520958.html 住所: 〒413-0411 静岡県賀茂郡東伊豆町稲取細野高原 https://www.youtube.com/embed/3boaeE3dwMs",
        "sourceLabel": "fumi Diary 2号店",
        "sourceUrl": "https://www.youtube.com/watch?v=3boaeE3dwMs",
        "tags": [
          "PV&ジャケット写真"
        ],
        "images": [
          "https://pub-6d7574c4452b41519ab8adf1541d7f9e.r2.dev/seichi/sakurazaka/3AAjQbR4k7fdogXO2or817j12AJwMCKphCPvOz6-_4321bae0.png",
          "https://img.youtube.com/vi/3boaeE3dwMs/hqdefault.jpg"
        ],
        "members": [],
        "source": {
          "provider": "fumi Diary 2号店",
          "url": "https://www.youtube.com/watch?v=3boaeE3dwMs",
          "mapId": "",
          "layer": "PV&ジャケット写真",
          "tags": [
            "PV&ジャケット写真"
          ],
          "name": "稲取細野高原"
        },
        "classification": {
          "category": "PV&ジャケット写真",
          "subcategory": "PV&ジャケット写真",
          "method": "legacy-import",
          "status": "unreviewed"
        },
        "classificationCandidates": {
          "members": [],
          "projects": [],
          "contentTypes": []
        }
      }
    },
    {
      "type": "Feature",
      "geometry": {
        "type": "Point",
        "coordinates": [
          139.102417,
          34.867874
        ]
      },
      "properties": {
        "id": "fumi-503",
        "name": "裏八幡野港海岸",
        "category": "PV&ジャケット写真",
        "subcategory": "PV&ジャケット写真",
        "categoryColor": "#e11d48",
        "address": "",
        "sceneTitle": "裏八幡野港海岸",
        "sceneNote": "説明: 櫻坂46「五月雨よ」PV撮影場所 (渡邉理佐、藤吉夏鈴、守屋麗奈) http://blog.livedoor.jp/fumichen2/archives/56520958.html 住所: 〒413-0232 静岡県伊東市八幡野 https://www.youtube.com/embed/3boaeE3dwMs",
        "sourceLabel": "fumi Diary 2号店",
        "sourceUrl": "https://www.youtube.com/watch?v=3boaeE3dwMs",
        "tags": [
          "PV&ジャケット写真"
        ],
        "images": [
          "https://pub-6d7574c4452b41519ab8adf1541d7f9e.r2.dev/seichi/sakurazaka/3AAjQbR7-NZ-evzdy_a69Rgs70VhQwE8H0XHsZS6_29c60041.png",
          "https://pub-6d7574c4452b41519ab8adf1541d7f9e.r2.dev/seichi/sakurazaka/3AAjQbR6EPoYyw79k77-VXbHxa2MwrY80fO_BdsC_4dcbed41.png",
          "https://img.youtube.com/vi/3boaeE3dwMs/hqdefault.jpg"
        ],
        "members": [],
        "source": {
          "provider": "fumi Diary 2号店",
          "url": "https://www.youtube.com/watch?v=3boaeE3dwMs",
          "mapId": "",
          "layer": "PV&ジャケット写真",
          "tags": [
            "PV&ジャケット写真"
          ],
          "name": "裏八幡野港海岸"
        },
        "classification": {
          "category": "PV&ジャケット写真",
          "subcategory": "PV&ジャケット写真",
          "method": "legacy-import",
          "status": "unreviewed"
        },
        "classificationCandidates": {
          "members": [],
          "projects": [],
          "contentTypes": []
        }
      }
    },
    {
      "type": "Feature",
      "geometry": {
        "type": "Point",
        "coordinates": [
          139.853455,
          35.158084
        ]
      },
      "properties": {
        "id": "fumi-504",
        "name": "鋸南町元名採石場跡地",
        "category": "PV&ジャケット写真",
        "subcategory": "PV&ジャケット写真",
        "categoryColor": "#e11d48",
        "address": "",
        "sceneTitle": "鋸南町元名採石場跡地",
        "sceneNote": "説明: 櫻坂46「僕のジレンマ」PV撮影場所 http://blog.livedoor.jp/fumichen2/archives/56552437.html 住所: 〒299-1901 千葉県安房郡鋸南町元名 https://www.youtube.com/embed/ZBk4V-uqcXs",
        "sourceLabel": "fumi Diary 2号店",
        "sourceUrl": "https://www.youtube.com/watch?v=ZBk4V-uqcXs",
        "tags": [
          "PV&ジャケット写真"
        ],
        "images": [
          "https://pub-6d7574c4452b41519ab8adf1541d7f9e.r2.dev/seichi/sakurazaka/3AAjQbR5k8ejNl-NC53i9xqxokrJLY3Q8B5mkDUi_60eeaae5.png",
          "https://img.youtube.com/vi/ZBk4V-uqcXs/hqdefault.jpg"
        ],
        "members": [],
        "source": {
          "provider": "fumi Diary 2号店",
          "url": "https://www.youtube.com/watch?v=ZBk4V-uqcXs",
          "mapId": "",
          "layer": "PV&ジャケット写真",
          "tags": [
            "PV&ジャケット写真"
          ],
          "name": "鋸南町元名採石場跡地"
        },
        "classification": {
          "category": "PV&ジャケット写真",
          "subcategory": "PV&ジャケット写真",
          "method": "legacy-import",
          "status": "unreviewed"
        },
        "classificationCandidates": {
          "members": [],
          "projects": [],
          "contentTypes": []
        }
      }
    },
    {
      "type": "Feature",
      "geometry": {
        "type": "Point",
        "coordinates": [
          139.081834,
          35.0865822
        ]
      },
      "properties": {
        "id": "fumi-505",
        "name": "ACAO SPA & RESORT",
        "category": "PV&ジャケット写真",
        "subcategory": "PV&ジャケット写真",
        "categoryColor": "#e11d48",
        "address": "",
        "sceneTitle": "ACAO SPA & RESORT",
        "sceneNote": "説明: 櫻坂46「車間距離」PV撮影場所 http://blog.livedoor.jp/fumichen2/archives/56560983.html 住所: 〒413-8555 静岡県熱海市熱海1993-250 https://www.youtube.com/embed/MKXSWXlSOB0",
        "sourceLabel": "fumi Diary 2号店",
        "sourceUrl": "https://www.youtube.com/watch?v=MKXSWXlSOB0",
        "tags": [
          "PV&ジャケット写真"
        ],
        "images": [
          "https://pub-6d7574c4452b41519ab8adf1541d7f9e.r2.dev/seichi/sakurazaka/3AAjQbR7cfPhmZG3VVzjL_d9A1-9LDTVzppOGzt1_f056cfd2.png",
          "https://pub-6d7574c4452b41519ab8adf1541d7f9e.r2.dev/seichi/sakurazaka/3AAjQbR5Ii8ZlCgvCEhdcADDhU7nwNA-69QESrSk_e20c4576.png",
          "https://pub-6d7574c4452b41519ab8adf1541d7f9e.r2.dev/seichi/sakurazaka/3AAjQbR65VfbJ7V_yioKP3fOeJN-Fk2AHfehH5mc_9eebc1b6.png",
          "https://pub-6d7574c4452b41519ab8adf1541d7f9e.r2.dev/seichi/sakurazaka/3AAjQbR78zHQjY0dJMY9t72gNRv-0oHLxop13_cJ_59092b47.png",
          "https://img.youtube.com/vi/MKXSWXlSOB0/hqdefault.jpg"
        ],
        "members": [],
        "source": {
          "provider": "fumi Diary 2号店",
          "url": "https://www.youtube.com/watch?v=MKXSWXlSOB0",
          "mapId": "",
          "layer": "PV&ジャケット写真",
          "tags": [
            "PV&ジャケット写真"
          ],
          "name": "ACAO SPA & RESORT"
        },
        "classification": {
          "category": "PV&ジャケット写真",
          "subcategory": "PV&ジャケット写真",
          "method": "legacy-import",
          "status": "unreviewed"
        },
        "classificationCandidates": {
          "members": [],
          "projects": [],
          "contentTypes": []
        }
      }
    },
    {
      "type": "Feature",
      "geometry": {
        "type": "Point",
        "coordinates": [
          139.086987,
          35.107802
        ]
      },
      "properties": {
        "id": "fumi-506",
        "name": "熱海ビーチライン",
        "category": "PV&ジャケット写真",
        "subcategory": "PV&ジャケット写真",
        "categoryColor": "#e11d48",
        "address": "",
        "sceneTitle": "熱海ビーチライン",
        "sceneNote": "説明: 櫻坂46「車間距離」PV撮影場所 http://blog.livedoor.jp/fumichen2/archives/56560983.html 住所: 〒413-0003 静岡県熱海市海光町1 https://www.youtube.com/embed/MKXSWXlSOB0",
        "sourceLabel": "fumi Diary 2号店",
        "sourceUrl": "https://www.youtube.com/watch?v=MKXSWXlSOB0",
        "tags": [
          "PV&ジャケット写真"
        ],
        "images": [
          "https://pub-6d7574c4452b41519ab8adf1541d7f9e.r2.dev/seichi/sakurazaka/3AAjQbR63AxFCqkvX6hwz66YkjcI1xp-2_yMYSdE_6919f486.png",
          "https://img.youtube.com/vi/MKXSWXlSOB0/hqdefault.jpg"
        ],
        "members": [],
        "source": {
          "provider": "fumi Diary 2号店",
          "url": "https://www.youtube.com/watch?v=MKXSWXlSOB0",
          "mapId": "",
          "layer": "PV&ジャケット写真",
          "tags": [
            "PV&ジャケット写真"
          ],
          "name": "熱海ビーチライン"
        },
        "classification": {
          "category": "PV&ジャケット写真",
          "subcategory": "PV&ジャケット写真",
          "method": "legacy-import",
          "status": "unreviewed"
        },
        "classificationCandidates": {
          "members": [],
          "projects": [],
          "contentTypes": []
        }
      }
    },
    {
      "type": "Feature",
      "geometry": {
        "type": "Point",
        "coordinates": [
          139.08654,
          35.110219
        ]
      },
      "properties": {
        "id": "fumi-507",
        "name": "伊豆山橋",
        "category": "PV&ジャケット写真",
        "subcategory": "PV&ジャケット写真",
        "categoryColor": "#e11d48",
        "address": "",
        "sceneTitle": "伊豆山橋",
        "sceneNote": "説明: 櫻坂46「車間距離」PV撮影場所 http://blog.livedoor.jp/fumichen2/archives/56560983.html 住所: 〒413-0002 静岡県熱海市伊豆山 https://www.youtube.com/embed/MKXSWXlSOB0",
        "sourceLabel": "fumi Diary 2号店",
        "sourceUrl": "https://www.youtube.com/watch?v=MKXSWXlSOB0",
        "tags": [
          "PV&ジャケット写真"
        ],
        "images": [
          "https://pub-6d7574c4452b41519ab8adf1541d7f9e.r2.dev/seichi/sakurazaka/3AAjQbR7MtFCyyApWkqy2wB7c6Vt2t96edoqD3WJ_502eac41.png",
          "https://img.youtube.com/vi/MKXSWXlSOB0/hqdefault.jpg"
        ],
        "members": [],
        "source": {
          "provider": "fumi Diary 2号店",
          "url": "https://www.youtube.com/watch?v=MKXSWXlSOB0",
          "mapId": "",
          "layer": "PV&ジャケット写真",
          "tags": [
            "PV&ジャケット写真"
          ],
          "name": "伊豆山橋"
        },
        "classification": {
          "category": "PV&ジャケット写真",
          "subcategory": "PV&ジャケット写真",
          "method": "legacy-import",
          "status": "unreviewed"
        },
        "classificationCandidates": {
          "members": [],
          "projects": [],
          "contentTypes": []
        }
      }
    },
    {
      "type": "Feature",
      "geometry": {
        "type": "Point",
        "coordinates": [
          139.9015652,
          35.3688671
        ]
      },
      "properties": {
        "id": "fumi-508",
        "name": "木更津木材港倉庫 A棟",
        "category": "PV&ジャケット写真",
        "subcategory": "PV&ジャケット写真",
        "categoryColor": "#e11d48",
        "address": "",
        "sceneTitle": "木更津木材港倉庫 A棟",
        "sceneNote": "説明: 櫻坂46「桜月」PV撮影場所 http://blog.livedoor.jp/fumichen2/archives/57288884.html 住所: 〒292-0837 千葉県木更津市木材港7-1 https://www.youtube.com/embed/zKLgrxHDgls",
        "sourceLabel": "fumi Diary 2号店",
        "sourceUrl": "https://www.youtube.com/watch?v=zKLgrxHDgls",
        "tags": [
          "PV&ジャケット写真"
        ],
        "images": [
          "https://pub-6d7574c4452b41519ab8adf1541d7f9e.r2.dev/seichi/sakurazaka/3AAjQbR6KStsQj72rmAvUab2SDtJz8_oNRCQVNiG_fbcc63ef.png",
          "https://img.youtube.com/vi/zKLgrxHDgls/hqdefault.jpg"
        ],
        "members": [],
        "source": {
          "provider": "fumi Diary 2号店",
          "url": "https://www.youtube.com/watch?v=zKLgrxHDgls",
          "mapId": "",
          "layer": "PV&ジャケット写真",
          "tags": [
            "PV&ジャケット写真"
          ],
          "name": "木更津木材港倉庫 A棟"
        },
        "classification": {
          "category": "PV&ジャケット写真",
          "subcategory": "PV&ジャケット写真",
          "method": "legacy-import",
          "status": "unreviewed"
        },
        "classificationCandidates": {
          "members": [],
          "projects": [],
          "contentTypes": []
        }
      }
    },
    {
      "type": "Feature",
      "geometry": {
        "type": "Point",
        "coordinates": [
          140.1246034,
          35.8595271
        ]
      },
      "properties": {
        "id": "fumi-509",
        "name": "旧レストランステラ",
        "category": "PV&ジャケット写真",
        "subcategory": "PV&ジャケット写真",
        "categoryColor": "#e11d48",
        "address": "",
        "sceneTitle": "旧レストランステラ",
        "sceneNote": "説明: 櫻坂46「Cool」PV撮影場所 http://blog.livedoor.jp/fumichen2/archives/57321615.html 住所: 〒270-1101 千葉県我孫子市布佐785 https://www.youtube.com/embed/XEKPn3WbksE",
        "sourceLabel": "fumi Diary 2号店",
        "sourceUrl": "https://www.youtube.com/watch?v=XEKPn3WbksE",
        "tags": [
          "PV&ジャケット写真"
        ],
        "images": [
          "https://pub-6d7574c4452b41519ab8adf1541d7f9e.r2.dev/seichi/sakurazaka/3AAjQbR7IKdw71GEiCLxKzsR1X78NKD97elHv5rr_f75a8cec.png",
          "https://img.youtube.com/vi/XEKPn3WbksE/hqdefault.jpg"
        ],
        "members": [],
        "source": {
          "provider": "fumi Diary 2号店",
          "url": "https://www.youtube.com/watch?v=XEKPn3WbksE",
          "mapId": "",
          "layer": "PV&ジャケット写真",
          "tags": [
            "PV&ジャケット写真"
          ],
          "name": "旧レストランステラ"
        },
        "classification": {
          "category": "PV&ジャケット写真",
          "subcategory": "PV&ジャケット写真",
          "method": "legacy-import",
          "status": "unreviewed"
        },
        "classificationCandidates": {
          "members": [],
          "projects": [],
          "contentTypes": []
        }
      }
    },
    {
      "type": "Feature",
      "geometry": {
        "type": "Point",
        "coordinates": [
          138.9866665,
          36.0298172
        ]
      },
      "properties": {
        "id": "fumi-510",
        "name": "旧三田川中学校",
        "category": "PV&ジャケット写真",
        "subcategory": "PV&ジャケット写真",
        "categoryColor": "#e11d48",
        "address": "",
        "sceneTitle": "旧三田川中学校",
        "sceneNote": "説明: 櫻坂46「夏の近道」PV撮影場所 http://blog.livedoor.jp/fumichen2/archives/57329663.html 住所: 〒368-0111 埼玉県秩父郡小鹿野町飯田323 https://www.youtube.com/embed/nV1DHIWSdEo",
        "sourceLabel": "fumi Diary 2号店",
        "sourceUrl": "https://www.youtube.com/watch?v=nV1DHIWSdEo",
        "tags": [
          "PV&ジャケット写真"
        ],
        "images": [
          "https://pub-6d7574c4452b41519ab8adf1541d7f9e.r2.dev/seichi/sakurazaka/3AAjQbR79lbyRjj1um4hxAXemk8D3Svlw5AFNr2S_5ebf133f.png",
          "https://pub-6d7574c4452b41519ab8adf1541d7f9e.r2.dev/seichi/sakurazaka/3AAjQbR5SH9VJ_7w53b9Smmor2SFSsBrG-Fc2uE6_d55bbe70.png",
          "https://pub-6d7574c4452b41519ab8adf1541d7f9e.r2.dev/seichi/sakurazaka/3AAjQbR5kiknSpZzm78zlDfrVzKOfuA8MOnwIi0o_50548526.png",
          "https://pub-6d7574c4452b41519ab8adf1541d7f9e.r2.dev/seichi/sakurazaka/3AAjQbR42srfTuJXCSNgOZWVXl5BoC0hdeijDXKn_f94558c3.png",
          "https://pub-6d7574c4452b41519ab8adf1541d7f9e.r2.dev/seichi/sakurazaka/3AAjQbR4H2GDyUUD41GtD7-zE4HeiJX5UOtohoEB_ea71b4c5.png",
          "https://pub-6d7574c4452b41519ab8adf1541d7f9e.r2.dev/seichi/sakurazaka/3AAjQbR5gLHpcsWBL8pGA4wobNp5hK366TpKU7X7_e14b9b83.png",
          "https://img.youtube.com/vi/nV1DHIWSdEo/hqdefault.jpg"
        ],
        "members": [],
        "source": {
          "provider": "fumi Diary 2号店",
          "url": "https://www.youtube.com/watch?v=nV1DHIWSdEo",
          "mapId": "",
          "layer": "PV&ジャケット写真",
          "tags": [
            "PV&ジャケット写真"
          ],
          "name": "旧三田川中学校"
        },
        "classification": {
          "category": "PV&ジャケット写真",
          "subcategory": "PV&ジャケット写真",
          "method": "legacy-import",
          "status": "unreviewed"
        },
        "classificationCandidates": {
          "members": [],
          "projects": [],
          "contentTypes": []
        }
      }
    },
    {
      "type": "Feature",
      "geometry": {
        "type": "Point",
        "coordinates": [
          139.898373,
          35.719568
        ]
      },
      "properties": {
        "id": "fumi-511",
        "name": "江戸川土手",
        "category": "PV&ジャケット写真",
        "subcategory": "PV&ジャケット写真",
        "categoryColor": "#e11d48",
        "address": "",
        "sceneTitle": "江戸川土手",
        "sceneNote": "説明: 櫻坂46「その日まで」PV撮影場所 (菅井友香) http://blog.livedoor.jp/fumichen2/archives/57069099.html 住所: 〒133-0053 東京都江戸川区北篠崎2丁目27 https://www.youtube.com/embed/F2lWsUJotmc",
        "sourceLabel": "fumi Diary 2号店",
        "sourceUrl": "https://www.youtube.com/watch?v=F2lWsUJotmc",
        "tags": [
          "PV&ジャケット写真"
        ],
        "images": [
          "https://pub-6d7574c4452b41519ab8adf1541d7f9e.r2.dev/seichi/sakurazaka/3AAjQbR48pQ_v2JFeVjujXnHVkl8CSMNVTxojhP1_cb59f4f0.png",
          "https://pub-6d7574c4452b41519ab8adf1541d7f9e.r2.dev/seichi/sakurazaka/3AAjQbR5g8ExCfhsXQOC8jWjWyT3BJFVOpfRnz_F_7dc3e3f3.png",
          "https://pub-6d7574c4452b41519ab8adf1541d7f9e.r2.dev/seichi/sakurazaka/3AAjQbR46C-u17Jp1A4TD_s_HKv7qkjubfExHv4e_7820ccb7.png",
          "https://img.youtube.com/vi/F2lWsUJotmc/hqdefault.jpg"
        ],
        "members": [],
        "source": {
          "provider": "fumi Diary 2号店",
          "url": "https://www.youtube.com/watch?v=F2lWsUJotmc",
          "mapId": "",
          "layer": "PV&ジャケット写真",
          "tags": [
            "PV&ジャケット写真"
          ],
          "name": "江戸川土手"
        },
        "classification": {
          "category": "PV&ジャケット写真",
          "subcategory": "PV&ジャケット写真",
          "method": "legacy-import",
          "status": "unreviewed"
        },
        "classificationCandidates": {
          "members": [],
          "projects": [],
          "contentTypes": []
        }
      }
    },
    {
      "type": "Feature",
      "geometry": {
        "type": "Point",
        "coordinates": [
          139.783561,
          35.628034
        ]
      },
      "properties": {
        "id": "fumi-512",
        "name": "水の広場公園",
        "category": "PV&ジャケット写真",
        "subcategory": "PV&ジャケット写真",
        "categoryColor": "#e11d48",
        "address": "",
        "sceneTitle": "水の広場公園",
        "sceneNote": "説明: 櫻坂46「その日まで」PV撮影場所 (菅井友香) http://blog.livedoor.jp/fumichen2/archives/57069099.html 住所: 〒135-0064 東京都江東区青海1丁目4 https://www.youtube.com/embed/F2lWsUJotmc",
        "sourceLabel": "fumi Diary 2号店",
        "sourceUrl": "https://www.youtube.com/watch?v=F2lWsUJotmc",
        "tags": [
          "PV&ジャケット写真"
        ],
        "images": [
          "https://pub-6d7574c4452b41519ab8adf1541d7f9e.r2.dev/seichi/sakurazaka/3AAjQbR4WTUGtxnG-vpaImi_DXPAtP7IqHI4lplE_94f1fdf2.png",
          "https://img.youtube.com/vi/F2lWsUJotmc/hqdefault.jpg"
        ],
        "members": [],
        "source": {
          "provider": "fumi Diary 2号店",
          "url": "https://www.youtube.com/watch?v=F2lWsUJotmc",
          "mapId": "",
          "layer": "PV&ジャケット写真",
          "tags": [
            "PV&ジャケット写真"
          ],
          "name": "水の広場公園"
        },
        "classification": {
          "category": "PV&ジャケット写真",
          "subcategory": "PV&ジャケット写真",
          "method": "legacy-import",
          "status": "unreviewed"
        },
        "classificationCandidates": {
          "members": [],
          "projects": [],
          "contentTypes": []
        }
      }
    },
    {
      "type": "Feature",
      "geometry": {
        "type": "Point",
        "coordinates": [
          139.9013697,
          35.3682137
        ]
      },
      "properties": {
        "id": "fumi-513",
        "name": "木更津木材港倉庫",
        "category": "PV&ジャケット写真",
        "subcategory": "PV&ジャケット写真",
        "categoryColor": "#e11d48",
        "address": "",
        "sceneTitle": "木更津木材港倉庫",
        "sceneNote": "説明: 櫻坂46「その日まで」PV撮影場所 (菅井友香) http://blog.livedoor.jp/fumichen2/archives/57069099.html 住所: 〒292-0837 千葉県木更津市木材港7-1 https://www.youtube.com/embed/F2lWsUJotmc",
        "sourceLabel": "fumi Diary 2号店",
        "sourceUrl": "https://www.youtube.com/watch?v=F2lWsUJotmc",
        "tags": [
          "PV&ジャケット写真"
        ],
        "images": [
          "https://pub-6d7574c4452b41519ab8adf1541d7f9e.r2.dev/seichi/sakurazaka/3AAjQbR7BleRYHYV5Dig0XeV2ZYVjR59LCdKmR2h_eaa66be1.png",
          "https://pub-6d7574c4452b41519ab8adf1541d7f9e.r2.dev/seichi/sakurazaka/3AAjQbR5gaDTK9Et1f9gcJj_ZGZ1YbvYa52svj1k_f94f77eb.png",
          "https://img.youtube.com/vi/F2lWsUJotmc/hqdefault.jpg"
        ],
        "members": [],
        "source": {
          "provider": "fumi Diary 2号店",
          "url": "https://www.youtube.com/watch?v=F2lWsUJotmc",
          "mapId": "",
          "layer": "PV&ジャケット写真",
          "tags": [
            "PV&ジャケット写真"
          ],
          "name": "木更津木材港倉庫"
        },
        "classification": {
          "category": "PV&ジャケット写真",
          "subcategory": "PV&ジャケット写真",
          "method": "legacy-import",
          "status": "unreviewed"
        },
        "classificationCandidates": {
          "members": [],
          "projects": [],
          "contentTypes": []
        }
      }
    },
    {
      "type": "Feature",
      "geometry": {
        "type": "Point",
        "coordinates": [
          139.700737,
          35.659474
        ]
      },
      "properties": {
        "id": "fumi-514",
        "name": "渋谷駅前交差点",
        "category": "PV&ジャケット写真",
        "subcategory": "PV&ジャケット写真",
        "categoryColor": "#e11d48",
        "address": "",
        "sceneTitle": "渋谷駅前交差点",
        "sceneNote": "説明: 櫻坂46「その日まで」PV撮影場所 (菅井友香) http://blog.livedoor.jp/fumichen2/archives/57069099.html 住所: 〒150-0041 東京都渋谷区神南1丁目23 https://www.youtube.com/embed/F2lWsUJotmc",
        "sourceLabel": "fumi Diary 2号店",
        "sourceUrl": "https://www.youtube.com/watch?v=F2lWsUJotmc",
        "tags": [
          "PV&ジャケット写真"
        ],
        "images": [
          "https://pub-6d7574c4452b41519ab8adf1541d7f9e.r2.dev/seichi/sakurazaka/3AAjQbR7aDVHuRlwP2V7y87SwHTkmBiE8jXvk8tM_523f2149.png",
          "https://img.youtube.com/vi/F2lWsUJotmc/hqdefault.jpg"
        ],
        "members": [],
        "source": {
          "provider": "fumi Diary 2号店",
          "url": "https://www.youtube.com/watch?v=F2lWsUJotmc",
          "mapId": "",
          "layer": "PV&ジャケット写真",
          "tags": [
            "PV&ジャケット写真"
          ],
          "name": "渋谷駅前交差点"
        },
        "classification": {
          "category": "PV&ジャケット写真",
          "subcategory": "PV&ジャケット写真",
          "method": "legacy-import",
          "status": "unreviewed"
        },
        "classificationCandidates": {
          "members": [],
          "projects": [],
          "contentTypes": []
        }
      }
    },
    {
      "type": "Feature",
      "geometry": {
        "type": "Point",
        "coordinates": [
          139.784383,
          35.628681
        ]
      },
      "properties": {
        "id": "fumi-515",
        "name": "夢の大橋",
        "category": "PV&ジャケット写真",
        "subcategory": "PV&ジャケット写真",
        "categoryColor": "#e11d48",
        "address": "",
        "sceneTitle": "夢の大橋",
        "sceneNote": "説明: 櫻坂46「その日まで」PV撮影場所 (菅井友香) http://blog.livedoor.jp/fumichen2/archives/57069099.html 住所: 〒135-0063 東京都江東区有明3丁目1 https://www.youtube.com/embed/F2lWsUJotmc",
        "sourceLabel": "fumi Diary 2号店",
        "sourceUrl": "https://www.youtube.com/watch?v=F2lWsUJotmc",
        "tags": [
          "PV&ジャケット写真"
        ],
        "images": [
          "https://pub-6d7574c4452b41519ab8adf1541d7f9e.r2.dev/seichi/sakurazaka/3AAjQbR7ln_G06fuawShpRgHOaLRKbdX7CxbEu6J_0746d404.png",
          "https://img.youtube.com/vi/F2lWsUJotmc/hqdefault.jpg"
        ],
        "members": [],
        "source": {
          "provider": "fumi Diary 2号店",
          "url": "https://www.youtube.com/watch?v=F2lWsUJotmc",
          "mapId": "",
          "layer": "PV&ジャケット写真",
          "tags": [
            "PV&ジャケット写真"
          ],
          "name": "夢の大橋"
        },
        "classification": {
          "category": "PV&ジャケット写真",
          "subcategory": "PV&ジャケット写真",
          "method": "legacy-import",
          "status": "unreviewed"
        },
        "classificationCandidates": {
          "members": [],
          "projects": [],
          "contentTypes": []
        }
      }
    },
    {
      "type": "Feature",
      "geometry": {
        "type": "Point",
        "coordinates": [
          139.703083,
          35.657768
        ]
      },
      "properties": {
        "id": "fumi-516",
        "name": "渋谷駅東口交差点",
        "category": "PV&ジャケット写真",
        "subcategory": "PV&ジャケット写真",
        "categoryColor": "#e11d48",
        "address": "",
        "sceneTitle": "渋谷駅東口交差点",
        "sceneNote": "説明: 櫻坂46「その日まで」PV撮影場所 (菅井友香) http://blog.livedoor.jp/fumichen2/archives/57069099.html 住所: 〒150-0002 東京都渋谷区渋谷3丁目19 https://www.youtube.com/embed/F2lWsUJotmc",
        "sourceLabel": "fumi Diary 2号店",
        "sourceUrl": "https://www.youtube.com/watch?v=F2lWsUJotmc",
        "tags": [
          "PV&ジャケット写真"
        ],
        "images": [
          "https://pub-6d7574c4452b41519ab8adf1541d7f9e.r2.dev/seichi/sakurazaka/3AAjQbR6YFgS40ma4LRmSLZ6yA3XmgBVkhq_rUup_216a6016.png",
          "https://img.youtube.com/vi/F2lWsUJotmc/hqdefault.jpg"
        ],
        "members": [],
        "source": {
          "provider": "fumi Diary 2号店",
          "url": "https://www.youtube.com/watch?v=F2lWsUJotmc",
          "mapId": "",
          "layer": "PV&ジャケット写真",
          "tags": [
            "PV&ジャケット写真"
          ],
          "name": "渋谷駅東口交差点"
        },
        "classification": {
          "category": "PV&ジャケット写真",
          "subcategory": "PV&ジャケット写真",
          "method": "legacy-import",
          "status": "unreviewed"
        },
        "classificationCandidates": {
          "members": [],
          "projects": [],
          "contentTypes": []
        }
      }
    },
    {
      "type": "Feature",
      "geometry": {
        "type": "Point",
        "coordinates": [
          139.702547,
          35.657732
        ]
      },
      "properties": {
        "id": "fumi-517",
        "name": "ストリーム高架下",
        "category": "PV&ジャケット写真",
        "subcategory": "PV&ジャケット写真",
        "categoryColor": "#e11d48",
        "address": "",
        "sceneTitle": "ストリーム高架下",
        "sceneNote": "説明: 櫻坂46「その日まで」PV撮影場所 (菅井友香) http://blog.livedoor.jp/fumichen2/archives/57069099.html 住所: 〒150-0002 東京都渋谷区渋谷3-21-3 https://www.youtube.com/embed/F2lWsUJotmc",
        "sourceLabel": "fumi Diary 2号店",
        "sourceUrl": "https://www.youtube.com/watch?v=F2lWsUJotmc",
        "tags": [
          "PV&ジャケット写真"
        ],
        "images": [
          "https://pub-6d7574c4452b41519ab8adf1541d7f9e.r2.dev/seichi/sakurazaka/3AAjQbR7Dp-JGyd-lVed_hZhBH7hgwMeBwy979a1_016562d6.png",
          "https://img.youtube.com/vi/F2lWsUJotmc/hqdefault.jpg"
        ],
        "members": [],
        "source": {
          "provider": "fumi Diary 2号店",
          "url": "https://www.youtube.com/watch?v=F2lWsUJotmc",
          "mapId": "",
          "layer": "PV&ジャケット写真",
          "tags": [
            "PV&ジャケット写真"
          ],
          "name": "ストリーム高架下"
        },
        "classification": {
          "category": "PV&ジャケット写真",
          "subcategory": "PV&ジャケット写真",
          "method": "legacy-import",
          "status": "unreviewed"
        },
        "classificationCandidates": {
          "members": [],
          "projects": [],
          "contentTypes": []
        }
      }
    },
    {
      "type": "Feature",
      "geometry": {
        "type": "Point",
        "coordinates": [
          139.705498,
          35.653407
        ]
      },
      "properties": {
        "id": "fumi-518",
        "name": "猿楽橋下",
        "category": "PV&ジャケット写真",
        "subcategory": "PV&ジャケット写真",
        "categoryColor": "#e11d48",
        "address": "",
        "sceneTitle": "猿楽橋下",
        "sceneNote": "説明: 櫻坂46「その日まで」PV撮影場所 (菅井友香) http://blog.livedoor.jp/fumichen2/archives/57069099.html 住所: 〒150-0034 東京都渋谷区代官山町1 https://www.youtube.com/embed/F2lWsUJotmc",
        "sourceLabel": "fumi Diary 2号店",
        "sourceUrl": "https://www.youtube.com/watch?v=F2lWsUJotmc",
        "tags": [
          "PV&ジャケット写真"
        ],
        "images": [
          "https://pub-6d7574c4452b41519ab8adf1541d7f9e.r2.dev/seichi/sakurazaka/3AAjQbR5W3mKD024CRPUTbCvSd9EAmaQsunyWaLx_0f03f6e6.png",
          "https://img.youtube.com/vi/F2lWsUJotmc/hqdefault.jpg"
        ],
        "members": [],
        "source": {
          "provider": "fumi Diary 2号店",
          "url": "https://www.youtube.com/watch?v=F2lWsUJotmc",
          "mapId": "",
          "layer": "PV&ジャケット写真",
          "tags": [
            "PV&ジャケット写真"
          ],
          "name": "猿楽橋下"
        },
        "classification": {
          "category": "PV&ジャケット写真",
          "subcategory": "PV&ジャケット写真",
          "method": "legacy-import",
          "status": "unreviewed"
        },
        "classificationCandidates": {
          "members": [],
          "projects": [],
          "contentTypes": []
        }
      }
    },
    {
      "type": "Feature",
      "geometry": {
        "type": "Point",
        "coordinates": [
          139.701037,
          35.65694
        ]
      },
      "properties": {
        "id": "fumi-519",
        "name": "さくら通り (さくら坂)",
        "category": "PV&ジャケット写真",
        "subcategory": "PV&ジャケット写真",
        "categoryColor": "#e11d48",
        "address": "",
        "sceneTitle": "さくら通り (さくら坂)",
        "sceneNote": "説明: 櫻坂46「その日まで」PV撮影場所 (菅井友香) http://blog.livedoor.jp/fumichen2/archives/57069099.html 住所: 〒150-0031 東京都渋谷区桜丘町16-12 https://www.youtube.com/embed/F2lWsUJotmc",
        "sourceLabel": "fumi Diary 2号店",
        "sourceUrl": "https://www.youtube.com/watch?v=F2lWsUJotmc",
        "tags": [
          "PV&ジャケット写真"
        ],
        "images": [
          "https://pub-6d7574c4452b41519ab8adf1541d7f9e.r2.dev/seichi/sakurazaka/3AAjQbR61HK-iHxiPeDp_PTl2sPvxnbJtxGBzuxn_f53e9ceb.png",
          "https://img.youtube.com/vi/F2lWsUJotmc/hqdefault.jpg"
        ],
        "members": [],
        "source": {
          "provider": "fumi Diary 2号店",
          "url": "https://www.youtube.com/watch?v=F2lWsUJotmc",
          "mapId": "",
          "layer": "PV&ジャケット写真",
          "tags": [
            "PV&ジャケット写真"
          ],
          "name": "さくら通り (さくら坂)"
        },
        "classification": {
          "category": "PV&ジャケット写真",
          "subcategory": "PV&ジャケット写真",
          "method": "legacy-import",
          "status": "unreviewed"
        },
        "classificationCandidates": {
          "members": [],
          "projects": [],
          "contentTypes": []
        }
      }
    },
    {
      "type": "Feature",
      "geometry": {
        "type": "Point",
        "coordinates": [
          139.6998565,
          35.6608058
        ]
      },
      "properties": {
        "id": "fumi-520",
        "name": "渋谷三葉ビル",
        "category": "PV&ジャケット写真",
        "subcategory": "PV&ジャケット写真",
        "categoryColor": "#e11d48",
        "address": "",
        "sceneTitle": "渋谷三葉ビル",
        "sceneNote": "説明: 櫻坂46「Start over!」アーティスト写真 http://blog.livedoor.jp/fumichen2/archives/57593353.html 住所: 〒150-0042 東京都渋谷区宇田川町20-11",
        "sourceLabel": "fumi Diary 2号店",
        "sourceUrl": "http://blog.livedoor.jp/fumichen2/",
        "tags": [
          "PV&ジャケット写真"
        ],
        "images": [
          "https://pub-6d7574c4452b41519ab8adf1541d7f9e.r2.dev/seichi/sakurazaka/3AAjQbR6CD6sRSkL4yjtsywdjOIhcwFDuol_YVcR_f5983210.png"
        ],
        "members": [],
        "source": {
          "provider": "fumi Diary 2号店",
          "url": "http://blog.livedoor.jp/fumichen2/",
          "mapId": "",
          "layer": "PV&ジャケット写真",
          "tags": [
            "PV&ジャケット写真"
          ],
          "name": "渋谷三葉ビル"
        },
        "classification": {
          "category": "PV&ジャケット写真",
          "subcategory": "PV&ジャケット写真",
          "method": "legacy-import",
          "status": "unreviewed"
        },
        "classificationCandidates": {
          "members": [],
          "projects": [],
          "contentTypes": []
        }
      }
    },
    {
      "type": "Feature",
      "geometry": {
        "type": "Point",
        "coordinates": [
          139.700008,
          35.659573
        ]
      },
      "properties": {
        "id": "fumi-521",
        "name": "道玄坂",
        "category": "PV&ジャケット写真",
        "subcategory": "PV&ジャケット写真",
        "categoryColor": "#e11d48",
        "address": "",
        "sceneTitle": "道玄坂",
        "sceneNote": "説明: 櫻坂46「Start over!」TYPE-Aジャケット写真 (藤吉夏鈴) http://blog.livedoor.jp/fumichen2/archives/57610272.html 住所: 〒150-0042 東京都渋谷区宇田川町22-1",
        "sourceLabel": "fumi Diary 2号店",
        "sourceUrl": "http://blog.livedoor.jp/fumichen2/",
        "tags": [
          "PV&ジャケット写真"
        ],
        "images": [
          "https://pub-6d7574c4452b41519ab8adf1541d7f9e.r2.dev/seichi/sakurazaka/3AAjQbR5E9NqctceRmBrnCyXrvgnN_QY_EjkGfPW_9aed53d7.png"
        ],
        "members": [],
        "source": {
          "provider": "fumi Diary 2号店",
          "url": "http://blog.livedoor.jp/fumichen2/",
          "mapId": "",
          "layer": "PV&ジャケット写真",
          "tags": [
            "PV&ジャケット写真"
          ],
          "name": "道玄坂"
        },
        "classification": {
          "category": "PV&ジャケット写真",
          "subcategory": "PV&ジャケット写真",
          "method": "legacy-import",
          "status": "unreviewed"
        },
        "classificationCandidates": {
          "members": [],
          "projects": [],
          "contentTypes": []
        }
      }
    },
    {
      "type": "Feature",
      "geometry": {
        "type": "Point",
        "coordinates": [
          139.705373,
          35.65352
        ]
      },
      "properties": {
        "id": "fumi-522",
        "name": "猿楽橋下",
        "category": "PV&ジャケット写真",
        "subcategory": "PV&ジャケット写真",
        "categoryColor": "#e11d48",
        "address": "",
        "sceneTitle": "猿楽橋下",
        "sceneNote": "説明: 櫻坂46「Start over!」ジャケット写真 http://blog.livedoor.jp/fumichen2/archives/57610272.html 住所: 〒150-0033 東京都渋谷区猿楽町1-3",
        "sourceLabel": "fumi Diary 2号店",
        "sourceUrl": "http://blog.livedoor.jp/fumichen2/",
        "tags": [
          "PV&ジャケット写真"
        ],
        "images": [
          "https://pub-6d7574c4452b41519ab8adf1541d7f9e.r2.dev/seichi/sakurazaka/3AAjQbR7buZGIs37J8igzlszdl77v3de9Cfa0Zeb_12ba9a74.png",
          "https://pub-6d7574c4452b41519ab8adf1541d7f9e.r2.dev/seichi/sakurazaka/3AAjQbR4Gl3NulPVO2dIiUvUMNz_6PBHjJ5NTo88_3283a02f.png"
        ],
        "members": [],
        "source": {
          "provider": "fumi Diary 2号店",
          "url": "http://blog.livedoor.jp/fumichen2/",
          "mapId": "",
          "layer": "PV&ジャケット写真",
          "tags": [
            "PV&ジャケット写真"
          ],
          "name": "猿楽橋下"
        },
        "classification": {
          "category": "PV&ジャケット写真",
          "subcategory": "PV&ジャケット写真",
          "method": "legacy-import",
          "status": "unreviewed"
        },
        "classificationCandidates": {
          "members": [],
          "projects": [],
          "contentTypes": []
        }
      }
    },
    {
      "type": "Feature",
      "geometry": {
        "type": "Point",
        "coordinates": [
          139.703146,
          35.658348
        ]
      },
      "properties": {
        "id": "fumi-523",
        "name": "渋谷駅東口交差点",
        "category": "PV&ジャケット写真",
        "subcategory": "PV&ジャケット写真",
        "categoryColor": "#e11d48",
        "address": "",
        "sceneTitle": "渋谷駅東口交差点",
        "sceneNote": "説明: 櫻坂46「Start over!」ジャケット写真 http://blog.livedoor.jp/fumichen2/archives/57610272.html 住所: 〒150-0002 東京都渋谷区渋谷2-22-10",
        "sourceLabel": "fumi Diary 2号店",
        "sourceUrl": "http://blog.livedoor.jp/fumichen2/",
        "tags": [
          "PV&ジャケット写真"
        ],
        "images": [
          "https://pub-6d7574c4452b41519ab8adf1541d7f9e.r2.dev/seichi/sakurazaka/3AAjQbR66tf9gCDmzK9sS0QANAfXK25DvW1Fk6Te_2768db8b.png"
        ],
        "members": [],
        "source": {
          "provider": "fumi Diary 2号店",
          "url": "http://blog.livedoor.jp/fumichen2/",
          "mapId": "",
          "layer": "PV&ジャケット写真",
          "tags": [
            "PV&ジャケット写真"
          ],
          "name": "渋谷駅東口交差点"
        },
        "classification": {
          "category": "PV&ジャケット写真",
          "subcategory": "PV&ジャケット写真",
          "method": "legacy-import",
          "status": "unreviewed"
        },
        "classificationCandidates": {
          "members": [],
          "projects": [],
          "contentTypes": []
        }
      }
    },
    {
      "type": "Feature",
      "geometry": {
        "type": "Point",
        "coordinates": [
          139.7006016,
          35.6594446
        ]
      },
      "properties": {
        "id": "fumi-524",
        "name": "渋谷駅前交差点",
        "category": "PV&ジャケット写真",
        "subcategory": "PV&ジャケット写真",
        "categoryColor": "#e11d48",
        "address": "",
        "sceneTitle": "渋谷駅前交差点",
        "sceneNote": "説明: 櫻坂46「Start over!」ジャケット写真 http://blog.livedoor.jp/fumichen2/archives/57610272.html 住所: 〒150-0043 東京都渋谷区道玄坂2丁目2",
        "sourceLabel": "fumi Diary 2号店",
        "sourceUrl": "http://blog.livedoor.jp/fumichen2/",
        "tags": [
          "PV&ジャケット写真"
        ],
        "images": [
          "https://pub-6d7574c4452b41519ab8adf1541d7f9e.r2.dev/seichi/sakurazaka/3AAjQbR4NwvMUBfZCEvwh1cBBQi5c56M9IPAC3dO_0f0abea8.png"
        ],
        "members": [],
        "source": {
          "provider": "fumi Diary 2号店",
          "url": "http://blog.livedoor.jp/fumichen2/",
          "mapId": "",
          "layer": "PV&ジャケット写真",
          "tags": [
            "PV&ジャケット写真"
          ],
          "name": "渋谷駅前交差点"
        },
        "classification": {
          "category": "PV&ジャケット写真",
          "subcategory": "PV&ジャケット写真",
          "method": "legacy-import",
          "status": "unreviewed"
        },
        "classificationCandidates": {
          "members": [],
          "projects": [],
          "contentTypes": []
        }
      }
    },
    {
      "type": "Feature",
      "geometry": {
        "type": "Point",
        "coordinates": [
          140.0392581,
          35.6529606
        ]
      },
      "properties": {
        "id": "fumi-525",
        "name": "エム・ベイポイント幕張 (旧NTT幕張ビル)",
        "category": "PV&ジャケット写真",
        "subcategory": "PV&ジャケット写真",
        "categoryColor": "#e11d48",
        "address": "",
        "sceneTitle": "エム・ベイポイント幕張 (旧NTT幕張ビル)",
        "sceneNote": "説明: 櫻坂46「Start over!」PV撮影場所 http://blog.livedoor.jp/fumichen2/archives/57596767.html 住所: 〒261-0023 千葉県千葉市美浜区中瀬1-6 https://www.youtube.com/embed/YJRFD1AdaUE",
        "sourceLabel": "fumi Diary 2号店",
        "sourceUrl": "https://www.youtube.com/watch?v=YJRFD1AdaUE",
        "tags": [
          "PV&ジャケット写真"
        ],
        "images": [
          "https://pub-6d7574c4452b41519ab8adf1541d7f9e.r2.dev/seichi/sakurazaka/3AAjQbR7FX08azTN-yvTOZc67O4YL1ISJjNtTUXG_d4715a66.png",
          "https://pub-6d7574c4452b41519ab8adf1541d7f9e.r2.dev/seichi/sakurazaka/3AAjQbR6rhHuaaNTXWcNEJ0XdbLGftTZp5AIc2eH_b9dda6ef.png",
          "https://pub-6d7574c4452b41519ab8adf1541d7f9e.r2.dev/seichi/sakurazaka/3AAjQbR6b6jVprX1ZrlCSpYnl7BPm5Z5F3NkmVjV_9091ddec.png",
          "https://pub-6d7574c4452b41519ab8adf1541d7f9e.r2.dev/seichi/sakurazaka/3AAjQbR4TIVmdtZBV0PJatZ81Yp011lvsW5qifn__c6b3fea7.png",
          "https://img.youtube.com/vi/YJRFD1AdaUE/hqdefault.jpg"
        ],
        "members": [],
        "source": {
          "provider": "fumi Diary 2号店",
          "url": "https://www.youtube.com/watch?v=YJRFD1AdaUE",
          "mapId": "",
          "layer": "PV&ジャケット写真",
          "tags": [
            "PV&ジャケット写真"
          ],
          "name": "エム・ベイポイント幕張 (旧NTT幕張ビル)"
        },
        "classification": {
          "category": "PV&ジャケット写真",
          "subcategory": "PV&ジャケット写真",
          "method": "legacy-import",
          "status": "unreviewed"
        },
        "classificationCandidates": {
          "members": [],
          "projects": [],
          "contentTypes": []
        }
      }
    },
    {
      "type": "Feature",
      "geometry": {
        "type": "Point",
        "coordinates": [
          139.6221786,
          35.4642129
        ]
      },
      "properties": {
        "id": "fumi-526",
        "name": "ASOBUILD",
        "category": "PV&ジャケット写真",
        "subcategory": "PV&ジャケット写真",
        "categoryColor": "#e11d48",
        "address": "",
        "sceneTitle": "ASOBUILD",
        "sceneNote": "説明: 櫻坂46「Start over!」PV撮影場所 http://blog.livedoor.jp/fumichen2/archives/57596767.html 住所: 220-0011 神奈川県横浜市西区高島2-14-9 アソビル https://www.youtube.com/embed/YJRFD1AdaUE",
        "sourceLabel": "fumi Diary 2号店",
        "sourceUrl": "https://www.youtube.com/watch?v=YJRFD1AdaUE",
        "tags": [
          "PV&ジャケット写真"
        ],
        "images": [
          "https://pub-6d7574c4452b41519ab8adf1541d7f9e.r2.dev/seichi/sakurazaka/3AAjQbR5xx3IB-NuA3Ssb1xPk-x8daZ5kP8N1rKt_fa9032e7.png",
          "https://img.youtube.com/vi/YJRFD1AdaUE/hqdefault.jpg"
        ],
        "members": [],
        "source": {
          "provider": "fumi Diary 2号店",
          "url": "https://www.youtube.com/watch?v=YJRFD1AdaUE",
          "mapId": "",
          "layer": "PV&ジャケット写真",
          "tags": [
            "PV&ジャケット写真"
          ],
          "name": "ASOBUILD"
        },
        "classification": {
          "category": "PV&ジャケット写真",
          "subcategory": "PV&ジャケット写真",
          "method": "legacy-import",
          "status": "unreviewed"
        },
        "classificationCandidates": {
          "members": [],
          "projects": [],
          "contentTypes": []
        }
      }
    },
    {
      "type": "Feature",
      "geometry": {
        "type": "Point",
        "coordinates": [
          140.1687135,
          35.2426809
        ]
      },
      "properties": {
        "id": "fumi-527",
        "name": "旧老川小学校",
        "category": "PV&ジャケット写真",
        "subcategory": "PV&ジャケット写真",
        "categoryColor": "#e11d48",
        "address": "",
        "sceneTitle": "旧老川小学校",
        "sceneNote": "説明: 櫻坂46「静寂の暴力」PV撮影場所 http://blog.livedoor.jp/fumichen2/archives/57633345.html 住所: 〒298-0265 千葉県夷隅郡大多喜町小田代524-1 https://www.youtube.com/embed/uhbvX4GUrpE",
        "sourceLabel": "fumi Diary 2号店",
        "sourceUrl": "https://www.youtube.com/watch?v=uhbvX4GUrpE",
        "tags": [
          "PV&ジャケット写真"
        ],
        "images": [
          "https://pub-6d7574c4452b41519ab8adf1541d7f9e.r2.dev/seichi/sakurazaka/3AAjQbR6zIprOULWL3gDcZFZRE00LB5VyZ81y2Q4_4183d80e.png",
          "https://pub-6d7574c4452b41519ab8adf1541d7f9e.r2.dev/seichi/sakurazaka/3AAjQbR6Y0A2_AuJ0Ph1gRFun2VOchCeIx0iX8e-_52b7c0a6.png",
          "https://pub-6d7574c4452b41519ab8adf1541d7f9e.r2.dev/seichi/sakurazaka/3AAjQbR7aZ-70wCbt0AZlRgxzIi1CcGBGC8_WzCJ_d2da5fe0.png",
          "https://pub-6d7574c4452b41519ab8adf1541d7f9e.r2.dev/seichi/sakurazaka/3AAjQbR5NjXFfX8eZ1fMR_nxanHUAiDrv5ST30RA_adc94c47.png",
          "https://pub-6d7574c4452b41519ab8adf1541d7f9e.r2.dev/seichi/sakurazaka/3AAjQbR6-7vwsxTu5aAXIQ--q4-r5pC3U4gDvRJ2_26d5b79e.png",
          "https://pub-6d7574c4452b41519ab8adf1541d7f9e.r2.dev/seichi/sakurazaka/3AAjQbR7h9hXd030sVL3QMXSlwQrUOFD83m6uNp8_c19cf836.png",
          "https://img.youtube.com/vi/uhbvX4GUrpE/hqdefault.jpg"
        ],
        "members": [],
        "source": {
          "provider": "fumi Diary 2号店",
          "url": "https://www.youtube.com/watch?v=uhbvX4GUrpE",
          "mapId": "",
          "layer": "PV&ジャケット写真",
          "tags": [
            "PV&ジャケット写真"
          ],
          "name": "旧老川小学校"
        },
        "classification": {
          "category": "PV&ジャケット写真",
          "subcategory": "PV&ジャケット写真",
          "method": "legacy-import",
          "status": "unreviewed"
        },
        "classificationCandidates": {
          "members": [],
          "projects": [],
          "contentTypes": []
        }
      }
    },
    {
      "type": "Feature",
      "geometry": {
        "type": "Point",
        "coordinates": [
          139.920404,
          35.382571
        ]
      },
      "properties": {
        "id": "fumi-528",
        "name": "渡辺歯科医院専用駐車場",
        "category": "PV&ジャケット写真",
        "subcategory": "PV&ジャケット写真",
        "categoryColor": "#e11d48",
        "address": "",
        "sceneTitle": "渡辺歯科医院専用駐車場",
        "sceneNote": "説明: 櫻坂46「静寂の暴力」PV撮影場所 (小島凪紗) http://blog.livedoor.jp/fumichen2/archives/57633345.html 住所: 〒292-0067 千葉県木更津市中央3丁目4 https://www.youtube.com/embed/uhbvX4GUrpE",
        "sourceLabel": "fumi Diary 2号店",
        "sourceUrl": "https://www.youtube.com/watch?v=uhbvX4GUrpE",
        "tags": [
          "PV&ジャケット写真"
        ],
        "images": [
          "https://pub-6d7574c4452b41519ab8adf1541d7f9e.r2.dev/seichi/sakurazaka/3AAjQbR51xUzpgyuKssbwh_pN5EZ34DX7ovIQKFJ_5f489d64.png",
          "https://img.youtube.com/vi/uhbvX4GUrpE/hqdefault.jpg"
        ],
        "members": [],
        "source": {
          "provider": "fumi Diary 2号店",
          "url": "https://www.youtube.com/watch?v=uhbvX4GUrpE",
          "mapId": "",
          "layer": "PV&ジャケット写真",
          "tags": [
            "PV&ジャケット写真"
          ],
          "name": "渡辺歯科医院専用駐車場"
        },
        "classification": {
          "category": "PV&ジャケット写真",
          "subcategory": "PV&ジャケット写真",
          "method": "legacy-import",
          "status": "unreviewed"
        },
        "classificationCandidates": {
          "members": [],
          "projects": [],
          "contentTypes": []
        }
      }
    },
    {
      "type": "Feature",
      "geometry": {
        "type": "Point",
        "coordinates": [
          139.912102,
          35.384408
        ]
      },
      "properties": {
        "id": "fumi-529",
        "name": "中の島大橋",
        "category": "PV&ジャケット写真",
        "subcategory": "PV&ジャケット写真",
        "categoryColor": "#e11d48",
        "address": "",
        "sceneTitle": "中の島大橋",
        "sceneNote": "説明: 櫻坂46「静寂の暴力」PV撮影場所 (小島凪紗) http://blog.livedoor.jp/fumichen2/archives/57633345.html 住所: 〒292-0839 千葉県木更津市中の島 https://www.youtube.com/embed/uhbvX4GUrpE",
        "sourceLabel": "fumi Diary 2号店",
        "sourceUrl": "https://www.youtube.com/watch?v=uhbvX4GUrpE",
        "tags": [
          "PV&ジャケット写真"
        ],
        "images": [
          "https://pub-6d7574c4452b41519ab8adf1541d7f9e.r2.dev/seichi/sakurazaka/3AAjQbR5C6dEETglMQRqZ_sRG99GeEji94dtaPyh_1560c176.png",
          "https://img.youtube.com/vi/uhbvX4GUrpE/hqdefault.jpg"
        ],
        "members": [],
        "source": {
          "provider": "fumi Diary 2号店",
          "url": "https://www.youtube.com/watch?v=uhbvX4GUrpE",
          "mapId": "",
          "layer": "PV&ジャケット写真",
          "tags": [
            "PV&ジャケット写真"
          ],
          "name": "中の島大橋"
        },
        "classification": {
          "category": "PV&ジャケット写真",
          "subcategory": "PV&ジャケット写真",
          "method": "legacy-import",
          "status": "unreviewed"
        },
        "classificationCandidates": {
          "members": [],
          "projects": [],
          "contentTypes": []
        }
      }
    },
    {
      "type": "Feature",
      "geometry": {
        "type": "Point",
        "coordinates": [
          139.91318,
          35.382863
        ]
      },
      "properties": {
        "id": "fumi-530",
        "name": "中の島大橋",
        "category": "PV&ジャケット写真",
        "subcategory": "PV&ジャケット写真",
        "categoryColor": "#e11d48",
        "address": "",
        "sceneTitle": "中の島大橋",
        "sceneNote": "説明: 櫻坂46「静寂の暴力」PV撮影場所 (小島凪紗) http://blog.livedoor.jp/fumichen2/archives/57633345.html 住所: 〒292-0831 千葉県木更津市富士見3丁目5 https://www.youtube.com/embed/uhbvX4GUrpE",
        "sourceLabel": "fumi Diary 2号店",
        "sourceUrl": "https://www.youtube.com/watch?v=uhbvX4GUrpE",
        "tags": [
          "PV&ジャケット写真"
        ],
        "images": [
          "https://pub-6d7574c4452b41519ab8adf1541d7f9e.r2.dev/seichi/sakurazaka/3AAjQbR65XRC3AWIW-NmHeWqTHfd96h31Yb3YsPP_18f2775e.png",
          "https://img.youtube.com/vi/uhbvX4GUrpE/hqdefault.jpg"
        ],
        "members": [],
        "source": {
          "provider": "fumi Diary 2号店",
          "url": "https://www.youtube.com/watch?v=uhbvX4GUrpE",
          "mapId": "",
          "layer": "PV&ジャケット写真",
          "tags": [
            "PV&ジャケット写真"
          ],
          "name": "中の島大橋"
        },
        "classification": {
          "category": "PV&ジャケット写真",
          "subcategory": "PV&ジャケット写真",
          "method": "legacy-import",
          "status": "unreviewed"
        },
        "classificationCandidates": {
          "members": [],
          "projects": [],
          "contentTypes": []
        }
      }
    },
    {
      "type": "Feature",
      "geometry": {
        "type": "Point",
        "coordinates": [
          139.923602,
          35.381558
        ]
      },
      "properties": {
        "id": "fumi-531",
        "name": "富士見1丁目",
        "category": "PV&ジャケット写真",
        "subcategory": "PV&ジャケット写真",
        "categoryColor": "#e11d48",
        "address": "",
        "sceneTitle": "富士見1丁目",
        "sceneNote": "説明: 櫻坂46「静寂の暴力」PV撮影場所 (山下瞳月) http://blog.livedoor.jp/fumichen2/archives/57633345.html 住所: 〒292-0831 千葉県木更津市富士見1-6-2 https://www.youtube.com/embed/uhbvX4GUrpE",
        "sourceLabel": "fumi Diary 2号店",
        "sourceUrl": "https://www.youtube.com/watch?v=uhbvX4GUrpE",
        "tags": [
          "PV&ジャケット写真"
        ],
        "images": [
          "https://pub-6d7574c4452b41519ab8adf1541d7f9e.r2.dev/seichi/sakurazaka/3AAjQbR6vj1Zz2WohX63x7gcFfyepkJU4Z3161Ei_1041c7ca.png",
          "https://img.youtube.com/vi/uhbvX4GUrpE/hqdefault.jpg"
        ],
        "members": [],
        "source": {
          "provider": "fumi Diary 2号店",
          "url": "https://www.youtube.com/watch?v=uhbvX4GUrpE",
          "mapId": "",
          "layer": "PV&ジャケット写真",
          "tags": [
            "PV&ジャケット写真"
          ],
          "name": "富士見1丁目"
        },
        "classification": {
          "category": "PV&ジャケット写真",
          "subcategory": "PV&ジャケット写真",
          "method": "legacy-import",
          "status": "unreviewed"
        },
        "classificationCandidates": {
          "members": [],
          "projects": [],
          "contentTypes": []
        }
      }
    },
    {
      "type": "Feature",
      "geometry": {
        "type": "Point",
        "coordinates": [
          139.922838,
          35.380979
        ]
      },
      "properties": {
        "id": "fumi-532",
        "name": "ササキスタジオの駐車場",
        "category": "PV&ジャケット写真",
        "subcategory": "PV&ジャケット写真",
        "categoryColor": "#e11d48",
        "address": "",
        "sceneTitle": "ササキスタジオの駐車場",
        "sceneNote": "説明: 櫻坂46「静寂の暴力」PV撮影場所 (小島凪紗) http://blog.livedoor.jp/fumichen2/archives/57633345.html 住所: 〒292-0831 千葉県木更津市富士見1-8-1 https://www.youtube.com/embed/uhbvX4GUrpE",
        "sourceLabel": "fumi Diary 2号店",
        "sourceUrl": "https://www.youtube.com/watch?v=uhbvX4GUrpE",
        "tags": [
          "PV&ジャケット写真"
        ],
        "images": [
          "https://pub-6d7574c4452b41519ab8adf1541d7f9e.r2.dev/seichi/sakurazaka/3AAjQbR7-3SAQDg9vrCloLU30F5kDDHTnLQCQV2x_297b1c64.png",
          "https://img.youtube.com/vi/uhbvX4GUrpE/hqdefault.jpg"
        ],
        "members": [],
        "source": {
          "provider": "fumi Diary 2号店",
          "url": "https://www.youtube.com/watch?v=uhbvX4GUrpE",
          "mapId": "",
          "layer": "PV&ジャケット写真",
          "tags": [
            "PV&ジャケット写真"
          ],
          "name": "ササキスタジオの駐車場"
        },
        "classification": {
          "category": "PV&ジャケット写真",
          "subcategory": "PV&ジャケット写真",
          "method": "legacy-import",
          "status": "unreviewed"
        },
        "classificationCandidates": {
          "members": [],
          "projects": [],
          "contentTypes": []
        }
      }
    },
    {
      "type": "Feature",
      "geometry": {
        "type": "Point",
        "coordinates": [
          139.92045,
          35.380761
        ]
      },
      "properties": {
        "id": "fumi-533",
        "name": "鳥居崎通り",
        "category": "PV&ジャケット写真",
        "subcategory": "PV&ジャケット写真",
        "categoryColor": "#e11d48",
        "address": "",
        "sceneTitle": "鳥居崎通り",
        "sceneNote": "説明: 櫻坂46「静寂の暴力」PV撮影場所 (小島凪紗) http://blog.livedoor.jp/fumichen2/archives/57633345.html 住所: 〒292-0831 千葉県木更津市富士見2丁目7 https://www.youtube.com/embed/uhbvX4GUrpE",
        "sourceLabel": "fumi Diary 2号店",
        "sourceUrl": "https://www.youtube.com/watch?v=uhbvX4GUrpE",
        "tags": [
          "PV&ジャケット写真"
        ],
        "images": [
          "https://pub-6d7574c4452b41519ab8adf1541d7f9e.r2.dev/seichi/sakurazaka/3AAjQbR5jARiFyarYNkRo2D1thcacgAPc9xsUcyZ_b1b48ee2.png",
          "https://img.youtube.com/vi/uhbvX4GUrpE/hqdefault.jpg"
        ],
        "members": [],
        "source": {
          "provider": "fumi Diary 2号店",
          "url": "https://www.youtube.com/watch?v=uhbvX4GUrpE",
          "mapId": "",
          "layer": "PV&ジャケット写真",
          "tags": [
            "PV&ジャケット写真"
          ],
          "name": "鳥居崎通り"
        },
        "classification": {
          "category": "PV&ジャケット写真",
          "subcategory": "PV&ジャケット写真",
          "method": "legacy-import",
          "status": "unreviewed"
        },
        "classificationCandidates": {
          "members": [],
          "projects": [],
          "contentTypes": []
        }
      }
    },
    {
      "type": "Feature",
      "geometry": {
        "type": "Point",
        "coordinates": [
          139.920718,
          35.380858
        ]
      },
      "properties": {
        "id": "fumi-534",
        "name": "鳥居崎通り",
        "category": "PV&ジャケット写真",
        "subcategory": "PV&ジャケット写真",
        "categoryColor": "#e11d48",
        "address": "",
        "sceneTitle": "鳥居崎通り",
        "sceneNote": "説明: 櫻坂46「静寂の暴力」PV撮影場所 (山下瞳月) http://blog.livedoor.jp/fumichen2/archives/57633345.html 住所: 〒292-0831 千葉県木更津市富士見2丁目3 https://www.youtube.com/embed/uhbvX4GUrpE",
        "sourceLabel": "fumi Diary 2号店",
        "sourceUrl": "https://www.youtube.com/watch?v=uhbvX4GUrpE",
        "tags": [
          "PV&ジャケット写真"
        ],
        "images": [
          "https://pub-6d7574c4452b41519ab8adf1541d7f9e.r2.dev/seichi/sakurazaka/3AAjQbR72Jw4SZfE9Pee-i2aH7t5v9MR-ULwMIR3_89ca0425.png",
          "https://pub-6d7574c4452b41519ab8adf1541d7f9e.r2.dev/seichi/sakurazaka/3AAjQbR5J6jAynLY-yALFHgvnFWsY9_so_Dt3G3U_8b67d293.png",
          "https://img.youtube.com/vi/uhbvX4GUrpE/hqdefault.jpg"
        ],
        "members": [],
        "source": {
          "provider": "fumi Diary 2号店",
          "url": "https://www.youtube.com/watch?v=uhbvX4GUrpE",
          "mapId": "",
          "layer": "PV&ジャケット写真",
          "tags": [
            "PV&ジャケット写真"
          ],
          "name": "鳥居崎通り"
        },
        "classification": {
          "category": "PV&ジャケット写真",
          "subcategory": "PV&ジャケット写真",
          "method": "legacy-import",
          "status": "unreviewed"
        },
        "classificationCandidates": {
          "members": [],
          "projects": [],
          "contentTypes": []
        }
      }
    },
    {
      "type": "Feature",
      "geometry": {
        "type": "Point",
        "coordinates": [
          139.9243528,
          35.381128
        ]
      },
      "properties": {
        "id": "fumi-535",
        "name": "スパークルシティ木更津第2駐車場",
        "category": "PV&ジャケット写真",
        "subcategory": "PV&ジャケット写真",
        "categoryColor": "#e11d48",
        "address": "",
        "sceneTitle": "スパークルシティ木更津第2駐車場",
        "sceneNote": "説明: 櫻坂46「静寂の暴力」PV撮影場所 (山下瞳月) http://blog.livedoor.jp/fumichen2/archives/57633345.html 住所: 〒292-0831 千葉県木更津市富士見1-3-1 https://www.youtube.com/embed/uhbvX4GUrpE",
        "sourceLabel": "fumi Diary 2号店",
        "sourceUrl": "https://www.youtube.com/watch?v=uhbvX4GUrpE",
        "tags": [
          "PV&ジャケット写真"
        ],
        "images": [
          "https://pub-6d7574c4452b41519ab8adf1541d7f9e.r2.dev/seichi/sakurazaka/3AAjQbR4l4wIw8tLB_avs1OzKe47pkHbjHhZ0ziI_6b7ea689.png",
          "https://img.youtube.com/vi/uhbvX4GUrpE/hqdefault.jpg"
        ],
        "members": [],
        "source": {
          "provider": "fumi Diary 2号店",
          "url": "https://www.youtube.com/watch?v=uhbvX4GUrpE",
          "mapId": "",
          "layer": "PV&ジャケット写真",
          "tags": [
            "PV&ジャケット写真"
          ],
          "name": "スパークルシティ木更津第2駐車場"
        },
        "classification": {
          "category": "PV&ジャケット写真",
          "subcategory": "PV&ジャケット写真",
          "method": "legacy-import",
          "status": "unreviewed"
        },
        "classificationCandidates": {
          "members": [],
          "projects": [],
          "contentTypes": []
        }
      }
    },
    {
      "type": "Feature",
      "geometry": {
        "type": "Point",
        "coordinates": [
          139.925829,
          35.380438
        ]
      },
      "properties": {
        "id": "fumi-536",
        "name": "JR内房線沿い",
        "category": "PV&ジャケット写真",
        "subcategory": "PV&ジャケット写真",
        "categoryColor": "#e11d48",
        "address": "",
        "sceneTitle": "JR内房線沿い",
        "sceneNote": "説明: 櫻坂46「静寂の暴力」PV撮影場所 (小島凪紗) http://blog.livedoor.jp/fumichen2/archives/57633345.html 住所: 〒292-0831 千葉県木更津市富士見1丁目1 https://www.youtube.com/embed/uhbvX4GUrpE",
        "sourceLabel": "fumi Diary 2号店",
        "sourceUrl": "https://www.youtube.com/watch?v=uhbvX4GUrpE",
        "tags": [
          "PV&ジャケット写真"
        ],
        "images": [
          "https://pub-6d7574c4452b41519ab8adf1541d7f9e.r2.dev/seichi/sakurazaka/3AAjQbR6u-JwC67gLoSqjvpmimHPAiSREZw-_HxX_35550933.png",
          "https://img.youtube.com/vi/uhbvX4GUrpE/hqdefault.jpg"
        ],
        "members": [],
        "source": {
          "provider": "fumi Diary 2号店",
          "url": "https://www.youtube.com/watch?v=uhbvX4GUrpE",
          "mapId": "",
          "layer": "PV&ジャケット写真",
          "tags": [
            "PV&ジャケット写真"
          ],
          "name": "JR内房線沿い"
        },
        "classification": {
          "category": "PV&ジャケット写真",
          "subcategory": "PV&ジャケット写真",
          "method": "legacy-import",
          "status": "unreviewed"
        },
        "classificationCandidates": {
          "members": [],
          "projects": [],
          "contentTypes": []
        }
      }
    },
    {
      "type": "Feature",
      "geometry": {
        "type": "Point",
        "coordinates": [
          140.2856979,
          35.2719851
        ]
      },
      "properties": {
        "id": "fumi-537",
        "name": "いすみの家",
        "category": "PV&ジャケット写真",
        "subcategory": "PV&ジャケット写真",
        "categoryColor": "#e11d48",
        "address": "",
        "sceneTitle": "いすみの家",
        "sceneNote": "説明: 櫻坂46「静寂の暴力」PV撮影場所 (谷口愛季) http://blog.livedoor.jp/fumichen2/archives/57633345.html 住所: 〒298-0113 千葉県いすみ市大野1086 https://www.youtube.com/embed/uhbvX4GUrpE",
        "sourceLabel": "fumi Diary 2号店",
        "sourceUrl": "https://www.youtube.com/watch?v=uhbvX4GUrpE",
        "tags": [
          "PV&ジャケット写真"
        ],
        "images": [
          "https://pub-6d7574c4452b41519ab8adf1541d7f9e.r2.dev/seichi/sakurazaka/3AAjQbR47qActd-xJUU47mteSvJHDPLXtyvCq9rm_60159dc6.png",
          "https://img.youtube.com/vi/uhbvX4GUrpE/hqdefault.jpg"
        ],
        "members": [],
        "source": {
          "provider": "fumi Diary 2号店",
          "url": "https://www.youtube.com/watch?v=uhbvX4GUrpE",
          "mapId": "",
          "layer": "PV&ジャケット写真",
          "tags": [
            "PV&ジャケット写真"
          ],
          "name": "いすみの家"
        },
        "classification": {
          "category": "PV&ジャケット写真",
          "subcategory": "PV&ジャケット写真",
          "method": "legacy-import",
          "status": "unreviewed"
        },
        "classificationCandidates": {
          "members": [],
          "projects": [],
          "contentTypes": []
        }
      }
    },
    {
      "type": "Feature",
      "geometry": {
        "type": "Point",
        "coordinates": [
          139.924371,
          35.381611
        ]
      },
      "properties": {
        "id": "fumi-538",
        "name": "スパークルシティ木更津第1駐車場 屋上",
        "category": "PV&ジャケット写真",
        "subcategory": "PV&ジャケット写真",
        "categoryColor": "#e11d48",
        "address": "",
        "sceneTitle": "スパークルシティ木更津第1駐車場 屋上",
        "sceneNote": "説明: 櫻坂46「静寂の暴力」PV撮影場所 (山下瞳月) http://blog.livedoor.jp/fumichen2/archives/57633345.html 住所: 〒292-0831 千葉県木更津市富士見1-5-24 https://www.youtube.com/embed/uhbvX4GUrpE",
        "sourceLabel": "fumi Diary 2号店",
        "sourceUrl": "https://www.youtube.com/watch?v=uhbvX4GUrpE",
        "tags": [
          "PV&ジャケット写真"
        ],
        "images": [
          "https://pub-6d7574c4452b41519ab8adf1541d7f9e.r2.dev/seichi/sakurazaka/3AAjQbR6nKiB94RbQ2gSDyrVqMtL_aFJ9hpYofAh_3f01097f.png",
          "https://img.youtube.com/vi/uhbvX4GUrpE/hqdefault.jpg"
        ],
        "members": [],
        "source": {
          "provider": "fumi Diary 2号店",
          "url": "https://www.youtube.com/watch?v=uhbvX4GUrpE",
          "mapId": "",
          "layer": "PV&ジャケット写真",
          "tags": [
            "PV&ジャケット写真"
          ],
          "name": "スパークルシティ木更津第1駐車場 屋上"
        },
        "classification": {
          "category": "PV&ジャケット写真",
          "subcategory": "PV&ジャケット写真",
          "method": "legacy-import",
          "status": "unreviewed"
        },
        "classificationCandidates": {
          "members": [],
          "projects": [],
          "contentTypes": []
        }
      }
    },
    {
      "type": "Feature",
      "geometry": {
        "type": "Point",
        "coordinates": [
          140.861606,
          35.69503
        ]
      },
      "properties": {
        "id": "fumi-539",
        "name": "長崎橋",
        "category": "PV&ジャケット写真",
        "subcategory": "PV&ジャケット写真",
        "categoryColor": "#e11d48",
        "address": "",
        "sceneTitle": "長崎橋",
        "sceneNote": "説明: 櫻坂46「ドローン旋回中」PV撮影場所 (田村保乃) http://blog.livedoor.jp/fumichen2/archives/57660874.html 住所: 〒288-0013 千葉県銚子市長崎町10802 https://www.youtube.com/embed/rNwzfyr07SM",
        "sourceLabel": "fumi Diary 2号店",
        "sourceUrl": "https://www.youtube.com/watch?v=rNwzfyr07SM",
        "tags": [
          "PV&ジャケット写真"
        ],
        "images": [
          "https://pub-6d7574c4452b41519ab8adf1541d7f9e.r2.dev/seichi/sakurazaka/3AAjQbR6QWCApu25IHkx3BFgbr25wcmqMZV9uRlj_90d4e92b.png",
          "https://img.youtube.com/vi/rNwzfyr07SM/hqdefault.jpg"
        ],
        "members": [],
        "source": {
          "provider": "fumi Diary 2号店",
          "url": "https://www.youtube.com/watch?v=rNwzfyr07SM",
          "mapId": "",
          "layer": "PV&ジャケット写真",
          "tags": [
            "PV&ジャケット写真"
          ],
          "name": "長崎橋"
        },
        "classification": {
          "category": "PV&ジャケット写真",
          "subcategory": "PV&ジャケット写真",
          "method": "legacy-import",
          "status": "unreviewed"
        },
        "classificationCandidates": {
          "members": [],
          "projects": [],
          "contentTypes": []
        }
      }
    },
    {
      "type": "Feature",
      "geometry": {
        "type": "Point",
        "coordinates": [
          140.862708,
          35.6946
        ]
      },
      "properties": {
        "id": "fumi-540",
        "name": "長崎町",
        "category": "PV&ジャケット写真",
        "subcategory": "PV&ジャケット写真",
        "categoryColor": "#e11d48",
        "address": "",
        "sceneTitle": "長崎町",
        "sceneNote": "説明: 櫻坂46「ドローン旋回中」PV撮影場所 (田村保乃) http://blog.livedoor.jp/fumichen2/archives/57660874.html 住所: 〒288-0013 千葉県銚子市長崎町10787-1 https://www.youtube.com/embed/rNwzfyr07SM",
        "sourceLabel": "fumi Diary 2号店",
        "sourceUrl": "https://www.youtube.com/watch?v=rNwzfyr07SM",
        "tags": [
          "PV&ジャケット写真"
        ],
        "images": [
          "https://pub-6d7574c4452b41519ab8adf1541d7f9e.r2.dev/seichi/sakurazaka/3AAjQbR7LVjIrU59jMMKV7b-IuMJvKUmM-UPTOwt_cd96ab41.png",
          "https://img.youtube.com/vi/rNwzfyr07SM/hqdefault.jpg"
        ],
        "members": [],
        "source": {
          "provider": "fumi Diary 2号店",
          "url": "https://www.youtube.com/watch?v=rNwzfyr07SM",
          "mapId": "",
          "layer": "PV&ジャケット写真",
          "tags": [
            "PV&ジャケット写真"
          ],
          "name": "長崎町"
        },
        "classification": {
          "category": "PV&ジャケット写真",
          "subcategory": "PV&ジャケット写真",
          "method": "legacy-import",
          "status": "unreviewed"
        },
        "classificationCandidates": {
          "members": [],
          "projects": [],
          "contentTypes": []
        }
      }
    },
    {
      "type": "Feature",
      "geometry": {
        "type": "Point",
        "coordinates": [
          140.864867,
          35.693695
        ]
      },
      "properties": {
        "id": "fumi-541",
        "name": "長崎鼻",
        "category": "PV&ジャケット写真",
        "subcategory": "PV&ジャケット写真",
        "categoryColor": "#e11d48",
        "address": "",
        "sceneTitle": "長崎鼻",
        "sceneNote": "説明: 櫻坂46「ドローン旋回中」PV撮影場所 (田村保乃) http://blog.livedoor.jp/fumichen2/archives/57660874.html 住所: 〒288-0013 千葉県銚子市長崎町 https://www.youtube.com/embed/rNwzfyr07SM",
        "sourceLabel": "fumi Diary 2号店",
        "sourceUrl": "https://www.youtube.com/watch?v=rNwzfyr07SM",
        "tags": [
          "PV&ジャケット写真"
        ],
        "images": [
          "https://pub-6d7574c4452b41519ab8adf1541d7f9e.r2.dev/seichi/sakurazaka/3AAjQbR5HlH2evUHcohZX5Cx0nPP9ngG_QOqjsm8_e73a32d0.png",
          "https://img.youtube.com/vi/rNwzfyr07SM/hqdefault.jpg"
        ],
        "members": [],
        "source": {
          "provider": "fumi Diary 2号店",
          "url": "https://www.youtube.com/watch?v=rNwzfyr07SM",
          "mapId": "",
          "layer": "PV&ジャケット写真",
          "tags": [
            "PV&ジャケット写真"
          ],
          "name": "長崎鼻"
        },
        "classification": {
          "category": "PV&ジャケット写真",
          "subcategory": "PV&ジャケット写真",
          "method": "legacy-import",
          "status": "unreviewed"
        },
        "classificationCandidates": {
          "members": [],
          "projects": [],
          "contentTypes": []
        }
      }
    },
    {
      "type": "Feature",
      "geometry": {
        "type": "Point",
        "coordinates": [
          140.7579047,
          35.7648958
        ]
      },
      "properties": {
        "id": "fumi-542",
        "name": "旧銚子市立第六中学校",
        "category": "PV&ジャケット写真",
        "subcategory": "PV&ジャケット写真",
        "categoryColor": "#e11d48",
        "address": "",
        "sceneTitle": "旧銚子市立第六中学校",
        "sceneNote": "説明: 櫻坂46「ドローン旋回中」PV撮影場所 http://blog.livedoor.jp/fumichen2/archives/57660874.html 住所: 〒288-0863 千葉県銚子市野尻町553 https://www.youtube.com/embed/rNwzfyr07SM",
        "sourceLabel": "fumi Diary 2号店",
        "sourceUrl": "https://www.youtube.com/watch?v=rNwzfyr07SM",
        "tags": [
          "PV&ジャケット写真"
        ],
        "images": [
          "https://pub-6d7574c4452b41519ab8adf1541d7f9e.r2.dev/seichi/sakurazaka/3AAjQbR6149d8MX1rHm7OzBEajWOI2uaulTy9KKG_78e498d1.png",
          "https://pub-6d7574c4452b41519ab8adf1541d7f9e.r2.dev/seichi/sakurazaka/3AAjQbR4ukQfEf3sgY-Tw7Za5XdusxxESxIgh4EW_6f0ceba5.png",
          "https://pub-6d7574c4452b41519ab8adf1541d7f9e.r2.dev/seichi/sakurazaka/3AAjQbR5E57sbmIlM3gDPVvDSudAUQEgoTEo9SmP_74acd761.png",
          "https://img.youtube.com/vi/rNwzfyr07SM/hqdefault.jpg"
        ],
        "members": [],
        "source": {
          "provider": "fumi Diary 2号店",
          "url": "https://www.youtube.com/watch?v=rNwzfyr07SM",
          "mapId": "",
          "layer": "PV&ジャケット写真",
          "tags": [
            "PV&ジャケット写真"
          ],
          "name": "旧銚子市立第六中学校"
        },
        "classification": {
          "category": "PV&ジャケット写真",
          "subcategory": "PV&ジャケット写真",
          "method": "legacy-import",
          "status": "unreviewed"
        },
        "classificationCandidates": {
          "members": [],
          "projects": [],
          "contentTypes": []
        }
      }
    },
    {
      "type": "Feature",
      "geometry": {
        "type": "Point",
        "coordinates": [
          140.817847,
          35.71543
        ]
      },
      "properties": {
        "id": "fumi-543",
        "name": "銚子市共同職業訓練センター (旧銚子市共同高等職業訓練校)",
        "category": "PV&ジャケット写真",
        "subcategory": "PV&ジャケット写真",
        "categoryColor": "#e11d48",
        "address": "",
        "sceneTitle": "銚子市共同職業訓練センター (旧銚子市共同高等職業訓練校)",
        "sceneNote": "説明: 櫻坂46「ドローン旋回中」PV撮影場所 http://blog.livedoor.jp/fumichen2/archives/57660874.html 住所: 〒288-0814 千葉県銚子市春日町754 https://www.youtube.com/embed/rNwzfyr07SM",
        "sourceLabel": "fumi Diary 2号店",
        "sourceUrl": "https://www.youtube.com/watch?v=rNwzfyr07SM",
        "tags": [
          "PV&ジャケット写真"
        ],
        "images": [
          "https://pub-6d7574c4452b41519ab8adf1541d7f9e.r2.dev/seichi/sakurazaka/3AAjQbR6In1tiBCfH8N5RShmoWIsmXn1AWchstaH_f66f95f4.png",
          "https://pub-6d7574c4452b41519ab8adf1541d7f9e.r2.dev/seichi/sakurazaka/3AAjQbR4I0P3phlE6IypXsmwbNh7yKwS3cJHabNH_9739ad60.png",
          "https://img.youtube.com/vi/rNwzfyr07SM/hqdefault.jpg"
        ],
        "members": [],
        "source": {
          "provider": "fumi Diary 2号店",
          "url": "https://www.youtube.com/watch?v=rNwzfyr07SM",
          "mapId": "",
          "layer": "PV&ジャケット写真",
          "tags": [
            "PV&ジャケット写真"
          ],
          "name": "銚子市共同職業訓練センター (旧銚子市共同高等職業訓練校)"
        },
        "classification": {
          "category": "PV&ジャケット写真",
          "subcategory": "PV&ジャケット写真",
          "method": "legacy-import",
          "status": "unreviewed"
        },
        "classificationCandidates": {
          "members": [],
          "projects": [],
          "contentTypes": []
        }
      }
    },
    {
      "type": "Feature",
      "geometry": {
        "type": "Point",
        "coordinates": [
          140.7342602,
          35.7460167
        ]
      },
      "properties": {
        "id": "fumi-544",
        "name": "farm & stay YAOYA",
        "category": "PV&ジャケット写真",
        "subcategory": "PV&ジャケット写真",
        "categoryColor": "#e11d48",
        "address": "",
        "sceneTitle": "farm & stay YAOYA",
        "sceneNote": "説明: 櫻坂46「ドローン旋回中」PV撮影場所 (山﨑天) http://blog.livedoor.jp/fumichen2/archives/57660874.html 住所: 〒288-0855 千葉県銚子市猿田町958 https://www.youtube.com/embed/rNwzfyr07SM",
        "sourceLabel": "fumi Diary 2号店",
        "sourceUrl": "https://www.youtube.com/watch?v=rNwzfyr07SM",
        "tags": [
          "PV&ジャケット写真"
        ],
        "images": [
          "https://pub-6d7574c4452b41519ab8adf1541d7f9e.r2.dev/seichi/sakurazaka/3AAjQbR4udX7e4A9E5wnClfGayGUZs8OFlH1_KmL_d490c5f7.png",
          "https://img.youtube.com/vi/rNwzfyr07SM/hqdefault.jpg"
        ],
        "members": [],
        "source": {
          "provider": "fumi Diary 2号店",
          "url": "https://www.youtube.com/watch?v=rNwzfyr07SM",
          "mapId": "",
          "layer": "PV&ジャケット写真",
          "tags": [
            "PV&ジャケット写真"
          ],
          "name": "farm & stay YAOYA"
        },
        "classification": {
          "category": "PV&ジャケット写真",
          "subcategory": "PV&ジャケット写真",
          "method": "legacy-import",
          "status": "unreviewed"
        },
        "classificationCandidates": {
          "members": [],
          "projects": [],
          "contentTypes": []
        }
      }
    },
    {
      "type": "Feature",
      "geometry": {
        "type": "Point",
        "coordinates": [
          140.8419401,
          35.7330546
        ]
      },
      "properties": {
        "id": "fumi-545",
        "name": "なまえのない店",
        "category": "PV&ジャケット写真",
        "subcategory": "PV&ジャケット写真",
        "categoryColor": "#e11d48",
        "address": "",
        "sceneTitle": "なまえのない店",
        "sceneNote": "説明: 櫻坂46「ドローン旋回中」PV撮影場所 (大園玲) http://blog.livedoor.jp/fumichen2/archives/57660874.html 住所: 〒288-0052 千葉県銚子市浜町3-8 https://www.youtube.com/embed/rNwzfyr07SM",
        "sourceLabel": "fumi Diary 2号店",
        "sourceUrl": "https://www.youtube.com/watch?v=rNwzfyr07SM",
        "tags": [
          "PV&ジャケット写真"
        ],
        "images": [
          "https://pub-6d7574c4452b41519ab8adf1541d7f9e.r2.dev/seichi/sakurazaka/3AAjQbR6PnIMxwjC3vhXVsDNxmjj5XmLUO9eV6k4_707c925c.png",
          "https://img.youtube.com/vi/rNwzfyr07SM/hqdefault.jpg"
        ],
        "members": [],
        "source": {
          "provider": "fumi Diary 2号店",
          "url": "https://www.youtube.com/watch?v=rNwzfyr07SM",
          "mapId": "",
          "layer": "PV&ジャケット写真",
          "tags": [
            "PV&ジャケット写真"
          ],
          "name": "なまえのない店"
        },
        "classification": {
          "category": "PV&ジャケット写真",
          "subcategory": "PV&ジャケット写真",
          "method": "legacy-import",
          "status": "unreviewed"
        },
        "classificationCandidates": {
          "members": [],
          "projects": [],
          "contentTypes": []
        }
      }
    },
    {
      "type": "Feature",
      "geometry": {
        "type": "Point",
        "coordinates": [
          140.8627617,
          35.7048233
        ]
      },
      "properties": {
        "id": "fumi-546",
        "name": "ホテルニュー大新",
        "category": "PV&ジャケット写真",
        "subcategory": "PV&ジャケット写真",
        "categoryColor": "#e11d48",
        "address": "",
        "sceneTitle": "ホテルニュー大新",
        "sceneNote": "説明: 櫻坂46「ドローン旋回中」PV撮影場所 (武元唯衣、増本綺良、土生瑞穂、小林由依) http://blog.livedoor.jp/fumichen2/archives/57660874.html 住所: 〒288-0012 千葉県銚子市犬吠埼10292-22 https://www.youtube.com/embed/rNwzfyr07SM",
        "sourceLabel": "fumi Diary 2号店",
        "sourceUrl": "https://www.youtube.com/watch?v=rNwzfyr07SM",
        "tags": [
          "PV&ジャケット写真"
        ],
        "images": [
          "https://pub-6d7574c4452b41519ab8adf1541d7f9e.r2.dev/seichi/sakurazaka/3AAjQbR5Oo6QEP9IiZkbihjDTEm-zzQn9rdL0dbI_a4bff368.png",
          "https://pub-6d7574c4452b41519ab8adf1541d7f9e.r2.dev/seichi/sakurazaka/3AAjQbR4WqM7cFgZwyFx_cY2jcA9I8uVy_XHiEbD_c4bd7e97.png",
          "https://pub-6d7574c4452b41519ab8adf1541d7f9e.r2.dev/seichi/sakurazaka/3AAjQbR6GmQ3RjKoUAyYHW4AIjRm_qnaYfGCeXzR_42448f99.png",
          "https://pub-6d7574c4452b41519ab8adf1541d7f9e.r2.dev/seichi/sakurazaka/3AAjQbR5l_udy1dHkiBRG_c5-Frxw_8qhxHmiLtU_694638b4.png",
          "https://img.youtube.com/vi/rNwzfyr07SM/hqdefault.jpg"
        ],
        "members": [],
        "source": {
          "provider": "fumi Diary 2号店",
          "url": "https://www.youtube.com/watch?v=rNwzfyr07SM",
          "mapId": "",
          "layer": "PV&ジャケット写真",
          "tags": [
            "PV&ジャケット写真"
          ],
          "name": "ホテルニュー大新"
        },
        "classification": {
          "category": "PV&ジャケット写真",
          "subcategory": "PV&ジャケット写真",
          "method": "legacy-import",
          "status": "unreviewed"
        },
        "classificationCandidates": {
          "members": [],
          "projects": [],
          "contentTypes": []
        }
      }
    },
    {
      "type": "Feature",
      "geometry": {
        "type": "Point",
        "coordinates": [
          140.841859,
          35.727369
        ]
      },
      "properties": {
        "id": "fumi-547",
        "name": "銚子ボウル",
        "category": "PV&ジャケット写真",
        "subcategory": "PV&ジャケット写真",
        "categoryColor": "#e11d48",
        "address": "",
        "sceneTitle": "銚子ボウル",
        "sceneNote": "説明: 櫻坂46「ドローン旋回中」PV撮影場所 (上村莉菜、大沼晶保) http://blog.livedoor.jp/fumichen2/archives/57660874.html 住所: 〒288-0031 千葉県銚子市前宿町496 https://www.youtube.com/embed/rNwzfyr07SM",
        "sourceLabel": "fumi Diary 2号店",
        "sourceUrl": "https://www.youtube.com/watch?v=rNwzfyr07SM",
        "tags": [
          "PV&ジャケット写真"
        ],
        "images": [
          "https://pub-6d7574c4452b41519ab8adf1541d7f9e.r2.dev/seichi/sakurazaka/3AAjQbR6CUOU4Svbm7vcMpf911TaGiP62iRzOvl7_6ccec23c.png",
          "https://img.youtube.com/vi/rNwzfyr07SM/hqdefault.jpg"
        ],
        "members": [],
        "source": {
          "provider": "fumi Diary 2号店",
          "url": "https://www.youtube.com/watch?v=rNwzfyr07SM",
          "mapId": "",
          "layer": "PV&ジャケット写真",
          "tags": [
            "PV&ジャケット写真"
          ],
          "name": "銚子ボウル"
        },
        "classification": {
          "category": "PV&ジャケット写真",
          "subcategory": "PV&ジャケット写真",
          "method": "legacy-import",
          "status": "unreviewed"
        },
        "classificationCandidates": {
          "members": [],
          "projects": [],
          "contentTypes": []
        }
      }
    },
    {
      "type": "Feature",
      "geometry": {
        "type": "Point",
        "coordinates": [
          140.858755,
          35.700632
        ]
      },
      "properties": {
        "id": "fumi-548",
        "name": "銚子電気鉄道線 長崎踏切",
        "category": "PV&ジャケット写真",
        "subcategory": "PV&ジャケット写真",
        "categoryColor": "#e11d48",
        "address": "",
        "sceneTitle": "銚子電気鉄道線 長崎踏切",
        "sceneNote": "説明: 櫻坂46「ドローン旋回中」PV撮影場所 (藤吉夏鈴) http://blog.livedoor.jp/fumichen2/archives/57660874.html 住所: 〒288-0012 千葉県銚子市犬吠埼10292-227 https://www.youtube.com/embed/rNwzfyr07SM",
        "sourceLabel": "fumi Diary 2号店",
        "sourceUrl": "https://www.youtube.com/watch?v=rNwzfyr07SM",
        "tags": [
          "PV&ジャケット写真"
        ],
        "images": [
          "https://pub-6d7574c4452b41519ab8adf1541d7f9e.r2.dev/seichi/sakurazaka/3AAjQbR64NHrGpUSL79LZeiXeJ7mwzAmveoHw1Re_8743bf8b.png",
          "https://img.youtube.com/vi/rNwzfyr07SM/hqdefault.jpg"
        ],
        "members": [],
        "source": {
          "provider": "fumi Diary 2号店",
          "url": "https://www.youtube.com/watch?v=rNwzfyr07SM",
          "mapId": "",
          "layer": "PV&ジャケット写真",
          "tags": [
            "PV&ジャケット写真"
          ],
          "name": "銚子電気鉄道線 長崎踏切"
        },
        "classification": {
          "category": "PV&ジャケット写真",
          "subcategory": "PV&ジャケット写真",
          "method": "legacy-import",
          "status": "unreviewed"
        },
        "classificationCandidates": {
          "members": [],
          "projects": [],
          "contentTypes": []
        }
      }
    },
    {
      "type": "Feature",
      "geometry": {
        "type": "Point",
        "coordinates": [
          140.8570845,
          35.6992543
        ]
      },
      "properties": {
        "id": "fumi-549",
        "name": "銚子電鉄 外川駅",
        "category": "PV&ジャケット写真",
        "subcategory": "PV&ジャケット写真",
        "categoryColor": "#e11d48",
        "address": "",
        "sceneTitle": "銚子電鉄 外川駅",
        "sceneNote": "説明: 櫻坂46「ドローン旋回中」PV撮影場所 (齋藤冬優花) http://blog.livedoor.jp/fumichen2/archives/57660874.html 住所: 〒288-0041 銚子市外川町2-10636 https://www.youtube.com/embed/rNwzfyr07SM",
        "sourceLabel": "fumi Diary 2号店",
        "sourceUrl": "https://www.youtube.com/watch?v=rNwzfyr07SM",
        "tags": [
          "PV&ジャケット写真"
        ],
        "images": [
          "https://pub-6d7574c4452b41519ab8adf1541d7f9e.r2.dev/seichi/sakurazaka/3AAjQbR77xAEypV01bFVcz9fdx5nKAXcOguGP4YQ_3ee99f61.png",
          "https://pub-6d7574c4452b41519ab8adf1541d7f9e.r2.dev/seichi/sakurazaka/3AAjQbR5PIs0_UlG4uO5EmgqqSiMRMUVu8YvsU0J_4acee8c9.png",
          "https://img.youtube.com/vi/rNwzfyr07SM/hqdefault.jpg"
        ],
        "members": [],
        "source": {
          "provider": "fumi Diary 2号店",
          "url": "https://www.youtube.com/watch?v=rNwzfyr07SM",
          "mapId": "",
          "layer": "PV&ジャケット写真",
          "tags": [
            "PV&ジャケット写真"
          ],
          "name": "銚子電鉄 外川駅"
        },
        "classification": {
          "category": "PV&ジャケット写真",
          "subcategory": "PV&ジャケット写真",
          "method": "legacy-import",
          "status": "unreviewed"
        },
        "classificationCandidates": {
          "members": [],
          "projects": [],
          "contentTypes": []
        }
      }
    },
    {
      "type": "Feature",
      "geometry": {
        "type": "Point",
        "coordinates": [
          140.847861,
          35.697349
        ]
      },
      "properties": {
        "id": "fumi-550",
        "name": "犬若海岸",
        "category": "PV&ジャケット写真",
        "subcategory": "PV&ジャケット写真",
        "categoryColor": "#e11d48",
        "address": "",
        "sceneTitle": "犬若海岸",
        "sceneNote": "説明: 櫻坂46「ドローン旋回中」PV撮影場所 http://blog.livedoor.jp/fumichen2/archives/57660874.html 住所: 〒288-0015 千葉県銚子市犬若11318-1 https://www.youtube.com/embed/rNwzfyr07SM",
        "sourceLabel": "fumi Diary 2号店",
        "sourceUrl": "https://www.youtube.com/watch?v=rNwzfyr07SM",
        "tags": [
          "PV&ジャケット写真"
        ],
        "images": [
          "https://pub-6d7574c4452b41519ab8adf1541d7f9e.r2.dev/seichi/sakurazaka/3AAjQbR4Zuc4CKe04AEJDHR5qulR4pZhr1yZIM-k_dfee422d.png",
          "https://pub-6d7574c4452b41519ab8adf1541d7f9e.r2.dev/seichi/sakurazaka/3AAjQbR6z1lFRIllpzEA2URv6Ls3BUFsKRvS-ALQ_a4ea2ab2.png",
          "https://img.youtube.com/vi/rNwzfyr07SM/hqdefault.jpg"
        ],
        "members": [],
        "source": {
          "provider": "fumi Diary 2号店",
          "url": "https://www.youtube.com/watch?v=rNwzfyr07SM",
          "mapId": "",
          "layer": "PV&ジャケット写真",
          "tags": [
            "PV&ジャケット写真"
          ],
          "name": "犬若海岸"
        },
        "classification": {
          "category": "PV&ジャケット写真",
          "subcategory": "PV&ジャケット写真",
          "method": "legacy-import",
          "status": "unreviewed"
        },
        "classificationCandidates": {
          "members": [],
          "projects": [],
          "contentTypes": []
        }
      }
    },
    {
      "type": "Feature",
      "geometry": {
        "type": "Point",
        "coordinates": [
          140.758195,
          35.76927
        ]
      },
      "properties": {
        "id": "fumi-551",
        "name": "利根川土手",
        "category": "PV&ジャケット写真",
        "subcategory": "PV&ジャケット写真",
        "categoryColor": "#e11d48",
        "address": "",
        "sceneTitle": "利根川土手",
        "sceneNote": "説明: 櫻坂46「ドローン旋回中」PV撮影場所 (守屋麗奈) http://blog.livedoor.jp/fumichen2/archives/57660874.html 住所: 〒288-0863 千葉県銚子市野尻町1854 https://www.youtube.com/embed/rNwzfyr07SM",
        "sourceLabel": "fumi Diary 2号店",
        "sourceUrl": "https://www.youtube.com/watch?v=rNwzfyr07SM",
        "tags": [
          "PV&ジャケット写真"
        ],
        "images": [
          "https://pub-6d7574c4452b41519ab8adf1541d7f9e.r2.dev/seichi/sakurazaka/3AAjQbR6DFb7ZqXJnUOCwZJYq0jTDhJTi3QNYLC-_5f47c00d.png",
          "https://img.youtube.com/vi/rNwzfyr07SM/hqdefault.jpg"
        ],
        "members": [],
        "source": {
          "provider": "fumi Diary 2号店",
          "url": "https://www.youtube.com/watch?v=rNwzfyr07SM",
          "mapId": "",
          "layer": "PV&ジャケット写真",
          "tags": [
            "PV&ジャケット写真"
          ],
          "name": "利根川土手"
        },
        "classification": {
          "category": "PV&ジャケット写真",
          "subcategory": "PV&ジャケット写真",
          "method": "legacy-import",
          "status": "unreviewed"
        },
        "classificationCandidates": {
          "members": [],
          "projects": [],
          "contentTypes": []
        }
      }
    },
    {
      "type": "Feature",
      "geometry": {
        "type": "Point",
        "coordinates": [
          139.8306953,
          35.6445604
        ]
      },
      "properties": {
        "id": "fumi-552",
        "name": "Terminal STUDIO",
        "category": "PV&ジャケット写真",
        "subcategory": "PV&ジャケット写真",
        "categoryColor": "#e11d48",
        "address": "",
        "sceneTitle": "Terminal STUDIO",
        "sceneNote": "説明: 櫻坂46「Start over!」Dance Practice撮影場所 http://blog.livedoor.jp/fumichen2/archives/57666688.html 住所: 〒136-0082 東京都江東区新木場1-17-6 https://www.youtube.com/embed/1vg29QNSzLQ",
        "sourceLabel": "fumi Diary 2号店",
        "sourceUrl": "https://www.youtube.com/watch?v=1vg29QNSzLQ",
        "tags": [
          "PV&ジャケット写真"
        ],
        "images": [
          "https://pub-6d7574c4452b41519ab8adf1541d7f9e.r2.dev/seichi/sakurazaka/3AAjQbR4WwfcstLTvI-9ML0vzRQ6ogSSpx_uUDwF_9c0c4dec.png",
          "https://img.youtube.com/vi/1vg29QNSzLQ/hqdefault.jpg"
        ],
        "members": [],
        "source": {
          "provider": "fumi Diary 2号店",
          "url": "https://www.youtube.com/watch?v=1vg29QNSzLQ",
          "mapId": "",
          "layer": "PV&ジャケット写真",
          "tags": [
            "PV&ジャケット写真"
          ],
          "name": "Terminal STUDIO"
        },
        "classification": {
          "category": "PV&ジャケット写真",
          "subcategory": "PV&ジャケット写真",
          "method": "legacy-import",
          "status": "unreviewed"
        },
        "classificationCandidates": {
          "members": [],
          "projects": [],
          "contentTypes": []
        }
      }
    },
    {
      "type": "Feature",
      "geometry": {
        "type": "Point",
        "coordinates": [
          139.6976882,
          35.7011106
        ]
      },
      "properties": {
        "id": "fumi-553",
        "name": "ホーリネス教団淀橋教会",
        "category": "PV&ジャケット写真",
        "subcategory": "PV&ジャケット写真",
        "categoryColor": "#e11d48",
        "address": "",
        "sceneTitle": "ホーリネス教団淀橋教会",
        "sceneNote": "説明: 櫻坂46「承認欲求」PV撮影場所 http://blog.livedoor.jp/fumichen2/archives/57861323.html 住所: 〒169-0073 東京都新宿区百人町1-17-8 https://www.youtube.com/embed/x_BjvhMW9TE",
        "sourceLabel": "fumi Diary 2号店",
        "sourceUrl": "https://www.youtube.com/watch?v=x_BjvhMW9TE",
        "tags": [
          "PV&ジャケット写真"
        ],
        "images": [
          "https://pub-6d7574c4452b41519ab8adf1541d7f9e.r2.dev/seichi/sakurazaka/3AAjQbR5LVO7OgcnKtAN2EAnirqApBAXp45d9hpe_db516c0a.png",
          "https://img.youtube.com/vi/x_BjvhMW9TE/hqdefault.jpg"
        ],
        "members": [],
        "source": {
          "provider": "fumi Diary 2号店",
          "url": "https://www.youtube.com/watch?v=x_BjvhMW9TE",
          "mapId": "",
          "layer": "PV&ジャケット写真",
          "tags": [
            "PV&ジャケット写真"
          ],
          "name": "ホーリネス教団淀橋教会"
        },
        "classification": {
          "category": "PV&ジャケット写真",
          "subcategory": "PV&ジャケット写真",
          "method": "legacy-import",
          "status": "unreviewed"
        },
        "classificationCandidates": {
          "members": [],
          "projects": [],
          "contentTypes": []
        }
      }
    },
    {
      "type": "Feature",
      "geometry": {
        "type": "Point",
        "coordinates": [
          140.1810802,
          36.1900786
        ]
      },
      "properties": {
        "id": "fumi-554",
        "name": "つくばスタジオ",
        "category": "PV&ジャケット写真",
        "subcategory": "PV&ジャケット写真",
        "categoryColor": "#e11d48",
        "address": "",
        "sceneTitle": "つくばスタジオ",
        "sceneNote": "説明: 櫻坂46「マモリビト」PV撮影場所 http://blog.livedoor.jp/fumichen2/archives/57885380.html 住所: 〒315-0143 茨城県石岡市柴内993 https://www.youtube.com/embed/I8JZbNTl5rM",
        "sourceLabel": "fumi Diary 2号店",
        "sourceUrl": "https://www.youtube.com/watch?v=I8JZbNTl5rM",
        "tags": [
          "PV&ジャケット写真"
        ],
        "images": [
          "https://pub-6d7574c4452b41519ab8adf1541d7f9e.r2.dev/seichi/sakurazaka/3AAjQbR7-Fv2ICQ4tYkPijZoKg7jn_DH5-HUL8ZL_c821dd2a.png",
          "https://img.youtube.com/vi/I8JZbNTl5rM/hqdefault.jpg"
        ],
        "members": [],
        "source": {
          "provider": "fumi Diary 2号店",
          "url": "https://www.youtube.com/watch?v=I8JZbNTl5rM",
          "mapId": "",
          "layer": "PV&ジャケット写真",
          "tags": [
            "PV&ジャケット写真"
          ],
          "name": "つくばスタジオ"
        },
        "classification": {
          "category": "PV&ジャケット写真",
          "subcategory": "PV&ジャケット写真",
          "method": "legacy-import",
          "status": "unreviewed"
        },
        "classificationCandidates": {
          "members": [],
          "projects": [],
          "contentTypes": []
        }
      }
    },
    {
      "type": "Feature",
      "geometry": {
        "type": "Point",
        "coordinates": [
          138.448646,
          36.610857
        ]
      },
      "properties": {
        "id": "fumi-555",
        "name": "毛無峠",
        "category": "PV&ジャケット写真",
        "subcategory": "PV&ジャケット写真",
        "categoryColor": "#e11d48",
        "address": "",
        "sceneTitle": "毛無峠",
        "sceneNote": "説明: 櫻坂46「隙間風よ」PV撮影場所 http://blog.livedoor.jp/fumichen2/archives/57907037.html 住所: 〒382-0800 長野県上高井郡高山村高井 https://www.youtube.com/embed/5Z4emyH-fME",
        "sourceLabel": "fumi Diary 2号店",
        "sourceUrl": "https://www.youtube.com/watch?v=5Z4emyH-fME",
        "tags": [
          "PV&ジャケット写真"
        ],
        "images": [
          "https://pub-6d7574c4452b41519ab8adf1541d7f9e.r2.dev/seichi/sakurazaka/3AAjQbR7RpWXdgBeJ-w8SLxdYW8L1ju65AEzwGNM_633a5d19.png",
          "https://pub-6d7574c4452b41519ab8adf1541d7f9e.r2.dev/seichi/sakurazaka/3AAjQbR60j7RV5CKuJ1hjQHw63KG_JUYEDMThDrl_ae20f1ba.png",
          "https://img.youtube.com/vi/5Z4emyH-fME/hqdefault.jpg"
        ],
        "members": [],
        "source": {
          "provider": "fumi Diary 2号店",
          "url": "https://www.youtube.com/watch?v=5Z4emyH-fME",
          "mapId": "",
          "layer": "PV&ジャケット写真",
          "tags": [
            "PV&ジャケット写真"
          ],
          "name": "毛無峠"
        },
        "classification": {
          "category": "PV&ジャケット写真",
          "subcategory": "PV&ジャケット写真",
          "method": "legacy-import",
          "status": "unreviewed"
        },
        "classificationCandidates": {
          "members": [],
          "projects": [],
          "contentTypes": []
        }
      }
    },
    {
      "type": "Feature",
      "geometry": {
        "type": "Point",
        "coordinates": [
          139.827751,
          35.638135
        ]
      },
      "properties": {
        "id": "fumi-556",
        "name": "GARDEN 新木場FACTORY",
        "category": "PV&ジャケット写真",
        "subcategory": "PV&ジャケット写真",
        "categoryColor": "#e11d48",
        "address": "",
        "sceneTitle": "GARDEN 新木場FACTORY",
        "sceneNote": "説明: 櫻坂46「承認欲求」Dance Practice撮影場所 http://blog.livedoor.jp/fumichen2/archives/57925729.html 櫻坂46「自業自得」Dance Practice撮影場所 http://blog.livedoor.jp/fumichen2/archives/58480856.html 住所: 〒136-0082 東京都江東区新木場2-8-2 https://www.youtube.com/embed/PITPtr1tLSU https://www.youtube.com/embed/wzZf1TYyXes",
        "sourceLabel": "fumi Diary 2号店",
        "sourceUrl": "https://www.youtube.com/watch?v=PITPtr1tLSU",
        "tags": [
          "PV&ジャケット写真"
        ],
        "images": [
          "https://pub-6d7574c4452b41519ab8adf1541d7f9e.r2.dev/seichi/sakurazaka/3AAjQbR7fntCrCAusXPNh9m5LOJGZxPe8ySPPFuv_e2251acd.png",
          "https://img.youtube.com/vi/PITPtr1tLSU/hqdefault.jpg",
          "https://pub-6d7574c4452b41519ab8adf1541d7f9e.r2.dev/seichi/sakurazaka/3AAjQbR7y5IfFsuz2FqJjvg8dOU7QSo7zsbSvXOb_ebe18d07.png",
          "https://img.youtube.com/vi/wzZf1TYyXes/hqdefault.jpg"
        ],
        "members": [],
        "source": {
          "provider": "fumi Diary 2号店",
          "url": "https://www.youtube.com/watch?v=PITPtr1tLSU",
          "mapId": "",
          "layer": "PV&ジャケット写真",
          "tags": [
            "PV&ジャケット写真"
          ],
          "name": "GARDEN 新木場FACTORY"
        },
        "classification": {
          "category": "PV&ジャケット写真",
          "subcategory": "PV&ジャケット写真",
          "method": "legacy-import",
          "status": "unreviewed"
        },
        "classificationCandidates": {
          "members": [],
          "projects": [],
          "contentTypes": []
        }
      }
    },
    {
      "type": "Feature",
      "geometry": {
        "type": "Point",
        "coordinates": [
          137.1516832,
          35.080392
        ]
      },
      "properties": {
        "id": "fumi-557",
        "name": "豊田市美術館",
        "category": "PV&ジャケット写真",
        "subcategory": "PV&ジャケット写真",
        "categoryColor": "#e11d48",
        "address": "",
        "sceneTitle": "豊田市美術館",
        "sceneNote": "説明: 櫻坂46 小林由依「君がサヨナラ言えたって・・・」PV撮影場所 http://blog.livedoor.jp/fumichen2/archives/58089120.html 住所: 〒471-0034 愛知県豊田市小坂本町8-5-1 https://www.youtube.com/embed/1SQWKDr_GfA",
        "sourceLabel": "fumi Diary 2号店",
        "sourceUrl": "https://www.youtube.com/watch?v=1SQWKDr_GfA",
        "tags": [
          "PV&ジャケット写真"
        ],
        "images": [
          "https://pub-6d7574c4452b41519ab8adf1541d7f9e.r2.dev/seichi/sakurazaka/3AAjQbR52spW2F59VHmFz-AyTmCFcrHGUEs-oHvi_6aa81c3b.png",
          "https://pub-6d7574c4452b41519ab8adf1541d7f9e.r2.dev/seichi/sakurazaka/3AAjQbR60_vG7bbJ_L5rI82BM1Ub2piSMEK_wFCm_1dd12c02.png",
          "https://pub-6d7574c4452b41519ab8adf1541d7f9e.r2.dev/seichi/sakurazaka/3AAjQbR4pz7fnv6wQZ4mFyuJKIP2XJtJL9Qu5URN_ccf76f7f.png",
          "https://img.youtube.com/vi/1SQWKDr_GfA/hqdefault.jpg"
        ],
        "members": [],
        "source": {
          "provider": "fumi Diary 2号店",
          "url": "https://www.youtube.com/watch?v=1SQWKDr_GfA",
          "mapId": "",
          "layer": "PV&ジャケット写真",
          "tags": [
            "PV&ジャケット写真"
          ],
          "name": "豊田市美術館"
        },
        "classification": {
          "category": "PV&ジャケット写真",
          "subcategory": "PV&ジャケット写真",
          "method": "legacy-import",
          "status": "unreviewed"
        },
        "classificationCandidates": {
          "members": [],
          "projects": [],
          "contentTypes": []
        }
      }
    },
    {
      "type": "Feature",
      "geometry": {
        "type": "Point",
        "coordinates": [
          139.0647557,
          35.0527333
        ]
      },
      "properties": {
        "id": "fumi-558",
        "name": "石森璃花: 静岡県立熱海高等学校",
        "category": "PV&ジャケット写真",
        "subcategory": "石森璃花",
        "categoryColor": "#e11d48",
        "address": "",
        "sceneTitle": "静岡県立熱海高等学校",
        "sceneNote": "説明: 櫻坂46 石森璃花「璃花ちゃん、まだまだ未完成であります！」個人PV撮影場所 http://blog.livedoor.jp/fumichen2/archives/57898463.html 住所: 〒413-0102 静岡県熱海市下多賀1484-22 https://www.youtube.com/embed/9mNtT7XK9OA",
        "sourceLabel": "fumi Diary 2号店",
        "sourceUrl": "https://www.youtube.com/watch?v=9mNtT7XK9OA",
        "tags": [
          "PV&ジャケット写真"
        ],
        "images": [
          "https://pub-6d7574c4452b41519ab8adf1541d7f9e.r2.dev/seichi/sakurazaka/3AAjQbR5i3LGjf1_9QxlhieCH5J39igSHlMz6GYu_5a42ef10.png",
          "https://pub-6d7574c4452b41519ab8adf1541d7f9e.r2.dev/seichi/sakurazaka/3AAjQbR7TbKTnUmJiICrfJRbFMXqFy1yoUsGML-f_e156c5d1.png",
          "https://pub-6d7574c4452b41519ab8adf1541d7f9e.r2.dev/seichi/sakurazaka/3AAjQbR5r0Z2FAQkUfnn-Cs7kVR13Fy0hN1Gt_lp_33a4afbc.png",
          "https://pub-6d7574c4452b41519ab8adf1541d7f9e.r2.dev/seichi/sakurazaka/3AAjQbR7A-wIZFfD1ccoMDLNtc6ftCCDfDG5AlH9_5088757b.png",
          "https://pub-6d7574c4452b41519ab8adf1541d7f9e.r2.dev/seichi/sakurazaka/3AAjQbR4hk4OpYgfANhq7_kCN-5F6KbaP489cKwX_355b336d.png",
          "https://img.youtube.com/vi/9mNtT7XK9OA/hqdefault.jpg"
        ],
        "members": [],
        "source": {
          "provider": "fumi Diary 2号店",
          "url": "https://www.youtube.com/watch?v=9mNtT7XK9OA",
          "mapId": "",
          "layer": "PV&ジャケット写真",
          "tags": [
            "PV&ジャケット写真"
          ],
          "name": "石森璃花: 静岡県立熱海高等学校"
        },
        "classification": {
          "category": "PV&ジャケット写真",
          "subcategory": "石森璃花",
          "method": "legacy-import",
          "status": "unreviewed"
        },
        "classificationCandidates": {
          "members": [],
          "projects": [],
          "contentTypes": []
        }
      }
    },
    {
      "type": "Feature",
      "geometry": {
        "type": "Point",
        "coordinates": [
          139.6654778,
          35.6563995
        ]
      },
      "properties": {
        "id": "fumi-559",
        "name": "遠藤理子: Home 下北沢",
        "category": "PV&ジャケット写真",
        "subcategory": "遠藤理子",
        "categoryColor": "#e11d48",
        "address": "",
        "sceneTitle": "Home 下北沢",
        "sceneNote": "説明: 櫻坂46 遠藤理子「リコリズム」個人PV撮影場所 http://blog.livedoor.jp/fumichen2/archives/57898558.html 住所: 〒155-0032 東京都世田谷区代沢5-14-2 https://www.youtube.com/embed/PSJo_YKvZ8Q",
        "sourceLabel": "fumi Diary 2号店",
        "sourceUrl": "https://www.youtube.com/watch?v=PSJo_YKvZ8Q",
        "tags": [
          "PV&ジャケット写真"
        ],
        "images": [
          "https://pub-6d7574c4452b41519ab8adf1541d7f9e.r2.dev/seichi/sakurazaka/3AAjQbR6v7jzD_HurTTvL1DtNElbnpZy445Y5EtJ_609134ae.png",
          "https://img.youtube.com/vi/PSJo_YKvZ8Q/hqdefault.jpg"
        ],
        "members": [],
        "source": {
          "provider": "fumi Diary 2号店",
          "url": "https://www.youtube.com/watch?v=PSJo_YKvZ8Q",
          "mapId": "",
          "layer": "PV&ジャケット写真",
          "tags": [
            "PV&ジャケット写真"
          ],
          "name": "遠藤理子: Home 下北沢"
        },
        "classification": {
          "category": "PV&ジャケット写真",
          "subcategory": "遠藤理子",
          "method": "legacy-import",
          "status": "unreviewed"
        },
        "classificationCandidates": {
          "members": [],
          "projects": [],
          "contentTypes": []
        }
      }
    },
    {
      "type": "Feature",
      "geometry": {
        "type": "Point",
        "coordinates": [
          139.729215,
          35.229387
        ]
      },
      "properties": {
        "id": "fumi-560",
        "name": "小田倉麗奈: FARMASEA GARDEN 浦賀 / 燈明堂海岸",
        "category": "PV&ジャケット写真",
        "subcategory": "小田倉麗奈",
        "categoryColor": "#e11d48",
        "address": "",
        "sceneTitle": "FARMASEA GARDEN 浦賀 / 燈明堂海岸",
        "sceneNote": "説明: 櫻坂46 小田倉麗奈「オダクラップ」個人PV撮影場所 http://blog.livedoor.jp/fumichen2/archives/57900684.html 住所: 〒239-0824 神奈川県横須賀市西浦賀6丁目10 https://www.youtube.com/embed/UQB4VT9atd4",
        "sourceLabel": "fumi Diary 2号店",
        "sourceUrl": "https://www.youtube.com/watch?v=UQB4VT9atd4",
        "tags": [
          "PV&ジャケット写真"
        ],
        "images": [
          "https://pub-6d7574c4452b41519ab8adf1541d7f9e.r2.dev/seichi/sakurazaka/3AAjQbR6yjlzkmc3y0pomwFm5IZuvJ17SgjAzxb2_c5eb672d.png",
          "https://img.youtube.com/vi/UQB4VT9atd4/hqdefault.jpg"
        ],
        "members": [],
        "source": {
          "provider": "fumi Diary 2号店",
          "url": "https://www.youtube.com/watch?v=UQB4VT9atd4",
          "mapId": "",
          "layer": "PV&ジャケット写真",
          "tags": [
            "PV&ジャケット写真"
          ],
          "name": "小田倉麗奈: FARMASEA GARDEN 浦賀 / 燈明堂海岸"
        },
        "classification": {
          "category": "PV&ジャケット写真",
          "subcategory": "小田倉麗奈",
          "method": "legacy-import",
          "status": "unreviewed"
        },
        "classificationCandidates": {
          "members": [],
          "projects": [],
          "contentTypes": []
        }
      }
    },
    {
      "type": "Feature",
      "geometry": {
        "type": "Point",
        "coordinates": [
          139.6839515,
          35.2351047
        ]
      },
      "properties": {
        "id": "fumi-561",
        "name": "小田倉麗奈: 横須賀グリーンゴルフ",
        "category": "PV&ジャケット写真",
        "subcategory": "小田倉麗奈",
        "categoryColor": "#e11d48",
        "address": "",
        "sceneTitle": "横須賀グリーンゴルフ",
        "sceneNote": "説明: 櫻坂46 小田倉麗奈「オダクラップ」個人PV撮影場所 http://blog.livedoor.jp/fumichen2/archives/57900684.html 住所: 〒239-0835 神奈川県横須賀市佐原4-1300 https://www.youtube.com/embed/UQB4VT9atd4",
        "sourceLabel": "fumi Diary 2号店",
        "sourceUrl": "https://www.youtube.com/watch?v=UQB4VT9atd4",
        "tags": [
          "PV&ジャケット写真"
        ],
        "images": [
          "https://pub-6d7574c4452b41519ab8adf1541d7f9e.r2.dev/seichi/sakurazaka/3AAjQbR7WvS4972HYD63BfKWH4P5T0VqSKwBkkH__56c98442.png",
          "https://img.youtube.com/vi/UQB4VT9atd4/hqdefault.jpg"
        ],
        "members": [],
        "source": {
          "provider": "fumi Diary 2号店",
          "url": "https://www.youtube.com/watch?v=UQB4VT9atd4",
          "mapId": "",
          "layer": "PV&ジャケット写真",
          "tags": [
            "PV&ジャケット写真"
          ],
          "name": "小田倉麗奈: 横須賀グリーンゴルフ"
        },
        "classification": {
          "category": "PV&ジャケット写真",
          "subcategory": "小田倉麗奈",
          "method": "legacy-import",
          "status": "unreviewed"
        },
        "classificationCandidates": {
          "members": [],
          "projects": [],
          "contentTypes": []
        }
      }
    },
    {
      "type": "Feature",
      "geometry": {
        "type": "Point",
        "coordinates": [
          139.671961,
          35.274976
        ]
      },
      "properties": {
        "id": "fumi-562",
        "name": "小田倉麗奈: 横須賀市文化会館",
        "category": "PV&ジャケット写真",
        "subcategory": "小田倉麗奈",
        "categoryColor": "#e11d48",
        "address": "",
        "sceneTitle": "横須賀市文化会館",
        "sceneNote": "説明: 櫻坂46 小田倉麗奈「オダクラップ」個人PV撮影場所 http://blog.livedoor.jp/fumichen2/archives/57900684.html 住所: 〒238-0016 神奈川県横須賀市深田台50 https://www.youtube.com/embed/UQB4VT9atd4",
        "sourceLabel": "fumi Diary 2号店",
        "sourceUrl": "https://www.youtube.com/watch?v=UQB4VT9atd4",
        "tags": [
          "PV&ジャケット写真"
        ],
        "images": [
          "https://pub-6d7574c4452b41519ab8adf1541d7f9e.r2.dev/seichi/sakurazaka/3AAjQbR6IK2L-7EuZF3NfGxjm9WhDrJTtkGg9YYB_c2307667.png",
          "https://pub-6d7574c4452b41519ab8adf1541d7f9e.r2.dev/seichi/sakurazaka/3AAjQbR5ayLQJ-qQUYNDwqeUpGE9xfUQQl-DydJa_f1e4bb56.png",
          "https://pub-6d7574c4452b41519ab8adf1541d7f9e.r2.dev/seichi/sakurazaka/3AAjQbR64RFjf930HJVVaTSyvOojROO6lw3s98Bn_5e9f174a.png",
          "https://pub-6d7574c4452b41519ab8adf1541d7f9e.r2.dev/seichi/sakurazaka/3AAjQbR5kpwJydCV2qh_yzDB5F6_VlYFneOyaKNX_6a4d6248.png",
          "https://img.youtube.com/vi/UQB4VT9atd4/hqdefault.jpg"
        ],
        "members": [],
        "source": {
          "provider": "fumi Diary 2号店",
          "url": "https://www.youtube.com/watch?v=UQB4VT9atd4",
          "mapId": "",
          "layer": "PV&ジャケット写真",
          "tags": [
            "PV&ジャケット写真"
          ],
          "name": "小田倉麗奈: 横須賀市文化会館"
        },
        "classification": {
          "category": "PV&ジャケット写真",
          "subcategory": "小田倉麗奈",
          "method": "legacy-import",
          "status": "unreviewed"
        },
        "classificationCandidates": {
          "members": [],
          "projects": [],
          "contentTypes": []
        }
      }
    },
    {
      "type": "Feature",
      "geometry": {
        "type": "Point",
        "coordinates": [
          139.4180872,
          35.8910719
        ]
      },
      "properties": {
        "id": "fumi-563",
        "name": "谷口愛季: 西武学園文理中学校・高等学校",
        "category": "PV&ジャケット写真",
        "subcategory": "谷口愛季",
        "categoryColor": "#e11d48",
        "address": "",
        "sceneTitle": "西武学園文理中学校・高等学校",
        "sceneNote": "説明: 櫻坂46 谷口愛季「私にバイバイ」個人PV撮影場所 http://blog.livedoor.jp/fumichen2/archives/57902826.html 住所: 〒350-1336 埼玉県狭山市柏原新田311-1 https://www.youtube.com/embed/yz1s6bHuHus",
        "sourceLabel": "fumi Diary 2号店",
        "sourceUrl": "https://www.youtube.com/watch?v=yz1s6bHuHus",
        "tags": [
          "PV&ジャケット写真"
        ],
        "images": [
          "https://pub-6d7574c4452b41519ab8adf1541d7f9e.r2.dev/seichi/sakurazaka/3AAjQbR4llzhmCdD12_3wbPyx4T9I1VEgLQKPFfA_5868096f.png",
          "https://pub-6d7574c4452b41519ab8adf1541d7f9e.r2.dev/seichi/sakurazaka/3AAjQbR7wwjlmqU97zM-T67rwAU8jKxvr06kO4pP_19208c4f.png",
          "https://img.youtube.com/vi/yz1s6bHuHus/hqdefault.jpg"
        ],
        "members": [],
        "source": {
          "provider": "fumi Diary 2号店",
          "url": "https://www.youtube.com/watch?v=yz1s6bHuHus",
          "mapId": "",
          "layer": "PV&ジャケット写真",
          "tags": [
            "PV&ジャケット写真"
          ],
          "name": "谷口愛季: 西武学園文理中学校・高等学校"
        },
        "classification": {
          "category": "PV&ジャケット写真",
          "subcategory": "谷口愛季",
          "method": "legacy-import",
          "status": "unreviewed"
        },
        "classificationCandidates": {
          "members": [],
          "projects": [],
          "contentTypes": []
        }
      }
    },
    {
      "type": "Feature",
      "geometry": {
        "type": "Point",
        "coordinates": [
          139.66056,
          35.6113789
        ]
      },
      "properties": {
        "id": "fumi-564",
        "name": "中嶋優月: 和室すたじお天野家",
        "category": "PV&ジャケット写真",
        "subcategory": "中嶋優月",
        "categoryColor": "#e11d48",
        "address": "",
        "sceneTitle": "和室すたじお天野家",
        "sceneNote": "説明: 櫻坂46 中嶋優月「美しい花には棘がある」個人PV撮影場所 http://blog.livedoor.jp/fumichen2/archives/57900917.html 住所: 〒158-0082 東京都世田谷区等々力6-21-22 https://www.youtube.com/embed/cR6VotbPWus",
        "sourceLabel": "fumi Diary 2号店",
        "sourceUrl": "https://www.youtube.com/watch?v=cR6VotbPWus",
        "tags": [
          "PV&ジャケット写真"
        ],
        "images": [
          "https://pub-6d7574c4452b41519ab8adf1541d7f9e.r2.dev/seichi/sakurazaka/3AAjQbR7J1-Ry_JXnmQjOZfnBM9BXzgSEmdIM4_G_1c572716.png",
          "https://img.youtube.com/vi/cR6VotbPWus/hqdefault.jpg"
        ],
        "members": [],
        "source": {
          "provider": "fumi Diary 2号店",
          "url": "https://www.youtube.com/watch?v=cR6VotbPWus",
          "mapId": "",
          "layer": "PV&ジャケット写真",
          "tags": [
            "PV&ジャケット写真"
          ],
          "name": "中嶋優月: 和室すたじお天野家"
        },
        "classification": {
          "category": "PV&ジャケット写真",
          "subcategory": "中嶋優月",
          "method": "legacy-import",
          "status": "unreviewed"
        },
        "classificationCandidates": {
          "members": [],
          "projects": [],
          "contentTypes": []
        }
      }
    },
    {
      "type": "Feature",
      "geometry": {
        "type": "Point",
        "coordinates": [
          139.7364867,
          35.5613563
        ]
      },
      "properties": {
        "id": "fumi-565",
        "name": "村井優: ARCHICOULEUR",
        "category": "PV&ジャケット写真",
        "subcategory": "村井優",
        "categoryColor": "#e11d48",
        "address": "",
        "sceneTitle": "ARCHICOULEUR",
        "sceneNote": "説明: 櫻坂46 村井優「低速優ちゃん」個人PV撮影場所 http://blog.livedoor.jp/fumichen2/archives/57900161.html 住所: 〒144-0032 東京都大田区北糀谷1-21-2 https://www.youtube.com/embed/jZ007w6b6i8",
        "sourceLabel": "fumi Diary 2号店",
        "sourceUrl": "https://www.youtube.com/watch?v=jZ007w6b6i8",
        "tags": [
          "PV&ジャケット写真"
        ],
        "images": [
          "https://pub-6d7574c4452b41519ab8adf1541d7f9e.r2.dev/seichi/sakurazaka/3AAjQbR6QMfPbBWEyBE2VxL62AU4daqIlAt9hpJk_b97ae338.png",
          "https://pub-6d7574c4452b41519ab8adf1541d7f9e.r2.dev/seichi/sakurazaka/3AAjQbR6LVzMHAmhOJois_QPzPSZUb1oEt2EvUDd_1bb0778c.png",
          "https://img.youtube.com/vi/jZ007w6b6i8/hqdefault.jpg"
        ],
        "members": [],
        "source": {
          "provider": "fumi Diary 2号店",
          "url": "https://www.youtube.com/watch?v=jZ007w6b6i8",
          "mapId": "",
          "layer": "PV&ジャケット写真",
          "tags": [
            "PV&ジャケット写真"
          ],
          "name": "村井優: ARCHICOULEUR"
        },
        "classification": {
          "category": "PV&ジャケット写真",
          "subcategory": "村井優",
          "method": "legacy-import",
          "status": "unreviewed"
        },
        "classificationCandidates": {
          "members": [],
          "projects": [],
          "contentTypes": []
        }
      }
    },
    {
      "type": "Feature",
      "geometry": {
        "type": "Point",
        "coordinates": [
          139.621329,
          35.835347
        ]
      },
      "properties": {
        "id": "fumi-566",
        "name": "山下瞳月: 荒川彩湖公園 (カマキリ公園)",
        "category": "PV&ジャケット写真",
        "subcategory": "山下瞳月",
        "categoryColor": "#e11d48",
        "address": "",
        "sceneTitle": "荒川彩湖公園 (カマキリ公園)",
        "sceneNote": "説明: 櫻坂46 山下瞳月「きーほるだーめっちゃつけたいなー」個人PV撮影場所 http://blog.livedoor.jp/fumichen2/archives/57901799.html 住所: 〒336-0036 埼玉県さいたま市桜区田島3513-1 https://www.youtube.com/embed/wfV5vaXnpGs",
        "sourceLabel": "fumi Diary 2号店",
        "sourceUrl": "https://www.youtube.com/watch?v=wfV5vaXnpGs",
        "tags": [
          "PV&ジャケット写真"
        ],
        "images": [
          "https://pub-6d7574c4452b41519ab8adf1541d7f9e.r2.dev/seichi/sakurazaka/3AAjQbR77zmVg3Ec70kSVrZFMiZ720lyHYO6b_qI_0311285d.png",
          "https://pub-6d7574c4452b41519ab8adf1541d7f9e.r2.dev/seichi/sakurazaka/3AAjQbR5iHUKIxbaR9zngDBWnpHp5t81skS-lJ0l_e4db5687.png",
          "https://img.youtube.com/vi/wfV5vaXnpGs/hqdefault.jpg"
        ],
        "members": [],
        "source": {
          "provider": "fumi Diary 2号店",
          "url": "https://www.youtube.com/watch?v=wfV5vaXnpGs",
          "mapId": "",
          "layer": "PV&ジャケット写真",
          "tags": [
            "PV&ジャケット写真"
          ],
          "name": "山下瞳月: 荒川彩湖公園 (カマキリ公園)"
        },
        "classification": {
          "category": "PV&ジャケット写真",
          "subcategory": "山下瞳月",
          "method": "legacy-import",
          "status": "unreviewed"
        },
        "classificationCandidates": {
          "members": [],
          "projects": [],
          "contentTypes": []
        }
      }
    },
    {
      "type": "Feature",
      "geometry": {
        "type": "Point",
        "coordinates": [
          139.662306,
          35.7893808
        ]
      },
      "properties": {
        "id": "fumi-567",
        "name": "山下瞳月: カラオケトマト高島平店",
        "category": "PV&ジャケット写真",
        "subcategory": "山下瞳月",
        "categoryColor": "#e11d48",
        "address": "",
        "sceneTitle": "カラオケトマト高島平店",
        "sceneNote": "説明: 櫻坂46 山下瞳月「きーほるだーめっちゃつけたいなー」個人PV撮影場所 http://blog.livedoor.jp/fumichen2/archives/57901799.html 住所: 〒175-0082 東京都板橋区高島平8-13-3 メゾン弘洋2F https://www.youtube.com/embed/wfV5vaXnpGs",
        "sourceLabel": "fumi Diary 2号店",
        "sourceUrl": "https://www.youtube.com/watch?v=wfV5vaXnpGs",
        "tags": [
          "PV&ジャケット写真"
        ],
        "images": [
          "https://pub-6d7574c4452b41519ab8adf1541d7f9e.r2.dev/seichi/sakurazaka/3AAjQbR4mWpLI-cIWG3km9tB-apeBEDULdsS-MhZ_b478028f.png",
          "https://img.youtube.com/vi/wfV5vaXnpGs/hqdefault.jpg"
        ],
        "members": [],
        "source": {
          "provider": "fumi Diary 2号店",
          "url": "https://www.youtube.com/watch?v=wfV5vaXnpGs",
          "mapId": "",
          "layer": "PV&ジャケット写真",
          "tags": [
            "PV&ジャケット写真"
          ],
          "name": "山下瞳月: カラオケトマト高島平店"
        },
        "classification": {
          "category": "PV&ジャケット写真",
          "subcategory": "山下瞳月",
          "method": "legacy-import",
          "status": "unreviewed"
        },
        "classificationCandidates": {
          "members": [],
          "projects": [],
          "contentTypes": []
        }
      }
    },
    {
      "type": "Feature",
      "geometry": {
        "type": "Point",
        "coordinates": [
          139.589394,
          35.9282599
        ]
      },
      "properties": {
        "id": "fumi-568",
        "name": "Altavista Garden",
        "category": "PV&ジャケット写真",
        "subcategory": "PV&ジャケット写真",
        "categoryColor": "#e11d48",
        "address": "",
        "sceneTitle": "Altavista Garden",
        "sceneNote": "説明: 櫻坂46「何歳の頃に戻りたいのか?」PV撮影場所 http://blog.livedoor.jp/fumichen2/archives/58116182.html 住所: 〒331-0046 埼玉県さいたま市西区宮前町1992-2 https://www.youtube.com/embed/7xx66mR_HeE",
        "sourceLabel": "fumi Diary 2号店",
        "sourceUrl": "https://www.youtube.com/watch?v=7xx66mR_HeE",
        "tags": [
          "PV&ジャケット写真"
        ],
        "images": [
          "https://pub-6d7574c4452b41519ab8adf1541d7f9e.r2.dev/seichi/sakurazaka/3AAjQbR7dsMkUrY7PbOjvJrFbGwWlItW6s3sPPiZ_fae997a3.png",
          "https://img.youtube.com/vi/7xx66mR_HeE/hqdefault.jpg"
        ],
        "members": [],
        "source": {
          "provider": "fumi Diary 2号店",
          "url": "https://www.youtube.com/watch?v=7xx66mR_HeE",
          "mapId": "",
          "layer": "PV&ジャケット写真",
          "tags": [
            "PV&ジャケット写真"
          ],
          "name": "Altavista Garden"
        },
        "classification": {
          "category": "PV&ジャケット写真",
          "subcategory": "PV&ジャケット写真",
          "method": "legacy-import",
          "status": "unreviewed"
        },
        "classificationCandidates": {
          "members": [],
          "projects": [],
          "contentTypes": []
        }
      }
    },
    {
      "type": "Feature",
      "geometry": {
        "type": "Point",
        "coordinates": [
          139.5076199,
          35.7973726
        ]
      },
      "properties": {
        "id": "fumi-569",
        "name": "角川武蔵野ミュージアム",
        "category": "PV&ジャケット写真",
        "subcategory": "PV&ジャケット写真",
        "categoryColor": "#e11d48",
        "address": "",
        "sceneTitle": "角川武蔵野ミュージアム",
        "sceneNote": "説明: 櫻坂46「何歳の頃に戻りたいのか?」PV撮影場所 http://blog.livedoor.jp/fumichen2/archives/58116182.html 住所: 〒359-0023 埼玉県所沢市東所沢和田3-31-3 https://www.youtube.com/embed/7xx66mR_HeE",
        "sourceLabel": "fumi Diary 2号店",
        "sourceUrl": "https://www.youtube.com/watch?v=7xx66mR_HeE",
        "tags": [
          "PV&ジャケット写真"
        ],
        "images": [
          "https://pub-6d7574c4452b41519ab8adf1541d7f9e.r2.dev/seichi/sakurazaka/3AAjQbR5bX3rjR7CutEPruiWFpvY1hKQ-6teHtiN_6a2154f4.png",
          "https://img.youtube.com/vi/7xx66mR_HeE/hqdefault.jpg"
        ],
        "members": [],
        "source": {
          "provider": "fumi Diary 2号店",
          "url": "https://www.youtube.com/watch?v=7xx66mR_HeE",
          "mapId": "",
          "layer": "PV&ジャケット写真",
          "tags": [
            "PV&ジャケット写真"
          ],
          "name": "角川武蔵野ミュージアム"
        },
        "classification": {
          "category": "PV&ジャケット写真",
          "subcategory": "PV&ジャケット写真",
          "method": "legacy-import",
          "status": "unreviewed"
        },
        "classificationCandidates": {
          "members": [],
          "projects": [],
          "contentTypes": []
        }
      }
    },
    {
      "type": "Feature",
      "geometry": {
        "type": "Point",
        "coordinates": [
          139.59938,
          35.6399176
        ]
      },
      "properties": {
        "id": "fumi-570",
        "name": "THE MOMENT JAZZ CLUB",
        "category": "PV&ジャケット写真",
        "subcategory": "PV&ジャケット写真",
        "categoryColor": "#e11d48",
        "address": "",
        "sceneTitle": "THE MOMENT JAZZ CLUB",
        "sceneNote": "説明: 櫻坂46「何歳の頃に戻りたいのか?」PV撮影場所 (山﨑天) http://blog.livedoor.jp/fumichen2/archives/58116182.html 住所: 〒157-0066 東京都世田谷区成城2-39-7 すみれビルB1F https://www.youtube.com/embed/7xx66mR_HeE",
        "sourceLabel": "fumi Diary 2号店",
        "sourceUrl": "https://www.youtube.com/watch?v=7xx66mR_HeE",
        "tags": [
          "PV&ジャケット写真"
        ],
        "images": [
          "https://pub-6d7574c4452b41519ab8adf1541d7f9e.r2.dev/seichi/sakurazaka/3AAjQbR49aEJX2TvDy--joU71MC2aw79y-5B3c2G_9b0568e6.png",
          "https://img.youtube.com/vi/7xx66mR_HeE/hqdefault.jpg"
        ],
        "members": [],
        "source": {
          "provider": "fumi Diary 2号店",
          "url": "https://www.youtube.com/watch?v=7xx66mR_HeE",
          "mapId": "",
          "layer": "PV&ジャケット写真",
          "tags": [
            "PV&ジャケット写真"
          ],
          "name": "THE MOMENT JAZZ CLUB"
        },
        "classification": {
          "category": "PV&ジャケット写真",
          "subcategory": "PV&ジャケット写真",
          "method": "legacy-import",
          "status": "unreviewed"
        },
        "classificationCandidates": {
          "members": [],
          "projects": [],
          "contentTypes": []
        }
      }
    },
    {
      "type": "Feature",
      "geometry": {
        "type": "Point",
        "coordinates": [
          139.760354,
          35.66602
        ]
      },
      "properties": {
        "id": "fumi-571",
        "name": "ニッショーホール (旧ヤクルトホール)",
        "category": "PV&ジャケット写真",
        "subcategory": "PV&ジャケット写真",
        "categoryColor": "#e11d48",
        "address": "",
        "sceneTitle": "ニッショーホール (旧ヤクルトホール)",
        "sceneNote": "説明: 櫻坂46「油を注せ!」PV撮影場所 http://blog.livedoor.jp/fumichen2/archives/58145392.html 住所: 〒105-0021 東京都港区東新橋1-1-19 ヤクルト本社ビル https://www.youtube.com/embed/x9a0_2aGeWU",
        "sourceLabel": "fumi Diary 2号店",
        "sourceUrl": "https://www.youtube.com/watch?v=x9a0_2aGeWU",
        "tags": [
          "PV&ジャケット写真"
        ],
        "images": [
          "https://pub-6d7574c4452b41519ab8adf1541d7f9e.r2.dev/seichi/sakurazaka/3AAjQbR7L6XpxGo9RTSRP4Mw4DNXowvbZb40TjBe_0f173ce6.png",
          "https://pub-6d7574c4452b41519ab8adf1541d7f9e.r2.dev/seichi/sakurazaka/3AAjQbR4iFZNdgXCeZIKpTCji7dQPKPoNb8d8hse_90e3d3c2.png",
          "https://img.youtube.com/vi/x9a0_2aGeWU/hqdefault.jpg"
        ],
        "members": [],
        "source": {
          "provider": "fumi Diary 2号店",
          "url": "https://www.youtube.com/watch?v=x9a0_2aGeWU",
          "mapId": "",
          "layer": "PV&ジャケット写真",
          "tags": [
            "PV&ジャケット写真"
          ],
          "name": "ニッショーホール (旧ヤクルトホール)"
        },
        "classification": {
          "category": "PV&ジャケット写真",
          "subcategory": "PV&ジャケット写真",
          "method": "legacy-import",
          "status": "unreviewed"
        },
        "classificationCandidates": {
          "members": [],
          "projects": [],
          "contentTypes": []
        }
      }
    },
    {
      "type": "Feature",
      "geometry": {
        "type": "Point",
        "coordinates": [
          139.5836103,
          35.5361584
        ]
      },
      "properties": {
        "id": "fumi-572",
        "name": "Media Garden",
        "category": "PV&ジャケット写真",
        "subcategory": "PV&ジャケット写真",
        "categoryColor": "#e11d48",
        "address": "",
        "sceneTitle": "Media Garden",
        "sceneNote": "説明: 櫻坂46「何度 LOVE SONGの歌詞を読み返しただろう」PV撮影場所 http://blog.livedoor.jp/fumichen2/archives/58172420.html 住所: 〒224-0037 神奈川県横浜市都筑区茅ヶ崎南2-1-56 https://www.youtube.com/embed/tltXZSiAAdQ",
        "sourceLabel": "fumi Diary 2号店",
        "sourceUrl": "https://www.youtube.com/watch?v=tltXZSiAAdQ",
        "tags": [
          "PV&ジャケット写真"
        ],
        "images": [
          "https://pub-6d7574c4452b41519ab8adf1541d7f9e.r2.dev/seichi/sakurazaka/3AAjQbR4MkF5Qo6cMGfAiu5IiUGrq88b-yiR6MIc_17a42b84.png",
          "https://img.youtube.com/vi/tltXZSiAAdQ/hqdefault.jpg"
        ],
        "members": [],
        "source": {
          "provider": "fumi Diary 2号店",
          "url": "https://www.youtube.com/watch?v=tltXZSiAAdQ",
          "mapId": "",
          "layer": "PV&ジャケット写真",
          "tags": [
            "PV&ジャケット写真"
          ],
          "name": "Media Garden"
        },
        "classification": {
          "category": "PV&ジャケット写真",
          "subcategory": "PV&ジャケット写真",
          "method": "legacy-import",
          "status": "unreviewed"
        },
        "classificationCandidates": {
          "members": [],
          "projects": [],
          "contentTypes": []
        }
      }
    },
    {
      "type": "Feature",
      "geometry": {
        "type": "Point",
        "coordinates": [
          139.766019,
          35.7886975
        ]
      },
      "properties": {
        "id": "fumi-573",
        "name": "SIM STUDIO 谷在家",
        "category": "PV&ジャケット写真",
        "subcategory": "PV&ジャケット写真",
        "categoryColor": "#e11d48",
        "address": "",
        "sceneTitle": "SIM STUDIO 谷在家",
        "sceneNote": "説明: 櫻坂46「何歳の頃に戻りたいのか?」Dance Practice撮影場所 http://blog.livedoor.jp/fumichen2/archives/58182204.html 住所: 〒123-0863 東京都足立区谷在家3-14-14 https://www.youtube.com/embed/cTHShN-y90U",
        "sourceLabel": "fumi Diary 2号店",
        "sourceUrl": "https://www.youtube.com/watch?v=cTHShN-y90U",
        "tags": [
          "PV&ジャケット写真"
        ],
        "images": [
          "https://pub-6d7574c4452b41519ab8adf1541d7f9e.r2.dev/seichi/sakurazaka/3AAjQbR4nWzE1NHKaFVUR6cq1U6x7Eb2-iaRV4sw_afbb06de.png",
          "https://img.youtube.com/vi/cTHShN-y90U/hqdefault.jpg"
        ],
        "members": [],
        "source": {
          "provider": "fumi Diary 2号店",
          "url": "https://www.youtube.com/watch?v=cTHShN-y90U",
          "mapId": "",
          "layer": "PV&ジャケット写真",
          "tags": [
            "PV&ジャケット写真"
          ],
          "name": "SIM STUDIO 谷在家"
        },
        "classification": {
          "category": "PV&ジャケット写真",
          "subcategory": "PV&ジャケット写真",
          "method": "legacy-import",
          "status": "unreviewed"
        },
        "classificationCandidates": {
          "members": [],
          "projects": [],
          "contentTypes": []
        }
      }
    },
    {
      "type": "Feature",
      "geometry": {
        "type": "Point",
        "coordinates": [
          139.5394684,
          35.6449788
        ]
      },
      "properties": {
        "id": "fumi-574",
        "name": "角川大映スタジオ STAGE G",
        "category": "PV&ジャケット写真",
        "subcategory": "PV&ジャケット写真",
        "categoryColor": "#e11d48",
        "address": "",
        "sceneTitle": "角川大映スタジオ STAGE G",
        "sceneNote": "説明: 櫻坂46「自業自得」PV撮影場所 http://blog.livedoor.jp/fumichen2/archives/58428984.html 住所: 〒182-0025 東京都調布市多摩川6-1-1 https://www.youtube.com/embed/Rs-Y9MtHsoo",
        "sourceLabel": "fumi Diary 2号店",
        "sourceUrl": "https://www.youtube.com/watch?v=Rs-Y9MtHsoo",
        "tags": [
          "PV&ジャケット写真"
        ],
        "images": [
          "https://pub-6d7574c4452b41519ab8adf1541d7f9e.r2.dev/seichi/sakurazaka/3AAjQbR6046zUKVx6qDV65n1DTfGGThQAmYk0lVo_06c65048.png",
          "https://img.youtube.com/vi/Rs-Y9MtHsoo/hqdefault.jpg"
        ],
        "members": [],
        "source": {
          "provider": "fumi Diary 2号店",
          "url": "https://www.youtube.com/watch?v=Rs-Y9MtHsoo",
          "mapId": "",
          "layer": "PV&ジャケット写真",
          "tags": [
            "PV&ジャケット写真"
          ],
          "name": "角川大映スタジオ STAGE G"
        },
        "classification": {
          "category": "PV&ジャケット写真",
          "subcategory": "PV&ジャケット写真",
          "method": "legacy-import",
          "status": "unreviewed"
        },
        "classificationCandidates": {
          "members": [],
          "projects": [],
          "contentTypes": []
        }
      }
    },
    {
      "type": "Feature",
      "geometry": {
        "type": "Point",
        "coordinates": [
          139.9016729,
          35.3680871
        ]
      },
      "properties": {
        "id": "fumi-575",
        "name": "木更津木材港倉庫 E棟",
        "category": "PV&ジャケット写真",
        "subcategory": "PV&ジャケット写真",
        "categoryColor": "#e11d48",
        "address": "",
        "sceneTitle": "木更津木材港倉庫 E棟",
        "sceneNote": "説明: 櫻坂46「愛し合いなさい」PV撮影場所 http://blog.livedoor.jp/fumichen2/archives/58462848.html 住所: 〒292-0837 千葉県木更津市木材港7-1 https://www.youtube.com/embed/MAP3cnAexxM https://www.youtube.com/embed/KYvq8-xY1Gg",
        "sourceLabel": "fumi Diary 2号店",
        "sourceUrl": "https://www.youtube.com/watch?v=MAP3cnAexxM",
        "tags": [
          "PV&ジャケット写真"
        ],
        "images": [
          "https://pub-6d7574c4452b41519ab8adf1541d7f9e.r2.dev/seichi/sakurazaka/3AAjQbR5ye7Omp6JGkitQXvmwv-ou4H6tKP_rM87_eabb0894.png",
          "https://pub-6d7574c4452b41519ab8adf1541d7f9e.r2.dev/seichi/sakurazaka/3AAjQbR7TJ7G2Vd0nbQvvr7J5pcRQOtrn04YIzEG_319a81d9.png",
          "https://pub-6d7574c4452b41519ab8adf1541d7f9e.r2.dev/seichi/sakurazaka/3AAjQbR6Q8_vNwrqbGtoV3W5rBc37S9xoTxBBR1C_1fe61d88.png",
          "https://pub-6d7574c4452b41519ab8adf1541d7f9e.r2.dev/seichi/sakurazaka/3AAjQbR5VHyZOzcKNwFcYuaq5b5Yd6Cp536fzV35_6914efb0.png",
          "https://img.youtube.com/vi/MAP3cnAexxM/hqdefault.jpg",
          "https://img.youtube.com/vi/KYvq8-xY1Gg/hqdefault.jpg"
        ],
        "members": [],
        "source": {
          "provider": "fumi Diary 2号店",
          "url": "https://www.youtube.com/watch?v=MAP3cnAexxM",
          "mapId": "",
          "layer": "PV&ジャケット写真",
          "tags": [
            "PV&ジャケット写真"
          ],
          "name": "木更津木材港倉庫 E棟"
        },
        "classification": {
          "category": "PV&ジャケット写真",
          "subcategory": "PV&ジャケット写真",
          "method": "legacy-import",
          "status": "unreviewed"
        },
        "classificationCandidates": {
          "members": [],
          "projects": [],
          "contentTypes": []
        }
      }
    },
    {
      "type": "Feature",
      "geometry": {
        "type": "Point",
        "coordinates": [
          139.7003745,
          35.6598824
        ]
      },
      "properties": {
        "id": "fumi-576",
        "name": "SHIBUYA TSUTAYA (QFRONT) 屋上",
        "category": "PV&ジャケット写真",
        "subcategory": "PV&ジャケット写真",
        "categoryColor": "#e11d48",
        "address": "",
        "sceneTitle": "SHIBUYA TSUTAYA (QFRONT) 屋上",
        "sceneNote": "説明: 櫻坂46「引きこもる時間はない」PV撮影場所 http://blog.livedoor.jp/fumichen2/archives/58475482.html 住所: 〒150-0042東京都渋谷区宇田川町21-6 QFRONT https://www.youtube.com/embed/KYvq8-xY1Gg",
        "sourceLabel": "fumi Diary 2号店",
        "sourceUrl": "https://www.youtube.com/watch?v=KYvq8-xY1Gg",
        "tags": [
          "PV&ジャケット写真"
        ],
        "images": [
          "https://pub-6d7574c4452b41519ab8adf1541d7f9e.r2.dev/seichi/sakurazaka/3AAjQbR60z0ZCbHNwJjdJQVO-v_R1EMQGl3HhN7n_9c4b19d5.png",
          "https://img.youtube.com/vi/KYvq8-xY1Gg/hqdefault.jpg"
        ],
        "members": [],
        "source": {
          "provider": "fumi Diary 2号店",
          "url": "https://www.youtube.com/watch?v=KYvq8-xY1Gg",
          "mapId": "",
          "layer": "PV&ジャケット写真",
          "tags": [
            "PV&ジャケット写真"
          ],
          "name": "SHIBUYA TSUTAYA (QFRONT) 屋上"
        },
        "classification": {
          "category": "PV&ジャケット写真",
          "subcategory": "PV&ジャケット写真",
          "method": "legacy-import",
          "status": "unreviewed"
        },
        "classificationCandidates": {
          "members": [],
          "projects": [],
          "contentTypes": []
        }
      }
    },
    {
      "type": "Feature",
      "geometry": {
        "type": "Point",
        "coordinates": [
          139.7509745,
          35.7016661
        ]
      },
      "properties": {
        "id": "fumi-577",
        "name": "ナインアワーズ水道橋",
        "category": "PV&ジャケット写真",
        "subcategory": "PV&ジャケット写真",
        "categoryColor": "#e11d48",
        "address": "",
        "sceneTitle": "ナインアワーズ水道橋",
        "sceneNote": "説明: 櫻坂46「引きこもる時間はない」PV撮影場所 (石森璃花) http://blog.livedoor.jp/fumichen2/archives/58475482.html 住所: 〒101-0061 東京都千代田区神田三崎町3-10-1 https://www.youtube.com/embed/KYvq8-xY1Gg",
        "sourceLabel": "fumi Diary 2号店",
        "sourceUrl": "https://www.youtube.com/watch?v=KYvq8-xY1Gg",
        "tags": [
          "PV&ジャケット写真"
        ],
        "images": [
          "https://pub-6d7574c4452b41519ab8adf1541d7f9e.r2.dev/seichi/sakurazaka/3AAjQbR439K5l2nM3zwbR8tgQqfgXNwbAWjQ4FGD_65721d97.png",
          "https://pub-6d7574c4452b41519ab8adf1541d7f9e.r2.dev/seichi/sakurazaka/3AAjQbR6AMLu9m55-yRa0ecwr3NzaTHO7QskLxa3_069f8697.png",
          "https://img.youtube.com/vi/KYvq8-xY1Gg/hqdefault.jpg"
        ],
        "members": [],
        "source": {
          "provider": "fumi Diary 2号店",
          "url": "https://www.youtube.com/watch?v=KYvq8-xY1Gg",
          "mapId": "",
          "layer": "PV&ジャケット写真",
          "tags": [
            "PV&ジャケット写真"
          ],
          "name": "ナインアワーズ水道橋"
        },
        "classification": {
          "category": "PV&ジャケット写真",
          "subcategory": "PV&ジャケット写真",
          "method": "legacy-import",
          "status": "unreviewed"
        },
        "classificationCandidates": {
          "members": [],
          "projects": [],
          "contentTypes": []
        }
      }
    },
    {
      "type": "Feature",
      "geometry": {
        "type": "Point",
        "coordinates": [
          139.8032627,
          35.7891152
        ]
      },
      "properties": {
        "id": "fumi-578",
        "name": "アミューズメントパークウェアハウス保木間店",
        "category": "PV&ジャケット写真",
        "subcategory": "PV&ジャケット写真",
        "categoryColor": "#e11d48",
        "address": "",
        "sceneTitle": "アミューズメントパークウェアハウス保木間店",
        "sceneNote": "説明: 櫻坂46「引きこもる時間はない」PV撮影場所 (遠藤理子) http://blog.livedoor.jp/fumichen2/archives/58475482.html 住所: 〒121-0064 東京都足立区保木間1-1-19 https://www.youtube.com/embed/KYvq8-xY1Gg",
        "sourceLabel": "fumi Diary 2号店",
        "sourceUrl": "https://www.youtube.com/watch?v=KYvq8-xY1Gg",
        "tags": [
          "PV&ジャケット写真"
        ],
        "images": [
          "https://pub-6d7574c4452b41519ab8adf1541d7f9e.r2.dev/seichi/sakurazaka/3AAjQbR7j8XCKnvknh9NViLM3DwaEa_EvQv4LC2l_6b4494b2.png",
          "https://img.youtube.com/vi/KYvq8-xY1Gg/hqdefault.jpg"
        ],
        "members": [],
        "source": {
          "provider": "fumi Diary 2号店",
          "url": "https://www.youtube.com/watch?v=KYvq8-xY1Gg",
          "mapId": "",
          "layer": "PV&ジャケット写真",
          "tags": [
            "PV&ジャケット写真"
          ],
          "name": "アミューズメントパークウェアハウス保木間店"
        },
        "classification": {
          "category": "PV&ジャケット写真",
          "subcategory": "PV&ジャケット写真",
          "method": "legacy-import",
          "status": "unreviewed"
        },
        "classificationCandidates": {
          "members": [],
          "projects": [],
          "contentTypes": []
        }
      }
    },
    {
      "type": "Feature",
      "geometry": {
        "type": "Point",
        "coordinates": [
          139.7049176,
          35.6684333
        ]
      },
      "properties": {
        "id": "fumi-579",
        "name": "東急プラザ原宿「ハラカド」",
        "category": "PV&ジャケット写真",
        "subcategory": "PV&ジャケット写真",
        "categoryColor": "#e11d48",
        "address": "",
        "sceneTitle": "東急プラザ原宿「ハラカド」",
        "sceneNote": "説明: 櫻坂46「引きこもる時間はない」PV撮影場所 (小田倉麗奈) http://blog.livedoor.jp/fumichen2/archives/58475482.html 住所: 〒150-0001 東京都渋谷区神宮前6-31-21 https://www.youtube.com/embed/KYvq8-xY1Gg",
        "sourceLabel": "fumi Diary 2号店",
        "sourceUrl": "https://www.youtube.com/watch?v=KYvq8-xY1Gg",
        "tags": [
          "PV&ジャケット写真"
        ],
        "images": [
          "https://pub-6d7574c4452b41519ab8adf1541d7f9e.r2.dev/seichi/sakurazaka/3AAjQbR6rCqbZLrgOVNFkb_Ak-0rQFeSGzUgLo_4_839f676e.png",
          "https://img.youtube.com/vi/KYvq8-xY1Gg/hqdefault.jpg"
        ],
        "members": [],
        "source": {
          "provider": "fumi Diary 2号店",
          "url": "https://www.youtube.com/watch?v=KYvq8-xY1Gg",
          "mapId": "",
          "layer": "PV&ジャケット写真",
          "tags": [
            "PV&ジャケット写真"
          ],
          "name": "東急プラザ原宿「ハラカド」"
        },
        "classification": {
          "category": "PV&ジャケット写真",
          "subcategory": "PV&ジャケット写真",
          "method": "legacy-import",
          "status": "unreviewed"
        },
        "classificationCandidates": {
          "members": [],
          "projects": [],
          "contentTypes": []
        }
      }
    },
    {
      "type": "Feature",
      "geometry": {
        "type": "Point",
        "coordinates": [
          139.697302,
          35.662567
        ]
      },
      "properties": {
        "id": "fumi-580",
        "name": "ゴミ置き場",
        "category": "PV&ジャケット写真",
        "subcategory": "PV&ジャケット写真",
        "categoryColor": "#e11d48",
        "address": "",
        "sceneTitle": "ゴミ置き場",
        "sceneNote": "説明: 櫻坂46「引きこもる時間はない」PV撮影場所 (小島凪紗) http://blog.livedoor.jp/fumichen2/archives/58475482.html 住所: 〒150-0042 東京都渋谷区宇田川町11-1 https://www.youtube.com/embed/KYvq8-xY1Gg",
        "sourceLabel": "fumi Diary 2号店",
        "sourceUrl": "https://www.youtube.com/watch?v=KYvq8-xY1Gg",
        "tags": [
          "PV&ジャケット写真"
        ],
        "images": [
          "https://pub-6d7574c4452b41519ab8adf1541d7f9e.r2.dev/seichi/sakurazaka/3AAjQbR6MhuRj883c4YjDt7VVgKcJywJV84FX-71_9e1fcfe2.png",
          "https://img.youtube.com/vi/KYvq8-xY1Gg/hqdefault.jpg"
        ],
        "members": [],
        "source": {
          "provider": "fumi Diary 2号店",
          "url": "https://www.youtube.com/watch?v=KYvq8-xY1Gg",
          "mapId": "",
          "layer": "PV&ジャケット写真",
          "tags": [
            "PV&ジャケット写真"
          ],
          "name": "ゴミ置き場"
        },
        "classification": {
          "category": "PV&ジャケット写真",
          "subcategory": "PV&ジャケット写真",
          "method": "legacy-import",
          "status": "unreviewed"
        },
        "classificationCandidates": {
          "members": [],
          "projects": [],
          "contentTypes": []
        }
      }
    },
    {
      "type": "Feature",
      "geometry": {
        "type": "Point",
        "coordinates": [
          139.697173,
          35.662646
        ]
      },
      "properties": {
        "id": "fumi-581",
        "name": "シスコ坂",
        "category": "PV&ジャケット写真",
        "subcategory": "PV&ジャケット写真",
        "categoryColor": "#e11d48",
        "address": "",
        "sceneTitle": "シスコ坂",
        "sceneNote": "説明: 櫻坂46「引きこもる時間はない」PV撮影場所 (小島凪紗) http://blog.livedoor.jp/fumichen2/archives/58475482.html 住所: 〒150-0042 東京都渋谷区宇田川町11-11 https://www.youtube.com/embed/KYvq8-xY1Gg",
        "sourceLabel": "fumi Diary 2号店",
        "sourceUrl": "https://www.youtube.com/watch?v=KYvq8-xY1Gg",
        "tags": [
          "PV&ジャケット写真"
        ],
        "images": [
          "https://pub-6d7574c4452b41519ab8adf1541d7f9e.r2.dev/seichi/sakurazaka/3AAjQbR5BNNUgnOlBidLOdzwYoZO31L_ve370zt-_6895496f.png",
          "https://img.youtube.com/vi/KYvq8-xY1Gg/hqdefault.jpg"
        ],
        "members": [],
        "source": {
          "provider": "fumi Diary 2号店",
          "url": "https://www.youtube.com/watch?v=KYvq8-xY1Gg",
          "mapId": "",
          "layer": "PV&ジャケット写真",
          "tags": [
            "PV&ジャケット写真"
          ],
          "name": "シスコ坂"
        },
        "classification": {
          "category": "PV&ジャケット写真",
          "subcategory": "PV&ジャケット写真",
          "method": "legacy-import",
          "status": "unreviewed"
        },
        "classificationCandidates": {
          "members": [],
          "projects": [],
          "contentTypes": []
        }
      }
    },
    {
      "type": "Feature",
      "geometry": {
        "type": "Point",
        "coordinates": [
          139.74357,
          35.658049
        ]
      },
      "properties": {
        "id": "fumi-582",
        "name": "東麻布歩道橋",
        "category": "PV&ジャケット写真",
        "subcategory": "PV&ジャケット写真",
        "categoryColor": "#e11d48",
        "address": "",
        "sceneTitle": "東麻布歩道橋",
        "sceneNote": "説明: 櫻坂46「引きこもる時間はない」PV撮影場所 (谷口愛季) http://blog.livedoor.jp/fumichen2/archives/58475482.html 住所: 〒106-0044 東京都港区東麻布1-4-2 https://www.youtube.com/embed/KYvq8-xY1Gg",
        "sourceLabel": "fumi Diary 2号店",
        "sourceUrl": "https://www.youtube.com/watch?v=KYvq8-xY1Gg",
        "tags": [
          "PV&ジャケット写真"
        ],
        "images": [
          "https://pub-6d7574c4452b41519ab8adf1541d7f9e.r2.dev/seichi/sakurazaka/3AAjQbR6Yetd7ewSnvLHGClcwaCf3ha0rlBF505c_3ffdfe8e.png",
          "https://img.youtube.com/vi/KYvq8-xY1Gg/hqdefault.jpg"
        ],
        "members": [],
        "source": {
          "provider": "fumi Diary 2号店",
          "url": "https://www.youtube.com/watch?v=KYvq8-xY1Gg",
          "mapId": "",
          "layer": "PV&ジャケット写真",
          "tags": [
            "PV&ジャケット写真"
          ],
          "name": "東麻布歩道橋"
        },
        "classification": {
          "category": "PV&ジャケット写真",
          "subcategory": "PV&ジャケット写真",
          "method": "legacy-import",
          "status": "unreviewed"
        },
        "classificationCandidates": {
          "members": [],
          "projects": [],
          "contentTypes": []
        }
      }
    },
    {
      "type": "Feature",
      "geometry": {
        "type": "Point",
        "coordinates": [
          139.744291,
          35.64509
        ]
      },
      "properties": {
        "id": "fumi-583",
        "name": "札の辻橋歩道橋",
        "category": "PV&ジャケット写真",
        "subcategory": "PV&ジャケット写真",
        "categoryColor": "#e11d48",
        "address": "",
        "sceneTitle": "札の辻橋歩道橋",
        "sceneNote": "説明: 櫻坂46「引きこもる時間はない」PV撮影場所 (谷口愛季) http://blog.livedoor.jp/fumichen2/archives/58475482.html 住所: 35.645090, 139.744291 https://www.youtube.com/embed/KYvq8-xY1Gg",
        "sourceLabel": "fumi Diary 2号店",
        "sourceUrl": "https://www.youtube.com/watch?v=KYvq8-xY1Gg",
        "tags": [
          "PV&ジャケット写真"
        ],
        "images": [
          "https://pub-6d7574c4452b41519ab8adf1541d7f9e.r2.dev/seichi/sakurazaka/3AAjQbR6wFPpwbtqIHvEiuDtLDNXPAto1DpP_Yze_f79d35a0.png",
          "https://img.youtube.com/vi/KYvq8-xY1Gg/hqdefault.jpg"
        ],
        "members": [],
        "source": {
          "provider": "fumi Diary 2号店",
          "url": "https://www.youtube.com/watch?v=KYvq8-xY1Gg",
          "mapId": "",
          "layer": "PV&ジャケット写真",
          "tags": [
            "PV&ジャケット写真"
          ],
          "name": "札の辻橋歩道橋"
        },
        "classification": {
          "category": "PV&ジャケット写真",
          "subcategory": "PV&ジャケット写真",
          "method": "legacy-import",
          "status": "unreviewed"
        },
        "classificationCandidates": {
          "members": [],
          "projects": [],
          "contentTypes": []
        }
      }
    },
    {
      "type": "Feature",
      "geometry": {
        "type": "Point",
        "coordinates": [
          139.7190173,
          35.5632299
        ]
      },
      "properties": {
        "id": "fumi-584",
        "name": "美熟女パブ愛ちゃん",
        "category": "PV&ジャケット写真",
        "subcategory": "PV&ジャケット写真",
        "categoryColor": "#e11d48",
        "address": "",
        "sceneTitle": "美熟女パブ愛ちゃん",
        "sceneNote": "説明: 櫻坂46「引きこもる時間はない」PV撮影場所 (中嶋優月) http://blog.livedoor.jp/fumichen2/archives/58475482.html 住所: 〒144-0052 東京都大田区蒲田5-8-4 クスミビル3F https://www.youtube.com/embed/KYvq8-xY1Gg",
        "sourceLabel": "fumi Diary 2号店",
        "sourceUrl": "https://www.youtube.com/watch?v=KYvq8-xY1Gg",
        "tags": [
          "PV&ジャケット写真"
        ],
        "images": [
          "https://pub-6d7574c4452b41519ab8adf1541d7f9e.r2.dev/seichi/sakurazaka/3AAjQbR7TBuQZVP9nP7RxDBxZ4DyZaJHWgwnpSi5_4668fa73.png",
          "https://img.youtube.com/vi/KYvq8-xY1Gg/hqdefault.jpg"
        ],
        "members": [],
        "source": {
          "provider": "fumi Diary 2号店",
          "url": "https://www.youtube.com/watch?v=KYvq8-xY1Gg",
          "mapId": "",
          "layer": "PV&ジャケット写真",
          "tags": [
            "PV&ジャケット写真"
          ],
          "name": "美熟女パブ愛ちゃん"
        },
        "classification": {
          "category": "PV&ジャケット写真",
          "subcategory": "PV&ジャケット写真",
          "method": "legacy-import",
          "status": "unreviewed"
        },
        "classificationCandidates": {
          "members": [],
          "projects": [],
          "contentTypes": []
        }
      }
    },
    {
      "type": "Feature",
      "geometry": {
        "type": "Point",
        "coordinates": [
          139.8365587,
          35.7439
        ]
      },
      "properties": {
        "id": "fumi-585",
        "name": "お花茶屋森谷邸",
        "category": "PV&ジャケット写真",
        "subcategory": "PV&ジャケット写真",
        "categoryColor": "#e11d48",
        "address": "",
        "sceneTitle": "お花茶屋森谷邸",
        "sceneNote": "説明: 櫻坂46「引きこもる時間はない」PV撮影場所 (的野美青) http://blog.livedoor.jp/fumichen2/archives/58475482.html 住所: 〒124-0005 東京都葛飾区宝町1-22-21 https://www.youtube.com/embed/KYvq8-xY1Gg",
        "sourceLabel": "fumi Diary 2号店",
        "sourceUrl": "https://www.youtube.com/watch?v=KYvq8-xY1Gg",
        "tags": [
          "PV&ジャケット写真"
        ],
        "images": [
          "https://pub-6d7574c4452b41519ab8adf1541d7f9e.r2.dev/seichi/sakurazaka/3AAjQbR6vskIITzE9NR5lrSWfQ_eGVVSpJjCzoml_4b8a940d.png",
          "https://img.youtube.com/vi/KYvq8-xY1Gg/hqdefault.jpg"
        ],
        "members": [],
        "source": {
          "provider": "fumi Diary 2号店",
          "url": "https://www.youtube.com/watch?v=KYvq8-xY1Gg",
          "mapId": "",
          "layer": "PV&ジャケット写真",
          "tags": [
            "PV&ジャケット写真"
          ],
          "name": "お花茶屋森谷邸"
        },
        "classification": {
          "category": "PV&ジャケット写真",
          "subcategory": "PV&ジャケット写真",
          "method": "legacy-import",
          "status": "unreviewed"
        },
        "classificationCandidates": {
          "members": [],
          "projects": [],
          "contentTypes": []
        }
      }
    },
    {
      "type": "Feature",
      "geometry": {
        "type": "Point",
        "coordinates": [
          139.700253,
          35.657666
        ]
      },
      "properties": {
        "id": "fumi-586",
        "name": "セラヴィ東京 (CÉ LA VI Tokyo)",
        "category": "PV&ジャケット写真",
        "subcategory": "PV&ジャケット写真",
        "categoryColor": "#e11d48",
        "address": "",
        "sceneTitle": "セラヴィ東京 (CÉ LA VI Tokyo)",
        "sceneNote": "説明: 櫻坂46「引きこもる時間はない」PV撮影場所 (向井純葉) http://blog.livedoor.jp/fumichen2/archives/58475482.html 住所: 〒150-0043 東京都渋谷区道玄坂1-2-3 東急プラザ渋谷 17～18F (渋谷フクラス内) https://www.youtube.com/embed/KYvq8-xY1Gg",
        "sourceLabel": "fumi Diary 2号店",
        "sourceUrl": "https://www.youtube.com/watch?v=KYvq8-xY1Gg",
        "tags": [
          "PV&ジャケット写真"
        ],
        "images": [
          "https://pub-6d7574c4452b41519ab8adf1541d7f9e.r2.dev/seichi/sakurazaka/3AAjQbR5xrJVH_ZG1FJ-ny6Ix-KIlYWZiemF_XUR_1daf1f46.png",
          "https://img.youtube.com/vi/KYvq8-xY1Gg/hqdefault.jpg"
        ],
        "members": [],
        "source": {
          "provider": "fumi Diary 2号店",
          "url": "https://www.youtube.com/watch?v=KYvq8-xY1Gg",
          "mapId": "",
          "layer": "PV&ジャケット写真",
          "tags": [
            "PV&ジャケット写真"
          ],
          "name": "セラヴィ東京 (CÉ LA VI Tokyo)"
        },
        "classification": {
          "category": "PV&ジャケット写真",
          "subcategory": "PV&ジャケット写真",
          "method": "legacy-import",
          "status": "unreviewed"
        },
        "classificationCandidates": {
          "members": [],
          "projects": [],
          "contentTypes": []
        }
      }
    },
    {
      "type": "Feature",
      "geometry": {
        "type": "Point",
        "coordinates": [
          139.7987778,
          35.6822525
        ]
      },
      "properties": {
        "id": "fumi-587",
        "name": "都営地下鉄大江戸線 清澄白河駅",
        "category": "PV&ジャケット写真",
        "subcategory": "PV&ジャケット写真",
        "categoryColor": "#e11d48",
        "address": "",
        "sceneTitle": "都営地下鉄大江戸線 清澄白河駅",
        "sceneNote": "説明: 櫻坂46「引きこもる時間はない」PV撮影場所 (村井優) http://blog.livedoor.jp/fumichen2/archives/58475482.html 住所: 〒135-0021 東京都江東区白河1-7-14 https://www.youtube.com/embed/KYvq8-xY1Gg",
        "sourceLabel": "fumi Diary 2号店",
        "sourceUrl": "https://www.youtube.com/watch?v=KYvq8-xY1Gg",
        "tags": [
          "PV&ジャケット写真"
        ],
        "images": [
          "https://pub-6d7574c4452b41519ab8adf1541d7f9e.r2.dev/seichi/sakurazaka/3AAjQbR7vOAm9vn48pu9ButcBel3EE3W6ZyTX7I4_3d8305b1.png",
          "https://img.youtube.com/vi/KYvq8-xY1Gg/hqdefault.jpg"
        ],
        "members": [],
        "source": {
          "provider": "fumi Diary 2号店",
          "url": "https://www.youtube.com/watch?v=KYvq8-xY1Gg",
          "mapId": "",
          "layer": "PV&ジャケット写真",
          "tags": [
            "PV&ジャケット写真"
          ],
          "name": "都営地下鉄大江戸線 清澄白河駅"
        },
        "classification": {
          "category": "PV&ジャケット写真",
          "subcategory": "PV&ジャケット写真",
          "method": "legacy-import",
          "status": "unreviewed"
        },
        "classificationCandidates": {
          "members": [],
          "projects": [],
          "contentTypes": []
        }
      }
    },
    {
      "type": "Feature",
      "geometry": {
        "type": "Point",
        "coordinates": [
          139.798965,
          35.681234
        ]
      },
      "properties": {
        "id": "fumi-588",
        "name": "清澄白河駅 地下通路",
        "category": "PV&ジャケット写真",
        "subcategory": "PV&ジャケット写真",
        "categoryColor": "#e11d48",
        "address": "",
        "sceneTitle": "清澄白河駅 地下通路",
        "sceneNote": "説明: 櫻坂46「引きこもる時間はない」PV撮影場所 (村井優) http://blog.livedoor.jp/fumichen2/archives/58475482.html 住所: 〒135-0021 東京都江東区白河1-7-14 https://www.youtube.com/embed/KYvq8-xY1Gg",
        "sourceLabel": "fumi Diary 2号店",
        "sourceUrl": "https://www.youtube.com/watch?v=KYvq8-xY1Gg",
        "tags": [
          "PV&ジャケット写真"
        ],
        "images": [
          "https://pub-6d7574c4452b41519ab8adf1541d7f9e.r2.dev/seichi/sakurazaka/3AAjQbR6Lp69ygu4Ko0j3sKy-C5cv1FMlKH80XzC_f8f21850.png",
          "https://img.youtube.com/vi/KYvq8-xY1Gg/hqdefault.jpg"
        ],
        "members": [],
        "source": {
          "provider": "fumi Diary 2号店",
          "url": "https://www.youtube.com/watch?v=KYvq8-xY1Gg",
          "mapId": "",
          "layer": "PV&ジャケット写真",
          "tags": [
            "PV&ジャケット写真"
          ],
          "name": "清澄白河駅 地下通路"
        },
        "classification": {
          "category": "PV&ジャケット写真",
          "subcategory": "PV&ジャケット写真",
          "method": "legacy-import",
          "status": "unreviewed"
        },
        "classificationCandidates": {
          "members": [],
          "projects": [],
          "contentTypes": []
        }
      }
    },
    {
      "type": "Feature",
      "geometry": {
        "type": "Point",
        "coordinates": [
          139.7489225,
          35.5347095
        ]
      },
      "properties": {
        "id": "fumi-589",
        "name": "いつくしま跨線橋",
        "category": "PV&ジャケット写真",
        "subcategory": "PV&ジャケット写真",
        "categoryColor": "#e11d48",
        "address": "",
        "sceneTitle": "いつくしま跨線橋",
        "sceneNote": "説明: 櫻坂46「引きこもる時間はない」PV撮影場所 (村山美羽) http://blog.livedoor.jp/fumichen2/archives/58475482.html 住所: 〒210-0822 神奈川県川崎市川崎区田町 https://www.youtube.com/embed/KYvq8-xY1Gg",
        "sourceLabel": "fumi Diary 2号店",
        "sourceUrl": "https://www.youtube.com/watch?v=KYvq8-xY1Gg",
        "tags": [
          "PV&ジャケット写真"
        ],
        "images": [
          "https://pub-6d7574c4452b41519ab8adf1541d7f9e.r2.dev/seichi/sakurazaka/3AAjQbR6wPbKKJaZxM7zVCcjxT2J7YBWY82xLVqY_38d565d7.png",
          "https://pub-6d7574c4452b41519ab8adf1541d7f9e.r2.dev/seichi/sakurazaka/3AAjQbR7kpCnSDq9BhlPVsGS95uEE0DBCuoYgQYn_c5604a49.png",
          "https://img.youtube.com/vi/KYvq8-xY1Gg/hqdefault.jpg"
        ],
        "members": [],
        "source": {
          "provider": "fumi Diary 2号店",
          "url": "https://www.youtube.com/watch?v=KYvq8-xY1Gg",
          "mapId": "",
          "layer": "PV&ジャケット写真",
          "tags": [
            "PV&ジャケット写真"
          ],
          "name": "いつくしま跨線橋"
        },
        "classification": {
          "category": "PV&ジャケット写真",
          "subcategory": "PV&ジャケット写真",
          "method": "legacy-import",
          "status": "unreviewed"
        },
        "classificationCandidates": {
          "members": [],
          "projects": [],
          "contentTypes": []
        }
      }
    },
    {
      "type": "Feature",
      "geometry": {
        "type": "Point",
        "coordinates": [
          139.703886,
          35.692983
        ]
      },
      "properties": {
        "id": "fumi-590",
        "name": "靖国通り",
        "category": "PV&ジャケット写真",
        "subcategory": "PV&ジャケット写真",
        "categoryColor": "#e11d48",
        "address": "",
        "sceneTitle": "靖国通り",
        "sceneNote": "説明: 櫻坂46「引きこもる時間はない」PV撮影場所 (山下瞳月) http://blog.livedoor.jp/fumichen2/archives/58475482.html 住所: 〒160-0021 東京都新宿区歌舞伎町1-1-19",
        "sourceLabel": "fumi Diary 2号店",
        "sourceUrl": "http://blog.livedoor.jp/fumichen2/",
        "tags": [
          "PV&ジャケット写真"
        ],
        "images": [
          "https://pub-6d7574c4452b41519ab8adf1541d7f9e.r2.dev/seichi/sakurazaka/3AAjQbR7ER8r5Ove-UOdt_4fMFFAfOX48RXeLvLo_57ed063f.png"
        ],
        "members": [],
        "source": {
          "provider": "fumi Diary 2号店",
          "url": "http://blog.livedoor.jp/fumichen2/",
          "mapId": "",
          "layer": "PV&ジャケット写真",
          "tags": [
            "PV&ジャケット写真"
          ],
          "name": "靖国通り"
        },
        "classification": {
          "category": "PV&ジャケット写真",
          "subcategory": "PV&ジャケット写真",
          "method": "legacy-import",
          "status": "unreviewed"
        },
        "classificationCandidates": {
          "members": [],
          "projects": [],
          "contentTypes": []
        }
      }
    },
    {
      "type": "Feature",
      "geometry": {
        "type": "Point",
        "coordinates": [
          139.698103,
          35.689437
        ]
      },
      "properties": {
        "id": "fumi-591",
        "name": "ヨドバシカメラ新宿西口本店マルチメディア館東館",
        "category": "PV&ジャケット写真",
        "subcategory": "PV&ジャケット写真",
        "categoryColor": "#e11d48",
        "address": "",
        "sceneTitle": "ヨドバシカメラ新宿西口本店マルチメディア館東館",
        "sceneNote": "説明: 櫻坂46「引きこもる時間はない」PV撮影場所 (山下瞳月) http://blog.livedoor.jp/fumichen2/archives/58475482.html 住所: 〒160-0023 東京都新宿区西新宿1-11-6 https://www.youtube.com/embed/KYvq8-xY1Gg",
        "sourceLabel": "fumi Diary 2号店",
        "sourceUrl": "https://www.youtube.com/watch?v=KYvq8-xY1Gg",
        "tags": [
          "PV&ジャケット写真"
        ],
        "images": [
          "https://pub-6d7574c4452b41519ab8adf1541d7f9e.r2.dev/seichi/sakurazaka/3AAjQbR4nzYvzI0Q9Bvxizdz2CC07unMXH272ArQ_d353eb28.png",
          "https://img.youtube.com/vi/KYvq8-xY1Gg/hqdefault.jpg"
        ],
        "members": [],
        "source": {
          "provider": "fumi Diary 2号店",
          "url": "https://www.youtube.com/watch?v=KYvq8-xY1Gg",
          "mapId": "",
          "layer": "PV&ジャケット写真",
          "tags": [
            "PV&ジャケット写真"
          ],
          "name": "ヨドバシカメラ新宿西口本店マルチメディア館東館"
        },
        "classification": {
          "category": "PV&ジャケット写真",
          "subcategory": "PV&ジャケット写真",
          "method": "legacy-import",
          "status": "unreviewed"
        },
        "classificationCandidates": {
          "members": [],
          "projects": [],
          "contentTypes": []
        }
      }
    },
    {
      "type": "Feature",
      "geometry": {
        "type": "Point",
        "coordinates": [
          141.3519698,
          43.068006
        ]
      },
      "properties": {
        "id": "fumi-919",
        "name": "HMV札幌ステラプレイス",
        "category": "サイン",
        "subcategory": "サイン",
        "categoryColor": "#059669",
        "address": "",
        "sceneTitle": "HMV札幌ステラプレイス",
        "sceneNote": "説明: 欅坂46サイン入りポスター サイレントマジョリティー: 平手友梨奈 世界には愛しかない: 志田愛佳 二人セゾン: 鈴本美愉 真っ白なものは汚したくなる: 菅井友香 永遠より長い一瞬 ～あの頃、確かに存在した私たち～: 増本綺良 櫻坂46サイン入りポスター Nobody's fault: 田村保乃 BAN: 森田ひかる 五月雨よ: 山﨑天 As you know?: 山﨑天 桜月: 守屋麗奈 Start over!: 藤吉夏鈴 承認欲求: 森田ひかる 住所: 〒060-0005 北海道札幌市中央区北5条西2丁目5番地 JRタワー札幌ステラプレイス4F",
        "sourceLabel": "fumi Diary 2号店",
        "sourceUrl": "http://blog.livedoor.jp/fumichen2/",
        "tags": [
          "サイン"
        ],
        "images": [
          "https://pub-6d7574c4452b41519ab8adf1541d7f9e.r2.dev/seichi/sakurazaka/3AAjQbR7exSJp9kmuNpCZR7DVVtBRJPZpe0ThPck_4f3276cd.png",
          "https://pub-6d7574c4452b41519ab8adf1541d7f9e.r2.dev/seichi/sakurazaka/3AAjQbR4Nly2wpqrO0jv4c6pm_sKiO5IF1SSoDvI_931257ac.png",
          "https://pub-6d7574c4452b41519ab8adf1541d7f9e.r2.dev/seichi/sakurazaka/3AAjQbR61LxYNnIZhsTcHkZRvtSIgtu0X4T7Ixad_d0efdc05.png",
          "https://pub-6d7574c4452b41519ab8adf1541d7f9e.r2.dev/seichi/sakurazaka/3AAjQbR7oTa_u_96L451Q4E1oR5-xXq5UV0elMNL_1cd7d0ee.png",
          "https://pub-6d7574c4452b41519ab8adf1541d7f9e.r2.dev/seichi/sakurazaka/3AAjQbR68gSOha9WpOe9arsyhKiRG9wlH7UUdgHJ_c9840af3.png"
        ],
        "members": [],
        "source": {
          "provider": "fumi Diary 2号店",
          "url": "http://blog.livedoor.jp/fumichen2/",
          "mapId": "",
          "layer": "サイン",
          "tags": [
            "サイン"
          ],
          "name": "HMV札幌ステラプレイス"
        },
        "classification": {
          "category": "サイン",
          "subcategory": "サイン",
          "method": "legacy-import",
          "status": "unreviewed"
        },
        "classificationCandidates": {
          "members": [],
          "projects": [],
          "contentTypes": []
        }
      }
    },
    {
      "type": "Feature",
      "geometry": {
        "type": "Point",
        "coordinates": [
          141.3560414,
          43.0174191
        ]
      },
      "properties": {
        "id": "fumi-920",
        "name": "コーチャンフォーミュンヘン大橋店",
        "category": "サイン",
        "subcategory": "サイン",
        "categoryColor": "#059669",
        "address": "",
        "sceneTitle": "コーチャンフォーミュンヘン大橋店",
        "sceneNote": "説明: 欅坂46サイン入りポスター サイレントマジョリティー: 上村莉菜 世界には愛しかない: 米谷奈々未 二人セゾン: 尾関梨香 真っ白なものは汚したくなる: 小林由依 永遠より長い一瞬 ～あの頃、確かに存在した私たち～: 菅井友香 櫻坂46サイン入りポスター Nobody's fault: 尾関梨香 住所: 〒062-0921 北海道札幌市豊平区中の島1条13丁目1-1",
        "sourceLabel": "fumi Diary 2号店",
        "sourceUrl": "http://blog.livedoor.jp/fumichen2/",
        "tags": [
          "サイン"
        ],
        "images": [
          "https://lh3.googleusercontent.com/umsh/AN6v0v4_tbXJUqbcSuSpX27Gub6hlmmzBxpSCONJfg4ebSRs_hLxwv1GFny4RTobiUb6WQOs7pgEw8asZsCNRZRTAk2Xf1Ep6qHwQx8imdZtoU-OSOMzq-VXjg",
          "https://lh3.googleusercontent.com/umsh/AN6v0v7qQ8FqcKcYWRIeGQ1h7DnpLz6awr93QH7IYv9OCWGu5K_-SLGzzfo__e2UpRvtCuCToqnJ8OogFAnWC7v7JIyO7WqUU41EX6rgTucC46DbiYgB9Eo-8A",
          "https://pub-6d7574c4452b41519ab8adf1541d7f9e.r2.dev/seichi/sakurazaka/3AAjQbR5tPbQXRAR_L0UbDFa819crEzwRIoNqK1S_2c1a51e0.png",
          "https://pub-6d7574c4452b41519ab8adf1541d7f9e.r2.dev/seichi/sakurazaka/3AAjQbR6hsszvsRzPMN19973GRHAOba8Gd3_QoXt_8742e4fa.png"
        ],
        "members": [],
        "source": {
          "provider": "fumi Diary 2号店",
          "url": "http://blog.livedoor.jp/fumichen2/",
          "mapId": "",
          "layer": "サイン",
          "tags": [
            "サイン"
          ],
          "name": "コーチャンフォーミュンヘン大橋店"
        },
        "classification": {
          "category": "サイン",
          "subcategory": "サイン",
          "method": "legacy-import",
          "status": "unreviewed"
        },
        "classificationCandidates": {
          "members": [],
          "projects": [],
          "contentTypes": []
        }
      }
    },
    {
      "type": "Feature",
      "geometry": {
        "type": "Point",
        "coordinates": [
          142.3678458,
          43.758718
        ]
      },
      "properties": {
        "id": "fumi-921",
        "name": "コーチャンフォー旭川店",
        "category": "サイン",
        "subcategory": "サイン",
        "categoryColor": "#059669",
        "address": "",
        "sceneTitle": "コーチャンフォー旭川店",
        "sceneNote": "説明: 欅坂46サイン入りポスター サイレントマジョリティー: 小池美波 世界には愛しかない: 今泉佑唯 二人セゾン: 石森虹花 真っ白なものは汚したくなる: 石森虹花 櫻坂46サイン入りポスター Start over!: 小池美波 住所: 〒078-8391 旭川市宮前1条2-4-1 (北彩都あさひかわ)",
        "sourceLabel": "fumi Diary 2号店",
        "sourceUrl": "http://blog.livedoor.jp/fumichen2/",
        "tags": [
          "サイン"
        ],
        "images": [
          "https://lh3.googleusercontent.com/umsh/AN6v0v4FfDFkqn_1GxGXvLAmDaopfaZgLV6z6l5SsbcSVr4P-YpruuhIAJWMxTOweAAek8cp9gYILzlApwZ3MDDHp0x1heUq7pyYOlF7vAYXrgRPaNT4nKyb-g",
          "https://lh3.googleusercontent.com/umsh/AN6v0v7qQ8FqcKcYWRIeGQ1h7DnpLz6awr93QH7IYv9OCWGu5K_-SLGzzfo__e2UpRvtCuCToqnJ8OogFAnWC7v7JIyO7WqUU41EX6rgTucC46DbiYgB9Eo-8A",
          "https://pub-6d7574c4452b41519ab8adf1541d7f9e.r2.dev/seichi/sakurazaka/3AAjQbR60zMOdN351cL36q59w2AlvgXGAfsTe3Qs_9c35ff7d.png",
          "https://pub-6d7574c4452b41519ab8adf1541d7f9e.r2.dev/seichi/sakurazaka/3AAjQbR6OgTAgBzopi1EHoIktAlsL6szELiaduRR_c44261f3.png"
        ],
        "members": [],
        "source": {
          "provider": "fumi Diary 2号店",
          "url": "http://blog.livedoor.jp/fumichen2/",
          "mapId": "",
          "layer": "サイン",
          "tags": [
            "サイン"
          ],
          "name": "コーチャンフォー旭川店"
        },
        "classification": {
          "category": "サイン",
          "subcategory": "サイン",
          "method": "legacy-import",
          "status": "unreviewed"
        },
        "classificationCandidates": {
          "members": [],
          "projects": [],
          "contentTypes": []
        }
      }
    },
    {
      "type": "Feature",
      "geometry": {
        "type": "Point",
        "coordinates": [
          141.456179,
          42.9844796
        ]
      },
      "properties": {
        "id": "fumi-922",
        "name": "コーチャンフォー美しが丘店",
        "category": "サイン",
        "subcategory": "サイン",
        "categoryColor": "#059669",
        "address": "",
        "sceneTitle": "コーチャンフォー美しが丘店",
        "sceneNote": "説明: 欅坂46サイン入りポスター サイレントマジョリティー: 小林由依 世界には愛しかない: 尾関梨香 二人セゾン: 織田奈那 真っ白なものは汚したくなる: 上村莉菜 永遠より長い一瞬 ～あの頃、確かに存在した私たち～: 土生瑞穂 櫻坂46サイン入りポスター Nobody's fault: 関有美子 住所: 〒004-0811 北海道札幌市清田区美しが丘1条5丁目",
        "sourceLabel": "fumi Diary 2号店",
        "sourceUrl": "http://blog.livedoor.jp/fumichen2/",
        "tags": [
          "サイン"
        ],
        "images": [
          "https://lh3.googleusercontent.com/umsh/AN6v0v4hLCSYp0bms4nTpSarHhJhh3wGGabFTvxUoD0bBU_yjzrCLn-I0SlZhJXZk2_Y4mBlx-kKIefM15X_sgcpgAzrAlpI89MriZXnlUJNKAhfwwk3FZsD8g",
          "https://lh3.googleusercontent.com/umsh/AN6v0v7qQ8FqcKcYWRIeGQ1h7DnpLz6awr93QH7IYv9OCWGu5K_-SLGzzfo__e2UpRvtCuCToqnJ8OogFAnWC7v7JIyO7WqUU41EX6rgTucC46DbiYgB9Eo-8A",
          "https://pub-6d7574c4452b41519ab8adf1541d7f9e.r2.dev/seichi/sakurazaka/3AAjQbR5bGRZSJDoPUJkMtMbtjNWyzzglZDankpL_6e2371ab.png",
          "https://pub-6d7574c4452b41519ab8adf1541d7f9e.r2.dev/seichi/sakurazaka/3AAjQbR4v-C6kxG2uNYQO5gAixJ-xWz82Ao0piYp_66cb65c2.png"
        ],
        "members": [],
        "source": {
          "provider": "fumi Diary 2号店",
          "url": "http://blog.livedoor.jp/fumichen2/",
          "mapId": "",
          "layer": "サイン",
          "tags": [
            "サイン"
          ],
          "name": "コーチャンフォー美しが丘店"
        },
        "classification": {
          "category": "サイン",
          "subcategory": "サイン",
          "method": "legacy-import",
          "status": "unreviewed"
        },
        "classificationCandidates": {
          "members": [],
          "projects": [],
          "contentTypes": []
        }
      }
    },
    {
      "type": "Feature",
      "geometry": {
        "type": "Point",
        "coordinates": [
          140.8800821,
          38.2587905
        ]
      },
      "properties": {
        "id": "fumi-935",
        "name": "HMV仙台 E BeanS",
        "category": "サイン",
        "subcategory": "サイン",
        "categoryColor": "#059669",
        "address": "",
        "sceneTitle": "HMV仙台 E BeanS",
        "sceneNote": "説明: 欅坂46サイン入りポスター サイレントマジョリティー: 守屋茜 世界には愛しかない: 石森虹花 二人セゾン: 長濱ねる 櫻坂46サイン入りポスター 流れ弾: 増本綺良 As you know?: 小池美波 Start over!: 山下瞳月 承認欲求: 谷口愛季 住所: 〒980-0021 宮城県仙台市青葉区中央4-1-1 E BeanS 1F",
        "sourceLabel": "fumi Diary 2号店",
        "sourceUrl": "http://blog.livedoor.jp/fumichen2/",
        "tags": [
          "サイン"
        ],
        "images": [
          "https://lh3.googleusercontent.com/umsh/AN6v0v4FDVnwFjcbL9PTbFbBToRdDaoz7Sazjfpjr5gdUaQ7djc5Jsjo6vgtKKse-6mlCvKhbN20RN4FytutKG3unK7bESQ45x5LIxbWhCHYvvnICIlDzNoWvafVQDkJbg",
          "https://lh3.googleusercontent.com/umsh/AN6v0v5XhXmBegGh1KUZBBjTlRTpBgydA2goS1SM5kO8D8JLZ8yO7CajHXUiwd2ePKwvgppp2v8a0RIH4wmFHNMFRjBwNoo9FNZuc5MaxwGCwHlzvbbve0g2",
          "https://pub-6d7574c4452b41519ab8adf1541d7f9e.r2.dev/seichi/sakurazaka/3AAjQbR42IWQ2ZOTORN0JW6o6v3zmW89W3takFjK_d94c3d6a.png"
        ],
        "members": [],
        "source": {
          "provider": "fumi Diary 2号店",
          "url": "http://blog.livedoor.jp/fumichen2/",
          "mapId": "",
          "layer": "サイン",
          "tags": [
            "サイン"
          ],
          "name": "HMV仙台 E BeanS"
        },
        "classification": {
          "category": "サイン",
          "subcategory": "サイン",
          "method": "legacy-import",
          "status": "unreviewed"
        },
        "classificationCandidates": {
          "members": [],
          "projects": [],
          "contentTypes": []
        }
      }
    },
    {
      "type": "Feature",
      "geometry": {
        "type": "Point",
        "coordinates": [
          140.8816633,
          38.262037
        ]
      },
      "properties": {
        "id": "fumi-937",
        "name": "タワーレコード仙台パルコ店",
        "category": "サイン",
        "subcategory": "サイン",
        "categoryColor": "#059669",
        "address": "",
        "sceneTitle": "タワーレコード仙台パルコ店",
        "sceneNote": "説明: 欅坂46サイン入りポスター サイレントマジョリティー: 石森虹花 世界には愛しかない: 原田葵 二人セゾン: 渡邉理佐、小池美波 真っ白なものは汚したくなる: 守屋茜 櫻坂46サイン入りポスター BAN: 守屋茜 流れ弾: 守屋茜 五月雨よ: 関有美子 As you know?: 田村保乃 Start over!: 藤吉夏鈴 承認欲求: 森田ひかる 住所: 〒980-8484 宮城県仙台市青葉区中央1-2-3 仙台パルコ 8F",
        "sourceLabel": "fumi Diary 2号店",
        "sourceUrl": "http://blog.livedoor.jp/fumichen2/",
        "tags": [
          "サイン"
        ],
        "images": [],
        "members": [],
        "source": {
          "provider": "fumi Diary 2号店",
          "url": "http://blog.livedoor.jp/fumichen2/",
          "mapId": "",
          "layer": "サイン",
          "tags": [
            "サイン"
          ],
          "name": "タワーレコード仙台パルコ店"
        },
        "classification": {
          "category": "サイン",
          "subcategory": "サイン",
          "method": "legacy-import",
          "status": "unreviewed"
        },
        "classificationCandidates": {
          "members": [],
          "projects": [],
          "contentTypes": []
        }
      }
    },
    {
      "type": "Feature",
      "geometry": {
        "type": "Point",
        "coordinates": [
          140.1603396,
          39.663873
        ]
      },
      "properties": {
        "id": "fumi-940",
        "name": "HMVイオンモール秋田",
        "category": "サイン",
        "subcategory": "サイン",
        "categoryColor": "#059669",
        "address": "",
        "sceneTitle": "HMVイオンモール秋田",
        "sceneNote": "説明: 欅坂46サイン入りポスター サイレントマジョリティー: 平手友梨奈 世界には愛しかない: 長濱ねる 二人セゾン: 渡邉理佐 真っ白なものは汚したくなる: 長沢菜々香 櫻坂46サイン入りポスター 承認欲求: 小林由依 住所: 〒010-1413 秋田県秋田市御所野地蔵田1-1-1 イオンモール秋田3F",
        "sourceLabel": "fumi Diary 2号店",
        "sourceUrl": "http://blog.livedoor.jp/fumichen2/",
        "tags": [
          "サイン"
        ],
        "images": [
          "https://pub-6d7574c4452b41519ab8adf1541d7f9e.r2.dev/seichi/sakurazaka/3AAjQbR6yIiJD5m9odYC3cA3ZXkEx_1ONwyABepP_cdcb3562.png",
          "https://pub-6d7574c4452b41519ab8adf1541d7f9e.r2.dev/seichi/sakurazaka/3AAjQbR4xES_X6axh5-z0k6XwKSjspCE2-NxnpvL_d9051e7d.png",
          "https://pub-6d7574c4452b41519ab8adf1541d7f9e.r2.dev/seichi/sakurazaka/3AAjQbR5NX10HFegcxokD4MGkz3edYl1Z1j1zCf-_f751a190.png"
        ],
        "members": [],
        "source": {
          "provider": "fumi Diary 2号店",
          "url": "http://blog.livedoor.jp/fumichen2/",
          "mapId": "",
          "layer": "サイン",
          "tags": [
            "サイン"
          ],
          "name": "HMVイオンモール秋田"
        },
        "classification": {
          "category": "サイン",
          "subcategory": "サイン",
          "method": "legacy-import",
          "status": "unreviewed"
        },
        "classificationCandidates": {
          "members": [],
          "projects": [],
          "contentTypes": []
        }
      }
    },
    {
      "type": "Feature",
      "geometry": {
        "type": "Point",
        "coordinates": [
          140.3589946,
          36.376001
        ]
      },
      "properties": {
        "id": "fumi-946",
        "name": "HMVイオンモール水戸内原",
        "category": "サイン",
        "subcategory": "サイン",
        "categoryColor": "#059669",
        "address": "",
        "sceneTitle": "HMVイオンモール水戸内原",
        "sceneNote": "説明: 欅坂46サイン入りポスター サイレントマジョリティー: 渡辺梨加 世界には愛しかない: 渡邉理佐 二人セゾン: 齋藤冬優花 櫻坂46サイン入りポスター 流れ弾: 渡辺梨加 五月雨よ: 井上梨名 As you know?: 井上梨名 Start over!: 小島凪紗 承認欲求: 村井優 住所: 〒319-0317 茨城県水戸市内原2丁目1番地 イオンモール水戸内原3F",
        "sourceLabel": "fumi Diary 2号店",
        "sourceUrl": "http://blog.livedoor.jp/fumichen2/",
        "tags": [
          "サイン"
        ],
        "images": [
          "https://lh3.googleusercontent.com/umsh/AN6v0v79o3ZxG8lqthpJ67oWvG-Ev7kmK-D7ki6-wJbdDDV4u6ibG-P21azzsYys5ftkAk79TJuzrv_Y2a3NU9WOvkGvzS7ssvFnb_WWEi6wg8xRF5lQmnWDrg",
          "https://lh3.googleusercontent.com/umsh/AN6v0v6GbRSTGTnM0DwFqvHItLzn0R4f6unYjiE7Xyys9B41QUgpGBtRUF-VOywRS2YZeMbuqVglSiD9a6-6GWb40AKzaeWtC2dYcg0RuHQ9w2cmm6H5lcuhrg",
          "https://pub-6d7574c4452b41519ab8adf1541d7f9e.r2.dev/seichi/sakurazaka/3AAjQbR5r9eTxnnbVWC7Uz1iafYSJP_Utbqk7fJg_cf26ab36.png",
          "https://pub-6d7574c4452b41519ab8adf1541d7f9e.r2.dev/seichi/sakurazaka/3AAjQbR711FVWixvPRakiSnI87DIEJW0DdbGvhX__7ba4d389.png"
        ],
        "members": [],
        "source": {
          "provider": "fumi Diary 2号店",
          "url": "http://blog.livedoor.jp/fumichen2/",
          "mapId": "",
          "layer": "サイン",
          "tags": [
            "サイン"
          ],
          "name": "HMVイオンモール水戸内原"
        },
        "classification": {
          "category": "サイン",
          "subcategory": "サイン",
          "method": "legacy-import",
          "status": "unreviewed"
        },
        "classificationCandidates": {
          "members": [],
          "projects": [],
          "contentTypes": []
        }
      }
    },
    {
      "type": "Feature",
      "geometry": {
        "type": "Point",
        "coordinates": [
          140.4757319,
          36.3710769
        ]
      },
      "properties": {
        "id": "fumi-953",
        "name": "新星堂水戸店",
        "category": "サイン",
        "subcategory": "サイン",
        "categoryColor": "#059669",
        "address": "",
        "sceneTitle": "新星堂水戸店",
        "sceneNote": "説明: 欅坂46サイン入りポスター サイレントマジョリティー: 渡邉理佐 世界には愛しかない: 長濱ねる 二人セゾン: 渡辺梨加 真っ白なものは汚したくなる: 渡辺梨加 櫻坂46サイン入りポスター Nobody's fault: 大沼晶保 BAN: 渡辺梨加 流れ弾: 幸阪茉里乃 五月雨よ: 増本綺良 As you know?: 森田ひかる 桜月: 武元唯衣 Start over!: 遠藤理子 承認欲求: 武元唯衣 住所: 〒310-0015 茨城県水戸市宮町1-1-1 水戸駅ビル・エクセル5F",
        "sourceLabel": "fumi Diary 2号店",
        "sourceUrl": "http://blog.livedoor.jp/fumichen2/",
        "tags": [
          "サイン"
        ],
        "images": [
          "https://lh3.googleusercontent.com/umsh/AN6v0v5xTUZFkE9FTAbg3xTN-sQYfxJiXhkTioVa7C22zmN75MhTLYCyg6srzaL70M4K_YpfAQSZiho4B5RW6DYihaPWUiG1hDtpRzWvyBGC61pTmLBUV5weDw",
          "https://lh3.googleusercontent.com/umsh/AN6v0v4DuPfua06WE_SgVSIORH0az5Lv2hPucy0JGKIjQ4iUDLguRRzT4EbVVmPUWj2YUcQU1OB4QBM3SYyRZ1OR2tdOQohR91tj-3EZTUe1rYAOYHcodpxr",
          "https://pub-6d7574c4452b41519ab8adf1541d7f9e.r2.dev/seichi/sakurazaka/3AAjQbR6b3XSmIR3o1Q8w_-KQ_XyagpLEFO2erGQ_a9f66b43.png",
          "https://pub-6d7574c4452b41519ab8adf1541d7f9e.r2.dev/seichi/sakurazaka/3AAjQbR5ZNCDLyJQbkFJj1uAO0MDIyNi7dqeyG4i_f1b94b7f.png",
          "https://pub-6d7574c4452b41519ab8adf1541d7f9e.r2.dev/seichi/sakurazaka/3AAjQbR4aYPwq-Z_RwMh9PQLhMbjONRiI-QnGAcn_bb8d8a2f.png",
          "https://pub-6d7574c4452b41519ab8adf1541d7f9e.r2.dev/seichi/sakurazaka/3AAjQbR5fXoZPMMSnekIY-u7aR1YroISeoh46peV_8ff8fab4.png"
        ],
        "members": [],
        "source": {
          "provider": "fumi Diary 2号店",
          "url": "http://blog.livedoor.jp/fumichen2/",
          "mapId": "",
          "layer": "サイン",
          "tags": [
            "サイン"
          ],
          "name": "新星堂水戸店"
        },
        "classification": {
          "category": "サイン",
          "subcategory": "サイン",
          "method": "legacy-import",
          "status": "unreviewed"
        },
        "classificationCandidates": {
          "members": [],
          "projects": [],
          "contentTypes": []
        }
      }
    },
    {
      "type": "Feature",
      "geometry": {
        "type": "Point",
        "coordinates": [
          139.9283874,
          36.5550465
        ]
      },
      "properties": {
        "id": "fumi-955",
        "name": "HMVイトーヨーカドー宇都宮",
        "category": "サイン",
        "subcategory": "サイン",
        "categoryColor": "#059669",
        "address": "",
        "sceneTitle": "HMVイトーヨーカドー宇都宮",
        "sceneNote": "説明: 欅坂46サイン入りポスター サイレントマジョリティー: 鈴本美愉 世界には愛しかない: 米谷奈々未 二人セゾン: 長濱ねる 櫻坂46サイン入りポスター BAN: 渡辺梨加 流れ弾: 原田葵 As you know?: 関有美子 桜月: 齋藤冬優花 Start over!: 石森璃花 承認欲求: 村井優 住所: 〒321-8555 栃木県宇都宮市陽東6-2-1 イトーヨーカドー宇都宮店2F",
        "sourceLabel": "fumi Diary 2号店",
        "sourceUrl": "http://blog.livedoor.jp/fumichen2/",
        "tags": [
          "サイン"
        ],
        "images": [
          "https://lh3.googleusercontent.com/umsh/AN6v0v4AB3MhxsaW52SDrYaERVIt8mOuhXT5EslUmHXMijbHQHf7z91dtXMVxoCNa9E46tm_K6FyZOXQolY0Fn1jDj3ilBRQsosI1PkuNedFfjFP5XxibZHO",
          "https://lh3.googleusercontent.com/umsh/AN6v0v4bLKHKj22S2_nLcfJ-UMtyD-v5Z3XSzh061P2z7LZ8Ab5umFRZcrVZpUGGX84swWLL6EIOhAyiWOzaflM_Y0Ap8k-kcYOhJh_kaRupocJFv2wWnlBQ5w",
          "https://pub-6d7574c4452b41519ab8adf1541d7f9e.r2.dev/seichi/sakurazaka/3AAjQbR7RLPXwJ2rBDtIgX31qOtLmoK0M9_cr0yI_8b8c860c.png",
          "https://pub-6d7574c4452b41519ab8adf1541d7f9e.r2.dev/seichi/sakurazaka/3AAjQbR4sWmc72z4ZQKseFlRq9O-L_Fc6_R6VRGC_925f585b.png",
          "https://pub-6d7574c4452b41519ab8adf1541d7f9e.r2.dev/seichi/sakurazaka/3AAjQbR7E2dolyxftHIHHZoerXcGu5RlUPhzNl9D_728bd990.png"
        ],
        "members": [],
        "source": {
          "provider": "fumi Diary 2号店",
          "url": "http://blog.livedoor.jp/fumichen2/",
          "mapId": "",
          "layer": "サイン",
          "tags": [
            "サイン"
          ],
          "name": "HMVイトーヨーカドー宇都宮"
        },
        "classification": {
          "category": "サイン",
          "subcategory": "サイン",
          "method": "legacy-import",
          "status": "unreviewed"
        },
        "classificationCandidates": {
          "members": [],
          "projects": [],
          "contentTypes": []
        }
      }
    },
    {
      "type": "Feature",
      "geometry": {
        "type": "Point",
        "coordinates": [
          139.4003895,
          36.2936116
        ]
      },
      "properties": {
        "id": "fumi-960",
        "name": "HMVイオンモール太田",
        "category": "サイン",
        "subcategory": "サイン",
        "categoryColor": "#059669",
        "address": "",
        "sceneTitle": "HMVイオンモール太田",
        "sceneNote": "説明: 欅坂46サイン入りポスター サイレントマジョリティー: 米谷奈々未 世界には愛しかない: 平手友梨奈 二人セゾン: 佐藤詩織 櫻坂46サイン入りポスター 流れ弾: 幸阪茉里乃 五月雨よ: 大沼晶保 As you know?: 土生瑞穂 桜月: 土生瑞穂 Start over!: 齋藤冬優花 承認欲求: 松田里奈 住所: 〒373-0808 群馬県太田市石原町81 イオンモール太田2F",
        "sourceLabel": "fumi Diary 2号店",
        "sourceUrl": "http://blog.livedoor.jp/fumichen2/",
        "tags": [
          "サイン"
        ],
        "images": [
          "https://lh3.googleusercontent.com/umsh/AN6v0v7a-FRyzGy0zPeSRNBzve03xKGsVZDnSrsRXKYiwPT7db1iLbMz0vZcob2LUj4oOzQYqShKCVu6JJNImOERTFQZLQoKbhdDXI3RFSD0VplMY1FOxUIT7Q",
          "https://pub-6d7574c4452b41519ab8adf1541d7f9e.r2.dev/seichi/sakurazaka/3AAjQbR4Km_KD-f5r3agLJC09oqDIjPSTV6_BBZG_bc8e1207.png",
          "https://pub-6d7574c4452b41519ab8adf1541d7f9e.r2.dev/seichi/sakurazaka/3AAjQbR4tVjEiOz3FyCICKuhZM2TeoMVLlhCW265_4f55958f.png"
        ],
        "members": [],
        "source": {
          "provider": "fumi Diary 2号店",
          "url": "http://blog.livedoor.jp/fumichen2/",
          "mapId": "",
          "layer": "サイン",
          "tags": [
            "サイン"
          ],
          "name": "HMVイオンモール太田"
        },
        "classification": {
          "category": "サイン",
          "subcategory": "サイン",
          "method": "legacy-import",
          "status": "unreviewed"
        },
        "classificationCandidates": {
          "members": [],
          "projects": [],
          "contentTypes": []
        }
      }
    },
    {
      "type": "Feature",
      "geometry": {
        "type": "Point",
        "coordinates": [
          139.0060564,
          36.391228
        ]
      },
      "properties": {
        "id": "fumi-961",
        "name": "HMVイオンモール高崎",
        "category": "サイン",
        "subcategory": "サイン",
        "categoryColor": "#059669",
        "address": "",
        "sceneTitle": "HMVイオンモール高崎",
        "sceneNote": "説明: 欅坂46サイン入りポスター 世界には愛しかない: 志田愛佳 真っ白なものは汚したくなる: 渡邉理佐 櫻坂46サイン入りポスター BAN: 大園玲 流れ弾: 山﨑天 As you know?: 小林由依 桜月: 森田ひかる Start over!: 松田里奈 承認欲求: 藤吉夏鈴 住所: 〒370-3521 群馬県高崎市棟高町1400 イオンモール高崎 3F",
        "sourceLabel": "fumi Diary 2号店",
        "sourceUrl": "http://blog.livedoor.jp/fumichen2/",
        "tags": [
          "サイン"
        ],
        "images": [
          "https://lh3.googleusercontent.com/umsh/AN6v0v4sIHGU04WoWEz7X6NmyuxitElm-m5YhYhgIQMDzugzHaL7maNMu_3kV9Ec7ecWmAo9nzbDrngRPxcBNaADilxUNPe9yGfHUF4osrk1ThZZ9zIASsRFZg",
          "https://pub-6d7574c4452b41519ab8adf1541d7f9e.r2.dev/seichi/sakurazaka/3AAjQbR5l5AI6rtCl2Pk2H9AveriybiQQECi9VXG_9582875a.png"
        ],
        "members": [],
        "source": {
          "provider": "fumi Diary 2号店",
          "url": "http://blog.livedoor.jp/fumichen2/",
          "mapId": "",
          "layer": "サイン",
          "tags": [
            "サイン"
          ],
          "name": "HMVイオンモール高崎"
        },
        "classification": {
          "category": "サイン",
          "subcategory": "サイン",
          "method": "legacy-import",
          "status": "unreviewed"
        },
        "classificationCandidates": {
          "members": [],
          "projects": [],
          "contentTypes": []
        }
      }
    },
    {
      "type": "Feature",
      "geometry": {
        "type": "Point",
        "coordinates": [
          139.0772194,
          36.379848
        ]
      },
      "properties": {
        "id": "fumi-964",
        "name": "紀伊國屋書店前橋店",
        "category": "サイン",
        "subcategory": "サイン",
        "categoryColor": "#059669",
        "address": "",
        "sceneTitle": "紀伊國屋書店前橋店",
        "sceneNote": "説明: 欅坂46サイン入りポスター 世界には愛しかない: 佐藤詩織 二人セゾン: 守屋茜 櫻坂46サイン入りポスター BAN: 田村保乃 流れ弾: 遠藤光莉 承認欲求: 石森璃花 住所: 〒371-0801 群馬県前橋市文京町2-1-1 けやきウォーク前橋1F",
        "sourceLabel": "fumi Diary 2号店",
        "sourceUrl": "http://blog.livedoor.jp/fumichen2/",
        "tags": [
          "サイン"
        ],
        "images": [
          "https://pub-6d7574c4452b41519ab8adf1541d7f9e.r2.dev/seichi/sakurazaka/3AAjQbR7Yp49yVcWfwaW7eSLP72hC-7ZYyXnsrdL_152bdf85.png",
          "https://pub-6d7574c4452b41519ab8adf1541d7f9e.r2.dev/seichi/sakurazaka/3AAjQbR6_IhGyaAw0RP7qvFRU1GiOVJH6lKPZtgw_292f87d0.png"
        ],
        "members": [],
        "source": {
          "provider": "fumi Diary 2号店",
          "url": "http://blog.livedoor.jp/fumichen2/",
          "mapId": "",
          "layer": "サイン",
          "tags": [
            "サイン"
          ],
          "name": "紀伊國屋書店前橋店"
        },
        "classification": {
          "category": "サイン",
          "subcategory": "サイン",
          "method": "legacy-import",
          "status": "unreviewed"
        },
        "classificationCandidates": {
          "members": [],
          "projects": [],
          "contentTypes": []
        }
      }
    },
    {
      "type": "Feature",
      "geometry": {
        "type": "Point",
        "coordinates": [
          139.5407497,
          36.1429436
        ]
      },
      "properties": {
        "id": "fumi-967",
        "name": "HMVイオンモール羽生",
        "category": "サイン",
        "subcategory": "サイン",
        "categoryColor": "#059669",
        "address": "",
        "sceneTitle": "HMVイオンモール羽生",
        "sceneNote": "説明: 欅坂46サイン入りポスター サイレントマジョリティー: 佐藤詩織 世界には愛しかない: 原田葵 二人セゾン: 尾関梨香 真っ白なものは汚したくなる: 織田奈那 永遠より長い一瞬 ～あの頃、確かに存在した私たち～: 幸阪茉里乃 櫻坂46サイン入りポスター Nobody's fault: 土生瑞穂 BAN: 大沼晶保 流れ弾: 土生瑞穂 五月雨よ: 田村保乃 As you know?: 小池美波 桜月: 武元唯衣 Start over!: 井上梨名 承認欲求: 村井優 住所: 〒348-0039 埼玉県羽生市川崎2-281-3 イオンモール羽生2F",
        "sourceLabel": "fumi Diary 2号店",
        "sourceUrl": "http://blog.livedoor.jp/fumichen2/",
        "tags": [
          "サイン"
        ],
        "images": [
          "https://pub-6d7574c4452b41519ab8adf1541d7f9e.r2.dev/seichi/sakurazaka/3AAjQbR4NrAjmW6AqTtprWL8pQS0gxnBQlt0SDHr_272ae667.png",
          "https://pub-6d7574c4452b41519ab8adf1541d7f9e.r2.dev/seichi/sakurazaka/3AAjQbR4RdRxWFT3twxZSobfqpxxCJVsl9aVSi8E_dd777947.png",
          "https://pub-6d7574c4452b41519ab8adf1541d7f9e.r2.dev/seichi/sakurazaka/3AAjQbR7EzNR-EhLCoO2929V_tHT-8zq1wmWpK_Z_a9c4f2a1.png",
          "https://lh3.googleusercontent.com/umsh/AN6v0v4rWxa4k_NYuamJAZT1jdSBh0Kn7BUzaPEyKkvr3EMJFqP9_PZwlqMtCUZNnYRzeNF-pdprzQRHAEgYS2mRa6VItgtApf4Xipqr7Jt9zLi3PYjbv0xO9w",
          "https://lh3.googleusercontent.com/umsh/AN6v0v7mA2kAtx-K6BPQkXKfBQkdRXKAg2MLzMuxppt5ZTmE5vURBvM0xxjKLsN7OcVkiigpVDXrMayEkaLwqfwYmIk-PBGgnTgTs8O8clj0aB7tUu7SWoLP3w"
        ],
        "members": [],
        "source": {
          "provider": "fumi Diary 2号店",
          "url": "http://blog.livedoor.jp/fumichen2/",
          "mapId": "",
          "layer": "サイン",
          "tags": [
            "サイン"
          ],
          "name": "HMVイオンモール羽生"
        },
        "classification": {
          "category": "サイン",
          "subcategory": "サイン",
          "method": "legacy-import",
          "status": "unreviewed"
        },
        "classificationCandidates": {
          "members": [],
          "projects": [],
          "contentTypes": []
        }
      }
    },
    {
      "type": "Feature",
      "geometry": {
        "type": "Point",
        "coordinates": [
          139.731191,
          35.890745
        ]
      },
      "properties": {
        "id": "fumi-968",
        "name": "HMVイオンモール浦和美園",
        "category": "サイン",
        "subcategory": "サイン",
        "categoryColor": "#059669",
        "address": "",
        "sceneTitle": "HMVイオンモール浦和美園",
        "sceneNote": "説明: 欅坂46サイン入りポスター サイレントマジョリティー: 原田葵 世界には愛しかない: 佐藤詩織 二人セゾン: 齋藤冬優花 永遠より長い一瞬 ～あの頃、確かに存在した私たち～: 遠藤光莉 櫻坂46サイン入りポスター Nobody's fault: 小林由依 BAN: 原田葵 流れ弾: 関有美子 五月雨よ: 藤吉夏鈴 As you know?: 松田里奈 桜月: 大園玲 Start over!: 守屋麗奈 承認欲求: 石森璃花 住所: https://twitter.com/Kohei_48G/status/780412557387440128",
        "sourceLabel": "fumi Diary 2号店",
        "sourceUrl": "http://blog.livedoor.jp/fumichen2/",
        "tags": [
          "サイン"
        ],
        "images": [
          "https://lh3.googleusercontent.com/umsh/AN6v0v7n4eVs_tlknN2_7Y-YacGpQ9BuaOIswKkGY0fRlGIbFJ1eg0IBCMH4dhuJBzuLl6ap1gMdYQi2rNj3W_iufqijIPSiM-vCYR-UoemYxEas1WCZJwvC",
          "https://pub-6d7574c4452b41519ab8adf1541d7f9e.r2.dev/seichi/sakurazaka/3AAjQbR6FBbaon55m-BJt3JeK2_p7V6IPp9c5pCL_ad12cc2d.png",
          "https://pub-6d7574c4452b41519ab8adf1541d7f9e.r2.dev/seichi/sakurazaka/3AAjQbR5Pr_w3cFqeimxWAHz0O9bV9lTHQDDU9Wt_181be22e.png",
          "https://pub-6d7574c4452b41519ab8adf1541d7f9e.r2.dev/seichi/sakurazaka/3AAjQbR7LwzU3M5ehjqNaf9AWuMTnahQOn5zoICk_61793df5.png",
          "https://pub-6d7574c4452b41519ab8adf1541d7f9e.r2.dev/seichi/sakurazaka/3AAjQbR6LGAI7j4dIIAglJy1tU5Ob-bpR7eE-7rn_7e8f6509.png",
          "https://pub-6d7574c4452b41519ab8adf1541d7f9e.r2.dev/seichi/sakurazaka/3AAjQbR5jBL_K4QGXNrxh68Y4e1kXAvw4lHeMVqZ_98ebd2a3.png",
          "https://pub-6d7574c4452b41519ab8adf1541d7f9e.r2.dev/seichi/sakurazaka/3AAjQbR7X35TailgIadZkPyUVR2OvqMGLI5RSwsV_f2670b76.png",
          "https://pub-6d7574c4452b41519ab8adf1541d7f9e.r2.dev/seichi/sakurazaka/3AAjQbR60JbAbYV8xez9gxebHuh2xAR-o7lzwM08_a1691f7b.png"
        ],
        "members": [],
        "source": {
          "provider": "fumi Diary 2号店",
          "url": "http://blog.livedoor.jp/fumichen2/",
          "mapId": "",
          "layer": "サイン",
          "tags": [
            "サイン"
          ],
          "name": "HMVイオンモール浦和美園"
        },
        "classification": {
          "category": "サイン",
          "subcategory": "サイン",
          "method": "legacy-import",
          "status": "unreviewed"
        },
        "classificationCandidates": {
          "members": [],
          "projects": [],
          "contentTypes": []
        }
      }
    },
    {
      "type": "Feature",
      "geometry": {
        "type": "Point",
        "coordinates": [
          139.7879299,
          35.9873741
        ]
      },
      "properties": {
        "id": "fumi-969",
        "name": "HMVイオンモール春日部",
        "category": "サイン",
        "subcategory": "サイン",
        "categoryColor": "#059669",
        "address": "",
        "sceneTitle": "HMVイオンモール春日部",
        "sceneNote": "説明: 欅坂46サイン入りポスター 世界には愛しかない: 守屋茜 二人セゾン: 佐藤詩織 櫻坂46サイン入りポスター 流れ弾: 守屋茜 五月雨よ: 上村莉菜 住所: 〒344-0122 埼玉県春日部市下柳420-1 イオンモール春日部3F",
        "sourceLabel": "fumi Diary 2号店",
        "sourceUrl": "http://blog.livedoor.jp/fumichen2/",
        "tags": [
          "サイン"
        ],
        "images": [
          "https://lh3.googleusercontent.com/umsh/AN6v0v4BObFs4pXRAd3TzHtPBmIBVA0BsrIwffUZa0Kjhm8hAhrCL4EYpgMb0FbM3HNwWDXxh-aCO5f0-5Oh2hi1p9nH024Qyxq2WnzkSX91SxM5tCGAPDnY2w",
          "https://pub-6d7574c4452b41519ab8adf1541d7f9e.r2.dev/seichi/sakurazaka/3AAjQbR5sxmTCqlmDnSZjE2u7GhKF1jGZMxuwF01_b27024e4.png",
          "https://pub-6d7574c4452b41519ab8adf1541d7f9e.r2.dev/seichi/sakurazaka/3AAjQbR5VySsD7nV_F9zm76UyyGpscs5Szc1Iyi8_19c4bc16.png"
        ],
        "members": [],
        "source": {
          "provider": "fumi Diary 2号店",
          "url": "http://blog.livedoor.jp/fumichen2/",
          "mapId": "",
          "layer": "サイン",
          "tags": [
            "サイン"
          ],
          "name": "HMVイオンモール春日部"
        },
        "classification": {
          "category": "サイン",
          "subcategory": "サイン",
          "method": "legacy-import",
          "status": "unreviewed"
        },
        "classificationCandidates": {
          "members": [],
          "projects": [],
          "contentTypes": []
        }
      }
    },
    {
      "type": "Feature",
      "geometry": {
        "type": "Point",
        "coordinates": [
          139.707058,
          35.8341858
        ]
      },
      "properties": {
        "id": "fumi-970",
        "name": "HMVイオンモール川口前川",
        "category": "サイン",
        "subcategory": "サイン",
        "categoryColor": "#059669",
        "address": "",
        "sceneTitle": "HMVイオンモール川口前川",
        "sceneNote": "説明: 欅坂46サイン入りポスター 世界には愛しかない: 土生瑞穂 二人セゾン: 織田奈那 真っ白なものは汚したくなる: 長沢菜々香 櫻坂46サイン入りポスター Nobody's fault: 関有美子 Start over!: 遠藤理子 承認欲求: 幸阪茉里乃 住所: 〒333-0842 埼玉県川口市前川1-1-11 イオンモール川口前川3F",
        "sourceLabel": "fumi Diary 2号店",
        "sourceUrl": "http://blog.livedoor.jp/fumichen2/",
        "tags": [
          "サイン"
        ],
        "images": [
          "https://pub-6d7574c4452b41519ab8adf1541d7f9e.r2.dev/seichi/sakurazaka/3AAjQbR4ybR8467GEgdjUP6gL9s69iKXj2IAxdT-_cda7f1db.png",
          "https://pub-6d7574c4452b41519ab8adf1541d7f9e.r2.dev/seichi/sakurazaka/3AAjQbR7oR-43wrJm2fMJlWloZjoeGQMCGR0VmoT_5be62a65.png",
          "https://pub-6d7574c4452b41519ab8adf1541d7f9e.r2.dev/seichi/sakurazaka/3AAjQbR4IvPZFj29FjM0zz7Nwx7aEcFjl5Rq_OdN_3669731a.png",
          "https://pub-6d7574c4452b41519ab8adf1541d7f9e.r2.dev/seichi/sakurazaka/3AAjQbR6bz0c0Gd3CHY7UALDQQY1FkLRxUxnUftB_f5ee2523.png"
        ],
        "members": [],
        "source": {
          "provider": "fumi Diary 2号店",
          "url": "http://blog.livedoor.jp/fumichen2/",
          "mapId": "",
          "layer": "サイン",
          "tags": [
            "サイン"
          ],
          "name": "HMVイオンモール川口前川"
        },
        "classification": {
          "category": "サイン",
          "subcategory": "サイン",
          "method": "legacy-import",
          "status": "unreviewed"
        },
        "classificationCandidates": {
          "members": [],
          "projects": [],
          "contentTypes": []
        }
      }
    },
    {
      "type": "Feature",
      "geometry": {
        "type": "Point",
        "coordinates": [
          139.614772,
          35.89071
        ]
      },
      "properties": {
        "id": "fumi-971",
        "name": "HMVイオンモール与野",
        "category": "サイン",
        "subcategory": "サイン",
        "categoryColor": "#059669",
        "address": "",
        "sceneTitle": "HMVイオンモール与野",
        "sceneNote": "説明: 欅坂46サイン入りポスター サイレントマジョリティー: 鈴本美愉 世界には愛しかない: 石森虹花 二人セゾン: 小池美波 真っ白なものは汚したくなる: 今泉佑唯 櫻坂46サイン入りポスター 五月雨よ: 上村莉菜 Start over!: 小島凪紗 承認欲求: 小島凪紗 住所: 〒338-0004 埼玉県さいたま市中央区本町西5-2-9 イオンモール与野3F",
        "sourceLabel": "fumi Diary 2号店",
        "sourceUrl": "http://blog.livedoor.jp/fumichen2/",
        "tags": [
          "サイン"
        ],
        "images": [
          "https://lh3.googleusercontent.com/umsh/AN6v0v4o_bW5ryfeJUa9bM-PvF0iCkm-C3fc2G5AfBaB3UD8cR5sumanEyCInqCVTdPG_aijWeP5rCv9ICujX__-SPfQx8G-qvGWaqqVzYnu5B8vOHs4mPy_",
          "https://lh3.googleusercontent.com/umsh/AN6v0v53ug2o0OXNv1h02-Z1n6JqjQlpxBbyjewbNJnXbcr706sNYEYyoRuhjtm7efdSgy0b8hvvW3PvJISEIRG1ckGlkq7XeADhx9IkOFfqyGrQ_oLjNELyaw",
          "https://pub-6d7574c4452b41519ab8adf1541d7f9e.r2.dev/seichi/sakurazaka/3AAjQbR4Hm102exPMgz970YY3BHxYPTkZ-QqwtFU_f2d72396.png"
        ],
        "members": [],
        "source": {
          "provider": "fumi Diary 2号店",
          "url": "http://blog.livedoor.jp/fumichen2/",
          "mapId": "",
          "layer": "サイン",
          "tags": [
            "サイン"
          ],
          "name": "HMVイオンモール与野"
        },
        "classification": {
          "category": "サイン",
          "subcategory": "サイン",
          "method": "legacy-import",
          "status": "unreviewed"
        },
        "classificationCandidates": {
          "members": [],
          "projects": [],
          "contentTypes": []
        }
      }
    },
    {
      "type": "Feature",
      "geometry": {
        "type": "Point",
        "coordinates": [
          139.5476988,
          35.8606765
        ]
      },
      "properties": {
        "id": "fumi-972",
        "name": "HMVららぽーと富士見",
        "category": "サイン",
        "subcategory": "サイン",
        "categoryColor": "#059669",
        "address": "",
        "sceneTitle": "HMVららぽーと富士見",
        "sceneNote": "説明: 欅坂46サイン入りポスター サイレントマジョリティー: 平手友梨奈 世界には愛しかない: 長沢菜々香 二人セゾン: 小林由依 櫻坂46サイン入りポスター 桜月: 関有美子 承認欲求: 幸阪茉里乃 住所: 〒354-8560 埼玉県富士見市山室1-1313 ららぽーと富士見 1F",
        "sourceLabel": "fumi Diary 2号店",
        "sourceUrl": "http://blog.livedoor.jp/fumichen2/",
        "tags": [
          "サイン"
        ],
        "images": [
          "https://lh3.googleusercontent.com/umsh/AN6v0v6nTxl6vgIQSEOzHoi6_vhm2dIukp1fsNZ0cktFZOr_--473fA08ThhfVRazJFny8eyVLMPzJ8yU3oq6JcbH_aQ1eirQObc9rUYDAUCPZ5Mui-_5kyngQ",
          "https://lh3.googleusercontent.com/umsh/AN6v0v702aiERSa1kX6dvJPHOh8533oo3n2sstaql8SGnwjphwmhvBhuDWZyNC6OFmwO0fS5Tn37c4wENfkStw_37Xyd8yiym0GoZV_Hr6-soiRSGq2OXi3zdg"
        ],
        "members": [],
        "source": {
          "provider": "fumi Diary 2号店",
          "url": "http://blog.livedoor.jp/fumichen2/",
          "mapId": "",
          "layer": "サイン",
          "tags": [
            "サイン"
          ],
          "name": "HMVららぽーと富士見"
        },
        "classification": {
          "category": "サイン",
          "subcategory": "サイン",
          "method": "legacy-import",
          "status": "unreviewed"
        },
        "classificationCandidates": {
          "members": [],
          "projects": [],
          "contentTypes": []
        }
      }
    },
    {
      "type": "Feature",
      "geometry": {
        "type": "Point",
        "coordinates": [
          139.6220671,
          35.9061574
        ]
      },
      "properties": {
        "id": "fumi-973",
        "name": "HMV大宮アルシェ",
        "category": "サイン",
        "subcategory": "サイン",
        "categoryColor": "#059669",
        "address": "",
        "sceneTitle": "HMV大宮アルシェ",
        "sceneNote": "説明: 欅坂46サイン入りポスター サイレントマジョリティー: 小林由依 世界には愛しかない: 鈴本美愉 二人セゾン: 上村莉菜 真っ白なものは汚したくなる: 石森虹花 永遠より長い一瞬 ～あの頃、確かに存在した私たち～: 藤吉夏鈴 櫻坂46サイン入りポスター Nobody's fault: 松田里奈 BAN: 増本綺良 五月雨よ: 武元唯衣 桜月: 守屋麗奈 Start over!: 村井優 承認欲求: 土生瑞穂 住所: 〒330-0854 埼玉県さいたま市大宮区桜木町2-1-1 大宮アルシェ 5F",
        "sourceLabel": "fumi Diary 2号店",
        "sourceUrl": "http://blog.livedoor.jp/fumichen2/",
        "tags": [
          "サイン"
        ],
        "images": [
          "https://lh3.googleusercontent.com/umsh/AN6v0v7QWHScwbZq49EUdwQtMHLTWqI0i7OjftycltM1T_D31ljemY7nHMf8POkvPaFTgfcsqydqdv9JA-TznmCH0Z_UCtK3EKCr0SHmABBXO-iCJljro8Uhkw",
          "https://lh3.googleusercontent.com/umsh/AN6v0v6GeGbiUSsdqTc2jg0tYMPzMmxniT7vryoUi0e-sqiI9vjEFYfZiPJWIhGU_glyOnMBDKUtT711hBuDjqw1BmjpWTcMTCQoSKXwQWPaUVoMVZAyPRYe",
          "https://lh3.googleusercontent.com/umsh/AN6v0v5uwa6wF108a3lzdnhASsDKuz3A4q077h4IWahqfuWrso-TZube3Atl6jlCp6wUkqsn-BMxl31NnmdQ06vd1VVjiLjsKv0Ae-c_3NfYN_a3-lKKZoAfSQ",
          "https://lh3.googleusercontent.com/umsh/AN6v0v529XoJnqvVlph2XqCIQQyUAGPIWf0Akne9S7Blvy2v1Vg1to8N7No5dzXFuosbCL-LQkBEErd1-gcdJw8f3_7NMkUNLfpxYfHBBSd2dQvFhvI2g5573Q",
          "https://pub-6d7574c4452b41519ab8adf1541d7f9e.r2.dev/seichi/sakurazaka/3AAjQbR6Zq9DXNK3Tc0rwXV3H8v6zqUn8MRazpQa_24a174e9.png",
          "https://pub-6d7574c4452b41519ab8adf1541d7f9e.r2.dev/seichi/sakurazaka/3AAjQbR4yfvV29Ok1ctKGuMizkJq6eg4IlmuycAy_84c38b1f.png",
          "https://pub-6d7574c4452b41519ab8adf1541d7f9e.r2.dev/seichi/sakurazaka/3AAjQbR7gBpUM2mQPH-rghieMCf-764nRdju3-dM_8d19e2e6.png",
          "https://pub-6d7574c4452b41519ab8adf1541d7f9e.r2.dev/seichi/sakurazaka/3AAjQbR7lPwRhApjzMfmaBMC8_0JLyCMWwVNsz7D_a65c9b73.png",
          "https://pub-6d7574c4452b41519ab8adf1541d7f9e.r2.dev/seichi/sakurazaka/3AAjQbR4T3y967gfIhm3dbBhOffO_SvzTlgZ85PR_159278ed.png"
        ],
        "members": [],
        "source": {
          "provider": "fumi Diary 2号店",
          "url": "http://blog.livedoor.jp/fumichen2/",
          "mapId": "",
          "layer": "サイン",
          "tags": [
            "サイン"
          ],
          "name": "HMV大宮アルシェ"
        },
        "classification": {
          "category": "サイン",
          "subcategory": "サイン",
          "method": "legacy-import",
          "status": "unreviewed"
        },
        "classificationCandidates": {
          "members": [],
          "projects": [],
          "contentTypes": []
        }
      }
    },
    {
      "type": "Feature",
      "geometry": {
        "type": "Point",
        "coordinates": [
          139.8239139,
          35.8783575
        ]
      },
      "properties": {
        "id": "fumi-974",
        "name": "TSUTAYAレイクタウン",
        "category": "サイン",
        "subcategory": "サイン",
        "categoryColor": "#059669",
        "address": "",
        "sceneTitle": "TSUTAYAレイクタウン",
        "sceneNote": "説明: 欅坂46サイン入りポスター 二人セゾン: 菅井友香 永遠より長い一瞬 ～あの頃、確かに存在した私たち～: 守屋茜 櫻坂46サイン入りポスター 桜月: 山﨑天 Start over!: 森田ひかる 承認欲求: 小林由依 住所: 〒343-0828 埼玉県越谷市レイクタウン4-2-2 イオンレイクタウンKAZE(A108)",
        "sourceLabel": "fumi Diary 2号店",
        "sourceUrl": "http://blog.livedoor.jp/fumichen2/",
        "tags": [
          "サイン"
        ],
        "images": [],
        "members": [],
        "source": {
          "provider": "fumi Diary 2号店",
          "url": "http://blog.livedoor.jp/fumichen2/",
          "mapId": "",
          "layer": "サイン",
          "tags": [
            "サイン"
          ],
          "name": "TSUTAYAレイクタウン"
        },
        "classification": {
          "category": "サイン",
          "subcategory": "サイン",
          "method": "legacy-import",
          "status": "unreviewed"
        },
        "classificationCandidates": {
          "members": [],
          "projects": [],
          "contentTypes": []
        }
      }
    },
    {
      "type": "Feature",
      "geometry": {
        "type": "Point",
        "coordinates": [
          139.6586285,
          35.8587512
        ]
      },
      "properties": {
        "id": "fumi-980",
        "name": "タワーレコード浦和店",
        "category": "サイン",
        "subcategory": "サイン",
        "categoryColor": "#059669",
        "address": "",
        "sceneTitle": "タワーレコード浦和店",
        "sceneNote": "説明: 欅坂46サイン入りポスター 世界には愛しかない: 小林由依 二人セゾン: 石森虹花 真っ白なものは汚したくなる: 小林由依 櫻坂46サイン入りポスター BAN: 上村莉菜? 流れ弾: 武元唯衣 五月雨よ: 原田葵 As you know?: 田村保乃 桜月: 小林由依 Start over!: 村井優 承認欲求: 遠藤理子 住所: 〒330-0055埼玉県さいたま市浦和区東高砂町11番1号 浦和パルコ 4F",
        "sourceLabel": "fumi Diary 2号店",
        "sourceUrl": "http://blog.livedoor.jp/fumichen2/",
        "tags": [
          "サイン"
        ],
        "images": [
          "https://lh3.googleusercontent.com/umsh/AN6v0v60TJiHYxXcO1gb7u9smXsy81x9S65HgQO31g4Z11X9FPPIkdwih5dH_TCPjE6W7hfwpDqItoWfFhdidkUci4jjaOuqWSOFDNic3bmic0jtbaa77PzPLw",
          "https://pub-6d7574c4452b41519ab8adf1541d7f9e.r2.dev/seichi/sakurazaka/3AAjQbR6VSnEu-7BcurMu2YeBIbbuz_fOn23B4IG_3f2330f7.png",
          "https://pub-6d7574c4452b41519ab8adf1541d7f9e.r2.dev/seichi/sakurazaka/3AAjQbR6yAy27un0YabUWimy7_Kb9mvR_NXdyAGV_49495c2c.png",
          "https://pub-6d7574c4452b41519ab8adf1541d7f9e.r2.dev/seichi/sakurazaka/3AAjQbR4apCBN09_ZrKlPxdVM0PR_rWVsM4DRoiO_a579f335.png",
          "https://pub-6d7574c4452b41519ab8adf1541d7f9e.r2.dev/seichi/sakurazaka/3AAjQbR7qOw6xrv6Gu7mYEWt8eCe-mWZuIKJXT4Z_bb771b5f.png",
          "https://pub-6d7574c4452b41519ab8adf1541d7f9e.r2.dev/seichi/sakurazaka/3AAjQbR4COtxcFNWUbVXzOh1S-39UQNwV5yiumGm_276138cb.png"
        ],
        "members": [],
        "source": {
          "provider": "fumi Diary 2号店",
          "url": "http://blog.livedoor.jp/fumichen2/",
          "mapId": "",
          "layer": "サイン",
          "tags": [
            "サイン"
          ],
          "name": "タワーレコード浦和店"
        },
        "classification": {
          "category": "サイン",
          "subcategory": "サイン",
          "method": "legacy-import",
          "status": "unreviewed"
        },
        "classificationCandidates": {
          "members": [],
          "projects": [],
          "contentTypes": []
        }
      }
    },
    {
      "type": "Feature",
      "geometry": {
        "type": "Point",
        "coordinates": [
          139.7135344,
          35.8082145
        ]
      },
      "properties": {
        "id": "fumi-981",
        "name": "タワーレコードアリオ川口店",
        "category": "サイン",
        "subcategory": "サイン",
        "categoryColor": "#059669",
        "address": "",
        "sceneTitle": "タワーレコードアリオ川口店",
        "sceneNote": "説明: 欅坂46サイン入りポスター サイレントマジョリティー: 小池美波 世界には愛しかない: 平手友梨奈 二人セゾン: 長濱ねる 真っ白なものは汚したくなる: 志田愛佳 櫻坂46サイン入りポスター 承認欲求: 小田倉麗奈 住所: 〒332-0033 埼玉県川口市並木元町1-79 アリオ川口 1F",
        "sourceLabel": "fumi Diary 2号店",
        "sourceUrl": "http://blog.livedoor.jp/fumichen2/",
        "tags": [
          "サイン"
        ],
        "images": [
          "https://pub-6d7574c4452b41519ab8adf1541d7f9e.r2.dev/seichi/sakurazaka/3AAjQbR6MCzZMs8wD8_2NBe2k9NUXZPxAzk_13cu_f8375514.png",
          "https://pub-6d7574c4452b41519ab8adf1541d7f9e.r2.dev/seichi/sakurazaka/3AAjQbR6LymDNG3ePgWK1hMr-f5myWu-lsvd6jkw_a1c716ef.png"
        ],
        "members": [],
        "source": {
          "provider": "fumi Diary 2号店",
          "url": "http://blog.livedoor.jp/fumichen2/",
          "mapId": "",
          "layer": "サイン",
          "tags": [
            "サイン"
          ],
          "name": "タワーレコードアリオ川口店"
        },
        "classification": {
          "category": "サイン",
          "subcategory": "サイン",
          "method": "legacy-import",
          "status": "unreviewed"
        },
        "classificationCandidates": {
          "members": [],
          "projects": [],
          "contentTypes": []
        }
      }
    },
    {
      "type": "Feature",
      "geometry": {
        "type": "Point",
        "coordinates": [
          139.5659432,
          35.9620227
        ]
      },
      "properties": {
        "id": "fumi-983",
        "name": "タワーレコードアリオ上尾店",
        "category": "サイン",
        "subcategory": "サイン",
        "categoryColor": "#059669",
        "address": "",
        "sceneTitle": "タワーレコードアリオ上尾店",
        "sceneNote": "説明: 欅坂46サイン入りポスター 世界には愛しかない: 菅井友香 二人セゾン: 今泉佑唯 真っ白なものは汚したくなる: 齋藤冬優花 櫻坂46サイン入りポスター BAN: 菅井友香 住所: 〒362-0046 埼玉県上尾市大字1丁目367番地 アリオ上尾2階",
        "sourceLabel": "fumi Diary 2号店",
        "sourceUrl": "http://blog.livedoor.jp/fumichen2/",
        "tags": [
          "サイン"
        ],
        "images": [
          "https://pub-6d7574c4452b41519ab8adf1541d7f9e.r2.dev/seichi/sakurazaka/3AAjQbR7ILgjuY9IP6jJn5FVgSscYBSuEDgrfbqo_6b637bcb.png",
          "https://pub-6d7574c4452b41519ab8adf1541d7f9e.r2.dev/seichi/sakurazaka/3AAjQbR5GSPoLe16ZAVovi3cHQmrIDk-MSRaUn6s_d515b3e0.png",
          "https://pub-6d7574c4452b41519ab8adf1541d7f9e.r2.dev/seichi/sakurazaka/3AAjQbR47wg21wUowez_pOvE8W01Kn4ZoFjIE7pM_f51de0a1.png",
          "https://pub-6d7574c4452b41519ab8adf1541d7f9e.r2.dev/seichi/sakurazaka/3AAjQbR62fEI83IpDWHWqe301zDA3viSwlbxI9L7_871592ba.png",
          "https://lh3.googleusercontent.com/umsh/AN6v0v7AyhBnRgr0u2OQ7NRRPfDNqQ94kru-DyneW624i5vh_h3T1g2PS3hJ-jrvcVO3pUncvwZdIjJ9yzYvgdXAJALDXT-WWsjE3NLPMNzHwa4miAYbHTMIYw"
        ],
        "members": [],
        "source": {
          "provider": "fumi Diary 2号店",
          "url": "http://blog.livedoor.jp/fumichen2/",
          "mapId": "",
          "layer": "サイン",
          "tags": [
            "サイン"
          ],
          "name": "タワーレコードアリオ上尾店"
        },
        "classification": {
          "category": "サイン",
          "subcategory": "サイン",
          "method": "legacy-import",
          "status": "unreviewed"
        },
        "classificationCandidates": {
          "members": [],
          "projects": [],
          "contentTypes": []
        }
      }
    },
    {
      "type": "Feature",
      "geometry": {
        "type": "Point",
        "coordinates": [
          139.82819,
          35.882026
        ]
      },
      "properties": {
        "id": "fumi-984",
        "name": "タワーレコードイオンレイクタウン店",
        "category": "サイン",
        "subcategory": "サイン",
        "categoryColor": "#059669",
        "address": "",
        "sceneTitle": "タワーレコードイオンレイクタウン店",
        "sceneNote": "説明: 欅坂46サイン入りポスター サイレントマジョリティー: 志田愛佳 世界には愛しかない: 齋藤冬優花 二人セゾン: 渡邉理佐 真っ白なものは汚したくなる: 渡辺梨加 櫻坂46サイン入りポスター Nobody's fault: 小林由依 BAN: 小林由依 五月雨よ: 松田里奈 Start over!: 武元唯衣 承認欲求: 村井優 住所: 〒343-0828 埼玉県越谷市レイクタウン3-1-1 イオンレイクタウンmori 3F",
        "sourceLabel": "fumi Diary 2号店",
        "sourceUrl": "http://blog.livedoor.jp/fumichen2/",
        "tags": [
          "サイン"
        ],
        "images": [
          "https://lh3.googleusercontent.com/umsh/AN6v0v4GrNmkqYkFTe380XBK_8Um9NA6ahGye3ERt_RWalABhnXF6vDwFmWHHu7GIKlqcpYk6uEh38bObYw-Q_u4pvr-J_Nfvt8dVpU5Ir1s5YithWo",
          "https://pub-6d7574c4452b41519ab8adf1541d7f9e.r2.dev/seichi/sakurazaka/3AAjQbR6rvJmRjoq5eFEnxdxQShnEWFyHU99XySL_57b7840b.png",
          "https://pub-6d7574c4452b41519ab8adf1541d7f9e.r2.dev/seichi/sakurazaka/3AAjQbR7UH2CA-O0uB-79jGsOsbbbdWNBvhr14Ct_204f5487.png",
          "https://pub-6d7574c4452b41519ab8adf1541d7f9e.r2.dev/seichi/sakurazaka/3AAjQbR4Y8SyfZSP1Jy4SwgxyQQXJEq_PlPP_o1y_beeccc58.png",
          "https://pub-6d7574c4452b41519ab8adf1541d7f9e.r2.dev/seichi/sakurazaka/3AAjQbR56LgXOPcf8mqB2fjnWaJhtdIGBAgTaxyx_ceea504c.png",
          "https://lh3.googleusercontent.com/umsh/AN6v0v63kdY1M_GMB17jTnd_osgHn4osXk54EznDSlR2T2PzXLTeVhEC6IDhMSnxjQnjYHXugGMPnhYjGT4Jm3wc66n02vEpJ4aH55ISfPFRV9Z7wA"
        ],
        "members": [],
        "source": {
          "provider": "fumi Diary 2号店",
          "url": "http://blog.livedoor.jp/fumichen2/",
          "mapId": "",
          "layer": "サイン",
          "tags": [
            "サイン"
          ],
          "name": "タワーレコードイオンレイクタウン店"
        },
        "classification": {
          "category": "サイン",
          "subcategory": "サイン",
          "method": "legacy-import",
          "status": "unreviewed"
        },
        "classificationCandidates": {
          "members": [],
          "projects": [],
          "contentTypes": []
        }
      }
    },
    {
      "type": "Feature",
      "geometry": {
        "type": "Point",
        "coordinates": [
          139.6368688,
          35.8948344
        ]
      },
      "properties": {
        "id": "fumi-989",
        "name": "紀伊国屋書店さいたま新都心店",
        "category": "サイン",
        "subcategory": "サイン",
        "categoryColor": "#059669",
        "address": "",
        "sceneTitle": "紀伊国屋書店さいたま新都心店",
        "sceneNote": "説明: 欅坂46サイン入りポスター サイレントマジョリティー: 菅井友香 二人セゾン: 渡辺梨加 櫻坂46サイン入りポスター 流れ弾: 原田葵 住所: 〒330-0843 埼玉県さいたま市大宮区吉敷町4-267-2 コクーンシティ1F",
        "sourceLabel": "fumi Diary 2号店",
        "sourceUrl": "http://blog.livedoor.jp/fumichen2/",
        "tags": [
          "サイン"
        ],
        "images": [
          "https://pub-6d7574c4452b41519ab8adf1541d7f9e.r2.dev/seichi/sakurazaka/3AAjQbR73-gPn-O5kK3f5cTaVfp20BAQKehoHuPc_860ba1be.png"
        ],
        "members": [],
        "source": {
          "provider": "fumi Diary 2号店",
          "url": "http://blog.livedoor.jp/fumichen2/",
          "mapId": "",
          "layer": "サイン",
          "tags": [
            "サイン"
          ],
          "name": "紀伊国屋書店さいたま新都心店"
        },
        "classification": {
          "category": "サイン",
          "subcategory": "サイン",
          "method": "legacy-import",
          "status": "unreviewed"
        },
        "classificationCandidates": {
          "members": [],
          "projects": [],
          "contentTypes": []
        }
      }
    },
    {
      "type": "Feature",
      "geometry": {
        "type": "Point",
        "coordinates": [
          139.6534155,
          35.8263501
        ]
      },
      "properties": {
        "id": "fumi-990",
        "name": "銀座山野楽器イオンモール北戸田店",
        "category": "サイン",
        "subcategory": "サイン",
        "categoryColor": "#059669",
        "address": "",
        "sceneTitle": "銀座山野楽器イオンモール北戸田店",
        "sceneNote": "説明: 欅坂46サイン入りポスター サイレントマジョリティー: 佐藤詩織 世界には愛しかない: 長沢菜々香 櫻坂46サイン入りポスター BAN: 山﨑天 住所: 〒335-0032 埼玉県戸田市美女木東1-3-1イオンモール北戸田 3F",
        "sourceLabel": "fumi Diary 2号店",
        "sourceUrl": "http://blog.livedoor.jp/fumichen2/",
        "tags": [
          "サイン"
        ],
        "images": [
          "https://pub-6d7574c4452b41519ab8adf1541d7f9e.r2.dev/seichi/sakurazaka/3AAjQbR6tkKdURFYeDYXLQqnyqmsRT1xH3f6TLMS_772d6906.png",
          "https://pub-6d7574c4452b41519ab8adf1541d7f9e.r2.dev/seichi/sakurazaka/3AAjQbR6NY9SlMgaBNOzJWEugkdgy9W9gDiYL6qb_642e254f.png",
          "https://pub-6d7574c4452b41519ab8adf1541d7f9e.r2.dev/seichi/sakurazaka/3AAjQbR5XJN87gwe0xZ9PPTzN2vh4dBeOD0eGF9a_4901d23a.png",
          "https://lh3.googleusercontent.com/umsh/AN6v0v7wofhbh5pzBdvCHCPt7C7damYTwn1JpYOVcWAGbQ7OnLZ_I37Y_zsd28IjeEElUn_d2-0vZLnqQ5oFqgZWxtIzLvRV9T7XzMx6KtfxtqfZ1VgcjUsW5w",
          "https://lh3.googleusercontent.com/umsh/AN6v0v7-qOIMGJlrZrSvyC_TGdLCWzH-WgRq501xq8ElD_46mULU652zAHdR75kAhVbFCyJqvw8r6MM0VavzGvNM-RS0HWJoA-x_04Yoxu5zef4BNAGLptXDtA"
        ],
        "members": [],
        "source": {
          "provider": "fumi Diary 2号店",
          "url": "http://blog.livedoor.jp/fumichen2/",
          "mapId": "",
          "layer": "サイン",
          "tags": [
            "サイン"
          ],
          "name": "銀座山野楽器イオンモール北戸田店"
        },
        "classification": {
          "category": "サイン",
          "subcategory": "サイン",
          "method": "legacy-import",
          "status": "unreviewed"
        },
        "classificationCandidates": {
          "members": [],
          "projects": [],
          "contentTypes": []
        }
      }
    },
    {
      "type": "Feature",
      "geometry": {
        "type": "Point",
        "coordinates": [
          140.1118974,
          35.8019682
        ]
      },
      "properties": {
        "id": "fumi-996",
        "name": "HMVイオンモール千葉ニュータウン",
        "category": "サイン",
        "subcategory": "サイン",
        "categoryColor": "#059669",
        "address": "",
        "sceneTitle": "HMVイオンモール千葉ニュータウン",
        "sceneNote": "説明: 欅坂46サイン入りポスター サイレントマジョリティー: 石森虹花 世界には愛しかない: 鈴本美愉 二人セゾン: 菅井友香 櫻坂46サイン入りポスター 流れ弾: 上村莉菜 五月雨よ: 齋藤冬優花 As you know?: 上村莉菜 承認欲求: 土生瑞穂 住所: 〒270-1350 千葉県印西市中央北3-2 イオンモール千葉ニュータウン3F",
        "sourceLabel": "fumi Diary 2号店",
        "sourceUrl": "http://blog.livedoor.jp/fumichen2/",
        "tags": [
          "サイン"
        ],
        "images": [
          "https://lh3.googleusercontent.com/umsh/AN6v0v6mDa-7McQuRmOtxH1xLpXykh3OKpDKN6XzoHetU8ZPKrnFLLezgvCMPaVSElCfv6P5mvZ59CgFzO72l3P-9UZqD0sYmLG7IlDrdjRbXXtA-ySa4LbSNA",
          "https://lh3.googleusercontent.com/umsh/AN6v0v5oPeFyi_LPVdPnivq6vPtI2n1tWiv-dZQ2Id6qmyAZjeavuvRRpV4uo5avMU9FTAqEbi7J_jBK11YYi8y31qSo7VxER3ZhHPB2i8ChFeccNUnsNEs_Wg",
          "https://pub-6d7574c4452b41519ab8adf1541d7f9e.r2.dev/seichi/sakurazaka/3AAjQbR5PHDbjSRCFFBfqxXZ-2D7RnIbCCNDw509_ff3d6490.png",
          "https://pub-6d7574c4452b41519ab8adf1541d7f9e.r2.dev/seichi/sakurazaka/3AAjQbR5gST2t5Pnc7yd3find_MX1EGr8EY0uwAN_3653eb01.png"
        ],
        "members": [],
        "source": {
          "provider": "fumi Diary 2号店",
          "url": "http://blog.livedoor.jp/fumichen2/",
          "mapId": "",
          "layer": "サイン",
          "tags": [
            "サイン"
          ],
          "name": "HMVイオンモール千葉ニュータウン"
        },
        "classification": {
          "category": "サイン",
          "subcategory": "サイン",
          "method": "legacy-import",
          "status": "unreviewed"
        },
        "classificationCandidates": {
          "members": [],
          "projects": [],
          "contentTypes": []
        }
      }
    },
    {
      "type": "Feature",
      "geometry": {
        "type": "Point",
        "coordinates": [
          140.3182948,
          35.7958431
        ]
      },
      "properties": {
        "id": "fumi-997",
        "name": "HMVイオンモール成田",
        "category": "サイン",
        "subcategory": "サイン",
        "categoryColor": "#059669",
        "address": "",
        "sceneTitle": "HMVイオンモール成田",
        "sceneNote": "説明: 欅坂46サイン入りポスター サイレントマジョリティー: 今泉佑唯 二人セゾン: 小林由依 櫻坂46サイン入りポスター Nobody's fault: 上村莉菜 流れ弾: 大沼晶保 五月雨よ: 松田里奈 As you know?: 守屋麗奈 桜月: 松田里奈 Start over!: 増本綺良 承認欲求: 上村莉菜 住所: 〒286-0029 千葉県成田市ウィング土屋24 イオンモール成田2F",
        "sourceLabel": "fumi Diary 2号店",
        "sourceUrl": "http://blog.livedoor.jp/fumichen2/",
        "tags": [
          "サイン"
        ],
        "images": [
          "https://pub-6d7574c4452b41519ab8adf1541d7f9e.r2.dev/seichi/sakurazaka/3AAjQbR7rJlbhP3WpwCW_6md5pP4fr4TkH1u5RgH_b200bd0d.png",
          "https://pub-6d7574c4452b41519ab8adf1541d7f9e.r2.dev/seichi/sakurazaka/3AAjQbR7-NHvYnmSeOma2jBAvV3QNZaydvEkVJA9_05b01ba1.png",
          "https://pub-6d7574c4452b41519ab8adf1541d7f9e.r2.dev/seichi/sakurazaka/3AAjQbR7kMpQg_wup9igU26Ka7_2515czYn8nS0F_51e7178c.png",
          "https://pub-6d7574c4452b41519ab8adf1541d7f9e.r2.dev/seichi/sakurazaka/3AAjQbR6Jv28b7lax88apUpRagX7S9Ji6QltZK9S_ec9f2506.png",
          "https://pub-6d7574c4452b41519ab8adf1541d7f9e.r2.dev/seichi/sakurazaka/3AAjQbR7dPkBwgd4Ztp9hSBO7WEbWsbw5IskNa9a_2686818e.png"
        ],
        "members": [],
        "source": {
          "provider": "fumi Diary 2号店",
          "url": "http://blog.livedoor.jp/fumichen2/",
          "mapId": "",
          "layer": "サイン",
          "tags": [
            "サイン"
          ],
          "name": "HMVイオンモール成田"
        },
        "classification": {
          "category": "サイン",
          "subcategory": "サイン",
          "method": "legacy-import",
          "status": "unreviewed"
        },
        "classificationCandidates": {
          "members": [],
          "projects": [],
          "contentTypes": []
        }
      }
    },
    {
      "type": "Feature",
      "geometry": {
        "type": "Point",
        "coordinates": [
          140.0727961,
          35.7281292
        ]
      },
      "properties": {
        "id": "fumi-998",
        "name": "HMVイオンモール八千代緑が丘",
        "category": "サイン",
        "subcategory": "サイン",
        "categoryColor": "#059669",
        "address": "",
        "sceneTitle": "HMVイオンモール八千代緑が丘",
        "sceneNote": "説明: 欅坂46サイン入りポスター 世界には愛しかない: 志田愛佳 二人セゾン: 齋藤冬優花 櫻坂46サイン入りポスター BAN: 土生瑞穂 五月雨よ: 遠藤光莉 As you know?: 増本綺良 Start over!: 向井純葉 承認欲求: 小田倉麗奈 住所: 〒276-0049 千葉県八千代市緑が丘2-1-3 イオンモール八千代緑が丘4F",
        "sourceLabel": "fumi Diary 2号店",
        "sourceUrl": "http://blog.livedoor.jp/fumichen2/",
        "tags": [
          "サイン"
        ],
        "images": [
          "https://pub-6d7574c4452b41519ab8adf1541d7f9e.r2.dev/seichi/sakurazaka/3AAjQbR4i8Bwy_ZlrPyofrLHdQhsXDSsCeNn8OU7_1bfa9af9.png"
        ],
        "members": [],
        "source": {
          "provider": "fumi Diary 2号店",
          "url": "http://blog.livedoor.jp/fumichen2/",
          "mapId": "",
          "layer": "サイン",
          "tags": [
            "サイン"
          ],
          "name": "HMVイオンモール八千代緑が丘"
        },
        "classification": {
          "category": "サイン",
          "subcategory": "サイン",
          "method": "legacy-import",
          "status": "unreviewed"
        },
        "classificationCandidates": {
          "members": [],
          "projects": [],
          "contentTypes": []
        }
      }
    },
    {
      "type": "Feature",
      "geometry": {
        "type": "Point",
        "coordinates": [
          139.9511433,
          35.8934133
        ]
      },
      "properties": {
        "id": "fumi-999",
        "name": "HMVららぽーと柏の葉",
        "category": "サイン",
        "subcategory": "サイン",
        "categoryColor": "#059669",
        "address": "",
        "sceneTitle": "HMVららぽーと柏の葉",
        "sceneNote": "説明: 欅坂46サイン入りポスター サイレントマジョリティー: 上村莉菜 世界には愛しかない: 平手友梨奈 二人セゾン: 上村莉菜 真っ白なものは汚したくなる: 石森虹花 櫻坂46サイン入りポスター BAN: 原田葵 流れ弾: 藤吉夏鈴 桜月: ? Start over!: 石森璃花 承認欲求: 藤吉夏鈴 住所: 〒277-8518 千葉県柏市若柴175 ららぽーと柏の葉 2F",
        "sourceLabel": "fumi Diary 2号店",
        "sourceUrl": "http://blog.livedoor.jp/fumichen2/",
        "tags": [
          "サイン"
        ],
        "images": [
          "https://lh3.googleusercontent.com/umsh/AN6v0v4t43hq-_4Wp54tePCQQysjncdNQsfq67pkJPxvTlvYhGRwZJWqpQ7BInr8vkm_DVPuHrAk8X891T___B-2Z-_aXo9YzekinikKAnxi3XWe88RQv_XWTQ",
          "https://pub-6d7574c4452b41519ab8adf1541d7f9e.r2.dev/seichi/sakurazaka/3AAjQbR6cibePKW2TIcljIpkkCnZe0guVKmo9YVt_674e6a82.png",
          "https://pub-6d7574c4452b41519ab8adf1541d7f9e.r2.dev/seichi/sakurazaka/3AAjQbR6lPVwbaX8M9sLG3qc-5lZUGt7mXnjlScD_8c0a752b.png",
          "https://pub-6d7574c4452b41519ab8adf1541d7f9e.r2.dev/seichi/sakurazaka/3AAjQbR4st_lK3vWoyBCl3QksViUZBpL6dzdLX2x_0660dee1.png",
          "https://pub-6d7574c4452b41519ab8adf1541d7f9e.r2.dev/seichi/sakurazaka/3AAjQbR7wPQHR1eWBctkf52QlLqv_QgjVF0mQmwY_44bfeefe.png"
        ],
        "members": [],
        "source": {
          "provider": "fumi Diary 2号店",
          "url": "http://blog.livedoor.jp/fumichen2/",
          "mapId": "",
          "layer": "サイン",
          "tags": [
            "サイン"
          ],
          "name": "HMVららぽーと柏の葉"
        },
        "classification": {
          "category": "サイン",
          "subcategory": "サイン",
          "method": "legacy-import",
          "status": "unreviewed"
        },
        "classificationCandidates": {
          "members": [],
          "projects": [],
          "contentTypes": []
        }
      }
    },
    {
      "type": "Feature",
      "geometry": {
        "type": "Point",
        "coordinates": [
          140.1001481,
          35.5088631
        ]
      },
      "properties": {
        "id": "fumi-1001",
        "name": "TSUTAYA市原五井店",
        "category": "サイン",
        "subcategory": "サイン",
        "categoryColor": "#059669",
        "address": "",
        "sceneTitle": "TSUTAYA市原五井店",
        "sceneNote": "説明: 欅坂46サイン入りポスター サイレントマジョリティー: 長沢菜々香 世界には愛しかない: 守屋茜 二人セゾン: 小林由依 真っ白なものは汚したくなる: 織田奈那 櫻坂46サイン入りポスター BAN: 尾関梨香 住所: 〒290-0050 千葉県市原市更級4-1-24",
        "sourceLabel": "fumi Diary 2号店",
        "sourceUrl": "http://blog.livedoor.jp/fumichen2/",
        "tags": [
          "サイン"
        ],
        "images": [],
        "members": [],
        "source": {
          "provider": "fumi Diary 2号店",
          "url": "http://blog.livedoor.jp/fumichen2/",
          "mapId": "",
          "layer": "サイン",
          "tags": [
            "サイン"
          ],
          "name": "TSUTAYA市原五井店"
        },
        "classification": {
          "category": "サイン",
          "subcategory": "サイン",
          "method": "legacy-import",
          "status": "unreviewed"
        },
        "classificationCandidates": {
          "members": [],
          "projects": [],
          "contentTypes": []
        }
      }
    },
    {
      "type": "Feature",
      "geometry": {
        "type": "Point",
        "coordinates": [
          140.024705,
          35.690492
        ]
      },
      "properties": {
        "id": "fumi-1009",
        "name": "タワーレコード津田沼店",
        "category": "サイン",
        "subcategory": "サイン",
        "categoryColor": "#059669",
        "address": "",
        "sceneTitle": "タワーレコード津田沼店",
        "sceneNote": "説明: 欅坂46サイン入りポスター サイレントマジョリティー: 原田葵 世界には愛しかない: 上村莉菜 二人セゾン: 佐藤詩織 真っ白なものは汚したくなる: 上村莉菜 櫻坂46サイン入りポスター BAN: 田村保乃 流れ弾: 田村保乃 五月雨よ: 大園玲 桜月: 上村莉菜 Start over!: 山﨑天 承認欲求: 小島凪紗 住所: 〒275-0016千葉県習志野市津田沼1-23-1イオンモール津田沼 2F",
        "sourceLabel": "fumi Diary 2号店",
        "sourceUrl": "http://blog.livedoor.jp/fumichen2/",
        "tags": [
          "サイン"
        ],
        "images": [
          "https://lh3.googleusercontent.com/umsh/AN6v0v75DVEoIe01lwwqt8mx5-x5Gsi58LDK_6NtGCgT-8-xPVQEKdlzb208CuPAp3sQF7DXNoAvuz1oHxtbqT_0NwxjtieqOTLTdRHBeR5aEwb0AugEnQGZrA",
          "https://lh3.googleusercontent.com/umsh/AN6v0v4JohvymFHfVXTSl4CA60ZWpKm8B2kfYeys7s_sqkdirnjbVeipGcAAvFTFDsri6uKsuDTX25OA4WhOG1uoaj_oMBYI0rytpWhg7Kg3mq9ylrylzdNY",
          "https://lh3.googleusercontent.com/umsh/AN6v0v60eyrgcMjJLfM-MkCb5te5G2e3z6sYQxH4enoopDciV2zfvz56vXkl1lNGmg7oXEv_XvvFwC2xS2QmW6L5pefS2Gw5dTRL7H4lonb2Nu6UQqi5jGlG",
          "https://lh3.googleusercontent.com/umsh/AN6v0v4sHctLo89oCPvPFrvGBazv59nvARple8Zwf9ISUIibhWy1-BQD-nxaEj9iYl-faScveAAv-h2FNHwbwtIoJcHy_bg98s51Xp5LB4bw7JiJLhrQgAi3mw",
          "https://pub-6d7574c4452b41519ab8adf1541d7f9e.r2.dev/seichi/sakurazaka/3AAjQbR43bJpdXM-q11gxORA68AGJKKOui5ihSNv_6500cadb.png",
          "https://pub-6d7574c4452b41519ab8adf1541d7f9e.r2.dev/seichi/sakurazaka/3AAjQbR64hzLutwhzqoRmXdrS4y8QMGIoPqSq8iU_07dab71c.png"
        ],
        "members": [],
        "source": {
          "provider": "fumi Diary 2号店",
          "url": "http://blog.livedoor.jp/fumichen2/",
          "mapId": "",
          "layer": "サイン",
          "tags": [
            "サイン"
          ],
          "name": "タワーレコード津田沼店"
        },
        "classification": {
          "category": "サイン",
          "subcategory": "サイン",
          "method": "legacy-import",
          "status": "unreviewed"
        },
        "classificationCandidates": {
          "members": [],
          "projects": [],
          "contentTypes": []
        }
      }
    },
    {
      "type": "Feature",
      "geometry": {
        "type": "Point",
        "coordinates": [
          139.9896637,
          35.6860056
        ]
      },
      "properties": {
        "id": "fumi-1010",
        "name": "タワーレコードららぽーとTOKYO-BAY店",
        "category": "サイン",
        "subcategory": "サイン",
        "categoryColor": "#059669",
        "address": "",
        "sceneTitle": "タワーレコードららぽーとTOKYO-BAY店",
        "sceneNote": "説明: 欅坂46サイン入りポスター サイレントマジョリティー: 渡辺梨加 世界には愛しかない: 尾関梨香 二人セゾン: 鈴本美愉 真っ白なものは汚したくなる: 菅井友香 櫻坂46サイン入りポスター 五月雨よ: 菅井友香 桜月: 小林由依 承認欲求: 土生瑞穂 住所: 〒273-8530千葉県船橋市浜町2-1-1ららぽーとTOKYO-BAY 南館3階",
        "sourceLabel": "fumi Diary 2号店",
        "sourceUrl": "http://blog.livedoor.jp/fumichen2/",
        "tags": [
          "サイン"
        ],
        "images": [
          "https://lh3.googleusercontent.com/umsh/AN6v0v7k83Bm-H4SxNKoBcfTdLU0r4K1Zl8l1byC0H_hu1PLJ9fYq8wtj1KfMn3n71Zd6c4j66Qt1QwvGgmcgwxRtJeds4dr38AsUVmmLr-EP_EZ_GAI4WHmdw",
          "https://lh3.googleusercontent.com/umsh/AN6v0v63Gy-KjnEdwUCOQ4MsWbaL9ANOPPpoC9KvvGXNyHxfDJxTWtnVuZ8Av83KnXvBOiLiDca7QhOlWGaB2VboYXKBVCvJ3HEhRB9CxCGQivurAcEwb4qYGg",
          "https://pub-6d7574c4452b41519ab8adf1541d7f9e.r2.dev/seichi/sakurazaka/3AAjQbR53LMyL6IKe336twLXx0M8M9rZbgtr_j3K_15a3c424.png"
        ],
        "members": [],
        "source": {
          "provider": "fumi Diary 2号店",
          "url": "http://blog.livedoor.jp/fumichen2/",
          "mapId": "",
          "layer": "サイン",
          "tags": [
            "サイン"
          ],
          "name": "タワーレコードららぽーとTOKYO-BAY店"
        },
        "classification": {
          "category": "サイン",
          "subcategory": "サイン",
          "method": "legacy-import",
          "status": "unreviewed"
        },
        "classificationCandidates": {
          "members": [],
          "projects": [],
          "contentTypes": []
        }
      }
    },
    {
      "type": "Feature",
      "geometry": {
        "type": "Point",
        "coordinates": [
          140.1220405,
          35.5888273
        ]
      },
      "properties": {
        "id": "fumi-1011",
        "name": "タワーレコードアリオモール蘇我店",
        "category": "サイン",
        "subcategory": "サイン",
        "categoryColor": "#059669",
        "address": "",
        "sceneTitle": "タワーレコードアリオモール蘇我店",
        "sceneNote": "説明: 欅坂46サイン入りポスター サイレントマジョリティー: 渡邉理佐 世界には愛しかない: 小池美波 二人セゾン: 尾関梨香 櫻坂46サイン入りポスター 承認欲求: 的野美青 住所: 〒260-0835 千葉県千葉市中央区川崎町52-7アリオモール 2F",
        "sourceLabel": "fumi Diary 2号店",
        "sourceUrl": "http://blog.livedoor.jp/fumichen2/",
        "tags": [
          "サイン"
        ],
        "images": [
          "https://lh3.googleusercontent.com/umsh/AN6v0v6uHHQ998SEhnTRia22yVHT5ohlq9BiXpxRiDxRnqvR5q3xPXtljK8WamMwv3Mcsol3xywsDSTJ1a_pmj-1RB1UP6u9kqZjXsQbL0AunkJakbh__JI-",
          "https://lh3.googleusercontent.com/umsh/AN6v0v6fqYOC7yg-QLtSMAWHQCuThTJ1Ctw0p5Kc5_I08HyrrqOfyA5S3ZVd5urdoEtlSQyuPoaaAjiJYzcT2inKRBmRX6nCrs7Zd827goO2xUNAz8VY78qTFw",
          "https://lh3.googleusercontent.com/umsh/AN6v0v5j_1HmDNYMmtn8dRIMpdD74BuRfDC6DlfyxW26NjxDcBbejmILhUvQtszSf9jIb9GmSN0m1ygCcGthEzClbgyvUFIa5C7D0-C9RtVjxECvfLruWZJJ"
        ],
        "members": [],
        "source": {
          "provider": "fumi Diary 2号店",
          "url": "http://blog.livedoor.jp/fumichen2/",
          "mapId": "",
          "layer": "サイン",
          "tags": [
            "サイン"
          ],
          "name": "タワーレコードアリオモール蘇我店"
        },
        "classification": {
          "category": "サイン",
          "subcategory": "サイン",
          "method": "legacy-import",
          "status": "unreviewed"
        },
        "classificationCandidates": {
          "members": [],
          "projects": [],
          "contentTypes": []
        }
      }
    },
    {
      "type": "Feature",
      "geometry": {
        "type": "Point",
        "coordinates": [
          139.9341483,
          35.7169776
        ]
      },
      "properties": {
        "id": "fumi-1015",
        "name": "新星堂ニッケコルトンプラザ店",
        "category": "サイン",
        "subcategory": "サイン",
        "categoryColor": "#059669",
        "address": "",
        "sceneTitle": "新星堂ニッケコルトンプラザ店",
        "sceneNote": "説明: 櫻坂46サイン入りポスター Nobody's fault: 遠藤光莉 BAN: 大沼晶保 流れ弾: 大園玲 As you know?: 齋藤冬優花 桜月: 幸阪茉里乃 住所: 〒272-0015 千葉県市川市鬼高1-1-1 ニッケコルトンプラザ 3F",
        "sourceLabel": "fumi Diary 2号店",
        "sourceUrl": "http://blog.livedoor.jp/fumichen2/",
        "tags": [
          "サイン"
        ],
        "images": [
          "https://pub-6d7574c4452b41519ab8adf1541d7f9e.r2.dev/seichi/sakurazaka/3AAjQbR7NL7vOdAgkXWcOKs7K9xDO3i8iINBhUjh_fdfe5981.png",
          "https://pub-6d7574c4452b41519ab8adf1541d7f9e.r2.dev/seichi/sakurazaka/3AAjQbR5_GJwUzsKu7KIOHAcn-3UxzmN4GKAHngZ_07d37eca.png",
          "https://pub-6d7574c4452b41519ab8adf1541d7f9e.r2.dev/seichi/sakurazaka/3AAjQbR6eaUqM6NHeSXto0aqHNKIo2Bgigtwg4WF_9c765594.png",
          "https://pub-6d7574c4452b41519ab8adf1541d7f9e.r2.dev/seichi/sakurazaka/3AAjQbR6OCspGVka7SGPQ6-XP10mS8LekY1Uye8f_38e427bf.png"
        ],
        "members": [],
        "source": {
          "provider": "fumi Diary 2号店",
          "url": "http://blog.livedoor.jp/fumichen2/",
          "mapId": "",
          "layer": "サイン",
          "tags": [
            "サイン"
          ],
          "name": "新星堂ニッケコルトンプラザ店"
        },
        "classification": {
          "category": "サイン",
          "subcategory": "サイン",
          "method": "legacy-import",
          "status": "unreviewed"
        },
        "classificationCandidates": {
          "members": [],
          "projects": [],
          "contentTypes": []
        }
      }
    },
    {
      "type": "Feature",
      "geometry": {
        "type": "Point",
        "coordinates": [
          139.971526,
          35.8610523
        ]
      },
      "properties": {
        "id": "fumi-1017",
        "name": "新星堂カルチェ5柏店",
        "category": "サイン",
        "subcategory": "サイン",
        "categoryColor": "#059669",
        "address": "",
        "sceneTitle": "新星堂カルチェ5柏店",
        "sceneNote": "説明: 欅坂46サイン入りポスター 世界には愛しかない: 鈴本美愉 二人セゾン: 菅井友香 真っ白なものは汚したくなる: 上村莉菜 櫻坂46サイン入りポスター BAN: 渡邉理佐 五月雨よ: 大沼晶保 As you know?: 関有美子 桜月: 小池美波 Start over!: 中嶋優月 承認欲求: 向井純葉 住所: 〒277-0004 千葉県柏市柏1-2-31 新星堂カルチェ5 3F",
        "sourceLabel": "fumi Diary 2号店",
        "sourceUrl": "http://blog.livedoor.jp/fumichen2/",
        "tags": [
          "サイン"
        ],
        "images": [
          "https://pub-6d7574c4452b41519ab8adf1541d7f9e.r2.dev/seichi/sakurazaka/3AAjQbR43vI7wDQ8WGb-FOK1AVcTa8kd_NZfq4yZ_0ea384f5.png",
          "https://pub-6d7574c4452b41519ab8adf1541d7f9e.r2.dev/seichi/sakurazaka/3AAjQbR4Usnl3tSLiyLCAXWKFF3GK8yaE_dNV-lb_f4d3c243.png",
          "https://lh3.googleusercontent.com/umsh/AN6v0v7RRr5jcQ773isPUcgozu37T1DUZwvYSbknVjfi9pSIKdDPWd8bCkyFuQ61SylILdt2Aqhxpflcj0fzvmxQ-QGsCHQ7cIlJuqRgk4cxWxYUVn-hiTda4g"
        ],
        "members": [],
        "source": {
          "provider": "fumi Diary 2号店",
          "url": "http://blog.livedoor.jp/fumichen2/",
          "mapId": "",
          "layer": "サイン",
          "tags": [
            "サイン"
          ],
          "name": "新星堂カルチェ5柏店"
        },
        "classification": {
          "category": "サイン",
          "subcategory": "サイン",
          "method": "legacy-import",
          "status": "unreviewed"
        },
        "classificationCandidates": {
          "members": [],
          "projects": [],
          "contentTypes": []
        }
      }
    },
    {
      "type": "Feature",
      "geometry": {
        "type": "Point",
        "coordinates": [
          140.1140152,
          35.610863
        ]
      },
      "properties": {
        "id": "fumi-1018",
        "name": "銀座山野楽器そごう千葉店",
        "category": "サイン",
        "subcategory": "サイン",
        "categoryColor": "#059669",
        "address": "",
        "sceneTitle": "銀座山野楽器そごう千葉店",
        "sceneNote": "説明: 欅坂46サイン入りポスター サイレントマジョリティー: 今泉佑唯 世界には愛しかない: 志田愛佳 二人セゾン: 渡辺梨加 櫻坂46サイン入りポスター Nobody's fault: 幸阪茉里乃 BAN: 上村莉菜 流れ弾: 藤吉夏鈴 五月雨よ: 小林由依 As you know?: 土生瑞穂 Start over!: 大沼晶保 承認欲求: 谷口愛季 住所: 〒260-8557 千葉県千葉市中央区新町1000 そごう千葉店 9F",
        "sourceLabel": "fumi Diary 2号店",
        "sourceUrl": "http://blog.livedoor.jp/fumichen2/",
        "tags": [
          "サイン"
        ],
        "images": [
          "https://pub-6d7574c4452b41519ab8adf1541d7f9e.r2.dev/seichi/sakurazaka/3AAjQbR7LiDEOQFB48ES7E_MYettEwTXf-6loc56_f700e600.png",
          "https://pub-6d7574c4452b41519ab8adf1541d7f9e.r2.dev/seichi/sakurazaka/3AAjQbR62RbLRYfzu--OJKdOExGCtjKudWY65F68_75506f31.png",
          "https://pub-6d7574c4452b41519ab8adf1541d7f9e.r2.dev/seichi/sakurazaka/3AAjQbR48Y6NxotRzsr2DIenOW_z1Ygsne-ESvfv_d6d7f4a2.png",
          "https://pub-6d7574c4452b41519ab8adf1541d7f9e.r2.dev/seichi/sakurazaka/3AAjQbR67yM57noaQftqpqB11Txc6UWqrrCnqagb_3784c7dc.png",
          "https://pub-6d7574c4452b41519ab8adf1541d7f9e.r2.dev/seichi/sakurazaka/3AAjQbR4_biC-zTB-C0U8Zo_hrq0x1kiC2DMY5cF_c6291224.png"
        ],
        "members": [],
        "source": {
          "provider": "fumi Diary 2号店",
          "url": "http://blog.livedoor.jp/fumichen2/",
          "mapId": "",
          "layer": "サイン",
          "tags": [
            "サイン"
          ],
          "name": "銀座山野楽器そごう千葉店"
        },
        "classification": {
          "category": "サイン",
          "subcategory": "サイン",
          "method": "legacy-import",
          "status": "unreviewed"
        },
        "classificationCandidates": {
          "members": [],
          "projects": [],
          "contentTypes": []
        }
      }
    },
    {
      "type": "Feature",
      "geometry": {
        "type": "Point",
        "coordinates": [
          139.7004778,
          35.6615867
        ]
      },
      "properties": {
        "id": "fumi-1021",
        "name": "HMV＆BOOKS SHIBUYA",
        "category": "サイン",
        "subcategory": "サイン",
        "categoryColor": "#059669",
        "address": "",
        "sceneTitle": "HMV＆BOOKS SHIBUYA",
        "sceneNote": "説明: 2016/04/06(水) 店頭宣伝 (尾関梨香・小池美波・齋藤冬優花・佐藤詩織・長沢菜々香・土生瑞穂・守屋茜・長濱ねる) 欅坂46サイン入りポスター サイレントマジョリティー: 平手友梨奈 世界には愛しかない: 菅井友香 二人セゾン: 土生瑞穂 真っ白なものは汚したくなる: 鈴本美愉 櫻坂46サイン入りポスター Nobody's fault: 山﨑天 BAN: 藤吉夏鈴 流れ弾: 森田ひかる 五月雨よ: 菅井友香 As you know?: 大園玲 桜月: 森田ひかる Start over!: 村井優 承認欲求: 小林由依 住所: 〒150-0041 東京都渋谷区神南1-21-3 渋谷modi内 5F,6F",
        "sourceLabel": "fumi Diary 2号店",
        "sourceUrl": "http://blog.livedoor.jp/fumichen2/",
        "tags": [
          "サイン"
        ],
        "images": [
          "https://pub-6d7574c4452b41519ab8adf1541d7f9e.r2.dev/seichi/sakurazaka/3AAjQbR6f6AK-nM1CO4jBP4arHji0anv1-dKVlmm_4b4ef3f4.png",
          "https://pub-6d7574c4452b41519ab8adf1541d7f9e.r2.dev/seichi/sakurazaka/3AAjQbR6dvtpOpoe_qzuiejNDKpUevLvXrkO0dri_47b28990.png",
          "https://pub-6d7574c4452b41519ab8adf1541d7f9e.r2.dev/seichi/sakurazaka/3AAjQbR43823A0XCwXeKEyFSehl6B0HpD6Ud7fMj_f257fd53.png",
          "https://pub-6d7574c4452b41519ab8adf1541d7f9e.r2.dev/seichi/sakurazaka/3AAjQbR5qsnEOX5FJuYeE5iqY-whxH3LLAh3v0RC_7f90b9da.png",
          "https://pub-6d7574c4452b41519ab8adf1541d7f9e.r2.dev/seichi/sakurazaka/3AAjQbR6ZkH3hjTsbqRhHo7pqVXqjjxyI4zWgEGg_be02be0c.png",
          "https://pub-6d7574c4452b41519ab8adf1541d7f9e.r2.dev/seichi/sakurazaka/3AAjQbR7oZp63zCnXWHpiAff1IOgMR4zhlOiE-Ux_01247b2e.png",
          "https://pub-6d7574c4452b41519ab8adf1541d7f9e.r2.dev/seichi/sakurazaka/3AAjQbR7uX68n2ppJExeUjWMntZVtEZmAwDkEPBc_f3018f9b.png",
          "https://pub-6d7574c4452b41519ab8adf1541d7f9e.r2.dev/seichi/sakurazaka/3AAjQbR72Vq1bjXsLvc1LXZknp6w3f8enMJUcqW0_7b510dab.png",
          "https://pub-6d7574c4452b41519ab8adf1541d7f9e.r2.dev/seichi/sakurazaka/3AAjQbR7Dug4Uv2RHenm_hinefkpW_clWStA_GA6_e378ef40.png",
          "https://pub-6d7574c4452b41519ab8adf1541d7f9e.r2.dev/seichi/sakurazaka/3AAjQbR4igULkiwwQ1njMKE5k0jROFmLetdJy04R_f92d4f15.png",
          "https://pub-6d7574c4452b41519ab8adf1541d7f9e.r2.dev/seichi/sakurazaka/3AAjQbR7LCG0nYaWU6Yt3MQRwOH-wSHWI14xho5p_90df5c16.png"
        ],
        "members": [],
        "source": {
          "provider": "fumi Diary 2号店",
          "url": "http://blog.livedoor.jp/fumichen2/",
          "mapId": "",
          "layer": "サイン",
          "tags": [
            "サイン"
          ],
          "name": "HMV＆BOOKS SHIBUYA"
        },
        "classification": {
          "category": "サイン",
          "subcategory": "サイン",
          "method": "legacy-import",
          "status": "unreviewed"
        },
        "classificationCandidates": {
          "members": [],
          "projects": [],
          "contentTypes": []
        }
      }
    },
    {
      "type": "Feature",
      "geometry": {
        "type": "Point",
        "coordinates": [
          139.385374,
          35.7468791
        ]
      },
      "properties": {
        "id": "fumi-1022",
        "name": "HMVイオンモールむさし村山",
        "category": "サイン",
        "subcategory": "サイン",
        "categoryColor": "#059669",
        "address": "",
        "sceneTitle": "HMVイオンモールむさし村山",
        "sceneNote": "説明: 欅坂46サイン入りポスター サイレントマジョリティー: 織田奈那 世界には愛しかない: 齋藤冬優花 二人セゾン: 志田愛佳 永遠より長い一瞬 ～あの頃、確かに存在した私たち～: 大園玲 櫻坂46サイン入りポスター Nobody's fault: 齋藤冬優花 五月雨よ: 原田葵 As you know?: 齋藤冬優花 桜月: 大沼晶保 Start over!: 齋藤冬優花 住所: 〒208-0022 東京都武蔵村山市榎1-1-3 イオンモールむさし村山3F",
        "sourceLabel": "fumi Diary 2号店",
        "sourceUrl": "http://blog.livedoor.jp/fumichen2/",
        "tags": [
          "サイン"
        ],
        "images": [
          "https://lh3.googleusercontent.com/umsh/AN6v0v7ld1MoY2p-r2YgYphSI-wGQZzUnjJK6HX_WSj3UIwwTOayoPS_NsB9nAzHl2EYJ6zuOjC8kbj8xDo0pKTQh7nSD6APk3QlWl9ajXNUm8IcRJTOrLDy",
          "https://lh3.googleusercontent.com/umsh/AN6v0v7T7ZQl27OD0blz548ZWMIZufcSEsIzu4H-Jhf7fUk2Whwqi4iFX69DRLWcpN-ZtFF_DIPX4MRve6AXl5rBJveaPZbqfnm8wDwGQ_VYZTToXIoHnOV51g",
          "https://pub-6d7574c4452b41519ab8adf1541d7f9e.r2.dev/seichi/sakurazaka/3AAjQbR6vTX2Z44bWm0-hEzqmhPb_QqeuiT4l0QB_2c4a0821.png"
        ],
        "members": [],
        "source": {
          "provider": "fumi Diary 2号店",
          "url": "http://blog.livedoor.jp/fumichen2/",
          "mapId": "",
          "layer": "サイン",
          "tags": [
            "サイン"
          ],
          "name": "HMVイオンモールむさし村山"
        },
        "classification": {
          "category": "サイン",
          "subcategory": "サイン",
          "method": "legacy-import",
          "status": "unreviewed"
        },
        "classificationCandidates": {
          "members": [],
          "projects": [],
          "contentTypes": []
        }
      }
    },
    {
      "type": "Feature",
      "geometry": {
        "type": "Point",
        "coordinates": [
          139.7926313,
          35.6561806
        ]
      },
      "properties": {
        "id": "fumi-1024",
        "name": "HMVららぽーと豊洲",
        "category": "サイン",
        "subcategory": "サイン",
        "categoryColor": "#059669",
        "address": "",
        "sceneTitle": "HMVららぽーと豊洲",
        "sceneNote": "説明: 欅坂46サイン入りポスター サイレントマジョリティー: 土生瑞穂 世界には愛しかない: 小林由依 二人セゾン: 渡邉理佐 真っ白なものは汚したくなる: 志田愛佳 櫻坂46サイン入りポスター 五月雨よ: 森田ひかる As you know?: 小池美波 桜月: 田村保乃 Start over!: 小林由依 承認欲求: 守屋麗奈 住所: 〒135-8614 東京都江東区豊洲2-4-9 アーバンドックららぽーと豊洲 3F",
        "sourceLabel": "fumi Diary 2号店",
        "sourceUrl": "http://blog.livedoor.jp/fumichen2/",
        "tags": [
          "サイン"
        ],
        "images": [
          "https://lh3.googleusercontent.com/umsh/AN6v0v4JQg4-zMZ3oY_ySd5EkG-lxyCwiUvXq8sJ0_pMvqZwRn3r8Sdi2hiNahVNrDt4g4SP6Left-hb2eZufAlX0ypLtAl6VljWGqysN8vH8mnU7lC-TymsyQ",
          "https://pub-6d7574c4452b41519ab8adf1541d7f9e.r2.dev/seichi/sakurazaka/3AAjQbR73OQ2MZFevTIRcf1GClATXvvN3KaLpSrB_55ed5317.png",
          "https://pub-6d7574c4452b41519ab8adf1541d7f9e.r2.dev/seichi/sakurazaka/3AAjQbR56ByI6GVIlrmbL_BGKUjNKffDUp902oKM_add36839.png",
          "https://pub-6d7574c4452b41519ab8adf1541d7f9e.r2.dev/seichi/sakurazaka/3AAjQbR5mtvhezTpAoSIJWNw8smFFCNsjI3UAlFR_925e771b.png"
        ],
        "members": [],
        "source": {
          "provider": "fumi Diary 2号店",
          "url": "http://blog.livedoor.jp/fumichen2/",
          "mapId": "",
          "layer": "サイン",
          "tags": [
            "サイン"
          ],
          "name": "HMVららぽーと豊洲"
        },
        "classification": {
          "category": "サイン",
          "subcategory": "サイン",
          "method": "legacy-import",
          "status": "unreviewed"
        },
        "classificationCandidates": {
          "members": [],
          "projects": [],
          "contentTypes": []
        }
      }
    },
    {
      "type": "Feature",
      "geometry": {
        "type": "Point",
        "coordinates": [
          139.701097,
          35.691251
        ]
      },
      "properties": {
        "id": "fumi-1025",
        "name": "HMV&BOOKS SPOT SHINJUKU",
        "category": "サイン",
        "subcategory": "サイン",
        "categoryColor": "#059669",
        "address": "",
        "sceneTitle": "HMV&BOOKS SPOT SHINJUKU",
        "sceneNote": "説明: 欅坂46サイン入りポスター サイレントマジョリティー: 志田愛佳 世界には愛しかない: 小池美波 二人セゾン: 平手友梨奈 真っ白なものは汚したくなる: 守屋茜 永遠より長い一瞬 ～あの頃、確かに存在した私たち～: 松平璃子 櫻坂46サイン入りポスター Nobody's fault: 菅井友香 BAN: 藤吉夏鈴 五月雨よ: 原田葵 As you know?: 尾関梨香 桜月: 大園玲 Start over!: 小池美波 承認欲求: 山﨑天 (旧HMVルミネエスト新宿はルミネエスト新宿6F) 住所: 〒160-0022 東京都新宿区新宿3-38-1 ルミネエスト新宿B1",
        "sourceLabel": "fumi Diary 2号店",
        "sourceUrl": "http://blog.livedoor.jp/fumichen2/",
        "tags": [
          "サイン"
        ],
        "images": [
          "https://lh3.googleusercontent.com/umsh/AN6v0v6y7YaKdYKGprUlx8GOJItCiApAqwXtZDS4QHfUx3dFP9AbD0vWVYt3g1BcpGLosWa6hIGrAU7dDox3gDVRtqA9eiXkfeQ82AKOCSMTcT9bx-M_Xo_6Kg",
          "https://pub-6d7574c4452b41519ab8adf1541d7f9e.r2.dev/seichi/sakurazaka/3AAjQbR5-KR0yn3QTdWc7IFovJ2Ieiu848cGUdO2_ffd14741.png"
        ],
        "members": [],
        "source": {
          "provider": "fumi Diary 2号店",
          "url": "http://blog.livedoor.jp/fumichen2/",
          "mapId": "",
          "layer": "サイン",
          "tags": [
            "サイン"
          ],
          "name": "HMV&BOOKS SPOT SHINJUKU"
        },
        "classification": {
          "category": "サイン",
          "subcategory": "サイン",
          "method": "legacy-import",
          "status": "unreviewed"
        },
        "classificationCandidates": {
          "members": [],
          "projects": [],
          "contentTypes": []
        }
      }
    },
    {
      "type": "Feature",
      "geometry": {
        "type": "Point",
        "coordinates": [
          139.41204,
          35.700836
        ]
      },
      "properties": {
        "id": "fumi-1026",
        "name": "HMV立川",
        "category": "サイン",
        "subcategory": "サイン",
        "categoryColor": "#059669",
        "address": "",
        "sceneTitle": "HMV立川",
        "sceneNote": "説明: 欅坂46サイン入りポスター サイレントマジョリティー: 米谷奈々未 世界には愛しかない: 尾関梨香 二人セゾン: 織田奈那 真っ白なものは汚したくなる: 今泉佑唯 永遠より長い一瞬 ～あの頃、確かに存在した私たち～: 松田里奈 櫻坂46サイン入りポスター Nobody's fault: 上村莉菜 流れ弾: 上村莉菜 五月雨よ: 尾関梨香 As you know?: 藤吉夏鈴 桜月: 守屋麗奈 Start over!: 大園玲 承認欲求: 藤吉夏鈴 住所: 〒190-0012 東京都立川市曙町2-42-1 パークアベニュー2F",
        "sourceLabel": "fumi Diary 2号店",
        "sourceUrl": "http://blog.livedoor.jp/fumichen2/",
        "tags": [
          "サイン"
        ],
        "images": [
          "https://lh3.googleusercontent.com/umsh/AN6v0v70Ljlkrk-BYz-K1SXQKDcQFv5E8yYiCBwgIuO-1UST2OlAudIWfvNyXfNFHmhWegly_m-vYFs2yJbqvCS39BdP_Pf-esdz8cV8rH1NAwnuzhOa3Bv-9w",
          "https://lh3.googleusercontent.com/umsh/AN6v0v41OFnKZakcgNsxby1EViDg3HlNo-6sS4rmhrcA-VU0Jw8MF0qf2Uc6_-wfi1hbqwewfnmWhDXW6otYntxURU7uDQ88LceIsNeQf4cXee5Mayb5-WN7SQ",
          "https://pub-6d7574c4452b41519ab8adf1541d7f9e.r2.dev/seichi/sakurazaka/3AAjQbR404dZT-5LuuFVOql1wRgftv5ekE3dTglc_6c8648f3.png",
          "https://pub-6d7574c4452b41519ab8adf1541d7f9e.r2.dev/seichi/sakurazaka/3AAjQbR55AZiIzYWAvmLnK4DB-bHWIjyTBDKEcDG_b474cb0f.png",
          "https://pub-6d7574c4452b41519ab8adf1541d7f9e.r2.dev/seichi/sakurazaka/3AAjQbR5_i5L7HKJch2_kEQdZbXMMY77QJtZsx1i_1c4f0d9f.png"
        ],
        "members": [],
        "source": {
          "provider": "fumi Diary 2号店",
          "url": "http://blog.livedoor.jp/fumichen2/",
          "mapId": "",
          "layer": "サイン",
          "tags": [
            "サイン"
          ],
          "name": "HMV立川"
        },
        "classification": {
          "category": "サイン",
          "subcategory": "サイン",
          "method": "legacy-import",
          "status": "unreviewed"
        },
        "classificationCandidates": {
          "members": [],
          "projects": [],
          "contentTypes": []
        }
      }
    },
    {
      "type": "Feature",
      "geometry": {
        "type": "Point",
        "coordinates": [
          139.4733882,
          35.6234875
        ]
      },
      "properties": {
        "id": "fumi-1031",
        "name": "コーチャンフォー若葉台店",
        "category": "サイン",
        "subcategory": "サイン",
        "categoryColor": "#059669",
        "address": "",
        "sceneTitle": "コーチャンフォー若葉台店",
        "sceneNote": "説明: 欅坂46サイン入りポスター 世界には愛しかない: 織田奈那 二人セゾン: 織田奈那 真っ白なものは汚したくなる: 長濱ねる 櫻坂46サイン入りポスター As you know?: 上村莉菜 住所: 〒206-0824 東京都稲城市若葉台2-9-2",
        "sourceLabel": "fumi Diary 2号店",
        "sourceUrl": "http://blog.livedoor.jp/fumichen2/",
        "tags": [
          "サイン"
        ],
        "images": [
          "https://lh3.googleusercontent.com/umsh/AN6v0v4PLGoJtolIvwzQh43DG-wYE077DVvKPskFiWHuMrYVXpEmqn5s8Dh1GLRQzjJZA792RhpYKnbyZAmQy0wdYJUI-afYgwGToK2QC8GaF0adnlePOK9j",
          "https://pub-6d7574c4452b41519ab8adf1541d7f9e.r2.dev/seichi/sakurazaka/3AAjQbR5WwuTHdhTouHfRgyWhnhyUQNqIgKF_2bO_ac1f2797.png",
          "https://pub-6d7574c4452b41519ab8adf1541d7f9e.r2.dev/seichi/sakurazaka/3AAjQbR6gq18TPoMMc97RQHBTkuTwaMO-fkRO_2a_4b6e4028.png",
          "https://pub-6d7574c4452b41519ab8adf1541d7f9e.r2.dev/seichi/sakurazaka/3AAjQbR7rq3MtEKnVueLvo58wms6g7AykprI-EKh_9e6762aa.png"
        ],
        "members": [],
        "source": {
          "provider": "fumi Diary 2号店",
          "url": "http://blog.livedoor.jp/fumichen2/",
          "mapId": "",
          "layer": "サイン",
          "tags": [
            "サイン"
          ],
          "name": "コーチャンフォー若葉台店"
        },
        "classification": {
          "category": "サイン",
          "subcategory": "サイン",
          "method": "legacy-import",
          "status": "unreviewed"
        },
        "classificationCandidates": {
          "members": [],
          "projects": [],
          "contentTypes": []
        }
      }
    },
    {
      "type": "Feature",
      "geometry": {
        "type": "Point",
        "coordinates": [
          139.8523444,
          35.7655115
        ]
      },
      "properties": {
        "id": "fumi-1033",
        "name": "タワーレコードアリオ亀有店",
        "category": "サイン",
        "subcategory": "サイン",
        "categoryColor": "#059669",
        "address": "",
        "sceneTitle": "タワーレコードアリオ亀有店",
        "sceneNote": "説明: 欅坂46サイン入りポスター サイレントマジョリティー: 石森虹花 世界には愛しかない: 平手友梨奈 二人セゾン: 石森虹花 真っ白なものは汚したくなる: 渡邉理佐 櫻坂46サイン入りポスター Nobody's fault: 齋藤冬優花 五月雨よ: 武元唯衣 Start over!: 土生瑞穂 承認欲求: 山下瞳月 住所: 〒125-0061 東京都葛飾区亀有3-49-3 アリオ亀有 アリオモール2F",
        "sourceLabel": "fumi Diary 2号店",
        "sourceUrl": "http://blog.livedoor.jp/fumichen2/",
        "tags": [
          "サイン"
        ],
        "images": [
          "https://lh3.googleusercontent.com/umsh/AN6v0v6VFuKDTGFbVrpMRNm1uSWk4vnzDQtxn1Bs5tuR8Qw1Eoo7KynP_Yfq63oooTVjI5dimVLhk_l_bomp0nO4OAe3Ym75sLzT3IPF8KcqYiMqHox2oLIS1A",
          "https://pub-6d7574c4452b41519ab8adf1541d7f9e.r2.dev/seichi/sakurazaka/3AAjQbR6DEIJz8rrLdEaAhYT-Hq43VGJ9J_Wcy8P_fd6d7936.png",
          "https://pub-6d7574c4452b41519ab8adf1541d7f9e.r2.dev/seichi/sakurazaka/3AAjQbR7y3AUjglOZ-c9a4TlfDB0a55ut7Z9DHof_746fa570.png",
          "https://pub-6d7574c4452b41519ab8adf1541d7f9e.r2.dev/seichi/sakurazaka/3AAjQbR6jC6dLgutzktJ4XqZ-WUFLKC3u6WvB3SS_61a90a7a.png"
        ],
        "members": [],
        "source": {
          "provider": "fumi Diary 2号店",
          "url": "http://blog.livedoor.jp/fumichen2/",
          "mapId": "",
          "layer": "サイン",
          "tags": [
            "サイン"
          ],
          "name": "タワーレコードアリオ亀有店"
        },
        "classification": {
          "category": "サイン",
          "subcategory": "サイン",
          "method": "legacy-import",
          "status": "unreviewed"
        },
        "classificationCandidates": {
          "members": [],
          "projects": [],
          "contentTypes": []
        }
      }
    },
    {
      "type": "Feature",
      "geometry": {
        "type": "Point",
        "coordinates": [
          139.701547,
          35.689927
        ]
      },
      "properties": {
        "id": "fumi-1035",
        "name": "タワーレコード 新宿店",
        "category": "サイン",
        "subcategory": "サイン",
        "categoryColor": "#059669",
        "address": "",
        "sceneTitle": "タワーレコード 新宿店",
        "sceneNote": "説明: 欅坂46サイン入りポスター サイレントマジョリティー: 小林由依 世界には愛しかない: 渡邉理佐 二人セゾン: 今泉佑唯 真っ白なものは汚したくなる: 渡辺梨加 櫻坂46サイン入りポスター Nobody's fault: 小林由依 BAN: 渡邉理佐 流れ弾: 渡辺梨加 五月雨よ: 田村保乃 As you know?: 山﨑天 桜月: 小林由依 Start over!: 藤吉夏鈴 住所: 〒160-0022東京都新宿区新宿3-37-1フラッグス 7F - 10F",
        "sourceLabel": "fumi Diary 2号店",
        "sourceUrl": "http://blog.livedoor.jp/fumichen2/",
        "tags": [
          "サイン"
        ],
        "images": [
          "https://lh3.googleusercontent.com/umsh/AN6v0v6-fa074xVccj_yIHMNY7pO0d7xxgxCPNSzqJr9Ayw66emYEgRfF4Ea4fLSi1m1sQ3TwyUJ5pEtLb0H5qgiNdtgbUG8eLU8OVb_JcioAMiIXbTf0vBZnQ",
          "https://pub-6d7574c4452b41519ab8adf1541d7f9e.r2.dev/seichi/sakurazaka/3AAjQbR4MoKuvqHip6sn1XS5UPACRwhEmqCOpdP7_706ff762.png",
          "https://pub-6d7574c4452b41519ab8adf1541d7f9e.r2.dev/seichi/sakurazaka/3AAjQbR71lG9rq4l1_6w9Im569DJGRV4y613VnmU_a8c1cbf5.png",
          "https://pub-6d7574c4452b41519ab8adf1541d7f9e.r2.dev/seichi/sakurazaka/3AAjQbR5GAGArsUyMOm5qYPBYYdlsr07AYZ86eHT_39c364d4.png"
        ],
        "members": [],
        "source": {
          "provider": "fumi Diary 2号店",
          "url": "http://blog.livedoor.jp/fumichen2/",
          "mapId": "",
          "layer": "サイン",
          "tags": [
            "サイン"
          ],
          "name": "タワーレコード 新宿店"
        },
        "classification": {
          "category": "サイン",
          "subcategory": "サイン",
          "method": "legacy-import",
          "status": "unreviewed"
        },
        "classificationCandidates": {
          "members": [],
          "projects": [],
          "contentTypes": []
        }
      }
    },
    {
      "type": "Feature",
      "geometry": {
        "type": "Point",
        "coordinates": [
          139.8161785,
          35.6964626
        ]
      },
      "properties": {
        "id": "fumi-1036",
        "name": "タワーレコード錦糸町パルコ店",
        "category": "サイン",
        "subcategory": "サイン",
        "categoryColor": "#059669",
        "address": "",
        "sceneTitle": "タワーレコード錦糸町パルコ店",
        "sceneNote": "説明: 櫻坂46サイン入りポスター Nobody's fault: 原田葵 BAN: 原田葵 流れ弾: 増本綺良 五月雨よ: 齋藤冬優花 As you know?: 関有美子 Start over!: 村山美羽 承認欲求: 向井純葉 住所: 〒130-0022 東京都墨田区江東橋4-27-14 錦糸町パルコ 5F",
        "sourceLabel": "fumi Diary 2号店",
        "sourceUrl": "http://blog.livedoor.jp/fumichen2/",
        "tags": [
          "サイン"
        ],
        "images": [
          "https://pub-6d7574c4452b41519ab8adf1541d7f9e.r2.dev/seichi/sakurazaka/3AAjQbR7jHpfA4lpmxOFQDgAJiXMfuIV5KWcWJ5c_38848501.png"
        ],
        "members": [],
        "source": {
          "provider": "fumi Diary 2号店",
          "url": "http://blog.livedoor.jp/fumichen2/",
          "mapId": "",
          "layer": "サイン",
          "tags": [
            "サイン"
          ],
          "name": "タワーレコード錦糸町パルコ店"
        },
        "classification": {
          "category": "サイン",
          "subcategory": "サイン",
          "method": "legacy-import",
          "status": "unreviewed"
        },
        "classificationCandidates": {
          "members": [],
          "projects": [],
          "contentTypes": []
        }
      }
    },
    {
      "type": "Feature",
      "geometry": {
        "type": "Point",
        "coordinates": [
          139.712405,
          35.731646
        ]
      },
      "properties": {
        "id": "fumi-1037",
        "name": "タワーレコード池袋店",
        "category": "サイン",
        "subcategory": "サイン",
        "categoryColor": "#059669",
        "address": "",
        "sceneTitle": "タワーレコード池袋店",
        "sceneNote": "説明: 2016/04/06(水) 店頭宣伝 (今泉佑唯・小林由依・鈴本美愉・菅井友香・平手友梨奈・渡辺梨加・渡邉理佐) 欅坂46サイン入りポスター サイレントマジョリティー: 渡辺梨加 世界には愛しかない: 石森虹花、今泉佑唯、尾関梨香、小林由依、齋藤冬優花、土生瑞穂、渡邉理佐、長濱ねる 二人セゾン: 土生瑞穂 真っ白なものは汚したくなる: 平手友梨奈 永遠より長い一瞬 ～あの頃、確かに存在した私たち～: 菅井友香 櫻坂46サイン入りポスター Nobody's fault: 藤吉夏鈴 BAN: 森田ひかる 流れ弾: 渡邉理佐 五月雨よ: 森田ひかる As you know?: 田村保乃 桜月: 田村保乃 Start over!: 山下瞳月 住所: 〒170-0013 東京都豊島区東池袋1-50-35 池袋P'パルコ 5F / 6F",
        "sourceLabel": "fumi Diary 2号店",
        "sourceUrl": "http://blog.livedoor.jp/fumichen2/",
        "tags": [
          "サイン"
        ],
        "images": [
          "https://lh3.googleusercontent.com/umsh/AN6v0v4ix09mDAX1cBLBqgsciC0T4fGGf_TkQADgJco2I8WaFsLuFwDdzliWbGQfFRjKzkZCj7ClTaKW9HGh30cDQeCKGv81Y1Tdmi4SNZ92LE8b1oE8fxd2dA",
          "https://lh3.googleusercontent.com/umsh/AN6v0v7ZSaSKgNz7RdupSmm_uhYF5bIEh6sk9XawoyzfkvVke_J38KsuyaxtivsolBWnJ3T6ha_yGuBXBxH0JcLSPT6ATWqE0ZbwQgk2D1ATiDLMZUNsuzyw2g",
          "https://pub-6d7574c4452b41519ab8adf1541d7f9e.r2.dev/seichi/sakurazaka/3AAjQbR46eU0fXWMZ93oqvOfc5Xn2aN_dYdPGOcR_f13546c0.png",
          "https://pub-6d7574c4452b41519ab8adf1541d7f9e.r2.dev/seichi/sakurazaka/3AAjQbR5D7FdWKQ74A16sKLaEfADmk9U1dfy-E94_1bc8bf7d.png"
        ],
        "members": [],
        "source": {
          "provider": "fumi Diary 2号店",
          "url": "http://blog.livedoor.jp/fumichen2/",
          "mapId": "",
          "layer": "サイン",
          "tags": [
            "サイン"
          ],
          "name": "タワーレコード池袋店"
        },
        "classification": {
          "category": "サイン",
          "subcategory": "サイン",
          "method": "legacy-import",
          "status": "unreviewed"
        },
        "classificationCandidates": {
          "members": [],
          "projects": [],
          "contentTypes": []
        }
      }
    },
    {
      "type": "Feature",
      "geometry": {
        "type": "Point",
        "coordinates": [
          139.4450962,
          35.5431338
        ]
      },
      "properties": {
        "id": "fumi-1038",
        "name": "タワーレコード町田店",
        "category": "サイン",
        "subcategory": "サイン",
        "categoryColor": "#059669",
        "address": "",
        "sceneTitle": "タワーレコード町田店",
        "sceneNote": "説明: 欅坂46サイン入りポスター サイレントマジョリティー: 上村莉菜 世界には愛しかない: 土生瑞穂 二人セゾン: 守屋茜 真っ白なものは汚したくなる: 尾関梨香 櫻坂46サイン入りポスター 桜月: 小池美波 Start over!: 小田倉麗奈 承認欲求: 武元唯衣 住所: 〒194-0013 東京都町田市原町田6-2-6 町田モディ 7F",
        "sourceLabel": "fumi Diary 2号店",
        "sourceUrl": "http://blog.livedoor.jp/fumichen2/",
        "tags": [
          "サイン"
        ],
        "images": [
          "https://lh3.googleusercontent.com/umsh/AN6v0v6mMGT3xWr3Kd1bThl_LDXGM4IyiBNyYHOpwruFsFO3AkPJUKiGkabUZONyHFd_aXXrA5qwBwlLXQ-bSV_zLPMTcheEHcLTl1XrrLuhH5tSNZwhmtDQQg",
          "https://lh3.googleusercontent.com/umsh/AN6v0v56KEg6PmkUOoG_VSIcD8mqoYmEOAIViu9C4QfY-ah_4tmln_KmfUQs0EZ44cz4NdyBoc4wYftxXDjzIOyoSmYuWugPxLSFmSiFiinB6IZSx5WPdERXyQ",
          "https://lh3.googleusercontent.com/umsh/AN6v0v6MJb52SLTUhEKvxc67Q26gA9JYcKav1FkgsTGpB3CCVN_xA6Zayxai04d4K32_DXchFgMeHZmrceWRVvyA1nzr-KAZSRF1gpFTVZuNyqDsCrKVeLu6Vw",
          "https://pub-6d7574c4452b41519ab8adf1541d7f9e.r2.dev/seichi/sakurazaka/3AAjQbR42_C42oWRkkq0Z7sBxXiQXfucSn1daEB-_512ab0f7.png",
          "https://pub-6d7574c4452b41519ab8adf1541d7f9e.r2.dev/seichi/sakurazaka/3AAjQbR4gqaegYdLG6C396IlV-tDhPQOBbzOXFv__e81ea163.png"
        ],
        "members": [],
        "source": {
          "provider": "fumi Diary 2号店",
          "url": "http://blog.livedoor.jp/fumichen2/",
          "mapId": "",
          "layer": "サイン",
          "tags": [
            "サイン"
          ],
          "name": "タワーレコード町田店"
        },
        "classification": {
          "category": "サイン",
          "subcategory": "サイン",
          "method": "legacy-import",
          "status": "unreviewed"
        },
        "classificationCandidates": {
          "members": [],
          "projects": [],
          "contentTypes": []
        }
      }
    },
    {
      "type": "Feature",
      "geometry": {
        "type": "Point",
        "coordinates": [
          139.34314,
          35.65788
        ]
      },
      "properties": {
        "id": "fumi-1039",
        "name": "タワーレコード八王子店",
        "category": "サイン",
        "subcategory": "サイン",
        "categoryColor": "#059669",
        "address": "",
        "sceneTitle": "タワーレコード八王子店",
        "sceneNote": "説明: 欅坂46サイン入りポスター サイレントマジョリティー: 石森虹花 世界には愛しかない: 渡辺梨加 二人セゾン: 今泉佑唯 真っ白なものは汚したくなる: 菅井友香 櫻坂46サイン入りポスター 五月雨よ: 土生瑞穂 桜月: 井上梨名 Start over!: 増本綺良 承認欲求: 守屋麗奈 住所: 〒192-0046 東京都八王子市明神町3-27-1 京王八王子ショッピングセンター 5F",
        "sourceLabel": "fumi Diary 2号店",
        "sourceUrl": "http://blog.livedoor.jp/fumichen2/",
        "tags": [
          "サイン"
        ],
        "images": [
          "https://lh3.googleusercontent.com/umsh/AN6v0v6UvjlIzMOYAh6BMkFUROwvQ7Ar7CXoys5W6Qi67pbX4RRu6fW1JedKjmxpUoLE5kME41WvtEQz0EY8D21c7ITQt9WRbhF7JJXRgID-FL6uvU3PTSoiPQ",
          "https://pub-6d7574c4452b41519ab8adf1541d7f9e.r2.dev/seichi/sakurazaka/3AAjQbR4GqZc4tO1jhzviQa3DjfE2qZMlmorIHzk_23f3eb2e.png"
        ],
        "members": [],
        "source": {
          "provider": "fumi Diary 2号店",
          "url": "http://blog.livedoor.jp/fumichen2/",
          "mapId": "",
          "layer": "サイン",
          "tags": [
            "サイン"
          ],
          "name": "タワーレコード八王子店"
        },
        "classification": {
          "category": "サイン",
          "subcategory": "サイン",
          "method": "legacy-import",
          "status": "unreviewed"
        },
        "classificationCandidates": {
          "members": [],
          "projects": [],
          "contentTypes": []
        }
      }
    },
    {
      "type": "Feature",
      "geometry": {
        "type": "Point",
        "coordinates": [
          139.6609948,
          35.770259
        ]
      },
      "properties": {
        "id": "fumi-1041",
        "name": "バンダレコードイオン板橋店",
        "category": "サイン",
        "subcategory": "サイン",
        "categoryColor": "#059669",
        "address": "",
        "sceneTitle": "バンダレコードイオン板橋店",
        "sceneNote": "説明: 欅坂46サイン入りポスター サイレントマジョリティー: 石森虹花 世界には愛しかない: 織田奈那 二人セゾン: 平手友梨奈 櫻坂46サイン入りポスター BAN: 齋藤冬優花 流れ弾: 上村莉菜 五月雨よ: 松田里奈 As you know?: 増本綺良 住所: 〒175-0083 東京都板橋区徳丸2-6-1",
        "sourceLabel": "fumi Diary 2号店",
        "sourceUrl": "http://blog.livedoor.jp/fumichen2/",
        "tags": [
          "サイン"
        ],
        "images": [
          "https://lh3.googleusercontent.com/umsh/AN6v0v4idPGFMjwarm8hlkNp16PKQnCMfALsJLiyphBjUQD38tLdGvQEkdewf3DajzggaJrubrp2Nosvpo6oHg2o9oZ4OY15-OQ2u7zYyHRrUqUeJklRbxcd",
          "https://lh3.googleusercontent.com/umsh/AN6v0v7BcOlVmgJQei98EcPFOtn2HPFc3WPHmb_5-n7wsJj85cADGiY_zimb7DjOCrDxSlXb7H27PaLaHtZ4x5uoOoIJoj8BU6ECwzfRRxZE609Sw0tVDyZ92Q",
          "https://pub-6d7574c4452b41519ab8adf1541d7f9e.r2.dev/seichi/sakurazaka/3AAjQbR4RO8VAdnTq9NcQDh29M1yI9FABBH4zere_a01357e7.png",
          "https://pub-6d7574c4452b41519ab8adf1541d7f9e.r2.dev/seichi/sakurazaka/3AAjQbR5uU70UXZwlqIPQrBXJeqdn3y-rjTcWLVb_062bcbd6.png"
        ],
        "members": [],
        "source": {
          "provider": "fumi Diary 2号店",
          "url": "http://blog.livedoor.jp/fumichen2/",
          "mapId": "",
          "layer": "サイン",
          "tags": [
            "サイン"
          ],
          "name": "バンダレコードイオン板橋店"
        },
        "classification": {
          "category": "サイン",
          "subcategory": "サイン",
          "method": "legacy-import",
          "status": "unreviewed"
        },
        "classificationCandidates": {
          "members": [],
          "projects": [],
          "contentTypes": []
        }
      }
    },
    {
      "type": "Feature",
      "geometry": {
        "type": "Point",
        "coordinates": [
          139.7628919,
          35.6754501
        ]
      },
      "properties": {
        "id": "fumi-1042",
        "name": "ビックカメラ有楽町店",
        "category": "サイン",
        "subcategory": "サイン",
        "categoryColor": "#059669",
        "address": "",
        "sceneTitle": "ビックカメラ有楽町店",
        "sceneNote": "説明: 櫻坂46サイン入りポスター Start over!: 小田倉麗奈 住所: 〒100-0006 東京都千代田区有楽町1-11-1",
        "sourceLabel": "fumi Diary 2号店",
        "sourceUrl": "http://blog.livedoor.jp/fumichen2/",
        "tags": [
          "サイン"
        ],
        "images": [],
        "members": [],
        "source": {
          "provider": "fumi Diary 2号店",
          "url": "http://blog.livedoor.jp/fumichen2/",
          "mapId": "",
          "layer": "サイン",
          "tags": [
            "サイン"
          ],
          "name": "ビックカメラ有楽町店"
        },
        "classification": {
          "category": "サイン",
          "subcategory": "サイン",
          "method": "legacy-import",
          "status": "unreviewed"
        },
        "classificationCandidates": {
          "members": [],
          "projects": [],
          "contentTypes": []
        }
      }
    },
    {
      "type": "Feature",
      "geometry": {
        "type": "Point",
        "coordinates": [
          139.7747612,
          35.6987131
        ]
      },
      "properties": {
        "id": "fumi-1043",
        "name": "ヨドバシカメラマルチメディアAKIBA",
        "category": "サイン",
        "subcategory": "サイン",
        "categoryColor": "#059669",
        "address": "",
        "sceneTitle": "ヨドバシカメラマルチメディアAKIBA",
        "sceneNote": "説明: 欅坂46サイン入りポスター サイレントマジョリティー: 小池美波 世界には愛しかない: 原田葵 二人セゾン: 小林由依 真っ白なものは汚したくなる: 土生瑞穂 永遠より長い一瞬 ～あの頃、確かに存在した私たち～: 守屋茜 櫻坂46サイン入りポスター Nobody's fault: 菅井友香 BAN: 大園玲 流れ弾: 大園玲 五月雨よ: 藤吉夏鈴 As you know?: 井上梨名 Start over!: 山下瞳月 承認欲求: 小島凪紗 住所: 〒101-0028 東京都千代田区神田花岡町1-1",
        "sourceLabel": "fumi Diary 2号店",
        "sourceUrl": "http://blog.livedoor.jp/fumichen2/",
        "tags": [
          "サイン"
        ],
        "images": [
          "https://pub-6d7574c4452b41519ab8adf1541d7f9e.r2.dev/seichi/sakurazaka/3AAjQbR46vhWMAvrkX9ylcmo3j0iFwW0pMhrbykc_b0a0b685.png",
          "https://pub-6d7574c4452b41519ab8adf1541d7f9e.r2.dev/seichi/sakurazaka/3AAjQbR4O8sA5pSHwr6UB3lx3R1qHB0geZr5ppe-_24cd58b0.png"
        ],
        "members": [],
        "source": {
          "provider": "fumi Diary 2号店",
          "url": "http://blog.livedoor.jp/fumichen2/",
          "mapId": "",
          "layer": "サイン",
          "tags": [
            "サイン"
          ],
          "name": "ヨドバシカメラマルチメディアAKIBA"
        },
        "classification": {
          "category": "サイン",
          "subcategory": "サイン",
          "method": "legacy-import",
          "status": "unreviewed"
        },
        "classificationCandidates": {
          "members": [],
          "projects": [],
          "contentTypes": []
        }
      }
    },
    {
      "type": "Feature",
      "geometry": {
        "type": "Point",
        "coordinates": [
          139.6979052,
          35.6895451
        ]
      },
      "properties": {
        "id": "fumi-1045",
        "name": "ヨドバシカメラ新宿西口マルチメディア館",
        "category": "サイン",
        "subcategory": "サイン",
        "categoryColor": "#059669",
        "address": "",
        "sceneTitle": "ヨドバシカメラ新宿西口マルチメディア館",
        "sceneNote": "説明: 欅坂46サイン入りポスター サイレントマジョリティー: 菅井友香 世界には愛しかない: 長沢菜々香 二人セゾン: 佐藤詩織 真っ白なものは汚したくなる: 菅井友香 永遠より長い一瞬 ～あの頃、確かに存在した私たち～: 守屋麗奈 櫻坂46サイン入りポスター BAN: 土生瑞穂 As you know?: 大園玲 桜月: 増本綺良 Start over!: 石森璃花 承認欲求: 田村保乃 住所: 〒160-0023 東京都新宿区西新宿1-11-1",
        "sourceLabel": "fumi Diary 2号店",
        "sourceUrl": "http://blog.livedoor.jp/fumichen2/",
        "tags": [
          "サイン"
        ],
        "images": [],
        "members": [],
        "source": {
          "provider": "fumi Diary 2号店",
          "url": "http://blog.livedoor.jp/fumichen2/",
          "mapId": "",
          "layer": "サイン",
          "tags": [
            "サイン"
          ],
          "name": "ヨドバシカメラ新宿西口マルチメディア館"
        },
        "classification": {
          "category": "サイン",
          "subcategory": "サイン",
          "method": "legacy-import",
          "status": "unreviewed"
        },
        "classificationCandidates": {
          "members": [],
          "projects": [],
          "contentTypes": []
        }
      }
    },
    {
      "type": "Feature",
      "geometry": {
        "type": "Point",
        "coordinates": [
          139.7716783,
          35.700554
        ]
      },
      "properties": {
        "id": "fumi-1046",
        "name": "ラムタラエピカリアキバ",
        "category": "サイン",
        "subcategory": "サイン",
        "categoryColor": "#059669",
        "address": "",
        "sceneTitle": "ラムタラエピカリアキバ",
        "sceneNote": "説明: 欅坂46サイン入りポスター サイレントマジョリティー: 佐藤詩織 世界には愛しかない: 土生瑞穂 二人セゾン: 長沢菜々香 真っ白なものは汚したくなる: 石森虹花 櫻坂46サイン入りポスター 承認欲求: 大園玲 住所: 〒101-0021 東京都千代田区外神田4-32",
        "sourceLabel": "fumi Diary 2号店",
        "sourceUrl": "http://blog.livedoor.jp/fumichen2/",
        "tags": [
          "サイン"
        ],
        "images": [
          "https://lh3.googleusercontent.com/umsh/AN6v0v6MxelAEcBCzIzgg0lxkLFq0OwZwyMXuRycQv0XIjK6JF2Vock3lWkrq0rtKOao7bNNWRz9VdDMCnXom11LKYLbTsUs5DWgG5gTb6B4zsBDgt0y8RnkvQ",
          "https://lh3.googleusercontent.com/umsh/AN6v0v7rAjJtx1XlsZzXtQvdF0K6bA0a0AcbWL18z7FUq4JnN-lJQsF4vHa-EW9N3d29nqt6duV9R-uMho0SEX04ZUF-SEM4Jw2bLyYru7Ox644dxXIQuAxpLw"
        ],
        "members": [],
        "source": {
          "provider": "fumi Diary 2号店",
          "url": "http://blog.livedoor.jp/fumichen2/",
          "mapId": "",
          "layer": "サイン",
          "tags": [
            "サイン"
          ],
          "name": "ラムタラエピカリアキバ"
        },
        "classification": {
          "category": "サイン",
          "subcategory": "サイン",
          "method": "legacy-import",
          "status": "unreviewed"
        },
        "classificationCandidates": {
          "members": [],
          "projects": [],
          "contentTypes": []
        }
      }
    },
    {
      "type": "Feature",
      "geometry": {
        "type": "Point",
        "coordinates": [
          139.7715096,
          35.6988852
        ]
      },
      "properties": {
        "id": "fumi-1052",
        "name": "ラムタラ秋葉原店",
        "category": "サイン",
        "subcategory": "サイン",
        "categoryColor": "#059669",
        "address": "",
        "sceneTitle": "ラムタラ秋葉原店",
        "sceneNote": "説明: 欅坂46サイン入りポスター サイレントマジョリティー: 長沢菜々香 世界には愛しかない: 佐藤詩織 二人セゾン: 菅井友香 櫻坂46サイン入りポスター 流れ弾: 大園玲 Start over!: 幸阪茉里乃 承認欲求: 守屋麗奈 住所: 〒101-0021 東京都千代田区外神田1-13-3 真神ビル1～6F",
        "sourceLabel": "fumi Diary 2号店",
        "sourceUrl": "http://blog.livedoor.jp/fumichen2/",
        "tags": [
          "サイン"
        ],
        "images": [
          "https://lh3.googleusercontent.com/umsh/AN6v0v7G8BJYjSbRy8k5aVDGuZStkMYfm1E9kI7RjeZ7QL-h6PE6jFofKq1Da2osTZPHWWFJQ4pm-lZPVf_7VOjGVd7_U7JfNI3gP00ntLi8mPsyx6zguC60bw",
          "https://lh3.googleusercontent.com/umsh/AN6v0v4iROh13JvAVs3sbVSCeJOrzyPKAlsKkt6g_5Or8gc4Q7WDWjp1j4blu27kSCvZoh96lmudwYYi08rocUHovhSO2KrTlbNJRm6u0OQnoO6eOs53nTeu",
          "https://pub-6d7574c4452b41519ab8adf1541d7f9e.r2.dev/seichi/sakurazaka/3AAjQbR77J2p91VvozhIJFlRUlT6Y6kUuGHn3K-f_a74d9c30.png",
          "https://pub-6d7574c4452b41519ab8adf1541d7f9e.r2.dev/seichi/sakurazaka/3AAjQbR50B5HQGGWr32QBUbz2iVau6qQeYBknbiv_e78073ae.png",
          "https://pub-6d7574c4452b41519ab8adf1541d7f9e.r2.dev/seichi/sakurazaka/3AAjQbR6T6QTjmxq0b-5iypQSvRTw4wqBhP7-EWC_50d384bb.png"
        ],
        "members": [],
        "source": {
          "provider": "fumi Diary 2号店",
          "url": "http://blog.livedoor.jp/fumichen2/",
          "mapId": "",
          "layer": "サイン",
          "tags": [
            "サイン"
          ],
          "name": "ラムタラ秋葉原店"
        },
        "classification": {
          "category": "サイン",
          "subcategory": "サイン",
          "method": "legacy-import",
          "status": "unreviewed"
        },
        "classificationCandidates": {
          "members": [],
          "projects": [],
          "contentTypes": []
        }
      }
    },
    {
      "type": "Feature",
      "geometry": {
        "type": "Point",
        "coordinates": [
          139.5779331,
          35.7030367
        ]
      },
      "properties": {
        "id": "fumi-1059",
        "name": "新星堂アトレ吉祥寺店",
        "category": "サイン",
        "subcategory": "サイン",
        "categoryColor": "#059669",
        "address": "",
        "sceneTitle": "新星堂アトレ吉祥寺店",
        "sceneNote": "説明: 欅坂46サイン入りポスター サイレントマジョリティー: 原田葵 世界には愛しかない: 守屋茜 二人セゾン: 菅井友香 真っ白なものは汚したくなる: 菅井友香 櫻坂46サイン入りポスター Nobody's fault: 山﨑天 BAN: 原田葵 As you know?: 守屋麗奈 桜月: 松田里奈 Start over!: 向井純葉 承認欲求: 中嶋優月 住所: 〒180-0003 東京都武蔵野市吉祥寺南町1-1-24 アトレ吉祥寺2F",
        "sourceLabel": "fumi Diary 2号店",
        "sourceUrl": "http://blog.livedoor.jp/fumichen2/",
        "tags": [
          "サイン"
        ],
        "images": [
          "https://lh3.googleusercontent.com/umsh/AN6v0v6f4hjL1dQAftD4ZZZIQjwVO0MlmoACVbToodVQS7OIHe-ChB2KuFql3TV6tUy9KhO0F3UGNyXgHlD6ydf5z1-wmFCIxHrtf20zXiMs-sdrRRyw3gGHFg",
          "https://lh3.googleusercontent.com/umsh/AN6v0v6XrYaYT01v2eucrL0W5JNkc_22RXN2ZYMaUz4jhXM4fJUbjSBu3TRMPb631XYBy46lMSvfd0zhaW6BO-qsqI7Ac4SqnKuxUxAZOKLgXHb3fy9gNlRKDQ",
          "https://pub-6d7574c4452b41519ab8adf1541d7f9e.r2.dev/seichi/sakurazaka/3AAjQbR6JnqvMpcWQwuiL1uFz3_LJXl35khrd1Wa_c34c90ee.png",
          "https://pub-6d7574c4452b41519ab8adf1541d7f9e.r2.dev/seichi/sakurazaka/3AAjQbR4ir8p0-S5Q1mo4rb7fPz7_tlgk9H2gq3o_ede4dab4.png",
          "https://pub-6d7574c4452b41519ab8adf1541d7f9e.r2.dev/seichi/sakurazaka/3AAjQbR4N2LzL04hd8ZLpMEJClUXjVG2lKRCwoya_cb966525.png",
          "https://pub-6d7574c4452b41519ab8adf1541d7f9e.r2.dev/seichi/sakurazaka/3AAjQbR5Q3Ack94tEuiyTc96XkthGRprzwtfu07q_eb5c5a81.png",
          "https://pub-6d7574c4452b41519ab8adf1541d7f9e.r2.dev/seichi/sakurazaka/3AAjQbR7HHQIFuzEW1BDNV5DcH2a_qYFzq0ppDNb_492bf666.png",
          "https://pub-6d7574c4452b41519ab8adf1541d7f9e.r2.dev/seichi/sakurazaka/3AAjQbR7oTednetQYtSZWiSOxUHB9N_YNFTSAtza_7cd51fdd.png"
        ],
        "members": [],
        "source": {
          "provider": "fumi Diary 2号店",
          "url": "http://blog.livedoor.jp/fumichen2/",
          "mapId": "",
          "layer": "サイン",
          "tags": [
            "サイン"
          ],
          "name": "新星堂アトレ吉祥寺店"
        },
        "classification": {
          "category": "サイン",
          "subcategory": "サイン",
          "method": "legacy-import",
          "status": "unreviewed"
        },
        "classificationCandidates": {
          "members": [],
          "projects": [],
          "contentTypes": []
        }
      }
    },
    {
      "type": "Feature",
      "geometry": {
        "type": "Point",
        "coordinates": [
          139.881225,
          35.6523479
        ]
      },
      "properties": {
        "id": "fumi-1060",
        "name": "新星堂アリオ葛西店",
        "category": "サイン",
        "subcategory": "サイン",
        "categoryColor": "#059669",
        "address": "",
        "sceneTitle": "新星堂アリオ葛西店",
        "sceneNote": "説明: 欅坂46サイン入りポスター サイレントマジョリティー: 渡辺梨加 櫻坂46サイン入りポスター 流れ弾: 増本綺良 (旧新星堂葛西ヨーカドー店) 住所: 〒134-0084 東京都江戸川区東葛西9-3-3",
        "sourceLabel": "fumi Diary 2号店",
        "sourceUrl": "http://blog.livedoor.jp/fumichen2/",
        "tags": [
          "サイン"
        ],
        "images": [
          "https://lh3.googleusercontent.com/umsh/AN6v0v7PEQtLBg6LbpIAcgD4a_PRLuRl0WOZt7T0AC69NstRQNoaUey9w9lH1pHjGIbcGfomp-7OFwr5JTrVUgdkdJaMi32gAPcy9UqgaTAv5_Eu9OTPoONEdVWf6Q4zIKgX_8ur6ty9l-DmUY56KboC"
        ],
        "members": [],
        "source": {
          "provider": "fumi Diary 2号店",
          "url": "http://blog.livedoor.jp/fumichen2/",
          "mapId": "",
          "layer": "サイン",
          "tags": [
            "サイン"
          ],
          "name": "新星堂アリオ葛西店"
        },
        "classification": {
          "category": "サイン",
          "subcategory": "サイン",
          "method": "legacy-import",
          "status": "unreviewed"
        },
        "classificationCandidates": {
          "members": [],
          "projects": [],
          "contentTypes": []
        }
      }
    },
    {
      "type": "Feature",
      "geometry": {
        "type": "Point",
        "coordinates": [
          139.4803405,
          35.6997495
        ]
      },
      "properties": {
        "id": "fumi-1061",
        "name": "新星堂国分寺駅ビル店",
        "category": "サイン",
        "subcategory": "サイン",
        "categoryColor": "#059669",
        "address": "",
        "sceneTitle": "新星堂国分寺駅ビル店",
        "sceneNote": "説明: 欅坂46サイン入りポスター サイレントマジョリティー: 米谷奈々未 世界には愛しかない: 平手友梨奈 二人セゾン: 上村莉菜 櫻坂46サイン入りポスター BAN: 齋藤冬優花 五月雨よ: 井上梨名 Start over!: 谷口愛季 承認欲求: 村山美羽 住所: 〒185-0021 東京都国分寺市南町3-20-3 8F",
        "sourceLabel": "fumi Diary 2号店",
        "sourceUrl": "http://blog.livedoor.jp/fumichen2/",
        "tags": [
          "サイン"
        ],
        "images": [
          "https://lh3.googleusercontent.com/umsh/AN6v0v6aetJ5k4W9pNEPFOmbr6ScQ8EwJwsPLvard_-mKip5uT-zbtFd3gQa2p5yWpHscXgx1jkA2rV90HGVUSP-R4ain0EPCjMzuw1-gRruO4MvE1-N0sobLw",
          "https://pub-6d7574c4452b41519ab8adf1541d7f9e.r2.dev/seichi/sakurazaka/3AAjQbR4wWSUDHco_Eu03PcMuLJs0qtLnzGzc3br_fa79c2c7.png",
          "https://pub-6d7574c4452b41519ab8adf1541d7f9e.r2.dev/seichi/sakurazaka/3AAjQbR5aaTcmWzg0OjXuBN5aa3VqZ1aTCJOAywK_60e44e1c.png"
        ],
        "members": [],
        "source": {
          "provider": "fumi Diary 2号店",
          "url": "http://blog.livedoor.jp/fumichen2/",
          "mapId": "",
          "layer": "サイン",
          "tags": [
            "サイン"
          ],
          "name": "新星堂国分寺駅ビル店"
        },
        "classification": {
          "category": "サイン",
          "subcategory": "サイン",
          "method": "legacy-import",
          "status": "unreviewed"
        },
        "classificationCandidates": {
          "members": [],
          "projects": [],
          "contentTypes": []
        }
      }
    },
    {
      "type": "Feature",
      "geometry": {
        "type": "Point",
        "coordinates": [
          139.7697652,
          35.6986641
        ]
      },
      "properties": {
        "id": "fumi-1063",
        "name": "買取販売市場ムーランAKIBA",
        "category": "サイン",
        "subcategory": "サイン",
        "categoryColor": "#059669",
        "address": "",
        "sceneTitle": "買取販売市場ムーランAKIBA",
        "sceneNote": "説明: 欅坂46サイン入りポスター サイレントマジョリティー: 長濱ねる 世界には愛しかない: 小林由依 二人セゾン: 上村莉菜 真っ白なものは汚したくなる: 佐藤詩織 櫻坂46サイン入りポスター 流れ弾: 齋藤冬優花 五月雨よ: 関有美子 桜月: 大沼晶保 Start over!: 大沼晶保 承認欲求: 遠藤理子 住所: 〒101-0021 東京都千代田区外神田1-4-21",
        "sourceLabel": "fumi Diary 2号店",
        "sourceUrl": "http://blog.livedoor.jp/fumichen2/",
        "tags": [
          "サイン"
        ],
        "images": [
          "https://pub-6d7574c4452b41519ab8adf1541d7f9e.r2.dev/seichi/sakurazaka/3AAjQbR5kBOhxQrr1Zpq0VJStlHkSuOxRuCJovME_28384f62.png"
        ],
        "members": [],
        "source": {
          "provider": "fumi Diary 2号店",
          "url": "http://blog.livedoor.jp/fumichen2/",
          "mapId": "",
          "layer": "サイン",
          "tags": [
            "サイン"
          ],
          "name": "買取販売市場ムーランAKIBA"
        },
        "classification": {
          "category": "サイン",
          "subcategory": "サイン",
          "method": "legacy-import",
          "status": "unreviewed"
        },
        "classificationCandidates": {
          "members": [],
          "projects": [],
          "contentTypes": []
        }
      }
    },
    {
      "type": "Feature",
      "geometry": {
        "type": "Point",
        "coordinates": [
          139.6954322,
          35.5331866
        ]
      },
      "properties": {
        "id": "fumi-1064",
        "name": "HMVラゾーナ川崎",
        "category": "サイン",
        "subcategory": "サイン",
        "categoryColor": "#059669",
        "address": "",
        "sceneTitle": "HMVラゾーナ川崎",
        "sceneNote": "説明: 欅坂46サイン入りポスター サイレントマジョリティー: 今泉佑唯 世界には愛しかない: 今泉佑唯 二人セゾン: 鈴本美愉 真っ白なものは汚したくなる: 菅井友香 永遠より長い一瞬 ～あの頃、確かに存在した私たち～: 土生瑞穂 櫻坂46サイン入りポスター Nobody's fault: 藤吉夏鈴 BAN: 大園玲 流れ弾: 田村保乃 五月雨よ: 守屋麗奈 As you know?: 森田ひかる 桜月: 山﨑天 Start over!: 武元唯衣 承認欲求: 山下瞳月 住所: 〒212-8576 神奈川県川崎市幸区堀川町72-1 ラゾーナ川崎プラザ4F",
        "sourceLabel": "fumi Diary 2号店",
        "sourceUrl": "http://blog.livedoor.jp/fumichen2/",
        "tags": [
          "サイン"
        ],
        "images": [
          "https://lh3.googleusercontent.com/umsh/AN6v0v76FzbZ23erhYS7zzxeaFKDx1q8iDXZ4VVMPHSS7OtRiOvS-WgBaEd7jlsEPbr87V1UnKYkW5MwE2PhAekrU5IpiB0CN6Cvf4rfSdesDpEONTs3sAHg",
          "https://lh3.googleusercontent.com/umsh/AN6v0v7UX-uSmySFLu8nxRDbX-Y-jyladLpanBoSqv4rihUbk6lFjvaa-qLcJm2fDrDVGa3yBcBdIiHBFYsziJtqKALbsB8WWJqylzKeLIxLFYotrhDvbXOr",
          "https://pub-6d7574c4452b41519ab8adf1541d7f9e.r2.dev/seichi/sakurazaka/3AAjQbR6-VlHI7Zt-C1QN0UKWNJpOfIQusab5QLE_d12188fc.png",
          "https://pub-6d7574c4452b41519ab8adf1541d7f9e.r2.dev/seichi/sakurazaka/3AAjQbR7NqqpXpWrHRLDA0-qjnUbTs54cT39mL09_e2dd9fe1.png"
        ],
        "members": [],
        "source": {
          "provider": "fumi Diary 2号店",
          "url": "http://blog.livedoor.jp/fumichen2/",
          "mapId": "",
          "layer": "サイン",
          "tags": [
            "サイン"
          ],
          "name": "HMVラゾーナ川崎"
        },
        "classification": {
          "category": "サイン",
          "subcategory": "サイン",
          "method": "legacy-import",
          "status": "unreviewed"
        },
        "classificationCandidates": {
          "members": [],
          "projects": [],
          "contentTypes": []
        }
      }
    },
    {
      "type": "Feature",
      "geometry": {
        "type": "Point",
        "coordinates": [
          139.5656776,
          35.5164674
        ]
      },
      "properties": {
        "id": "fumi-1065",
        "name": "HMVららぽーと横浜",
        "category": "サイン",
        "subcategory": "サイン",
        "categoryColor": "#059669",
        "address": "",
        "sceneTitle": "HMVららぽーと横浜",
        "sceneNote": "説明: 欅坂46サイン入りポスター サイレントマジョリティー: 小林由依 世界には愛しかない: 原田葵 二人セゾン: 平手友梨奈 真っ白なものは汚したくなる: 原田葵 櫻坂46サイン入りポスター Start over!: 小田倉麗奈 承認欲求: 村山美羽 住所: 〒224-0053 神奈川県横浜市都筑区池辺町4035-1 ららぽーと横浜3F",
        "sourceLabel": "fumi Diary 2号店",
        "sourceUrl": "http://blog.livedoor.jp/fumichen2/",
        "tags": [
          "サイン"
        ],
        "images": [
          "https://lh3.googleusercontent.com/umsh/AN6v0v6PTyrBHC5H_1RmwOA7P50adSZtXslBJkK7QGdmXPcHVAoxMAiSVPswge3Lf6a15UkI51bkuO3C_tKrajgu7aG-4fwHTYp8Ba3PFrRQdSLzTUHOllbhPQ",
          "https://lh3.googleusercontent.com/umsh/AN6v0v56YIIYwtpBzUWcsGeHuYmzT0uJJY_rx9QYYJUQRt9Av6FB5PEbmB9ruo5TllA8oE6QX6cz13d3UtavszuMS6xXl0mnboaHBjmVPl-hSq0AZ9LCuQp2",
          "https://pub-6d7574c4452b41519ab8adf1541d7f9e.r2.dev/seichi/sakurazaka/3AAjQbR5ZtShw3YAYRkQlVPxmtNUC-cffpdIf4Cu_9746c329.png"
        ],
        "members": [],
        "source": {
          "provider": "fumi Diary 2号店",
          "url": "http://blog.livedoor.jp/fumichen2/",
          "mapId": "",
          "layer": "サイン",
          "tags": [
            "サイン"
          ],
          "name": "HMVららぽーと横浜"
        },
        "classification": {
          "category": "サイン",
          "subcategory": "サイン",
          "method": "legacy-import",
          "status": "unreviewed"
        },
        "classificationCandidates": {
          "members": [],
          "projects": [],
          "contentTypes": []
        }
      }
    },
    {
      "type": "Feature",
      "geometry": {
        "type": "Point",
        "coordinates": [
          139.6387999,
          35.4542109
        ]
      },
      "properties": {
        "id": "fumi-1066",
        "name": "HMV横浜WORLD PORTERS",
        "category": "サイン",
        "subcategory": "サイン",
        "categoryColor": "#059669",
        "address": "",
        "sceneTitle": "HMV横浜WORLD PORTERS",
        "sceneNote": "説明: 欅坂46サイン入りポスター サイレントマジョリティー: 齋藤冬優花 世界には愛しかない: 長沢菜々香 二人セゾン: 土生瑞穂 櫻坂46サイン入りポスター Nobody's fault: 松田里奈 BAN: 武元唯衣 As you know?: 小林由依 桜月: 上村莉菜 Start over!: 守屋麗奈 承認欲求: 松田里奈 住所: 〒231-0001 神奈川県横浜市中区新港2-2-1 横浜ワールドポーターズ 3F",
        "sourceLabel": "fumi Diary 2号店",
        "sourceUrl": "http://blog.livedoor.jp/fumichen2/",
        "tags": [
          "サイン"
        ],
        "images": [
          "https://pub-6d7574c4452b41519ab8adf1541d7f9e.r2.dev/seichi/sakurazaka/3AAjQbR4NAQGiRW8w-L60cRrCR85oTGXLXOve6-f_5d01504a.png",
          "https://pub-6d7574c4452b41519ab8adf1541d7f9e.r2.dev/seichi/sakurazaka/3AAjQbR6csc09KjVIrVMsi4jdvPi2vmJQjY6oc4o_863bee76.png",
          "https://pub-6d7574c4452b41519ab8adf1541d7f9e.r2.dev/seichi/sakurazaka/3AAjQbR7T2P0oz0_aXDQrWGQBmwu5odJV2J_1z9A_9513bce0.png"
        ],
        "members": [],
        "source": {
          "provider": "fumi Diary 2号店",
          "url": "http://blog.livedoor.jp/fumichen2/",
          "mapId": "",
          "layer": "サイン",
          "tags": [
            "サイン"
          ],
          "name": "HMV横浜WORLD PORTERS"
        },
        "classification": {
          "category": "サイン",
          "subcategory": "サイン",
          "method": "legacy-import",
          "status": "unreviewed"
        },
        "classificationCandidates": {
          "members": [],
          "projects": [],
          "contentTypes": []
        }
      }
    },
    {
      "type": "Feature",
      "geometry": {
        "type": "Point",
        "coordinates": [
          139.3514451,
          35.3502561
        ]
      },
      "properties": {
        "id": "fumi-1067",
        "name": "TSUTAYA平塚真土店",
        "category": "サイン",
        "subcategory": "サイン",
        "categoryColor": "#059669",
        "address": "",
        "sceneTitle": "TSUTAYA平塚真土店",
        "sceneNote": "説明: 欅坂46サイン入りポスター サイレントマジョリティー: 長濱ねる 櫻坂46サイン入りポスター As you know?: 遠藤光莉 住所: 〒254-0014 神奈川県平塚市四之宮2-12-8",
        "sourceLabel": "fumi Diary 2号店",
        "sourceUrl": "http://blog.livedoor.jp/fumichen2/",
        "tags": [
          "サイン"
        ],
        "images": [],
        "members": [],
        "source": {
          "provider": "fumi Diary 2号店",
          "url": "http://blog.livedoor.jp/fumichen2/",
          "mapId": "",
          "layer": "サイン",
          "tags": [
            "サイン"
          ],
          "name": "TSUTAYA平塚真土店"
        },
        "classification": {
          "category": "サイン",
          "subcategory": "サイン",
          "method": "legacy-import",
          "status": "unreviewed"
        },
        "classificationCandidates": {
          "members": [],
          "projects": [],
          "contentTypes": []
        }
      }
    },
    {
      "type": "Feature",
      "geometry": {
        "type": "Point",
        "coordinates": [
          139.618257,
          35.4648972
        ]
      },
      "properties": {
        "id": "fumi-1068",
        "name": "タワーレコード横浜ビブレ店",
        "category": "サイン",
        "subcategory": "サイン",
        "categoryColor": "#059669",
        "address": "",
        "sceneTitle": "タワーレコード横浜ビブレ店",
        "sceneNote": "説明: 欅坂46サイン入りポスター サイレントマジョリティー: 今泉佑唯 世界には愛しかない: 今泉佑唯 二人セゾン: 佐藤詩織 真っ白なものは汚したくなる: 今泉佑唯 櫻坂46サイン入りポスター 五月雨よ: 尾関梨香 桜月: 森田ひかる Start over!: 山﨑天 承認欲求: 田村保乃 住所: 〒220-0005 神奈川県横浜市西区南幸2-15-13 横浜ビブレGF",
        "sourceLabel": "fumi Diary 2号店",
        "sourceUrl": "http://blog.livedoor.jp/fumichen2/",
        "tags": [
          "サイン"
        ],
        "images": [
          "https://lh3.googleusercontent.com/umsh/AN6v0v77IP6niHNNKwQVSO_PXPgJD4_GSF67Qer8cSWa-z_i3a4udITzYpQnAqu99PDmnsNkugXp9Z4d5woiVuXGiklsw3FHozpOw5k76h3OhNe1aS4slqOgcA",
          "https://lh3.googleusercontent.com/umsh/AN6v0v6H6rWE1uHn0oIdVHyMvZ0wymr21ZG6zJjhas7WM6tLZ3nMwfitDu8to_En0y_Pl8_3ony_xSN8BxxykL0UkBW5LSoZbWIDOYtzhsgvr916RyrDep6I",
          "https://lh3.googleusercontent.com/umsh/AN6v0v7tkPqr58SxZEac20OQ45MNGJvr8pR4_S4KjhHD_C4i8KWCGDXh2E4A2vp7-wk4rmAAOB5aUgdIExLfar22WEWX4LKQZKEgFMQ8-lGxrdN-onh_nAa_",
          "https://lh3.googleusercontent.com/umsh/AN6v0v6yx3R_upomiuxWeUBz9S0IGPX1s_ed-kbGmiYabs2xSW5NbjNSN1LNBx7amMAvAYyCEub5z0BxS3YcibMnlMHhmCfXy1zB85FeM1LWM4Q0gBPy42iHFA",
          "https://pub-6d7574c4452b41519ab8adf1541d7f9e.r2.dev/seichi/sakurazaka/3AAjQbR5bCeFkYMPfaKXliRYbNv9ZL7e5ATbLVHp_bdf3739e.png"
        ],
        "members": [],
        "source": {
          "provider": "fumi Diary 2号店",
          "url": "http://blog.livedoor.jp/fumichen2/",
          "mapId": "",
          "layer": "サイン",
          "tags": [
            "サイン"
          ],
          "name": "タワーレコード横浜ビブレ店"
        },
        "classification": {
          "category": "サイン",
          "subcategory": "サイン",
          "method": "legacy-import",
          "status": "unreviewed"
        },
        "classificationCandidates": {
          "members": [],
          "projects": [],
          "contentTypes": []
        }
      }
    },
    {
      "type": "Feature",
      "geometry": {
        "type": "Point",
        "coordinates": [
          139.3506733,
          35.5905237
        ]
      },
      "properties": {
        "id": "fumi-1069",
        "name": "タワーレコード アリオ橋本店",
        "category": "サイン",
        "subcategory": "サイン",
        "categoryColor": "#059669",
        "address": "",
        "sceneTitle": "タワーレコード アリオ橋本店",
        "sceneNote": "説明: 欅坂46サイン入りポスター 世界には愛しかない: 鈴本美愉 二人セゾン: 小林由依 真っ白なものは汚したくなる: 高本彩花 櫻坂46サイン入りポスター Start over!: 齋藤冬優花 承認欲求: 小田倉麗奈 住所: 〒252-0146 神奈川県相模原市緑区大山町1-22 アリオ橋本1階",
        "sourceLabel": "fumi Diary 2号店",
        "sourceUrl": "http://blog.livedoor.jp/fumichen2/",
        "tags": [
          "サイン"
        ],
        "images": [
          "https://pub-6d7574c4452b41519ab8adf1541d7f9e.r2.dev/seichi/sakurazaka/3AAjQbR4ybisZrEFb2gkBb5EvP7BSduhLvMhh2zv_85eec14a.png",
          "https://pub-6d7574c4452b41519ab8adf1541d7f9e.r2.dev/seichi/sakurazaka/3AAjQbR6oWIowr9Ps4Sz8awunv_j5k6WAv1_mPzj_6d4d91f2.png"
        ],
        "members": [],
        "source": {
          "provider": "fumi Diary 2号店",
          "url": "http://blog.livedoor.jp/fumichen2/",
          "mapId": "",
          "layer": "サイン",
          "tags": [
            "サイン"
          ],
          "name": "タワーレコード アリオ橋本店"
        },
        "classification": {
          "category": "サイン",
          "subcategory": "サイン",
          "method": "legacy-import",
          "status": "unreviewed"
        },
        "classificationCandidates": {
          "members": [],
          "projects": [],
          "contentTypes": []
        }
      }
    },
    {
      "type": "Feature",
      "geometry": {
        "type": "Point",
        "coordinates": [
          139.6601554,
          35.5737362
        ]
      },
      "properties": {
        "id": "fumi-1070",
        "name": "タワーレコードグランツリー武蔵小杉店",
        "category": "サイン",
        "subcategory": "サイン",
        "categoryColor": "#059669",
        "address": "",
        "sceneTitle": "タワーレコードグランツリー武蔵小杉店",
        "sceneNote": "説明: 欅坂46サイン入りポスター サイレントマジョリティー: 尾関梨香 世界には愛しかない: 長沢菜々香 真っ白なものは汚したくなる: 今泉佑唯 櫻坂46サイン入りポスター Nobody's fault: 小池美波 五月雨よ: 渡邉理佐 桜月: 藤吉夏鈴 Start over!: 小林由依 承認欲求: 大園玲 住所:",
        "sourceLabel": "fumi Diary 2号店",
        "sourceUrl": "http://blog.livedoor.jp/fumichen2/",
        "tags": [
          "サイン"
        ],
        "images": [
          "https://lh3.googleusercontent.com/umsh/AN6v0v4t2hoPn18wir-kLu53GY3ymePaGUmUkjAloo3KrkXqId0dydShvnr1zE4UCCP80_fgZwt14lbRJU0w-YzG1WVmACuKE2dypMSEdXazX0uTofpVEPz-pw",
          "https://pub-6d7574c4452b41519ab8adf1541d7f9e.r2.dev/seichi/sakurazaka/3AAjQbR6kvRSCJq5UVqduXmxfCZ8EjbFbfQBt8Es_3452c4bd.png",
          "https://pub-6d7574c4452b41519ab8adf1541d7f9e.r2.dev/seichi/sakurazaka/3AAjQbR5SUXvoPHi6J6oZ6ZInV4ary6Mf-k_VoqY_f3f7b1e6.png"
        ],
        "members": [],
        "source": {
          "provider": "fumi Diary 2号店",
          "url": "http://blog.livedoor.jp/fumichen2/",
          "mapId": "",
          "layer": "サイン",
          "tags": [
            "サイン"
          ],
          "name": "タワーレコードグランツリー武蔵小杉店"
        },
        "classification": {
          "category": "サイン",
          "subcategory": "サイン",
          "method": "legacy-import",
          "status": "unreviewed"
        },
        "classificationCandidates": {
          "members": [],
          "projects": [],
          "contentTypes": []
        }
      }
    },
    {
      "type": "Feature",
      "geometry": {
        "type": "Point",
        "coordinates": [
          139.6981706,
          35.5279265
        ]
      },
      "properties": {
        "id": "fumi-1071",
        "name": "タワーレコード川崎店",
        "category": "サイン",
        "subcategory": "サイン",
        "categoryColor": "#059669",
        "address": "",
        "sceneTitle": "タワーレコード川崎店",
        "sceneNote": "説明: 欅坂46サイン入りポスター サイレントマジョリティー: 上村莉菜 世界には愛しかない: 原田葵 二人セゾン: 志田愛佳 真っ白なものは汚したくなる: 長濱ねる 櫻坂46サイン入りポスター Nobody's fault: 守屋茜 流れ弾: 尾関梨香 Start over!: 中嶋優月 承認欲求: 森田ひかる 住所: 〒210-0023神奈川県川崎市川崎区小川町4-1LA CITTADELLA A棟 1F",
        "sourceLabel": "fumi Diary 2号店",
        "sourceUrl": "http://blog.livedoor.jp/fumichen2/",
        "tags": [
          "サイン"
        ],
        "images": [
          "https://lh3.googleusercontent.com/umsh/AN6v0v4RHSiXDevCmpzN3qrxnopw7DpFAsnm9IYR0i5sU_AEIRfcKssEIsClFxedeNbxvUBHfh66f8UcRaxapwByVJ3703gFXQQJHfJcL-_3ywdvb7c",
          "https://lh3.googleusercontent.com/umsh/AN6v0v4qItY8rPu3UufQmkDbB5xpdRs8nsObZ9_3iLjAAC4v_yz9wzU6F9jllj_CSJyRRhPG_ZMScqmDjr8EhY0fqPU17BH_Qs2vmzawsBynbQxL6zuxy9oVhQ",
          "https://lh3.googleusercontent.com/umsh/AN6v0v59n5p0wUeXoRm-EQV8BSPt7_Y2GV-cYSokTMjzN-ydiuQNr59oUmUhEyjcO2rOrcCBatMveogGyIcKUqSrxBw5WYlxL0wXdqWTrFs-xRmS2xW8zMTdFA",
          "https://pub-6d7574c4452b41519ab8adf1541d7f9e.r2.dev/seichi/sakurazaka/3AAjQbR4vkaNf625udeDlCvv5IMt0C5H0kpcImG-_5c34cd4e.png",
          "https://pub-6d7574c4452b41519ab8adf1541d7f9e.r2.dev/seichi/sakurazaka/3AAjQbR5Anb16muDTZi22FmGe9KLtM26jpmABvnN_b9b6fe9c.png"
        ],
        "members": [],
        "source": {
          "provider": "fumi Diary 2号店",
          "url": "http://blog.livedoor.jp/fumichen2/",
          "mapId": "",
          "layer": "サイン",
          "tags": [
            "サイン"
          ],
          "name": "タワーレコード川崎店"
        },
        "classification": {
          "category": "サイン",
          "subcategory": "サイン",
          "method": "legacy-import",
          "status": "unreviewed"
        },
        "classificationCandidates": {
          "members": [],
          "projects": [],
          "contentTypes": []
        }
      }
    },
    {
      "type": "Feature",
      "geometry": {
        "type": "Point",
        "coordinates": [
          139.4866514,
          35.3376958
        ]
      },
      "properties": {
        "id": "fumi-1072",
        "name": "タワーレコード藤沢オーパ店",
        "category": "サイン",
        "subcategory": "サイン",
        "categoryColor": "#059669",
        "address": "",
        "sceneTitle": "タワーレコード藤沢オーパ店",
        "sceneNote": "説明: 櫻坂46サイン入りポスター BAN: 関有美子 流れ弾: 武元唯衣 五月雨よ: 尾関梨香 桜月: 土生瑞穂 Start over!: 上村莉菜 承認欲求: 中嶋優月 住所: 〒251-0055 神奈川県藤沢市南藤沢22-3 湘南藤沢オーパ 6階",
        "sourceLabel": "fumi Diary 2号店",
        "sourceUrl": "http://blog.livedoor.jp/fumichen2/",
        "tags": [
          "サイン"
        ],
        "images": [
          "https://pub-6d7574c4452b41519ab8adf1541d7f9e.r2.dev/seichi/sakurazaka/3AAjQbR53pBmUsfNua7fYnIOYn3s9iotcQ8Sct4__6e176cae.png",
          "https://pub-6d7574c4452b41519ab8adf1541d7f9e.r2.dev/seichi/sakurazaka/3AAjQbR4Fblaz7pMBIB0npxA73CYGdsvKliUarC__17b0b202.png",
          "https://pub-6d7574c4452b41519ab8adf1541d7f9e.r2.dev/seichi/sakurazaka/3AAjQbR6eaScEbWxH0OyIx_VwerKVW8A0u7ppFjl_de5f6fa6.png"
        ],
        "members": [],
        "source": {
          "provider": "fumi Diary 2号店",
          "url": "http://blog.livedoor.jp/fumichen2/",
          "mapId": "",
          "layer": "サイン",
          "tags": [
            "サイン"
          ],
          "name": "タワーレコード藤沢オーパ店"
        },
        "classification": {
          "category": "サイン",
          "subcategory": "サイン",
          "method": "legacy-import",
          "status": "unreviewed"
        },
        "classificationCandidates": {
          "members": [],
          "projects": [],
          "contentTypes": []
        }
      }
    },
    {
      "type": "Feature",
      "geometry": {
        "type": "Point",
        "coordinates": [
          139.3887806,
          35.456082
        ]
      },
      "properties": {
        "id": "fumi-1073",
        "name": "バンダレコードららぽーと海老名店",
        "category": "サイン",
        "subcategory": "サイン",
        "categoryColor": "#059669",
        "address": "",
        "sceneTitle": "バンダレコードららぽーと海老名店",
        "sceneNote": "説明: 欅坂46サイン入りポスター サイレントマジョリティー: 守屋茜 世界には愛しかない: 尾関梨香 二人セゾン: 菅井友香 櫻坂46サイン入りポスター BAN: 井上梨名 流れ弾: 守屋麗奈 住所: 〒243-0482 神奈川県海老名市扇町13-1 ららぽーと海老名4F",
        "sourceLabel": "fumi Diary 2号店",
        "sourceUrl": "http://blog.livedoor.jp/fumichen2/",
        "tags": [
          "サイン"
        ],
        "images": [
          "https://lh3.googleusercontent.com/umsh/AN6v0v7ycKJe9UPcJiGkT8_bakdpitEObVRGHoXaIP_fO9MOWVA_6jdAtq7dMtxza3eZAv4Twj4UqC8A-26T15lCanXPCecS5ROyPEjAnWnOVfrmwj4A_Wh0",
          "https://lh3.googleusercontent.com/umsh/AN6v0v5EkBVHPEoIqiJ7VA0ut7SIxDxhJRNp-OEWJTRx1Dew4lT6qc0nR_gmiXnV9u3NbiYlijpzvkwABRDZ37zVB4uv4-dLjKDyz1riCMbDDa6mus5OfAA2Zg",
          "https://pub-6d7574c4452b41519ab8adf1541d7f9e.r2.dev/seichi/sakurazaka/3AAjQbR7cmnqhCVzhbE080NiBBNLaXSViNHbfJNa_a2e5c804.png",
          "https://pub-6d7574c4452b41519ab8adf1541d7f9e.r2.dev/seichi/sakurazaka/3AAjQbR5TOaH_MmeMPr3DghdLizK0x1ck9HjMPc1_3197a7fa.png"
        ],
        "members": [],
        "source": {
          "provider": "fumi Diary 2号店",
          "url": "http://blog.livedoor.jp/fumichen2/",
          "mapId": "",
          "layer": "サイン",
          "tags": [
            "サイン"
          ],
          "name": "バンダレコードららぽーと海老名店"
        },
        "classification": {
          "category": "サイン",
          "subcategory": "サイン",
          "method": "legacy-import",
          "status": "unreviewed"
        },
        "classificationCandidates": {
          "members": [],
          "projects": [],
          "contentTypes": []
        }
      }
    },
    {
      "type": "Feature",
      "geometry": {
        "type": "Point",
        "coordinates": [
          139.6205931,
          35.4675617
        ]
      },
      "properties": {
        "id": "fumi-1078",
        "name": "ヨドバシカメラ マルチメディア横浜",
        "category": "サイン",
        "subcategory": "サイン",
        "categoryColor": "#059669",
        "address": "",
        "sceneTitle": "ヨドバシカメラ マルチメディア横浜",
        "sceneNote": "説明: 欅坂46サイン入りポスター サイレントマジョリティー: 平手友梨奈 二人セゾン: 小林由依 櫻坂46サイン入りポスター 五月雨よ: 菅井友香 As you know?: 増本綺良 桜月: 関有美子 Start over!: 大園玲 承認欲求: 山﨑天 住所: 〒220-0004 神奈川県横浜市西区北幸1-2-7",
        "sourceLabel": "fumi Diary 2号店",
        "sourceUrl": "http://blog.livedoor.jp/fumichen2/",
        "tags": [
          "サイン"
        ],
        "images": [],
        "members": [],
        "source": {
          "provider": "fumi Diary 2号店",
          "url": "http://blog.livedoor.jp/fumichen2/",
          "mapId": "",
          "layer": "サイン",
          "tags": [
            "サイン"
          ],
          "name": "ヨドバシカメラ マルチメディア横浜"
        },
        "classification": {
          "category": "サイン",
          "subcategory": "サイン",
          "method": "legacy-import",
          "status": "unreviewed"
        },
        "classificationCandidates": {
          "members": [],
          "projects": [],
          "contentTypes": []
        }
      }
    },
    {
      "type": "Feature",
      "geometry": {
        "type": "Point",
        "coordinates": [
          139.6969451,
          35.5294723
        ]
      },
      "properties": {
        "id": "fumi-1079",
        "name": "ヨドバシカメラマルチメディア川崎ルフロン",
        "category": "サイン",
        "subcategory": "サイン",
        "categoryColor": "#059669",
        "address": "",
        "sceneTitle": "ヨドバシカメラマルチメディア川崎ルフロン",
        "sceneNote": "説明: 櫻坂46サイン入りポスター BAN: 井上梨名 流れ弾: 小池美波 As you know?: 関有美子 桜月: 齋藤冬優花 Start over!: 向井純葉 承認欲求: 井上梨名 住所: 〒210-0024 神奈川県川崎市川崎区日進町1-11 ルフロン B1F~4F",
        "sourceLabel": "fumi Diary 2号店",
        "sourceUrl": "http://blog.livedoor.jp/fumichen2/",
        "tags": [
          "サイン"
        ],
        "images": [
          "https://pub-6d7574c4452b41519ab8adf1541d7f9e.r2.dev/seichi/sakurazaka/3AAjQbR4ymfP7PRT40xjRFaW4CaMwCR-MBwxDSgg_5ec9a18b.png",
          "https://pub-6d7574c4452b41519ab8adf1541d7f9e.r2.dev/seichi/sakurazaka/3AAjQbR4fZ438etiVp0c2T5apVXI4Q6JFCP01nO2_7f07e32f.png",
          "https://pub-6d7574c4452b41519ab8adf1541d7f9e.r2.dev/seichi/sakurazaka/3AAjQbR7e7iLux6WZ08PeOkEOGSsapPAiRyc6gRj_147147ae.png",
          "https://pub-6d7574c4452b41519ab8adf1541d7f9e.r2.dev/seichi/sakurazaka/3AAjQbR60TC9Biyvufavx6GzX6OUBSHzAtDiTLmV_ba175312.png"
        ],
        "members": [],
        "source": {
          "provider": "fumi Diary 2号店",
          "url": "http://blog.livedoor.jp/fumichen2/",
          "mapId": "",
          "layer": "サイン",
          "tags": [
            "サイン"
          ],
          "name": "ヨドバシカメラマルチメディア川崎ルフロン"
        },
        "classification": {
          "category": "サイン",
          "subcategory": "サイン",
          "method": "legacy-import",
          "status": "unreviewed"
        },
        "classificationCandidates": {
          "members": [],
          "projects": [],
          "contentTypes": []
        }
      }
    },
    {
      "type": "Feature",
      "geometry": {
        "type": "Point",
        "coordinates": [
          139.558661,
          35.5776844
        ]
      },
      "properties": {
        "id": "fumi-1082",
        "name": "銀座山野楽器たまプラーザテラス店",
        "category": "サイン",
        "subcategory": "サイン",
        "categoryColor": "#059669",
        "address": "",
        "sceneTitle": "銀座山野楽器たまプラーザテラス店",
        "sceneNote": "説明: 欅坂46サイン入りポスター サイレントマジョリティー: 尾関梨香 世界には愛しかない: 織田奈那 二人セゾン: 尾関梨香 真っ白なものは汚したくなる: 潮紗理菜 櫻坂46サイン入りポスター BAN: 松田里奈 As you know?: 小池美波 住所: 〒225-8535 神奈川県横浜市青葉区美しが丘1-1-2 たまプラーザ テラス ゲートプラザ 2F",
        "sourceLabel": "fumi Diary 2号店",
        "sourceUrl": "http://blog.livedoor.jp/fumichen2/",
        "tags": [
          "サイン"
        ],
        "images": [
          "https://pub-6d7574c4452b41519ab8adf1541d7f9e.r2.dev/seichi/sakurazaka/3AAjQbR4QrGwOx9E92P7hYTylyMVMbD_WQf-w4Pp_d02d2d7d.png",
          "https://pub-6d7574c4452b41519ab8adf1541d7f9e.r2.dev/seichi/sakurazaka/3AAjQbR7RjCcHHBTn7eSjtEX1gSC_IfSoF2qJLMB_70bf7006.png",
          "https://pub-6d7574c4452b41519ab8adf1541d7f9e.r2.dev/seichi/sakurazaka/3AAjQbR4MAiexkgcXJrrAtElu2JQ3FDUTnCFJ498_fbf1c40d.png",
          "https://pub-6d7574c4452b41519ab8adf1541d7f9e.r2.dev/seichi/sakurazaka/3AAjQbR49QP8xOzfiYBtaUxBT9yBRqkQbZjo38e4_f8ca4873.png",
          "https://lh3.googleusercontent.com/umsh/AN6v0v6ej9YA8T4Su8jwOJVmNSrNZct1YLlEE2bH_8oyZhGZVIQM16SsCnUKcX47BKEj5t8uKNK8jPFwzHxreqkDIdfzXBcSBRtawY8s1I6ZOUINvwuIar0y",
          "https://lh3.googleusercontent.com/umsh/AN6v0v4OolhnaaNnHsxl2CdPDR8PrWVzami-dNSfcwCYCMjsALq25dszFNLg7UQpY5IU5SWhvkssn4XBpBaxxHkx9c1UHuUhKZgbiawW5NE-QFn5ShNPN9mVMg"
        ],
        "members": [],
        "source": {
          "provider": "fumi Diary 2号店",
          "url": "http://blog.livedoor.jp/fumichen2/",
          "mapId": "",
          "layer": "サイン",
          "tags": [
            "サイン"
          ],
          "name": "銀座山野楽器たまプラーザテラス店"
        },
        "classification": {
          "category": "サイン",
          "subcategory": "サイン",
          "method": "legacy-import",
          "status": "unreviewed"
        },
        "classificationCandidates": {
          "members": [],
          "projects": [],
          "contentTypes": []
        }
      }
    },
    {
      "type": "Feature",
      "geometry": {
        "type": "Point",
        "coordinates": [
          139.5093003,
          35.6031201
        ]
      },
      "properties": {
        "id": "fumi-1083",
        "name": "銀座山野楽器新百合ヶ丘エルミロード店",
        "category": "サイン",
        "subcategory": "サイン",
        "categoryColor": "#059669",
        "address": "",
        "sceneTitle": "銀座山野楽器新百合ヶ丘エルミロード店",
        "sceneNote": "説明: 欅坂46サイン入りポスター 世界には愛しかない: 上村莉菜 櫻坂46サイン入りポスター As you know?: 齋藤冬優花 住所: 〒215-0021 神奈川県川崎市麻生区上麻生1-4-1 新百合ヶ丘エルミロード 4F",
        "sourceLabel": "fumi Diary 2号店",
        "sourceUrl": "http://blog.livedoor.jp/fumichen2/",
        "tags": [
          "サイン"
        ],
        "images": [
          "https://lh3.googleusercontent.com/umsh/AN6v0v7xUhkWALzp1G3kzGXXbP_lzgwyqE_kP0YzbxBYW8zCwEffz9EwhBZTyZ3s9d-hgprHTvp9pTlK7UWuNrJ7wIHF5G_fYnEK9imqt_SAlaWOBPHirWAsPA"
        ],
        "members": [],
        "source": {
          "provider": "fumi Diary 2号店",
          "url": "http://blog.livedoor.jp/fumichen2/",
          "mapId": "",
          "layer": "サイン",
          "tags": [
            "サイン"
          ],
          "name": "銀座山野楽器新百合ヶ丘エルミロード店"
        },
        "classification": {
          "category": "サイン",
          "subcategory": "サイン",
          "method": "legacy-import",
          "status": "unreviewed"
        },
        "classificationCandidates": {
          "members": [],
          "projects": [],
          "contentTypes": []
        }
      }
    },
    {
      "type": "Feature",
      "geometry": {
        "type": "Point",
        "coordinates": [
          139.445875,
          35.337774
        ]
      },
      "properties": {
        "id": "fumi-1085",
        "name": "銀座山野楽器辻堂店",
        "category": "サイン",
        "subcategory": "サイン",
        "categoryColor": "#059669",
        "address": "",
        "sceneTitle": "銀座山野楽器辻堂店",
        "sceneNote": "説明: 欅坂46サイン入りポスター サイレントマジョリティー: 織田奈那 世界には愛しかない: 今泉佑唯 櫻坂46サイン入りポスター 桜月: 増本綺良 住所: 〒251-0041 神奈川県藤沢市辻堂神台1-3-1 テラスモール湘南 4F",
        "sourceLabel": "fumi Diary 2号店",
        "sourceUrl": "http://blog.livedoor.jp/fumichen2/",
        "tags": [
          "サイン"
        ],
        "images": [],
        "members": [],
        "source": {
          "provider": "fumi Diary 2号店",
          "url": "http://blog.livedoor.jp/fumichen2/",
          "mapId": "",
          "layer": "サイン",
          "tags": [
            "サイン"
          ],
          "name": "銀座山野楽器辻堂店"
        },
        "classification": {
          "category": "サイン",
          "subcategory": "サイン",
          "method": "legacy-import",
          "status": "unreviewed"
        },
        "classificationCandidates": {
          "members": [],
          "projects": [],
          "contentTypes": []
        }
      }
    },
    {
      "type": "Feature",
      "geometry": {
        "type": "Point",
        "coordinates": [
          139.6204199,
          35.4650225
        ]
      },
      "properties": {
        "id": "fumi-1088",
        "name": "新星堂横浜ジョイナス店",
        "category": "サイン",
        "subcategory": "サイン",
        "categoryColor": "#059669",
        "address": "",
        "sceneTitle": "新星堂横浜ジョイナス店",
        "sceneNote": "説明: 欅坂46サイン入りポスター サイレントマジョリティー: 菅井友香 世界には愛しかない: 渡邉理佐 二人セゾン: 守屋茜 永遠より長い一瞬 ～あの頃、確かに存在した私たち～: 森田ひかる 櫻坂46サイン入りポスター Nobody's fault: 関有美子 BAN: 小池美波 流れ弾: 増本綺良 五月雨よ: 渡邉理佐 As you know?: 尾関梨香 桜月: 武元唯衣 Start over!: 田村保乃 承認欲求: 増本綺良 住所: 〒220-0005 神奈川県横浜市西区南幸1-5-1 相鉄ジョイナス3F",
        "sourceLabel": "fumi Diary 2号店",
        "sourceUrl": "http://blog.livedoor.jp/fumichen2/",
        "tags": [
          "サイン"
        ],
        "images": [
          "https://pub-6d7574c4452b41519ab8adf1541d7f9e.r2.dev/seichi/sakurazaka/3AAjQbR49KjEJu_AW6o-RTPfq6Amu-c60YuQfSUy_795cfbbe.png",
          "https://pub-6d7574c4452b41519ab8adf1541d7f9e.r2.dev/seichi/sakurazaka/3AAjQbR63aSTKMphmDDQsQKiPGAvpSH5klmLMzRm_02f57cb2.png",
          "https://pub-6d7574c4452b41519ab8adf1541d7f9e.r2.dev/seichi/sakurazaka/3AAjQbR6g4u2wc7kN4lkgeNKIbssu3qpi3aNoGkD_9670df0d.png",
          "https://pub-6d7574c4452b41519ab8adf1541d7f9e.r2.dev/seichi/sakurazaka/3AAjQbR7jiMLc-KkP1vXsLVHB1SL7OvcRIak0zya_456ef00b.png",
          "https://pub-6d7574c4452b41519ab8adf1541d7f9e.r2.dev/seichi/sakurazaka/3AAjQbR4z-i8wC3CwZzjKLAer2G14q6ckNvKEPjT_a6ec2945.png",
          "https://pub-6d7574c4452b41519ab8adf1541d7f9e.r2.dev/seichi/sakurazaka/3AAjQbR6-6mM-1KQFjV9GanjT4KA5u0btFr6dPHn_d98bc161.png"
        ],
        "members": [],
        "source": {
          "provider": "fumi Diary 2号店",
          "url": "http://blog.livedoor.jp/fumichen2/",
          "mapId": "",
          "layer": "サイン",
          "tags": [
            "サイン"
          ],
          "name": "新星堂横浜ジョイナス店"
        },
        "classification": {
          "category": "サイン",
          "subcategory": "サイン",
          "method": "legacy-import",
          "status": "unreviewed"
        },
        "classificationCandidates": {
          "members": [],
          "projects": [],
          "contentTypes": []
        }
      }
    },
    {
      "type": "Feature",
      "geometry": {
        "type": "Point",
        "coordinates": [
          139.3920863,
          35.4530282
        ]
      },
      "properties": {
        "id": "fumi-1089",
        "name": "新星堂海老名店",
        "category": "サイン",
        "subcategory": "サイン",
        "categoryColor": "#059669",
        "address": "",
        "sceneTitle": "新星堂海老名店",
        "sceneNote": "説明: 欅坂46サイン入りポスター サイレントマジョリティー: 石森虹花 世界には愛しかない: 土生瑞穂 二人セゾン: 渡邉理佐 真っ白なものは汚したくなる: 小林由依 櫻坂46サイン入りポスター 五月雨よ: 田村保乃 住所: 243-0432 神奈川県海老名市中央1-1-1 ビナウォーク 1番館3F",
        "sourceLabel": "fumi Diary 2号店",
        "sourceUrl": "http://blog.livedoor.jp/fumichen2/",
        "tags": [
          "サイン"
        ],
        "images": [
          "https://lh3.googleusercontent.com/umsh/AN6v0v5fgSG3av5yfY6bkdg265j08m9FoR7fELdml26MMRmC8U_MrfefG6-Ynn8zPxcWGCSmwYG2DDxumUIBrNpaBHuQ1hxpTVEhrPmIywo180fayRmeNE3P"
        ],
        "members": [],
        "source": {
          "provider": "fumi Diary 2号店",
          "url": "http://blog.livedoor.jp/fumichen2/",
          "mapId": "",
          "layer": "サイン",
          "tags": [
            "サイン"
          ],
          "name": "新星堂海老名店"
        },
        "classification": {
          "category": "サイン",
          "subcategory": "サイン",
          "method": "legacy-import",
          "status": "unreviewed"
        },
        "classificationCandidates": {
          "members": [],
          "projects": [],
          "contentTypes": []
        }
      }
    },
    {
      "type": "Feature",
      "geometry": {
        "type": "Point",
        "coordinates": [
          139.0807492,
          37.8760081
        ]
      },
      "properties": {
        "id": "fumi-1093",
        "name": "タワーレコード新潟店",
        "category": "サイン",
        "subcategory": "サイン",
        "categoryColor": "#059669",
        "address": "",
        "sceneTitle": "タワーレコード新潟店",
        "sceneNote": "説明: 櫻坂46サイン入りポスター Start over!: 上村莉菜 承認欲求: 井上梨名 住所: 〒950-0150 新潟県新潟市江南区下早通柳田1-1-1 イオンモール新潟南2F",
        "sourceLabel": "fumi Diary 2号店",
        "sourceUrl": "http://blog.livedoor.jp/fumichen2/",
        "tags": [
          "サイン"
        ],
        "images": [],
        "members": [],
        "source": {
          "provider": "fumi Diary 2号店",
          "url": "http://blog.livedoor.jp/fumichen2/",
          "mapId": "",
          "layer": "サイン",
          "tags": [
            "サイン"
          ],
          "name": "タワーレコード新潟店"
        },
        "classification": {
          "category": "サイン",
          "subcategory": "サイン",
          "method": "legacy-import",
          "status": "unreviewed"
        },
        "classificationCandidates": {
          "members": [],
          "projects": [],
          "contentTypes": []
        }
      }
    },
    {
      "type": "Feature",
      "geometry": {
        "type": "Point",
        "coordinates": [
          137.015546,
          36.7244192
        ]
      },
      "properties": {
        "id": "fumi-1096",
        "name": "HMVイオンモール高岡",
        "category": "サイン",
        "subcategory": "サイン",
        "categoryColor": "#059669",
        "address": "",
        "sceneTitle": "HMVイオンモール高岡",
        "sceneNote": "説明: 欅坂46サイン入りポスター サイレントマジョリティー: 志田愛佳 世界には愛しかない: 鈴本美愉 二人セゾン: 菅井友香 櫻坂46サイン入りポスター Nobody's fault: 松平璃子 BAN: 上村莉菜 流れ弾: 菅井友香 五月雨よ: 武元唯衣 As you know?: 大園玲 桜月: 松田里奈 承認欲求: 齋藤冬優花 住所: 〒933-0813 富山県高岡市下伏間江383 イオンモール高岡2F",
        "sourceLabel": "fumi Diary 2号店",
        "sourceUrl": "http://blog.livedoor.jp/fumichen2/",
        "tags": [
          "サイン"
        ],
        "images": [
          "https://lh3.googleusercontent.com/umsh/AN6v0v4mBk0WBahnsfD_2XZ_LOvHoAtcCRDsIN8-mg8Zpl1fWYJXDX6AoD5Ab3f-9O4kL5fVNKdR1oLzD2eqe-mhow5tjpUxjw6rqIVnvIrDA3Zm83iIR59ILA",
          "https://lh3.googleusercontent.com/umsh/AN6v0v6x9kgo0CvCJW_p0jaEKrYjk6DBCyh3ycn1XizqCRAv2x9imSJ54xJh1cqDIP-hzDcbFg1uBKajYOuVJVICDZNcyfp4AxLuFE0lXm6PESqXcvayImY7ZA",
          "https://pub-6d7574c4452b41519ab8adf1541d7f9e.r2.dev/seichi/sakurazaka/3AAjQbR4iWugwzPSyu0U2IglHOoGpipUuST0EYs3_b92dd2de.png",
          "https://pub-6d7574c4452b41519ab8adf1541d7f9e.r2.dev/seichi/sakurazaka/3AAjQbR54zOkmIAspqQn_BQtqfrzlG20bmFEYdTB_063192f3.png",
          "https://pub-6d7574c4452b41519ab8adf1541d7f9e.r2.dev/seichi/sakurazaka/3AAjQbR5ww0xZAuTmj4ZmI67dh0IapZUowFYb43e_70deefce.png",
          "https://pub-6d7574c4452b41519ab8adf1541d7f9e.r2.dev/seichi/sakurazaka/3AAjQbR5j9h6Dth3GMXw_VYvPo1F-cZwwafJS13Q_b5ea11b8.png",
          "https://pub-6d7574c4452b41519ab8adf1541d7f9e.r2.dev/seichi/sakurazaka/3AAjQbR4MVMJ8Z5MkRDLrhR4eMlE41z6FMkT3gzi_8c4b48f0.png",
          "https://pub-6d7574c4452b41519ab8adf1541d7f9e.r2.dev/seichi/sakurazaka/3AAjQbR5sD46DPx4PZ_s84-2s4Lrh2twA8sScP3Z_5edb9535.png",
          "https://pub-6d7574c4452b41519ab8adf1541d7f9e.r2.dev/seichi/sakurazaka/3AAjQbR7XQ_oN5W3HRllMNYLiGTUWLzH3IjuVdZA_6b03d140.png"
        ],
        "members": [],
        "source": {
          "provider": "fumi Diary 2号店",
          "url": "http://blog.livedoor.jp/fumichen2/",
          "mapId": "",
          "layer": "サイン",
          "tags": [
            "サイン"
          ],
          "name": "HMVイオンモール高岡"
        },
        "classification": {
          "category": "サイン",
          "subcategory": "サイン",
          "method": "legacy-import",
          "status": "unreviewed"
        },
        "classificationCandidates": {
          "members": [],
          "projects": [],
          "contentTypes": []
        }
      }
    },
    {
      "type": "Feature",
      "geometry": {
        "type": "Point",
        "coordinates": [
          137.2380141,
          36.6961548
        ]
      },
      "properties": {
        "id": "fumi-1097",
        "name": "Joshin富山本店",
        "category": "サイン",
        "subcategory": "サイン",
        "categoryColor": "#059669",
        "address": "",
        "sceneTitle": "Joshin富山本店",
        "sceneNote": "説明: 欅坂46サイン入りポスター 二人セゾン: 平手友梨奈 櫻坂46サイン入りポスター Nobody's fault: 松平璃子 住所: 〒930-0985 富山県富山市田中町4-14-83",
        "sourceLabel": "fumi Diary 2号店",
        "sourceUrl": "http://blog.livedoor.jp/fumichen2/",
        "tags": [
          "サイン"
        ],
        "images": [],
        "members": [],
        "source": {
          "provider": "fumi Diary 2号店",
          "url": "http://blog.livedoor.jp/fumichen2/",
          "mapId": "",
          "layer": "サイン",
          "tags": [
            "サイン"
          ],
          "name": "Joshin富山本店"
        },
        "classification": {
          "category": "サイン",
          "subcategory": "サイン",
          "method": "legacy-import",
          "status": "unreviewed"
        },
        "classificationCandidates": {
          "members": [],
          "projects": [],
          "contentTypes": []
        }
      }
    },
    {
      "type": "Feature",
      "geometry": {
        "type": "Point",
        "coordinates": [
          136.6316279,
          36.5900989
        ]
      },
      "properties": {
        "id": "fumi-1098",
        "name": "TSUTAYA金沢店",
        "category": "サイン",
        "subcategory": "サイン",
        "categoryColor": "#059669",
        "address": "",
        "sceneTitle": "TSUTAYA金沢店",
        "sceneNote": "説明: 欅坂46サイン入りポスター サイレントマジョリティー: 長沢菜々香 世界には愛しかない: 石森虹花 二人セゾン: 米谷奈々子 櫻坂46サイン入りポスター Nobody's fault: 土生瑞穂 住所: 〒920-0024 石川県金沢市西念4-25-8",
        "sourceLabel": "fumi Diary 2号店",
        "sourceUrl": "http://blog.livedoor.jp/fumichen2/",
        "tags": [
          "サイン"
        ],
        "images": [],
        "members": [],
        "source": {
          "provider": "fumi Diary 2号店",
          "url": "http://blog.livedoor.jp/fumichen2/",
          "mapId": "",
          "layer": "サイン",
          "tags": [
            "サイン"
          ],
          "name": "TSUTAYA金沢店"
        },
        "classification": {
          "category": "サイン",
          "subcategory": "サイン",
          "method": "legacy-import",
          "status": "unreviewed"
        },
        "classificationCandidates": {
          "members": [],
          "projects": [],
          "contentTypes": []
        }
      }
    },
    {
      "type": "Feature",
      "geometry": {
        "type": "Point",
        "coordinates": [
          136.649622,
          36.579169
        ]
      },
      "properties": {
        "id": "fumi-1100",
        "name": "タワーレコード金沢フォーラス店",
        "category": "サイン",
        "subcategory": "サイン",
        "categoryColor": "#059669",
        "address": "",
        "sceneTitle": "タワーレコード金沢フォーラス店",
        "sceneNote": "説明: 欅坂46サイン入りポスター 世界には愛しかない: 平手友梨奈 二人セゾン: 長沢菜々香 櫻坂46サイン入りポスター 桜月: 田村保乃 住所: 〒920-0849 石川県金沢市堀川新町3番1号 金沢フォーラス 4F",
        "sourceLabel": "fumi Diary 2号店",
        "sourceUrl": "http://blog.livedoor.jp/fumichen2/",
        "tags": [
          "サイン"
        ],
        "images": [],
        "members": [],
        "source": {
          "provider": "fumi Diary 2号店",
          "url": "http://blog.livedoor.jp/fumichen2/",
          "mapId": "",
          "layer": "サイン",
          "tags": [
            "サイン"
          ],
          "name": "タワーレコード金沢フォーラス店"
        },
        "classification": {
          "category": "サイン",
          "subcategory": "サイン",
          "method": "legacy-import",
          "status": "unreviewed"
        },
        "classificationCandidates": {
          "members": [],
          "projects": [],
          "contentTypes": []
        }
      }
    },
    {
      "type": "Feature",
      "geometry": {
        "type": "Point",
        "coordinates": [
          138.5271681,
          35.6210359
        ]
      },
      "properties": {
        "id": "fumi-1102",
        "name": "MUSIC SHOP BIG 甲府昭和店",
        "category": "サイン",
        "subcategory": "サイン",
        "categoryColor": "#059669",
        "address": "",
        "sceneTitle": "MUSIC SHOP BIG 甲府昭和店",
        "sceneNote": "説明: 櫻坂46サイン入りポスター Start over!: 大沼晶保 住所: 〒409-3852 山梨県中巨摩郡昭和町飯喰1505-1 イオンモール甲府昭和2F",
        "sourceLabel": "fumi Diary 2号店",
        "sourceUrl": "http://blog.livedoor.jp/fumichen2/",
        "tags": [
          "サイン"
        ],
        "images": [],
        "members": [],
        "source": {
          "provider": "fumi Diary 2号店",
          "url": "http://blog.livedoor.jp/fumichen2/",
          "mapId": "",
          "layer": "サイン",
          "tags": [
            "サイン"
          ],
          "name": "MUSIC SHOP BIG 甲府昭和店"
        },
        "classification": {
          "category": "サイン",
          "subcategory": "サイン",
          "method": "legacy-import",
          "status": "unreviewed"
        },
        "classificationCandidates": {
          "members": [],
          "projects": [],
          "contentTypes": []
        }
      }
    },
    {
      "type": "Feature",
      "geometry": {
        "type": "Point",
        "coordinates": [
          138.8070415,
          35.4788971
        ]
      },
      "properties": {
        "id": "fumi-1104",
        "name": "ブックスカトー本店‏‎",
        "category": "サイン",
        "subcategory": "サイン",
        "categoryColor": "#059669",
        "address": "",
        "sceneTitle": "ブックスカトー本店‏‎",
        "sceneNote": "説明: 欅坂46サイン入りポスター 真っ白なものは汚したくなる: 尾関梨香 永遠より長い一瞬 ～あの頃、確かに存在した私たち～: 関有美子 櫻坂46サイン入りポスター BAN: 守屋茜 住所: 〒403-0007 山梨県富士吉田市中曽根4-5-23",
        "sourceLabel": "fumi Diary 2号店",
        "sourceUrl": "http://blog.livedoor.jp/fumichen2/",
        "tags": [
          "サイン"
        ],
        "images": [
          "https://pub-6d7574c4452b41519ab8adf1541d7f9e.r2.dev/seichi/sakurazaka/3AAjQbR5Or7FJ75Juetrahisx7Ec64twDFsDgLXH_175ac6ff.png",
          "https://pub-6d7574c4452b41519ab8adf1541d7f9e.r2.dev/seichi/sakurazaka/3AAjQbR5Ahs-dXI7TQozXFZFYddibVmROjtiZHPr_5defe449.png"
        ],
        "members": [],
        "source": {
          "provider": "fumi Diary 2号店",
          "url": "http://blog.livedoor.jp/fumichen2/",
          "mapId": "",
          "layer": "サイン",
          "tags": [
            "サイン"
          ],
          "name": "ブックスカトー本店‏‎"
        },
        "classification": {
          "category": "サイン",
          "subcategory": "サイン",
          "method": "legacy-import",
          "status": "unreviewed"
        },
        "classificationCandidates": {
          "members": [],
          "projects": [],
          "contentTypes": []
        }
      }
    },
    {
      "type": "Feature",
      "geometry": {
        "type": "Point",
        "coordinates": [
          137.7630697,
          34.7400224
        ]
      },
      "properties": {
        "id": "fumi-1110",
        "name": "HMVイオンモール浜松市野",
        "category": "サイン",
        "subcategory": "サイン",
        "categoryColor": "#059669",
        "address": "",
        "sceneTitle": "HMVイオンモール浜松市野",
        "sceneNote": "説明: 欅坂46サイン入りポスター サイレントマジョリティー: 織田奈那 世界には愛しかない: 長沢菜々香 櫻坂46サイン入りポスター BAN: 小林由依 流れ弾: 大沼晶保 五月雨よ: 上村莉菜 As you know?: 大沼晶保 桜月: 関有美子 承認欲求: 増本綺良 住所: 〒435-0052 静岡県浜松市東区天王町字諏訪1981-3 イオンモール浜松市野2F",
        "sourceLabel": "fumi Diary 2号店",
        "sourceUrl": "http://blog.livedoor.jp/fumichen2/",
        "tags": [
          "サイン"
        ],
        "images": [
          "https://lh3.googleusercontent.com/umsh/AN6v0v5P3Lk9m5pHmmSKd-j7O4Fng8D2vodvO56j3Px0AW_ybOI7hLmtho55P5TMO96A3BjFlgINCivJ0e_wcFtiuEUu2ubYfwYTJfsX7tylw-e60Jli5flEbg",
          "https://lh3.googleusercontent.com/umsh/AN6v0v4rfeK1uZD5OClbYQiqWz-w-_EWr9cD_3qghLelq1FwvDLTo1GaniT_j8S6fH87gj5wZjHlEr6wk0-37ruR2Mdj405t0d_9A1BNlwA9g_cCqDAW_VpRWg",
          "https://pub-6d7574c4452b41519ab8adf1541d7f9e.r2.dev/seichi/sakurazaka/3AAjQbR403ht2gybCxM4I254esDIiiZDAPgaG946_717c1f0b.png",
          "https://pub-6d7574c4452b41519ab8adf1541d7f9e.r2.dev/seichi/sakurazaka/3AAjQbR577pNaaVr_LmMpEYw_wADZ6hPLXQuvwhf_226ab4f8.png",
          "https://pub-6d7574c4452b41519ab8adf1541d7f9e.r2.dev/seichi/sakurazaka/3AAjQbR4J5rQTdHexfHMn6YlQSaYEiG8b6qaR6er_b335075a.png",
          "https://pub-6d7574c4452b41519ab8adf1541d7f9e.r2.dev/seichi/sakurazaka/3AAjQbR6CYDLM8ufQPeSIJTrNBOplhGr-YnmO-0u_7397d8e7.png",
          "https://pub-6d7574c4452b41519ab8adf1541d7f9e.r2.dev/seichi/sakurazaka/3AAjQbR7Klged0Isyh6aShYtMarEun7YVXkDIqLF_ccae80c1.png",
          "https://pub-6d7574c4452b41519ab8adf1541d7f9e.r2.dev/seichi/sakurazaka/3AAjQbR5iY7vvGy9Dm3BZx0klzr4hvp6NNe9bKJ1_c4a0e784.png"
        ],
        "members": [],
        "source": {
          "provider": "fumi Diary 2号店",
          "url": "http://blog.livedoor.jp/fumichen2/",
          "mapId": "",
          "layer": "サイン",
          "tags": [
            "サイン"
          ],
          "name": "HMVイオンモール浜松市野"
        },
        "classification": {
          "category": "サイン",
          "subcategory": "サイン",
          "method": "legacy-import",
          "status": "unreviewed"
        },
        "classificationCandidates": {
          "members": [],
          "projects": [],
          "contentTypes": []
        }
      }
    },
    {
      "type": "Feature",
      "geometry": {
        "type": "Point",
        "coordinates": [
          138.3858101,
          34.9727081
        ]
      },
      "properties": {
        "id": "fumi-1113",
        "name": "タワーレコード静岡店",
        "category": "サイン",
        "subcategory": "サイン",
        "categoryColor": "#059669",
        "address": "",
        "sceneTitle": "タワーレコード静岡店",
        "sceneNote": "説明: 欅坂46サイン入りポスター サイレントマジョリティー: 平手友梨奈 世界には愛しかない: 織田奈那 二人セゾン: 守屋茜 真っ白なものは汚したくなる: 織田奈那 櫻坂46サイン入りポスター Nobody's fault: 大沼晶保 BAN: 大沼晶保 五月雨よ: 大沼晶保 Start over!: 大沼晶保 承認欲求: 大沼晶保 住所: 〒420-0852 静岡県静岡市葵区紺屋町6-7 静岡パルコ7F",
        "sourceLabel": "fumi Diary 2号店",
        "sourceUrl": "http://blog.livedoor.jp/fumichen2/",
        "tags": [
          "サイン"
        ],
        "images": [
          "https://lh3.googleusercontent.com/umsh/AN6v0v4yFsa4MN7IaJL_liMJN8JWmLjrPEhpfppyUyaHFwQj7lVM08kZyCiOca69zl87g76YgB3JaOCK7ATYiwCbLZztzimlQ_uLq6ykEoSqqGQvLYQeb1VSEA",
          "https://pub-6d7574c4452b41519ab8adf1541d7f9e.r2.dev/seichi/sakurazaka/3AAjQbR6aQ4tyj9DVNVd6tzVF1prEfozxyiQPILp_3ba360a5.png",
          "https://pub-6d7574c4452b41519ab8adf1541d7f9e.r2.dev/seichi/sakurazaka/3AAjQbR6nL9ONPZPRwi92k4uWOu_NQ6AVbtleE5W_aa03e3e7.png",
          "https://pub-6d7574c4452b41519ab8adf1541d7f9e.r2.dev/seichi/sakurazaka/3AAjQbR6xuurKX2DJtEcUFIOwtYYSbVrRbObqUqs_913b8d66.png",
          "https://pub-6d7574c4452b41519ab8adf1541d7f9e.r2.dev/seichi/sakurazaka/3AAjQbR6Gf9pLLJZTKxdmRBQrIq4jxFekjWewn7V_04b59bde.png",
          "https://pub-6d7574c4452b41519ab8adf1541d7f9e.r2.dev/seichi/sakurazaka/3AAjQbR7WbaNK10ME72let48K1a1wEZo-Th_rTDo_2c321599.png"
        ],
        "members": [],
        "source": {
          "provider": "fumi Diary 2号店",
          "url": "http://blog.livedoor.jp/fumichen2/",
          "mapId": "",
          "layer": "サイン",
          "tags": [
            "サイン"
          ],
          "name": "タワーレコード静岡店"
        },
        "classification": {
          "category": "サイン",
          "subcategory": "サイン",
          "method": "legacy-import",
          "status": "unreviewed"
        },
        "classificationCandidates": {
          "members": [],
          "projects": [],
          "contentTypes": []
        }
      }
    },
    {
      "type": "Feature",
      "geometry": {
        "type": "Point",
        "coordinates": [
          137.8428439,
          34.7504043
        ]
      },
      "properties": {
        "id": "fumi-1114",
        "name": "タワーレコードららぽーと磐田店",
        "category": "サイン",
        "subcategory": "サイン",
        "categoryColor": "#059669",
        "address": "",
        "sceneTitle": "タワーレコードららぽーと磐田店",
        "sceneNote": "説明: 櫻坂46サイン入りポスター 五月雨よ: 関有美子 住所: 〒438-0801静岡県磐田市高見丘1200 三井ショッピングパーク ららぽーと磐田2F",
        "sourceLabel": "fumi Diary 2号店",
        "sourceUrl": "http://blog.livedoor.jp/fumichen2/",
        "tags": [
          "サイン"
        ],
        "images": [
          "https://pub-6d7574c4452b41519ab8adf1541d7f9e.r2.dev/seichi/sakurazaka/3AAjQbR5x7L6rZqnkJy000qXFCD9QMRwC1rkrfZp_608eb676.png"
        ],
        "members": [],
        "source": {
          "provider": "fumi Diary 2号店",
          "url": "http://blog.livedoor.jp/fumichen2/",
          "mapId": "",
          "layer": "サイン",
          "tags": [
            "サイン"
          ],
          "name": "タワーレコードららぽーと磐田店"
        },
        "classification": {
          "category": "サイン",
          "subcategory": "サイン",
          "method": "legacy-import",
          "status": "unreviewed"
        },
        "classificationCandidates": {
          "members": [],
          "projects": [],
          "contentTypes": []
        }
      }
    },
    {
      "type": "Feature",
      "geometry": {
        "type": "Point",
        "coordinates": [
          137.1643534,
          34.9374242
        ]
      },
      "properties": {
        "id": "fumi-1115",
        "name": "HMVイオンモール岡崎",
        "category": "サイン",
        "subcategory": "サイン",
        "categoryColor": "#059669",
        "address": "",
        "sceneTitle": "HMVイオンモール岡崎",
        "sceneNote": "説明: 欅坂46サイン入りポスター 世界には愛しかない: 鈴本美愉 二人セゾン: 守屋茜 真っ白なものは汚したくなる: 土生瑞穂 櫻坂46サイン入りポスター Nobody's fault: 松田里奈 BAN: 遠藤光莉 流れ弾: 大沼晶保 五月雨よ: 遠藤光莉 As you know?: 藤吉夏鈴 桜月: 幸阪茉里乃 承認欲求: 井上梨名 住所: 〒444-0840 愛知県岡崎市戸崎町字外山38-5 イオンモール岡崎3F",
        "sourceLabel": "fumi Diary 2号店",
        "sourceUrl": "http://blog.livedoor.jp/fumichen2/",
        "tags": [
          "サイン"
        ],
        "images": [
          "https://lh3.googleusercontent.com/umsh/AN6v0v5CvvlzPzA8eYOxkPLY3ppL6AA3ay6qxGVGSU6YubeDTQ7Jfs98vafnwtLQbZaseFmjfe8bMag3dzouwrKK8PZF6DAH879higKYL09_UWPhCTWWEkLiNg",
          "https://pub-6d7574c4452b41519ab8adf1541d7f9e.r2.dev/seichi/sakurazaka/3AAjQbR6_0Q99zQatXLBnUJeLbrX-vNJc-PKPm9M_c998bd85.png",
          "https://pub-6d7574c4452b41519ab8adf1541d7f9e.r2.dev/seichi/sakurazaka/3AAjQbR71KJKUmmhpZ3i-KkP1hVJu-AwJsX8cUYr_80bd8e90.png",
          "https://pub-6d7574c4452b41519ab8adf1541d7f9e.r2.dev/seichi/sakurazaka/3AAjQbR5dYva_MtXKqvOthok6mZ6FpTpZnIVnW3E_f0192d72.png",
          "https://pub-6d7574c4452b41519ab8adf1541d7f9e.r2.dev/seichi/sakurazaka/3AAjQbR65Nqdhv2VtOjoo7m-gX1hGkVe1b5NoRIv_05b06b3d.png",
          "https://pub-6d7574c4452b41519ab8adf1541d7f9e.r2.dev/seichi/sakurazaka/3AAjQbR5EQ_whRkXLmpZeYtcxCXhd7O6k0bcYe1P_3475b44e.png",
          "https://pub-6d7574c4452b41519ab8adf1541d7f9e.r2.dev/seichi/sakurazaka/3AAjQbR41xNgSzUnHWrRlYEX4eCVL7I4iGmVuMJN_8de74e5c.png",
          "https://pub-6d7574c4452b41519ab8adf1541d7f9e.r2.dev/seichi/sakurazaka/3AAjQbR6Raf5thJKPMXFnb_K-5lWE6ovgSg3HHeY_b131dea6.png"
        ],
        "members": [],
        "source": {
          "provider": "fumi Diary 2号店",
          "url": "http://blog.livedoor.jp/fumichen2/",
          "mapId": "",
          "layer": "サイン",
          "tags": [
            "サイン"
          ],
          "name": "HMVイオンモール岡崎"
        },
        "classification": {
          "category": "サイン",
          "subcategory": "サイン",
          "method": "legacy-import",
          "status": "unreviewed"
        },
        "classificationCandidates": {
          "members": [],
          "projects": [],
          "contentTypes": []
        }
      }
    },
    {
      "type": "Feature",
      "geometry": {
        "type": "Point",
        "coordinates": [
          136.900248,
          35.361187
        ]
      },
      "properties": {
        "id": "fumi-1116",
        "name": "HMVイオンモール扶桑",
        "category": "サイン",
        "subcategory": "サイン",
        "categoryColor": "#059669",
        "address": "",
        "sceneTitle": "HMVイオンモール扶桑",
        "sceneNote": "説明: 欅坂46サイン入りポスター 世界には愛しかない: 小池美波 二人セゾン: 石森虹花 真っ白なものは汚したくなる: 小池美波 櫻坂46サイン入りポスター BAN: 幸阪茉里乃 承認欲求: 齋藤冬優花 住所: 〒480-0105 愛知県丹羽郡扶桑町大字南山名高塚5-1 イオンモール扶桑2F",
        "sourceLabel": "fumi Diary 2号店",
        "sourceUrl": "http://blog.livedoor.jp/fumichen2/",
        "tags": [
          "サイン"
        ],
        "images": [
          "https://lh3.googleusercontent.com/umsh/AN6v0v5xMcCWed_6wVpXNiU8eCIxqGZHIQiqZR6AM0aw4M9z3mgSQnG0S_Ml0UvJvwSQl-U2kXaPJXogDgqucgQjl1K0H0omDB3b7J5QzOKyCc4lUH1dGzxtdA",
          "https://pub-6d7574c4452b41519ab8adf1541d7f9e.r2.dev/seichi/sakurazaka/3AAjQbR7JLv-mEVX8lviu9EalOfInU3qFiFhfOdn_d20cb566.png",
          "https://pub-6d7574c4452b41519ab8adf1541d7f9e.r2.dev/seichi/sakurazaka/3AAjQbR7B1tIB9nsUOgltqwAJtoG-GT3JWwJhmV7_aee39765.png"
        ],
        "members": [],
        "source": {
          "provider": "fumi Diary 2号店",
          "url": "http://blog.livedoor.jp/fumichen2/",
          "mapId": "",
          "layer": "サイン",
          "tags": [
            "サイン"
          ],
          "name": "HMVイオンモール扶桑"
        },
        "classification": {
          "category": "サイン",
          "subcategory": "サイン",
          "method": "legacy-import",
          "status": "unreviewed"
        },
        "classificationCandidates": {
          "members": [],
          "projects": [],
          "contentTypes": []
        }
      }
    },
    {
      "type": "Feature",
      "geometry": {
        "type": "Point",
        "coordinates": [
          136.9061896,
          35.1682853
        ]
      },
      "properties": {
        "id": "fumi-1118",
        "name": "HMV栄",
        "category": "サイン",
        "subcategory": "サイン",
        "categoryColor": "#059669",
        "address": "",
        "sceneTitle": "HMV栄",
        "sceneNote": "説明: 欅坂46サイン入りポスター サイレントマジョリティー: 平手友梨奈 世界には愛しかない: 長濱ねる 櫻坂46サイン入りポスター 五月雨よ: 大園玲 As you know?: 小林由依 桜月: 森田ひかる 承認欲求: 山下瞳月 住所: 〒460-0008 愛知県名古屋市中区栄3-4-5 栄NOVA B1F",
        "sourceLabel": "fumi Diary 2号店",
        "sourceUrl": "http://blog.livedoor.jp/fumichen2/",
        "tags": [
          "サイン"
        ],
        "images": [
          "https://lh3.googleusercontent.com/umsh/AN6v0v6TPM1PYqN7l7V17esJdzvhiKppXpFVRnNFtrpC4RUIbkXxFgAAO9wEqE0CvRSR3xss3tTcaF0IjSjh_PN6WanzL5rsyM5zis24qTbVu44EbIhxluWklQ",
          "https://lh3.googleusercontent.com/umsh/AN6v0v4ciqX5_liPSELX2hlRr9xcLMU6je4--CscAPeBdC0CrgcHWxJRcBtdwQUY1rDK6HYsdhIHKJy40P9oKxb21EoDhrNthgxxDhXgWN41K7L1-MvUdiqb1g",
          "https://pub-6d7574c4452b41519ab8adf1541d7f9e.r2.dev/seichi/sakurazaka/3AAjQbR6FduCD-bjLUF0SEqB5jJx-nA0KgnAO9Ip_58c97a74.png",
          "https://pub-6d7574c4452b41519ab8adf1541d7f9e.r2.dev/seichi/sakurazaka/3AAjQbR4CZahtYuqJgJ_nHxRy2k9t1s1chJgbV9o_80a2e27e.png",
          "https://pub-6d7574c4452b41519ab8adf1541d7f9e.r2.dev/seichi/sakurazaka/3AAjQbR6DlrQCWn1V7StvdfooY_L2yjMxiSCNNXy_d121ec37.png"
        ],
        "members": [],
        "source": {
          "provider": "fumi Diary 2号店",
          "url": "http://blog.livedoor.jp/fumichen2/",
          "mapId": "",
          "layer": "サイン",
          "tags": [
            "サイン"
          ],
          "name": "HMV栄"
        },
        "classification": {
          "category": "サイン",
          "subcategory": "サイン",
          "method": "legacy-import",
          "status": "unreviewed"
        },
        "classificationCandidates": {
          "members": [],
          "projects": [],
          "contentTypes": []
        }
      }
    },
    {
      "type": "Feature",
      "geometry": {
        "type": "Point",
        "coordinates": [
          136.9476559,
          35.0528766
        ]
      },
      "properties": {
        "id": "fumi-1124",
        "name": "タワーレコード大高店",
        "category": "サイン",
        "subcategory": "サイン",
        "categoryColor": "#059669",
        "address": "",
        "sceneTitle": "タワーレコード大高店",
        "sceneNote": "説明: 欅坂46サイン入りポスター 真っ白なものは汚したくなる: 平手友梨奈 櫻坂46サイン入りポスター 桜月: 増本綺良 承認欲求: 守屋麗奈 住所: 〒459-8001 愛知県名古屋市緑区南大高2-450 イオンモール大高3F",
        "sourceLabel": "fumi Diary 2号店",
        "sourceUrl": "http://blog.livedoor.jp/fumichen2/",
        "tags": [
          "サイン"
        ],
        "images": [
          "https://pub-6d7574c4452b41519ab8adf1541d7f9e.r2.dev/seichi/sakurazaka/3AAjQbR5Hlx5BpfHtT0etwcT8GGRjWctKzvtHWie_5a3d6055.png"
        ],
        "members": [],
        "source": {
          "provider": "fumi Diary 2号店",
          "url": "http://blog.livedoor.jp/fumichen2/",
          "mapId": "",
          "layer": "サイン",
          "tags": [
            "サイン"
          ],
          "name": "タワーレコード大高店"
        },
        "classification": {
          "category": "サイン",
          "subcategory": "サイン",
          "method": "legacy-import",
          "status": "unreviewed"
        },
        "classificationCandidates": {
          "members": [],
          "projects": [],
          "contentTypes": []
        }
      }
    },
    {
      "type": "Feature",
      "geometry": {
        "type": "Point",
        "coordinates": [
          136.9742679,
          34.9793146
        ]
      },
      "properties": {
        "id": "fumi-1125",
        "name": "タワーレコード 東浦店",
        "category": "サイン",
        "subcategory": "サイン",
        "categoryColor": "#059669",
        "address": "",
        "sceneTitle": "タワーレコード 東浦店",
        "sceneNote": "説明: 欅坂46サイン入りポスター サイレントマジョリティー: 織田奈那 世界には愛しかない: 土生瑞穂 二人セゾン: 土生瑞穂 真っ白なものは汚したくなる: 鈴本美愉 櫻坂46サイン入りポスター Nobody's fault: 幸阪茉里乃 五月雨よ: 遠藤光莉 桜月: 山﨑天 承認欲求: 村山美羽 住所: 〒470-2102 愛知県知多郡東浦町大字緒川字旭13-2 イオンモール東浦 2F",
        "sourceLabel": "fumi Diary 2号店",
        "sourceUrl": "http://blog.livedoor.jp/fumichen2/",
        "tags": [
          "サイン"
        ],
        "images": [
          "https://lh3.googleusercontent.com/umsh/AN6v0v6u_Y1zmU0vzSNsfjE5KaOY9rLCsEXADKFUyaZjcmdbB0roEnfSpj4QgSItx-NpSmki9Qz4ZBH0liE5NhaQHfwLYskfZIlmbbhR7GgWTVYnb5U",
          "https://pub-6d7574c4452b41519ab8adf1541d7f9e.r2.dev/seichi/sakurazaka/3AAjQbR4DCgnvQcAY0aR9l0ZbnzVTcP0KWcKlcIT_e2033b10.png",
          "https://pub-6d7574c4452b41519ab8adf1541d7f9e.r2.dev/seichi/sakurazaka/3AAjQbR61eg74ApGOp9s2hCI9YSak66n_0AsWiON_f60df6c7.png",
          "https://pub-6d7574c4452b41519ab8adf1541d7f9e.r2.dev/seichi/sakurazaka/3AAjQbR5MCIDsB53iW09X8g7VdBfUIRs7bD0X4ON_c4f31d0c.png",
          "https://pub-6d7574c4452b41519ab8adf1541d7f9e.r2.dev/seichi/sakurazaka/3AAjQbR48Umo1hRGiAbtnuQDpQTtDJxFeB8yDBXE_1dc5f641.png",
          "https://pub-6d7574c4452b41519ab8adf1541d7f9e.r2.dev/seichi/sakurazaka/3AAjQbR4vQZClzf2iS9VNWuqACYI3wv1DdfYjfGl_6eb8bee5.png",
          "https://pub-6d7574c4452b41519ab8adf1541d7f9e.r2.dev/seichi/sakurazaka/3AAjQbR6SvG7b4eFBn7d8CDIGnGSW_CkGyvEe9ms_6c4f33c8.png"
        ],
        "members": [],
        "source": {
          "provider": "fumi Diary 2号店",
          "url": "http://blog.livedoor.jp/fumichen2/",
          "mapId": "",
          "layer": "サイン",
          "tags": [
            "サイン"
          ],
          "name": "タワーレコード 東浦店"
        },
        "classification": {
          "category": "サイン",
          "subcategory": "サイン",
          "method": "legacy-import",
          "status": "unreviewed"
        },
        "classificationCandidates": {
          "members": [],
          "projects": [],
          "contentTypes": []
        }
      }
    },
    {
      "type": "Feature",
      "geometry": {
        "type": "Point",
        "coordinates": [
          136.8842803,
          35.169173
        ]
      },
      "properties": {
        "id": "fumi-1127",
        "name": "タワーレコード名古屋近鉄パッセ店",
        "category": "サイン",
        "subcategory": "サイン",
        "categoryColor": "#059669",
        "address": "",
        "sceneTitle": "タワーレコード名古屋近鉄パッセ店",
        "sceneNote": "説明: 欅坂46サイン入りポスター サイレントマジョリティー: 小林由依 世界には愛しかない: 平手友梨奈 真っ白なものは汚したくなる: 渡邉理佐 櫻坂46サイン入りポスター Nobody's fault: 井上梨名 BAN: 藤吉夏鈴 流れ弾: 菅井友香 五月雨よ: 守屋麗奈 As you know?: 山﨑天 承認欲求: 小林由依 住所: 〒450-0002 愛知県名古屋市中村区名駅1-2-2 近鉄パッセ 9F",
        "sourceLabel": "fumi Diary 2号店",
        "sourceUrl": "http://blog.livedoor.jp/fumichen2/",
        "tags": [
          "サイン"
        ],
        "images": [
          "https://lh3.googleusercontent.com/umsh/AN6v0v55KVQH87iW-9hxTJRhpMeeFtGaUPvLKI9mwt97kMgZXqXkAJBhiU4xAbw3eKattOdjIPzula7MDSO_a8gghuwON3sEzyLLeAcddYUHnK1p2_N_eZTq",
          "https://lh3.googleusercontent.com/umsh/AN6v0v6DjHHVYN7I8nNRLwsrb54U_IYsDg3qNt8T6XQRsyyL4Rr4ZHVGezGJJDrwMor9r5UVdc4gl-2Fel921rswCTD5Tx7t3a4_ZLCIyyzQLohJ0QxrMYGbCw",
          "https://lh3.googleusercontent.com/umsh/AN6v0v7SP_cykEwaezdXjVWGWAeDk6kTdDyjVuwWQworVErxDaJ2sWncV32XDmaSXW6SQk5R_diTNnHdckT7yWN6vFjEliLWhJsl99yrYQujUdEx6LRbZ-lHCg",
          "https://pub-6d7574c4452b41519ab8adf1541d7f9e.r2.dev/seichi/sakurazaka/3AAjQbR5iDz4DZK3Rf8WBu6iXCby3vPylS_aRXJJ_909262d5.png",
          "https://pub-6d7574c4452b41519ab8adf1541d7f9e.r2.dev/seichi/sakurazaka/3AAjQbR7kPu4I6CdGFhN6SnlwMxzMrDOW7DnwCnB_61518ca1.png",
          "https://pub-6d7574c4452b41519ab8adf1541d7f9e.r2.dev/seichi/sakurazaka/3AAjQbR7-BR5eY1-4UnTwBTU5ePswTzLKDbvI69C_2f0be35b.png",
          "https://pub-6d7574c4452b41519ab8adf1541d7f9e.r2.dev/seichi/sakurazaka/3AAjQbR7FuiF_-exxSMu_PzS6QuThxD7tDVxCLw1_18452e42.png",
          "https://pub-6d7574c4452b41519ab8adf1541d7f9e.r2.dev/seichi/sakurazaka/3AAjQbR6vKcdmaBNoOwHzQ1BpTtwnN6C9Juw0I9D_5b34bfa9.png",
          "https://pub-6d7574c4452b41519ab8adf1541d7f9e.r2.dev/seichi/sakurazaka/3AAjQbR5yckE11EBKj9hpCn-CbYm8Zp8-HZc7dra_b529f02e.png"
        ],
        "members": [],
        "source": {
          "provider": "fumi Diary 2号店",
          "url": "http://blog.livedoor.jp/fumichen2/",
          "mapId": "",
          "layer": "サイン",
          "tags": [
            "サイン"
          ],
          "name": "タワーレコード名古屋近鉄パッセ店"
        },
        "classification": {
          "category": "サイン",
          "subcategory": "サイン",
          "method": "legacy-import",
          "status": "unreviewed"
        },
        "classificationCandidates": {
          "members": [],
          "projects": [],
          "contentTypes": []
        }
      }
    },
    {
      "type": "Feature",
      "geometry": {
        "type": "Point",
        "coordinates": [
          136.9009786,
          35.1443204
        ]
      },
      "properties": {
        "id": "fumi-1129",
        "name": "新星堂アスナル金山店",
        "category": "サイン",
        "subcategory": "サイン",
        "categoryColor": "#059669",
        "address": "",
        "sceneTitle": "新星堂アスナル金山店",
        "sceneNote": "説明: 櫻坂46サイン入りポスター BAN: 小池美波 流れ弾: 山﨑天 五月雨よ: 山﨑天 As you know?: 菅井友香 桜月: 藤吉夏鈴 承認欲求: 松田里奈 住所: 〒460-0022 愛知県名古屋市中区金山1-17-1 アスナル金山 2F",
        "sourceLabel": "fumi Diary 2号店",
        "sourceUrl": "http://blog.livedoor.jp/fumichen2/",
        "tags": [
          "サイン"
        ],
        "images": [
          "https://pub-6d7574c4452b41519ab8adf1541d7f9e.r2.dev/seichi/sakurazaka/3AAjQbR6HvlJYfUJrwOH5QrM-KHlpOP6dCQXGopE_d1101c85.png",
          "https://pub-6d7574c4452b41519ab8adf1541d7f9e.r2.dev/seichi/sakurazaka/3AAjQbR7DwkyG4gMw3dnL9zp60E1sI-U29B7aMwQ_f5a0be3a.png",
          "https://pub-6d7574c4452b41519ab8adf1541d7f9e.r2.dev/seichi/sakurazaka/3AAjQbR5ZaRSnOdG8WWaih85QmvX6Js50lGppKiL_c7bd70a4.png",
          "https://pub-6d7574c4452b41519ab8adf1541d7f9e.r2.dev/seichi/sakurazaka/3AAjQbR7eQgKqOYmHMsa9dV_TlE_KjxpVGNVp4No_1db24362.png"
        ],
        "members": [],
        "source": {
          "provider": "fumi Diary 2号店",
          "url": "http://blog.livedoor.jp/fumichen2/",
          "mapId": "",
          "layer": "サイン",
          "tags": [
            "サイン"
          ],
          "name": "新星堂アスナル金山店"
        },
        "classification": {
          "category": "サイン",
          "subcategory": "サイン",
          "method": "legacy-import",
          "status": "unreviewed"
        },
        "classificationCandidates": {
          "members": [],
          "projects": [],
          "contentTypes": []
        }
      }
    },
    {
      "type": "Feature",
      "geometry": {
        "type": "Point",
        "coordinates": [
          136.5309264,
          34.8726452
        ]
      },
      "properties": {
        "id": "fumi-1133",
        "name": "タワーレコード鈴鹿店",
        "category": "サイン",
        "subcategory": "サイン",
        "categoryColor": "#059669",
        "address": "",
        "sceneTitle": "タワーレコード鈴鹿店",
        "sceneNote": "説明: 欅坂46サイン入りポスター サイレントマジョリティー: 小林由依 二人セゾン: 石森虹花 真っ白なものは汚したくなる: 小林由依 櫻坂46サイン入りポスター BAN: 幸阪茉里乃 桜月: 幸阪茉里乃 承認欲求: 幸阪茉里乃 住所: 〒513-0834 三重県鈴鹿市庄野羽山4-1-2 イオンモール鈴鹿 1F",
        "sourceLabel": "fumi Diary 2号店",
        "sourceUrl": "http://blog.livedoor.jp/fumichen2/",
        "tags": [
          "サイン"
        ],
        "images": [
          "https://pub-6d7574c4452b41519ab8adf1541d7f9e.r2.dev/seichi/sakurazaka/3AAjQbR4Kj0B-d_EhFKtV4I8UM57GsPoGYh8B0rl_33356df4.png",
          "https://pub-6d7574c4452b41519ab8adf1541d7f9e.r2.dev/seichi/sakurazaka/3AAjQbR4jWgbK-Qe96Xv5PU3hEVsuDeLELPnvjX8_01531fa0.png",
          "https://pub-6d7574c4452b41519ab8adf1541d7f9e.r2.dev/seichi/sakurazaka/3AAjQbR7fGqqWuoIVJnHnN5ZgCh8q3yLCDXtgzQJ_d776e35d.png",
          "https://pub-6d7574c4452b41519ab8adf1541d7f9e.r2.dev/seichi/sakurazaka/3AAjQbR5VQKBwUdcdLU45nWLLXCCN5vEZ4UDXK98_e745e1a8.png",
          "https://pub-6d7574c4452b41519ab8adf1541d7f9e.r2.dev/seichi/sakurazaka/3AAjQbR6i_5HGiRgykef25v5zJ0Q4Eles6pjwM-7_9d34b14a.png"
        ],
        "members": [],
        "source": {
          "provider": "fumi Diary 2号店",
          "url": "http://blog.livedoor.jp/fumichen2/",
          "mapId": "",
          "layer": "サイン",
          "tags": [
            "サイン"
          ],
          "name": "タワーレコード鈴鹿店"
        },
        "classification": {
          "category": "サイン",
          "subcategory": "サイン",
          "method": "legacy-import",
          "status": "unreviewed"
        },
        "classificationCandidates": {
          "members": [],
          "projects": [],
          "contentTypes": []
        }
      }
    },
    {
      "type": "Feature",
      "geometry": {
        "type": "Point",
        "coordinates": [
          135.960462,
          35.023816
        ]
      },
      "properties": {
        "id": "fumi-1134",
        "name": "JEUGIA草津A・SQUARE店",
        "category": "サイン",
        "subcategory": "サイン",
        "categoryColor": "#059669",
        "address": "",
        "sceneTitle": "JEUGIA草津A・SQUARE店",
        "sceneNote": "説明: 欅坂46サイン入りポスター 二人セゾン: 長濱ねる 櫻坂46サイン入りポスター Nobody's fault: 武元唯衣 BAN: 武元唯衣 五月雨よ: 武元唯衣 As you know?: 武元唯衣 桜月: 武元唯衣 Start over!: 土田晃之 齋藤冬優花 井上梨名 武元唯衣 松田里奈 山﨑天 遠藤理子 谷口愛季 承認欲求: 武元唯衣 住所: 〒525-0025 滋賀県草津市西渋川1-23-23 A-SQUARE SARA専門店棟 2F",
        "sourceLabel": "fumi Diary 2号店",
        "sourceUrl": "http://blog.livedoor.jp/fumichen2/",
        "tags": [
          "サイン"
        ],
        "images": [
          "https://pub-6d7574c4452b41519ab8adf1541d7f9e.r2.dev/seichi/sakurazaka/3AAjQbR4rVX26MJBZ8Yk-ju1ZPfW3j61zDJWXoUL_5e07c23c.png",
          "https://pub-6d7574c4452b41519ab8adf1541d7f9e.r2.dev/seichi/sakurazaka/3AAjQbR7J5T7wpr2_armtGu1_K4QrPLEYAIKNrK8_273291a1.png",
          "https://pub-6d7574c4452b41519ab8adf1541d7f9e.r2.dev/seichi/sakurazaka/3AAjQbR7eCm4fTcUyIIIiF5gNk4Znc3Ob6bENq8C_b13b0b30.png",
          "https://pub-6d7574c4452b41519ab8adf1541d7f9e.r2.dev/seichi/sakurazaka/3AAjQbR6kwMHLB3u1rQrVziXClhdxD_Pmb8USgwU_2e40d270.png",
          "https://pub-6d7574c4452b41519ab8adf1541d7f9e.r2.dev/seichi/sakurazaka/3AAjQbR5Ezu3hP5m5OvDSxF73xclZuwLB5-srPv__051b4d5b.png",
          "https://pub-6d7574c4452b41519ab8adf1541d7f9e.r2.dev/seichi/sakurazaka/3AAjQbR4dtabEB73pAlZEwvrbvKz5i2EzWUeAQrT_42249248.png",
          "https://pub-6d7574c4452b41519ab8adf1541d7f9e.r2.dev/seichi/sakurazaka/3AAjQbR6scUo-qNI5u4MWCZN-2JwnHt-QPKU7Ehx_eb44f026.png"
        ],
        "members": [],
        "source": {
          "provider": "fumi Diary 2号店",
          "url": "http://blog.livedoor.jp/fumichen2/",
          "mapId": "",
          "layer": "サイン",
          "tags": [
            "サイン"
          ],
          "name": "JEUGIA草津A・SQUARE店"
        },
        "classification": {
          "category": "サイン",
          "subcategory": "サイン",
          "method": "legacy-import",
          "status": "unreviewed"
        },
        "classificationCandidates": {
          "members": [],
          "projects": [],
          "contentTypes": []
        }
      }
    },
    {
      "type": "Feature",
      "geometry": {
        "type": "Point",
        "coordinates": [
          135.7688874,
          35.0044842
        ]
      },
      "properties": {
        "id": "fumi-1137",
        "name": "タワーレコード京都店",
        "category": "サイン",
        "subcategory": "サイン",
        "categoryColor": "#059669",
        "address": "",
        "sceneTitle": "タワーレコード京都店",
        "sceneNote": "説明: 欅坂46サイン入りポスター サイレントマジョリティー: 平手友梨奈 世界には愛しかない: 土生瑞穂 二人セゾン: 上村莉菜 真っ白なものは汚したくなる: 志田愛佳 櫻坂46サイン入りポスター Nobody's fault: 大園玲 BAN: 藤吉夏鈴 流れ弾: 山﨑天 五月雨よ: 小池美波 桜月: 大園玲 Start over!: 山下瞳月 承認欲求: 山下瞳月 住所: 〒604-8505 京都府京都市中京区河原町通四条上る 河原町OPA 9F",
        "sourceLabel": "fumi Diary 2号店",
        "sourceUrl": "http://blog.livedoor.jp/fumichen2/",
        "tags": [
          "サイン"
        ],
        "images": [
          "https://lh3.googleusercontent.com/umsh/AN6v0v7_tXWwXifAu3AG55YjIaSvO1P0vBB5bRrVh1sFgY1wHu8SiuPL_yhJxz3P6MDjFLX4fZN7GUE-EeNk9XBJC51wlO8HJmNg7fuD1uNKmWWqSLQjwX5LzQ",
          "https://lh3.googleusercontent.com/umsh/AN6v0v6IowxJDZ30ukVDfuO_cLxRUmO00lKfefUxXwR5eJkdClupVu8mmiZEM_Pz_7_v5Wj4Ho2q0VF_INLJKj-LyJ6Q7rhmk88CJaemPlMaKlPGjQ4Or4u9cQ",
          "https://pub-6d7574c4452b41519ab8adf1541d7f9e.r2.dev/seichi/sakurazaka/3AAjQbR5OszT-LjSRx_5X5V9FzSDtSKxY4-FeRI__07f11cc8.png",
          "https://pub-6d7574c4452b41519ab8adf1541d7f9e.r2.dev/seichi/sakurazaka/3AAjQbR6hMDjxirHNH3V-Mg7TG2mO1Z3mscFgUJP_0258685d.png",
          "https://pub-6d7574c4452b41519ab8adf1541d7f9e.r2.dev/seichi/sakurazaka/3AAjQbR4U4Ny2VfwdwB_eL3xkzeuVkS6AYHsAWtU_85b1558e.png",
          "https://pub-6d7574c4452b41519ab8adf1541d7f9e.r2.dev/seichi/sakurazaka/3AAjQbR40XMv9rUahSdWqJUW6OXqV8LnPSeEXvD2_8ff15fa0.png",
          "https://pub-6d7574c4452b41519ab8adf1541d7f9e.r2.dev/seichi/sakurazaka/3AAjQbR5Sd2Vc0WDqPnyFhtOG7lz674HQVAlHRXq_81d80d82.png",
          "https://pub-6d7574c4452b41519ab8adf1541d7f9e.r2.dev/seichi/sakurazaka/3AAjQbR7dbTpguAnjpizzOOt7BMdQk0YQQrDZGER_7ca8ac01.png"
        ],
        "members": [],
        "source": {
          "provider": "fumi Diary 2号店",
          "url": "http://blog.livedoor.jp/fumichen2/",
          "mapId": "",
          "layer": "サイン",
          "tags": [
            "サイン"
          ],
          "name": "タワーレコード京都店"
        },
        "classification": {
          "category": "サイン",
          "subcategory": "サイン",
          "method": "legacy-import",
          "status": "unreviewed"
        },
        "classificationCandidates": {
          "members": [],
          "projects": [],
          "contentTypes": []
        }
      }
    },
    {
      "type": "Feature",
      "geometry": {
        "type": "Point",
        "coordinates": [
          135.7589846,
          34.9881887
        ]
      },
      "properties": {
        "id": "fumi-1138",
        "name": "ヨドバシカメラマルチメディア京都",
        "category": "サイン",
        "subcategory": "サイン",
        "categoryColor": "#059669",
        "address": "",
        "sceneTitle": "ヨドバシカメラマルチメディア京都",
        "sceneNote": "説明: 欅坂46サイン入りポスター サイレントマジョリティー: 原田葵 世界には愛しかない: 長濱ねる 二人セゾン: 織田奈那 真っ白なものは汚したくなる: 長濱ねる 櫻坂46サイン入りポスター Nobody's fault: 小池美波 BAN: 藤吉夏鈴 流れ弾: 守屋茜 五月雨よ: 守屋麗奈 As you know?: 尾関梨香 桜月: 武元唯衣 Start over!: 小田倉麗奈 承認欲求: 山﨑天 住所: 〒600-8216 京都府京都市下京区京都駅前 京都タワー横",
        "sourceLabel": "fumi Diary 2号店",
        "sourceUrl": "http://blog.livedoor.jp/fumichen2/",
        "tags": [
          "サイン"
        ],
        "images": [
          "https://pub-6d7574c4452b41519ab8adf1541d7f9e.r2.dev/seichi/sakurazaka/3AAjQbR5Vsn6qg8czdx4LAQr_ex45g9BalZPzFmH_d9f42413.png"
        ],
        "members": [],
        "source": {
          "provider": "fumi Diary 2号店",
          "url": "http://blog.livedoor.jp/fumichen2/",
          "mapId": "",
          "layer": "サイン",
          "tags": [
            "サイン"
          ],
          "name": "ヨドバシカメラマルチメディア京都"
        },
        "classification": {
          "category": "サイン",
          "subcategory": "サイン",
          "method": "legacy-import",
          "status": "unreviewed"
        },
        "classificationCandidates": {
          "members": [],
          "projects": [],
          "contentTypes": []
        }
      }
    },
    {
      "type": "Feature",
      "geometry": {
        "type": "Point",
        "coordinates": [
          135.4998013,
          34.6733377
        ]
      },
      "properties": {
        "id": "fumi-1142",
        "name": "HMV&BOOKS SHINSAIBASHI",
        "category": "サイン",
        "subcategory": "サイン",
        "categoryColor": "#059669",
        "address": "",
        "sceneTitle": "HMV&BOOKS SHINSAIBASHI",
        "sceneNote": "説明: 櫻坂46サイン入りポスター 流れ弾: ? 五月雨よ: 小林由依 As you know?: 松田里奈 桜月: 藤吉夏鈴 Start over!: 田村保乃 承認欲求: 小島凪紗 住所: 〒542-0086 大阪府大阪市中央区西心斎橋1-4-3 心斎橋オーパ 8F",
        "sourceLabel": "fumi Diary 2号店",
        "sourceUrl": "http://blog.livedoor.jp/fumichen2/",
        "tags": [
          "サイン"
        ],
        "images": [],
        "members": [],
        "source": {
          "provider": "fumi Diary 2号店",
          "url": "http://blog.livedoor.jp/fumichen2/",
          "mapId": "",
          "layer": "サイン",
          "tags": [
            "サイン"
          ],
          "name": "HMV&BOOKS SHINSAIBASHI"
        },
        "classification": {
          "category": "サイン",
          "subcategory": "サイン",
          "method": "legacy-import",
          "status": "unreviewed"
        },
        "classificationCandidates": {
          "members": [],
          "projects": [],
          "contentTypes": []
        }
      }
    },
    {
      "type": "Feature",
      "geometry": {
        "type": "Point",
        "coordinates": [
          135.4942883,
          34.7050252
        ]
      },
      "properties": {
        "id": "fumi-1143",
        "name": "HMVグランフロント大阪",
        "category": "サイン",
        "subcategory": "サイン",
        "categoryColor": "#059669",
        "address": "",
        "sceneTitle": "HMVグランフロント大阪",
        "sceneNote": "説明: 欅坂46サイン入りポスター サイレントマジョリティー: 渡辺梨加 世界には愛しかない: 米谷奈々未 二人セゾン: 織田奈那 真っ白なものは汚したくなる: 齋藤冬優花 櫻坂46サイン入りポスター BAN: 小林由依 流れ弾: 森田ひかる 五月雨よ: 渡邉理佐 As you know?: 菅井友香 桜月: 田村保乃 Start over!: 森田ひかる 承認欲求: 大園玲 住所: 〒530-0011 大阪府大阪市北区大深町3番1号 グランフロント大阪ショップ＆レストラン北館5F",
        "sourceLabel": "fumi Diary 2号店",
        "sourceUrl": "http://blog.livedoor.jp/fumichen2/",
        "tags": [
          "サイン"
        ],
        "images": [
          "https://lh3.googleusercontent.com/umsh/AN6v0v6aTv7HUzvZYkEOYwYpSXbKQ0tsDGaUkzHvXqO-y6TnoT8JtShZt-a68y45FnEtV_0yYw5BkphGJlfqk_Otx2DewxO0PKj0rgh630VarJoa_6Rz_9O_",
          "https://lh3.googleusercontent.com/umsh/AN6v0v5Sq5Gq0V9VUWTXZ5gosTNP8wtaT9JVXdd2JS5mQUgBoV2TOZBto7LeixIgD1ifk3h7yaPa76Up16b6fUr0g3aEhpj-lGA8gdV74km-hHn6W878Ziik",
          "https://pub-6d7574c4452b41519ab8adf1541d7f9e.r2.dev/seichi/sakurazaka/3AAjQbR6UTvI3nVbGP6--FoDiDZYwlSqRrUehASm_62b9edc5.png",
          "https://pub-6d7574c4452b41519ab8adf1541d7f9e.r2.dev/seichi/sakurazaka/3AAjQbR5J6HjdgNsx6P9dBGXj9dzzw_caUIb9udK_cde02c5c.png",
          "https://pub-6d7574c4452b41519ab8adf1541d7f9e.r2.dev/seichi/sakurazaka/3AAjQbR5LrEFxRy7ixASaSWdEowh-9hxx0QREoD3_4b510c8c.png"
        ],
        "members": [],
        "source": {
          "provider": "fumi Diary 2号店",
          "url": "http://blog.livedoor.jp/fumichen2/",
          "mapId": "",
          "layer": "サイン",
          "tags": [
            "サイン"
          ],
          "name": "HMVグランフロント大阪"
        },
        "classification": {
          "category": "サイン",
          "subcategory": "サイン",
          "method": "legacy-import",
          "status": "unreviewed"
        },
        "classificationCandidates": {
          "members": [],
          "projects": [],
          "contentTypes": []
        }
      }
    },
    {
      "type": "Feature",
      "geometry": {
        "type": "Point",
        "coordinates": [
          135.4485601,
          34.4372204
        ]
      },
      "properties": {
        "id": "fumi-1144",
        "name": "HMVららぽーと和泉",
        "category": "サイン",
        "subcategory": "サイン",
        "categoryColor": "#059669",
        "address": "",
        "sceneTitle": "HMVららぽーと和泉",
        "sceneNote": "説明: 櫻坂46サイン入りポスター 流れ弾: 幸阪茉里乃 五月雨よ: 土生瑞穂 承認欲求: 小田倉麗奈 住所: 〒594-1157 大阪府和泉市あゆみ野4-4-7 ららぽーと和泉 4F",
        "sourceLabel": "fumi Diary 2号店",
        "sourceUrl": "http://blog.livedoor.jp/fumichen2/",
        "tags": [
          "サイン"
        ],
        "images": [
          "https://pub-6d7574c4452b41519ab8adf1541d7f9e.r2.dev/seichi/sakurazaka/3AAjQbR7oyaoPCtbP8IgJLr14LALb7l-sF8kgCYb_4ae2cf68.png"
        ],
        "members": [],
        "source": {
          "provider": "fumi Diary 2号店",
          "url": "http://blog.livedoor.jp/fumichen2/",
          "mapId": "",
          "layer": "サイン",
          "tags": [
            "サイン"
          ],
          "name": "HMVららぽーと和泉"
        },
        "classification": {
          "category": "サイン",
          "subcategory": "サイン",
          "method": "legacy-import",
          "status": "unreviewed"
        },
        "classificationCandidates": {
          "members": [],
          "projects": [],
          "contentTypes": []
        }
      }
    },
    {
      "type": "Feature",
      "geometry": {
        "type": "Point",
        "coordinates": [
          135.506347,
          34.658372
        ]
      },
      "properties": {
        "id": "fumi-1145",
        "name": "Joshin日本橋店2Fディスクピア",
        "category": "サイン",
        "subcategory": "サイン",
        "categoryColor": "#059669",
        "address": "",
        "sceneTitle": "Joshin日本橋店2Fディスクピア",
        "sceneNote": "説明: 欅坂46サイン入りポスター サイレントマジョリティー: 長濱ねる 世界には愛しかない: 長沢菜々香 櫻坂46サイン入りポスター 流れ弾: 山﨑天 五月雨よ: 増本綺良 As you know?: 大園玲 桜月: 遠藤光莉 Start over!: 石森璃花 承認欲求: 守屋麗奈 (旧ディスクピア日本橋店) 住所: 〒556-0005 大阪府大阪市浪速区日本橋5-9-5",
        "sourceLabel": "fumi Diary 2号店",
        "sourceUrl": "http://blog.livedoor.jp/fumichen2/",
        "tags": [
          "サイン"
        ],
        "images": [
          "https://lh3.googleusercontent.com/umsh/AN6v0v44qt9nD1FEFpHM6onIQElRC8tjwMerQFPQKLaUhxBt2LCSLHgxtCy0g8Zdm-jbtxVJ3E783f5VpATm71ovDUZjqhiiSMYwTgnRzmpgNGZjFWvYWdRTTQ",
          "https://lh3.googleusercontent.com/umsh/AN6v0v6ugn3eC8dDPxcf7GlGEV2NqiqFEmR68F_xYXdqBTbyI3z91vdCTu7HXZy2dZxscGMakXqihU0yAfoWeugU34wfeOKjoIAbNiqkN0EqqQGWkAZumddb",
          "https://pub-6d7574c4452b41519ab8adf1541d7f9e.r2.dev/seichi/sakurazaka/3AAjQbR6YR2u7P-0BwvSLsk_MLIqwwlX4CuwuaB2_c9b9d462.png"
        ],
        "members": [],
        "source": {
          "provider": "fumi Diary 2号店",
          "url": "http://blog.livedoor.jp/fumichen2/",
          "mapId": "",
          "layer": "サイン",
          "tags": [
            "サイン"
          ],
          "name": "Joshin日本橋店2Fディスクピア"
        },
        "classification": {
          "category": "サイン",
          "subcategory": "サイン",
          "method": "legacy-import",
          "status": "unreviewed"
        },
        "classificationCandidates": {
          "members": [],
          "projects": [],
          "contentTypes": []
        }
      }
    },
    {
      "type": "Feature",
      "geometry": {
        "type": "Point",
        "coordinates": [
          135.5014437,
          34.6685933
        ]
      },
      "properties": {
        "id": "fumi-1146",
        "name": "TSUTAYA EBISUBASHI",
        "category": "サイン",
        "subcategory": "サイン",
        "categoryColor": "#059669",
        "address": "",
        "sceneTitle": "TSUTAYA EBISUBASHI",
        "sceneNote": "説明: 欅坂46サイン入りポスター サイレントマジョリティー: 今泉佑唯 世界には愛しかない: 石森虹花 二人セゾン: 志田愛佳 櫻坂46サイン入りポスター Start over!: 森田ひかる 承認欲求: 森田ひかる 住所: 〒542-0071 大阪府大阪市中央区道頓堀1-8-19",
        "sourceLabel": "fumi Diary 2号店",
        "sourceUrl": "http://blog.livedoor.jp/fumichen2/",
        "tags": [
          "サイン"
        ],
        "images": [
          "https://lh3.googleusercontent.com/umsh/AN6v0v4KB_d4gn8U9WxfARiBxwAc4O1qFF0TTl77uSZTMfXEh1oDrts2WmDwudUmImvJnWcGztqbaB5nvCneThUthFOkMPz2EK0GASH2uOEV_3yCrl0BqHxR"
        ],
        "members": [],
        "source": {
          "provider": "fumi Diary 2号店",
          "url": "http://blog.livedoor.jp/fumichen2/",
          "mapId": "",
          "layer": "サイン",
          "tags": [
            "サイン"
          ],
          "name": "TSUTAYA EBISUBASHI"
        },
        "classification": {
          "category": "サイン",
          "subcategory": "サイン",
          "method": "legacy-import",
          "status": "unreviewed"
        },
        "classificationCandidates": {
          "members": [],
          "projects": [],
          "contentTypes": []
        }
      }
    },
    {
      "type": "Feature",
      "geometry": {
        "type": "Point",
        "coordinates": [
          135.5130972,
          34.6446143
        ]
      },
      "properties": {
        "id": "fumi-1147",
        "name": "TSUTAYAあべの橋店",
        "category": "サイン",
        "subcategory": "サイン",
        "categoryColor": "#059669",
        "address": "",
        "sceneTitle": "TSUTAYAあべの橋店",
        "sceneNote": "説明: 欅坂46サイン入りポスター サイレントマジョリティー: 小林由依 世界には愛しかない: 佐藤詩織 櫻坂46サイン入りポスター Nobody's fault: 渡辺梨加 BAN: 井上梨名 流れ弾: 武元唯衣 五月雨よ: 土生瑞穂 As you know?: 藤吉夏鈴 桜月: 松田里奈 Start over!: 上村莉菜 承認欲求: 田村保乃 住所: 〒545-0052 大阪府大阪市阿倍野区阿倍野筋2-1-34",
        "sourceLabel": "fumi Diary 2号店",
        "sourceUrl": "http://blog.livedoor.jp/fumichen2/",
        "tags": [
          "サイン"
        ],
        "images": [
          "https://pub-6d7574c4452b41519ab8adf1541d7f9e.r2.dev/seichi/sakurazaka/3AAjQbR4TicKjL1MgTPKQH7xrlSDLnYYxi3Nzu-u_52325ba9.png",
          "https://pub-6d7574c4452b41519ab8adf1541d7f9e.r2.dev/seichi/sakurazaka/3AAjQbR4XoHCUsYqhFHcIMYBXdvOYoG7I3kgnH6P_aeaa2feb.png",
          "https://pub-6d7574c4452b41519ab8adf1541d7f9e.r2.dev/seichi/sakurazaka/3AAjQbR5p4lbxyn4XiEpWQdcScjZ6n9mveCpE-0i_c386546f.png",
          "https://pub-6d7574c4452b41519ab8adf1541d7f9e.r2.dev/seichi/sakurazaka/3AAjQbR6BifT3b4_c65HgdT1QQiUUxbtXO4K2O5s_28cc4585.png",
          "https://pub-6d7574c4452b41519ab8adf1541d7f9e.r2.dev/seichi/sakurazaka/3AAjQbR41Y7MC8FCfQSwGNLRDG1TVv9MkSz1bddW_3616076d.png",
          "https://pub-6d7574c4452b41519ab8adf1541d7f9e.r2.dev/seichi/sakurazaka/3AAjQbR6KTVB2frQKTK9COj7zD2rJadvTEgxt_rw_5e7cf497.png",
          "https://pub-6d7574c4452b41519ab8adf1541d7f9e.r2.dev/seichi/sakurazaka/3AAjQbR4S1QpTIPh0Ke6V-pwAmT96IxGSr_ZWh4E_a90769ec.png"
        ],
        "members": [],
        "source": {
          "provider": "fumi Diary 2号店",
          "url": "http://blog.livedoor.jp/fumichen2/",
          "mapId": "",
          "layer": "サイン",
          "tags": [
            "サイン"
          ],
          "name": "TSUTAYAあべの橋店"
        },
        "classification": {
          "category": "サイン",
          "subcategory": "サイン",
          "method": "legacy-import",
          "status": "unreviewed"
        },
        "classificationCandidates": {
          "members": [],
          "projects": [],
          "contentTypes": []
        }
      }
    },
    {
      "type": "Feature",
      "geometry": {
        "type": "Point",
        "coordinates": [
          135.5135524,
          34.6452096
        ]
      },
      "properties": {
        "id": "fumi-1150",
        "name": "タワーレコードあべのHoop店",
        "category": "サイン",
        "subcategory": "サイン",
        "categoryColor": "#059669",
        "address": "",
        "sceneTitle": "タワーレコードあべのHoop店",
        "sceneNote": "説明: 欅坂46サイン入りポスター サイレントマジョリティー: 志田愛佳 世界には愛しかない: 守屋茜 二人セゾン: 今泉佑唯 櫻坂46サイン入りポスター Nobody's fault: 森田ひかる 五月雨よ: 田村保乃 桜月: 山﨑天 Start over!: 大園玲 承認欲求: 藤吉夏鈴 住所: 〒545-0052 大阪府大阪市阿倍野区阿倍野筋1-2-30 あべのHoop 6階",
        "sourceLabel": "fumi Diary 2号店",
        "sourceUrl": "http://blog.livedoor.jp/fumichen2/",
        "tags": [
          "サイン"
        ],
        "images": [
          "https://pub-6d7574c4452b41519ab8adf1541d7f9e.r2.dev/seichi/sakurazaka/3AAjQbR4Ad8e3rehwUaX8pKlH3PM1n0-_GHUGFOW_b452cd2c.png"
        ],
        "members": [],
        "source": {
          "provider": "fumi Diary 2号店",
          "url": "http://blog.livedoor.jp/fumichen2/",
          "mapId": "",
          "layer": "サイン",
          "tags": [
            "サイン"
          ],
          "name": "タワーレコードあべのHoop店"
        },
        "classification": {
          "category": "サイン",
          "subcategory": "サイン",
          "method": "legacy-import",
          "status": "unreviewed"
        },
        "classificationCandidates": {
          "members": [],
          "projects": [],
          "contentTypes": []
        }
      }
    },
    {
      "type": "Feature",
      "geometry": {
        "type": "Point",
        "coordinates": [
          135.606154,
          34.6329996
        ]
      },
      "properties": {
        "id": "fumi-1151",
        "name": "タワーレコードアリオ八尾店",
        "category": "サイン",
        "subcategory": "サイン",
        "categoryColor": "#059669",
        "address": "",
        "sceneTitle": "タワーレコードアリオ八尾店",
        "sceneNote": "説明: 欅坂46サイン入りポスター 世界には愛しかない: 石森虹花 二人セゾン: 渡辺梨加 真っ白なものは汚したくなる: 今泉佑唯 櫻坂46サイン入りポスター 五月雨よ: 遠藤光莉 住所: 〒581-0803 大阪府八尾市光町2-3 アリオ八尾3階",
        "sourceLabel": "fumi Diary 2号店",
        "sourceUrl": "http://blog.livedoor.jp/fumichen2/",
        "tags": [
          "サイン"
        ],
        "images": [
          "https://pub-6d7574c4452b41519ab8adf1541d7f9e.r2.dev/seichi/sakurazaka/3AAjQbR78CfeIfBVnOc-OxA6urx1MjMNkv8DZxOk_0ae6a806.png",
          "https://pub-6d7574c4452b41519ab8adf1541d7f9e.r2.dev/seichi/sakurazaka/3AAjQbR6i5UEaN1wAlLnvUzz0KvYUrFzZQCu_t8Z_4febcea7.png"
        ],
        "members": [],
        "source": {
          "provider": "fumi Diary 2号店",
          "url": "http://blog.livedoor.jp/fumichen2/",
          "mapId": "",
          "layer": "サイン",
          "tags": [
            "サイン"
          ],
          "name": "タワーレコードアリオ八尾店"
        },
        "classification": {
          "category": "サイン",
          "subcategory": "サイン",
          "method": "legacy-import",
          "status": "unreviewed"
        },
        "classificationCandidates": {
          "members": [],
          "projects": [],
          "contentTypes": []
        }
      }
    },
    {
      "type": "Feature",
      "geometry": {
        "type": "Point",
        "coordinates": [
          135.6183782,
          34.8530561
        ]
      },
      "properties": {
        "id": "fumi-1152",
        "name": "タワーレコード高槻阪急店",
        "category": "サイン",
        "subcategory": "サイン",
        "categoryColor": "#059669",
        "address": "",
        "sceneTitle": "タワーレコード高槻阪急店",
        "sceneNote": "説明: 欅坂46サイン入りポスター サイレントマジョリティー: 佐藤詩織 二人セゾン: 尾関梨香 真っ白なものは汚したくなる: 米谷奈々未 櫻坂46サイン入りポスター Start over!: 村山美羽 承認欲求: 山﨑天 (旧タワーレコード西武高槻店) 住所: 〒569-1116 大阪府高槻市白梅町4-1 高槻阪急店3F",
        "sourceLabel": "fumi Diary 2号店",
        "sourceUrl": "http://blog.livedoor.jp/fumichen2/",
        "tags": [
          "サイン"
        ],
        "images": [
          "https://lh3.googleusercontent.com/umsh/AN6v0v45_k01fDRD2H2czwKyXQYyyA1nZlNXE1zwbWo7WIYfYGW0cnFB8P6W2TrSEWuanjlnzn96_TZ3EBr63L6IWfNi8MMaQUbXJavVdjvpI7cwwWtvpFi4",
          "https://pub-6d7574c4452b41519ab8adf1541d7f9e.r2.dev/seichi/sakurazaka/3AAjQbR6khak1oP4qzpUob6IJ29gy5lXCiLVxwg7_172996f4.png"
        ],
        "members": [],
        "source": {
          "provider": "fumi Diary 2号店",
          "url": "http://blog.livedoor.jp/fumichen2/",
          "mapId": "",
          "layer": "サイン",
          "tags": [
            "サイン"
          ],
          "name": "タワーレコード高槻阪急店"
        },
        "classification": {
          "category": "サイン",
          "subcategory": "サイン",
          "method": "legacy-import",
          "status": "unreviewed"
        },
        "classificationCandidates": {
          "members": [],
          "projects": [],
          "contentTypes": []
        }
      }
    },
    {
      "type": "Feature",
      "geometry": {
        "type": "Point",
        "coordinates": [
          135.5025174,
          34.6613617
        ]
      },
      "properties": {
        "id": "fumi-1153",
        "name": "タワーレコードなんばパークス店",
        "category": "サイン",
        "subcategory": "サイン",
        "categoryColor": "#059669",
        "address": "",
        "sceneTitle": "タワーレコードなんばパークス店",
        "sceneNote": "説明: 櫻坂46サイン入りポスター Start over!: 山﨑天 承認欲求: 中嶋優月 (旧タワーレコード難波店より移転) 住所: 〒556-0011大阪府大阪市浪速区難波中2-10-70 なんばパークス4F",
        "sourceLabel": "fumi Diary 2号店",
        "sourceUrl": "http://blog.livedoor.jp/fumichen2/",
        "tags": [
          "サイン"
        ],
        "images": [
          "https://pub-6d7574c4452b41519ab8adf1541d7f9e.r2.dev/seichi/sakurazaka/3AAjQbR4Qgh3ZfDNB4deWpVr_Mx2mtllij1wmHdp_12c09ce1.png"
        ],
        "members": [],
        "source": {
          "provider": "fumi Diary 2号店",
          "url": "http://blog.livedoor.jp/fumichen2/",
          "mapId": "",
          "layer": "サイン",
          "tags": [
            "サイン"
          ],
          "name": "タワーレコードなんばパークス店"
        },
        "classification": {
          "category": "サイン",
          "subcategory": "サイン",
          "method": "legacy-import",
          "status": "unreviewed"
        },
        "classificationCandidates": {
          "members": [],
          "projects": [],
          "contentTypes": []
        }
      }
    },
    {
      "type": "Feature",
      "geometry": {
        "type": "Point",
        "coordinates": [
          135.4991738,
          34.7069377
        ]
      },
      "properties": {
        "id": "fumi-1154",
        "name": "タワーレコード梅田NU茶屋町店",
        "category": "サイン",
        "subcategory": "サイン",
        "categoryColor": "#059669",
        "address": "",
        "sceneTitle": "タワーレコード梅田NU茶屋町店",
        "sceneNote": "説明: 欅坂46サイン入りポスター サイレントマジョリティー: 平手友梨奈 世界には愛しかない: 米谷奈々未 二人セゾン: 渡邉理佐 真っ白なものは汚したくなる: 佐藤詩織 櫻坂46サイン入りポスター Nobody's fault: 田村保乃 BAN: 渡邉理佐 流れ弾: 田村保乃 五月雨よ: 山﨑天 As you know?: 田村保乃 桜月: 小林由依 承認欲求: 小林由依 住所: 〒530-0013 大阪府大阪市北区茶屋町10-12 NU chayamachi 6F",
        "sourceLabel": "fumi Diary 2号店",
        "sourceUrl": "http://blog.livedoor.jp/fumichen2/",
        "tags": [
          "サイン"
        ],
        "images": [
          "https://lh3.googleusercontent.com/umsh/AN6v0v6ZC7f98B7ni2fHoyXLhqQ52RWTk_9YACeFHtjbsnLZB4GVTk6uwo7ZLuYupu7PHTEiR1o826cMR3J9T6M4TRGi7fQAwRpI2QqbjrGr5KNoLBpXBydQSw",
          "https://lh3.googleusercontent.com/umsh/AN6v0v6_BKiAxfa-3qA7nwm4HPbWJq_p0cyvTwzIuqNasdaw9nwiP_zmykf3gJamKBEW8eEMSWhmGFYSkm-s9fFCbhdoL0UWehgOndITAXKKAsRUv1z3hQROwQ",
          "https://lh3.googleusercontent.com/umsh/AN6v0v73wjqqrDY9PEgBSs3pyUDvTjaNxFYacA__r8Fw9e_16H9-6HSwjwoGVtfUm8sbzIOGr0s23dBibXDWK-rIZe1Rw4S0wMeAEwbPPd5j3myd71UkYwBx",
          "https://pub-6d7574c4452b41519ab8adf1541d7f9e.r2.dev/seichi/sakurazaka/3AAjQbR7pihwt8QC69IJGdc_ghrmaPFUTsonk5dH_e2b32dbe.png"
        ],
        "members": [],
        "source": {
          "provider": "fumi Diary 2号店",
          "url": "http://blog.livedoor.jp/fumichen2/",
          "mapId": "",
          "layer": "サイン",
          "tags": [
            "サイン"
          ],
          "name": "タワーレコード梅田NU茶屋町店"
        },
        "classification": {
          "category": "サイン",
          "subcategory": "サイン",
          "method": "legacy-import",
          "status": "unreviewed"
        },
        "classificationCandidates": {
          "members": [],
          "projects": [],
          "contentTypes": []
        }
      }
    },
    {
      "type": "Feature",
      "geometry": {
        "type": "Point",
        "coordinates": [
          135.496155,
          34.7040581
        ]
      },
      "properties": {
        "id": "fumi-1155",
        "name": "ヨドバシカメラマルチメディア梅田",
        "category": "サイン",
        "subcategory": "サイン",
        "categoryColor": "#059669",
        "address": "",
        "sceneTitle": "ヨドバシカメラマルチメディア梅田",
        "sceneNote": "説明: 欅坂46サイン入りポスター サイレントマジョリティー: 米谷奈々未 世界には愛しかない: 渡邉理佐 二人セゾン: 佐藤詩織 真っ白なものは汚したくなる: 上村莉菜 永遠より長い一瞬 ～あの頃、確かに存在した私たち～: 山﨑天 櫻坂46サイン入りポスター 五月雨よ: 尾関梨香 As you know?: 大園玲 桜月: 土生瑞穂 承認欲求: 遠藤理子 住所: 〒530-0011 大阪府大阪市北区大深町1-1",
        "sourceLabel": "fumi Diary 2号店",
        "sourceUrl": "http://blog.livedoor.jp/fumichen2/",
        "tags": [
          "サイン"
        ],
        "images": [
          "https://pub-6d7574c4452b41519ab8adf1541d7f9e.r2.dev/seichi/sakurazaka/3AAjQbR6QdcUMTS4yWoI-_fQYVUEozqqe-SbmMu5_342d38e8.png",
          "https://pub-6d7574c4452b41519ab8adf1541d7f9e.r2.dev/seichi/sakurazaka/3AAjQbR6IGR_mmC_hmUdr2xIvtv4Q-CgqDCJtNeM_adc63428.png"
        ],
        "members": [],
        "source": {
          "provider": "fumi Diary 2号店",
          "url": "http://blog.livedoor.jp/fumichen2/",
          "mapId": "",
          "layer": "サイン",
          "tags": [
            "サイン"
          ],
          "name": "ヨドバシカメラマルチメディア梅田"
        },
        "classification": {
          "category": "サイン",
          "subcategory": "サイン",
          "method": "legacy-import",
          "status": "unreviewed"
        },
        "classificationCandidates": {
          "members": [],
          "projects": [],
          "contentTypes": []
        }
      }
    },
    {
      "type": "Feature",
      "geometry": {
        "type": "Point",
        "coordinates": [
          135.4985041,
          34.7050162
        ]
      },
      "properties": {
        "id": "fumi-1156",
        "name": "紀伊國屋書店梅田本店",
        "category": "サイン",
        "subcategory": "サイン",
        "categoryColor": "#059669",
        "address": "",
        "sceneTitle": "紀伊國屋書店梅田本店",
        "sceneNote": "説明: 欅坂46サイン入りポスター サイレントマジョリティー: 守屋茜 世界には愛しかない: 尾関梨香 櫻坂46サイン入りポスター 承認欲求: 的野美青 住所: 〒530-0012 大阪府大阪市北区芝田1-1-3 阪急三番街",
        "sourceLabel": "fumi Diary 2号店",
        "sourceUrl": "http://blog.livedoor.jp/fumichen2/",
        "tags": [
          "サイン"
        ],
        "images": [
          "https://lh3.googleusercontent.com/umsh/AN6v0v6sz_wwM8BV-ZwWBjdQ9s_SzDO6_R950HwkBh-zd_KSL3oT8WA92TjHtIqsssQ_uQIXtamWqHZYQ2qEMJefv2S1r9kuU-yZHSKqnewgIMQISJd4yjpo8Q"
        ],
        "members": [],
        "source": {
          "provider": "fumi Diary 2号店",
          "url": "http://blog.livedoor.jp/fumichen2/",
          "mapId": "",
          "layer": "サイン",
          "tags": [
            "サイン"
          ],
          "name": "紀伊國屋書店梅田本店"
        },
        "classification": {
          "category": "サイン",
          "subcategory": "サイン",
          "method": "legacy-import",
          "status": "unreviewed"
        },
        "classificationCandidates": {
          "members": [],
          "projects": [],
          "contentTypes": []
        }
      }
    },
    {
      "type": "Feature",
      "geometry": {
        "type": "Point",
        "coordinates": [
          135.5321236,
          34.6969991
        ]
      },
      "properties": {
        "id": "fumi-1159",
        "name": "新星堂京橋店",
        "category": "サイン",
        "subcategory": "サイン",
        "categoryColor": "#059669",
        "address": "",
        "sceneTitle": "新星堂京橋店",
        "sceneNote": "説明: 欅坂46サイン入りポスター サイレントマジョリティー: 渡邉理佐 世界には愛しかない: 長沢菜々香 二人セゾン: 小池美波 真っ白なものは汚したくなる: 小池美波 櫻坂46サイン入りポスター 桜月: 森田ひかる 住所: 〒534-0024 大阪府大阪市都島区東野田2-1-38 京阪モール1F",
        "sourceLabel": "fumi Diary 2号店",
        "sourceUrl": "http://blog.livedoor.jp/fumichen2/",
        "tags": [
          "サイン"
        ],
        "images": [
          "https://pub-6d7574c4452b41519ab8adf1541d7f9e.r2.dev/seichi/sakurazaka/3AAjQbR7o7paxGWHlYGG7fV_iz8WO2SmS1djMfd-_9ea118ad.png"
        ],
        "members": [],
        "source": {
          "provider": "fumi Diary 2号店",
          "url": "http://blog.livedoor.jp/fumichen2/",
          "mapId": "",
          "layer": "サイン",
          "tags": [
            "サイン"
          ],
          "name": "新星堂京橋店"
        },
        "classification": {
          "category": "サイン",
          "subcategory": "サイン",
          "method": "legacy-import",
          "status": "unreviewed"
        },
        "classificationCandidates": {
          "members": [],
          "projects": [],
          "contentTypes": []
        }
      }
    },
    {
      "type": "Feature",
      "geometry": {
        "type": "Point",
        "coordinates": [
          135.5144923,
          34.6467633
        ]
      },
      "properties": {
        "id": "fumi-1160",
        "name": "新星堂天王寺ミオ店",
        "category": "サイン",
        "subcategory": "サイン",
        "categoryColor": "#059669",
        "address": "",
        "sceneTitle": "新星堂天王寺ミオ店",
        "sceneNote": "説明: 欅坂46サイン入りポスター サイレントマジョリティー: 米谷奈々子 世界には愛しかない: 今泉佑唯 二人セゾン: 米谷奈々未 真っ白なものは汚したくなる: 米谷奈々未 永遠より長い一瞬 ～あの頃、確かに存在した私たち～: 増本綺良 櫻坂46サイン入りポスター Nobody's fault: 藤吉夏鈴 BAN: 松田里奈 流れ弾: 土生瑞穂 五月雨よ: 森田ひかる As you know?: 井上梨名 桜月: 上村莉菜 Start over!: 小林由依 承認欲求: 村山美羽 住所: 〒543-0055 大阪府大阪市天王寺区悲田院町10-39 天王寺駅ビル・ミオ8F",
        "sourceLabel": "fumi Diary 2号店",
        "sourceUrl": "http://blog.livedoor.jp/fumichen2/",
        "tags": [
          "サイン"
        ],
        "images": [
          "https://pub-6d7574c4452b41519ab8adf1541d7f9e.r2.dev/seichi/sakurazaka/3AAjQbR40bXA1g6u2bEZ3Foj_2Mg4v6iL159n8aw_529fd9fc.png",
          "https://pub-6d7574c4452b41519ab8adf1541d7f9e.r2.dev/seichi/sakurazaka/3AAjQbR4mleUdHay0o6NLF67b7OgLjWZRhRSlDma_2fe4907c.png",
          "https://pub-6d7574c4452b41519ab8adf1541d7f9e.r2.dev/seichi/sakurazaka/3AAjQbR7ez-IysitltYBuBbV1qFrVunvbxx5SmUT_a929e328.png",
          "https://pub-6d7574c4452b41519ab8adf1541d7f9e.r2.dev/seichi/sakurazaka/3AAjQbR5dswTA050949SIVYwIB9lJrk5wgA9V-O9_cf9f23f1.png",
          "https://pub-6d7574c4452b41519ab8adf1541d7f9e.r2.dev/seichi/sakurazaka/3AAjQbR7-6J09-rqMyrX1UgAgKQQfrXVHpSspNKU_4ed2f961.png",
          "https://pub-6d7574c4452b41519ab8adf1541d7f9e.r2.dev/seichi/sakurazaka/3AAjQbR4b_Z9X7exCp3IbxCsmhh-eHYk0kAZhXDt_0a1f1803.png"
        ],
        "members": [],
        "source": {
          "provider": "fumi Diary 2号店",
          "url": "http://blog.livedoor.jp/fumichen2/",
          "mapId": "",
          "layer": "サイン",
          "tags": [
            "サイン"
          ],
          "name": "新星堂天王寺ミオ店"
        },
        "classification": {
          "category": "サイン",
          "subcategory": "サイン",
          "method": "legacy-import",
          "status": "unreviewed"
        },
        "classificationCandidates": {
          "members": [],
          "projects": [],
          "contentTypes": []
        }
      }
    },
    {
      "type": "Feature",
      "geometry": {
        "type": "Point",
        "coordinates": [
          135.4242983,
          34.7812375
        ]
      },
      "properties": {
        "id": "fumi-1161",
        "name": "HMVイオンモール伊丹",
        "category": "サイン",
        "subcategory": "サイン",
        "categoryColor": "#059669",
        "address": "",
        "sceneTitle": "HMVイオンモール伊丹",
        "sceneNote": "説明: 欅坂46サイン入りポスター サイレントマジョリティー: 長濱ねる 世界には愛しかない: 菅井友香 二人セゾン: 守屋茜 真っ白なものは汚したくなる: 石森虹花 櫻坂46サイン入りポスター As you know?: 守屋麗奈 Start over!: 増本綺良 承認欲求: 山﨑天 住所: 〒664-0847 兵庫県伊丹市藤ノ木1-1-1 イオンモール伊丹3F",
        "sourceLabel": "fumi Diary 2号店",
        "sourceUrl": "http://blog.livedoor.jp/fumichen2/",
        "tags": [
          "サイン"
        ],
        "images": [
          "https://lh3.googleusercontent.com/umsh/AN6v0v4mC_dySkskHbfnxT2DN1wXEQ90eNwZy1W4EOREKke43XQqieNwNV3HMuZmtpd04hHNI2Xa-KRN_aXCFQj7ni4CXN6A6KeFUts1Jae3sWmz5eOcatQ-Ig",
          "https://pub-6d7574c4452b41519ab8adf1541d7f9e.r2.dev/seichi/sakurazaka/3AAjQbR7vwaaSaIOj3nGe_biGYbcx27TQcnwwWvA_4f5caeb6.png",
          "https://pub-6d7574c4452b41519ab8adf1541d7f9e.r2.dev/seichi/sakurazaka/3AAjQbR46yoVERpnhYyr7NKhLABirDOBfb3x-0Rz_8afd82c3.png",
          "https://pub-6d7574c4452b41519ab8adf1541d7f9e.r2.dev/seichi/sakurazaka/3AAjQbR5j_Ur3J34mabR8gFPHyxAHyLNqAP1RNYV_ffa5e5ff.png"
        ],
        "members": [],
        "source": {
          "provider": "fumi Diary 2号店",
          "url": "http://blog.livedoor.jp/fumichen2/",
          "mapId": "",
          "layer": "サイン",
          "tags": [
            "サイン"
          ],
          "name": "HMVイオンモール伊丹"
        },
        "classification": {
          "category": "サイン",
          "subcategory": "サイン",
          "method": "legacy-import",
          "status": "unreviewed"
        },
        "classificationCandidates": {
          "members": [],
          "projects": [],
          "contentTypes": []
        }
      }
    },
    {
      "type": "Feature",
      "geometry": {
        "type": "Point",
        "coordinates": [
          135.3608979,
          34.7437764
        ]
      },
      "properties": {
        "id": "fumi-1162",
        "name": "HMV阪急西宮ガーデンズ",
        "category": "サイン",
        "subcategory": "サイン",
        "categoryColor": "#059669",
        "address": "",
        "sceneTitle": "HMV阪急西宮ガーデンズ",
        "sceneNote": "説明: 欅坂46サイン入りポスター サイレントマジョリティー: 小池美波 世界には愛しかない: 土生瑞穂 二人セゾン: 渡邉理佐 永遠より長い一瞬 ～あの頃、確かに存在した私たち～: 小池美波 櫻坂46サイン入りポスター Nobody's fault: 小池美波 BAN: 小池美波 流れ弾: 小池美波 五月雨よ: 小池美波 As you know?: 小池美波 桜月: 小池美波 Start over!: 小池美波 承認欲求: 小林由依 住所: 〒663-8204 兵庫県西宮市高松町14-2 阪急西宮ガーデンズ 4F",
        "sourceLabel": "fumi Diary 2号店",
        "sourceUrl": "http://blog.livedoor.jp/fumichen2/",
        "tags": [
          "サイン"
        ],
        "images": [
          "https://lh3.googleusercontent.com/umsh/AN6v0v7HOwEzU8Unio_7fdwesJutrZ88v8rBhYXz5GOcHvBX78Eqj6kUyW37QnoxWGOysdAbvuabRBuVdaUP3OEy0f6vliHYG6T0WWK_cvBLol7Rgqajz9stfA",
          "https://lh3.googleusercontent.com/umsh/AN6v0v78O9RTH75snTN25u7IOUT3r57S7MOeEwNAxMxO2p5wlOkDR3oWIBFlv-IDXskp7i3JJuU2yAyI8Hlxl_uqm4G11vWKYfHFDXcsvhuC4lGoBM49g27d",
          "https://pub-6d7574c4452b41519ab8adf1541d7f9e.r2.dev/seichi/sakurazaka/3AAjQbR4SRqWDwmpT-ARB_ZNKVkoWhn92886t32n_9b4dcca3.png",
          "https://pub-6d7574c4452b41519ab8adf1541d7f9e.r2.dev/seichi/sakurazaka/3AAjQbR74B7Q303X2iQNYhVavBW5aePANdRWU6mi_75b854fa.png"
        ],
        "members": [],
        "source": {
          "provider": "fumi Diary 2号店",
          "url": "http://blog.livedoor.jp/fumichen2/",
          "mapId": "",
          "layer": "サイン",
          "tags": [
            "サイン"
          ],
          "name": "HMV阪急西宮ガーデンズ"
        },
        "classification": {
          "category": "サイン",
          "subcategory": "サイン",
          "method": "legacy-import",
          "status": "unreviewed"
        },
        "classificationCandidates": {
          "members": [],
          "projects": [],
          "contentTypes": []
        }
      }
    },
    {
      "type": "Feature",
      "geometry": {
        "type": "Point",
        "coordinates": [
          135.1937971,
          34.6917191
        ]
      },
      "properties": {
        "id": "fumi-1163",
        "name": "HMV三宮オーパ",
        "category": "サイン",
        "subcategory": "サイン",
        "categoryColor": "#059669",
        "address": "",
        "sceneTitle": "HMV三宮オーパ",
        "sceneNote": "説明: 欅坂46サイン入りポスター サイレントマジョリティー: 小林由依 世界には愛しかない: 長濱ねる 二人セゾン: 今泉佑唯 櫻坂46サイン入りポスター Nobody's fault: 田村保乃 五月雨よ: 山﨑天 As you know?: 尾関梨香 桜月: 森田ひかる Start over!: 武元唯衣 承認欲求: 増本綺良 (旧HMV三宮VIVREより移転) 住所: 〒650-0021 兵庫県神戸市中央区三宮町1-5-26 三宮オーパ 4F",
        "sourceLabel": "fumi Diary 2号店",
        "sourceUrl": "http://blog.livedoor.jp/fumichen2/",
        "tags": [
          "サイン"
        ],
        "images": [
          "https://pub-6d7574c4452b41519ab8adf1541d7f9e.r2.dev/seichi/sakurazaka/3AAjQbR5eKFVXQgSlOrm1ChkXfHcEzuML-Pctg0__ff6e3e15.png",
          "https://pub-6d7574c4452b41519ab8adf1541d7f9e.r2.dev/seichi/sakurazaka/3AAjQbR7p4CyP-ECEYotZ1oK869mdGN7mt3WZm6H_86ccb76b.png",
          "https://pub-6d7574c4452b41519ab8adf1541d7f9e.r2.dev/seichi/sakurazaka/3AAjQbR6QY6DI_Be2J1N-V9eXffNuY4g4jGSUgjM_c60a97a7.png",
          "https://pub-6d7574c4452b41519ab8adf1541d7f9e.r2.dev/seichi/sakurazaka/3AAjQbR5g7EIUYj9P3ZXnsPlUCJvEyHx71epOzhr_b1decab0.png",
          "https://pub-6d7574c4452b41519ab8adf1541d7f9e.r2.dev/seichi/sakurazaka/3AAjQbR5pEKy0RJuCtQuV4uCMUvfPuMFhBc9049d_92dc9b27.png"
        ],
        "members": [],
        "source": {
          "provider": "fumi Diary 2号店",
          "url": "http://blog.livedoor.jp/fumichen2/",
          "mapId": "",
          "layer": "サイン",
          "tags": [
            "サイン"
          ],
          "name": "HMV三宮オーパ"
        },
        "classification": {
          "category": "サイン",
          "subcategory": "サイン",
          "method": "legacy-import",
          "status": "unreviewed"
        },
        "classificationCandidates": {
          "members": [],
          "projects": [],
          "contentTypes": []
        }
      }
    },
    {
      "type": "Feature",
      "geometry": {
        "type": "Point",
        "coordinates": [
          135.196077,
          34.6943277
        ]
      },
      "properties": {
        "id": "fumi-1164",
        "name": "タワーレコード神戸店",
        "category": "サイン",
        "subcategory": "サイン",
        "categoryColor": "#059669",
        "address": "",
        "sceneTitle": "タワーレコード神戸店",
        "sceneNote": "説明: 欅坂46サイン入りポスター 世界には愛しかない: 平手友梨奈 二人セゾン: 長濱ねる 真っ白なものは汚したくなる: 渡邉理佐 櫻坂46サイン入りポスター As you know?: 小林由依 桜月: 守屋麗奈 Start over!: 井上梨名 承認欲求: 田村保乃 住所: 〒651-0096 兵庫県神戸市中央区雲井通7-1-1 ミント神戸 6F",
        "sourceLabel": "fumi Diary 2号店",
        "sourceUrl": "http://blog.livedoor.jp/fumichen2/",
        "tags": [
          "サイン"
        ],
        "images": [],
        "members": [],
        "source": {
          "provider": "fumi Diary 2号店",
          "url": "http://blog.livedoor.jp/fumichen2/",
          "mapId": "",
          "layer": "サイン",
          "tags": [
            "サイン"
          ],
          "name": "タワーレコード神戸店"
        },
        "classification": {
          "category": "サイン",
          "subcategory": "サイン",
          "method": "legacy-import",
          "status": "unreviewed"
        },
        "classificationCandidates": {
          "members": [],
          "projects": [],
          "contentTypes": []
        }
      }
    },
    {
      "type": "Feature",
      "geometry": {
        "type": "Point",
        "coordinates": [
          134.995268,
          34.647647
        ]
      },
      "properties": {
        "id": "fumi-1165",
        "name": "タワーレコード明石店",
        "category": "サイン",
        "subcategory": "サイン",
        "categoryColor": "#059669",
        "address": "",
        "sceneTitle": "タワーレコード明石店",
        "sceneNote": "説明: 欅坂46サイン入りポスター サイレントマジョリティー: 米谷奈々未 世界には愛しかない: 小池美波 真っ白なものは汚したくなる: 小池美波 櫻坂46サイン入りポスター Nobody's fault: 井上梨名 五月雨よ: 井上梨名 承認欲求: 井上梨名 住所: 〒673-0886兵庫県明石市東仲ノ町6-1 アスピア明石南館 2F",
        "sourceLabel": "fumi Diary 2号店",
        "sourceUrl": "http://blog.livedoor.jp/fumichen2/",
        "tags": [
          "サイン"
        ],
        "images": [
          "https://pub-6d7574c4452b41519ab8adf1541d7f9e.r2.dev/seichi/sakurazaka/3AAjQbR5ovfONzYkwOqQ56Y2P5K4juMjEwe-6Ep8_1c198e44.png",
          "https://pub-6d7574c4452b41519ab8adf1541d7f9e.r2.dev/seichi/sakurazaka/3AAjQbR5jjSh0GfASBe6ZRzub14LQkUq-n0FAh7Z_89d00d76.png"
        ],
        "members": [],
        "source": {
          "provider": "fumi Diary 2号店",
          "url": "http://blog.livedoor.jp/fumichen2/",
          "mapId": "",
          "layer": "サイン",
          "tags": [
            "サイン"
          ],
          "name": "タワーレコード明石店"
        },
        "classification": {
          "category": "サイン",
          "subcategory": "サイン",
          "method": "legacy-import",
          "status": "unreviewed"
        },
        "classificationCandidates": {
          "members": [],
          "projects": [],
          "contentTypes": []
        }
      }
    },
    {
      "type": "Feature",
      "geometry": {
        "type": "Point",
        "coordinates": [
          133.9174712,
          34.6626036
        ]
      },
      "properties": {
        "id": "fumi-1167",
        "name": "HMVイオンモール岡山",
        "category": "サイン",
        "subcategory": "サイン",
        "categoryColor": "#059669",
        "address": "",
        "sceneTitle": "HMVイオンモール岡山",
        "sceneNote": "説明: 欅坂46サイン入りポスター サイレントマジョリティー: 志田愛佳 世界には愛しかない: 渡邉理佐 二人セゾン: 鈴本美愉 櫻坂46サイン入りポスター 五月雨よ: 増本綺良 As you know?: 山﨑天 桜月: 山﨑天 Start over!: 谷口愛季 承認欲求: 山﨑天 住所: 〒700-0907 岡山県岡山市北区下石井1-2-1 イオンモール岡山 5F",
        "sourceLabel": "fumi Diary 2号店",
        "sourceUrl": "http://blog.livedoor.jp/fumichen2/",
        "tags": [
          "サイン"
        ],
        "images": [
          "https://pub-6d7574c4452b41519ab8adf1541d7f9e.r2.dev/seichi/sakurazaka/3AAjQbR7sQG4AmF4CtkztdN4HAn9WKiUjRsac7lp_c12182ed.png"
        ],
        "members": [],
        "source": {
          "provider": "fumi Diary 2号店",
          "url": "http://blog.livedoor.jp/fumichen2/",
          "mapId": "",
          "layer": "サイン",
          "tags": [
            "サイン"
          ],
          "name": "HMVイオンモール岡山"
        },
        "classification": {
          "category": "サイン",
          "subcategory": "サイン",
          "method": "legacy-import",
          "status": "unreviewed"
        },
        "classificationCandidates": {
          "members": [],
          "projects": [],
          "contentTypes": []
        }
      }
    },
    {
      "type": "Feature",
      "geometry": {
        "type": "Point",
        "coordinates": [
          132.4626786,
          34.3921082
        ]
      },
      "properties": {
        "id": "fumi-1170",
        "name": "タワーレコード広島店",
        "category": "サイン",
        "subcategory": "サイン",
        "categoryColor": "#059669",
        "address": "",
        "sceneTitle": "タワーレコード広島店",
        "sceneNote": "説明: 欅坂46サイン入りポスター サイレントマジョリティー: 長濱ねる 世界には愛しかない: 鈴本美愉 二人セゾン: 長濱ねる 櫻坂46サイン入りポスター Nobody's fault: 田村保乃 BAN: 田村保乃 流れ弾: 大園玲 桜月: 田村保乃 Start over!: 向井純葉 承認欲求: 向井純葉 住所: 〒730-0034広島県広島市中区新天地2-1 広島パルコ新館 9F",
        "sourceLabel": "fumi Diary 2号店",
        "sourceUrl": "http://blog.livedoor.jp/fumichen2/",
        "tags": [
          "サイン"
        ],
        "images": [
          "https://lh3.googleusercontent.com/umsh/AN6v0v5WMl4jVKIwWgjBUnjfgyLeU7hIh003B5sG0zO9uaknI95zgMcOL5ddtuhNMfZdFSrsHaR0UL0fnJDdpay5dlctc0LVH2oAKX80TVjKtg_NmCmPD8dv",
          "https://lh3.googleusercontent.com/umsh/AN6v0v5f72R71CDqUCxVjyFfHuqBJUcd_L9RteF4wpm4RljDiyMLiStLvXgD10iMz-equ9xxofcm3u8Id4G2-XEA_LgFv0Rdqj_LJY33TeGzF0LjPDw",
          "https://pub-6d7574c4452b41519ab8adf1541d7f9e.r2.dev/seichi/sakurazaka/3AAjQbR5Tqi7sFEtxSSR1agtcMW9p0r9c9JK-oOY_2c35cbc8.png"
        ],
        "members": [],
        "source": {
          "provider": "fumi Diary 2号店",
          "url": "http://blog.livedoor.jp/fumichen2/",
          "mapId": "",
          "layer": "サイン",
          "tags": [
            "サイン"
          ],
          "name": "タワーレコード広島店"
        },
        "classification": {
          "category": "サイン",
          "subcategory": "サイン",
          "method": "legacy-import",
          "status": "unreviewed"
        },
        "classificationCandidates": {
          "members": [],
          "projects": [],
          "contentTypes": []
        }
      }
    },
    {
      "type": "Feature",
      "geometry": {
        "type": "Point",
        "coordinates": [
          132.4999344,
          34.3934716
        ]
      },
      "properties": {
        "id": "fumi-1171",
        "name": "フタバ図書TERA広島府中店",
        "category": "サイン",
        "subcategory": "サイン",
        "categoryColor": "#059669",
        "address": "",
        "sceneTitle": "フタバ図書TERA広島府中店",
        "sceneNote": "説明: 欅坂46サイン入りポスター サイレントマジョリティー: 織田奈那 世界には愛しかない: 齋藤冬優花 二人セゾン: 守屋茜 櫻坂46サイン入りポスター 桜月: 大園玲 住所: 〒735-0021 広島県安芸郡府中町大須2-1-1-3022 イオンモール広島府中3F",
        "sourceLabel": "fumi Diary 2号店",
        "sourceUrl": "http://blog.livedoor.jp/fumichen2/",
        "tags": [
          "サイン"
        ],
        "images": [],
        "members": [],
        "source": {
          "provider": "fumi Diary 2号店",
          "url": "http://blog.livedoor.jp/fumichen2/",
          "mapId": "",
          "layer": "サイン",
          "tags": [
            "サイン"
          ],
          "name": "フタバ図書TERA広島府中店"
        },
        "classification": {
          "category": "サイン",
          "subcategory": "サイン",
          "method": "legacy-import",
          "status": "unreviewed"
        },
        "classificationCandidates": {
          "members": [],
          "projects": [],
          "contentTypes": []
        }
      }
    },
    {
      "type": "Feature",
      "geometry": {
        "type": "Point",
        "coordinates": [
          130.7501639,
          33.7681371
        ]
      },
      "properties": {
        "id": "fumi-1176",
        "name": "HMVイオンモール直方",
        "category": "サイン",
        "subcategory": "サイン",
        "categoryColor": "#059669",
        "address": "",
        "sceneTitle": "HMVイオンモール直方",
        "sceneNote": "説明: 欅坂46サイン入りポスター サイレントマジョリティー: 渡辺梨加 世界には愛しかない: 小林由依 櫻坂46サイン入りポスター 流れ弾: 森田ひかる 五月雨よ: 関有美子 承認欲求: 大園玲 住所: 〒822-0008 福岡県直方市湯野原2丁目1-1 イオンモール直方 2F",
        "sourceLabel": "fumi Diary 2号店",
        "sourceUrl": "http://blog.livedoor.jp/fumichen2/",
        "tags": [
          "サイン"
        ],
        "images": [
          "https://lh3.googleusercontent.com/umsh/AN6v0v4A45kpz4CcWxDRhP-naMZjrwIFr6GL_BM_wdCm9aLllFqIOm_buqWQlDs1lgGelrBugmuvsw6h_FGX2REstO2rRP2pyz18hr3kNbAsdZqyJkIH9mv7pw",
          "https://lh3.googleusercontent.com/umsh/AN6v0v64n3JLEWEiONkkJsCMZRtsyA6gm6Iu9Ct1FrrHVG6TaWPBOcbNJ56FSdKCWul6pftb4eHzUMXl25iDC5X7ynTCH83zX1d7rGI8mxm3PorxD19MJrn0Fg",
          "https://pub-6d7574c4452b41519ab8adf1541d7f9e.r2.dev/seichi/sakurazaka/3AAjQbR5hxmrU7aPzsM61-Pkx0BQnOVWk-D-hzpb_f0dd69e8.png"
        ],
        "members": [],
        "source": {
          "provider": "fumi Diary 2号店",
          "url": "http://blog.livedoor.jp/fumichen2/",
          "mapId": "",
          "layer": "サイン",
          "tags": [
            "サイン"
          ],
          "name": "HMVイオンモール直方"
        },
        "classification": {
          "category": "サイン",
          "subcategory": "サイン",
          "method": "legacy-import",
          "status": "unreviewed"
        },
        "classificationCandidates": {
          "members": [],
          "projects": [],
          "contentTypes": []
        }
      }
    },
    {
      "type": "Feature",
      "geometry": {
        "type": "Point",
        "coordinates": [
          130.4192698,
          33.5889169
        ]
      },
      "properties": {
        "id": "fumi-1177",
        "name": "HMV&BOOKS HAKATA",
        "category": "サイン",
        "subcategory": "サイン",
        "categoryColor": "#059669",
        "address": "",
        "sceneTitle": "HMV&BOOKS HAKATA",
        "sceneNote": "説明: 欅坂46サイン入りポスター 世界には愛しかない: 平手友梨奈 二人セゾン: 佐藤詩織 櫻坂46サイン入りポスター Nobody's fault: 森田ひかる 五月雨よ: 菅井友香 As you know?: 田村保乃 桜月: 守屋麗奈 Start over!: 森田ひかる 承認欲求: 的野美青 住所: 〒812-0012 福岡県福岡市博多区博多駅中央街9-1 博多マルイ6F",
        "sourceLabel": "fumi Diary 2号店",
        "sourceUrl": "http://blog.livedoor.jp/fumichen2/",
        "tags": [
          "サイン"
        ],
        "images": [
          "https://lh3.googleusercontent.com/umsh/AN6v0v5l2ljAijlzyrGiQWER9cd70NJzDT0iaIIpcx2KO3ptmX25Tnz5XsttLDvuNC7kxNkk398o7Gy88109EJ_g6J6iwxckXd5cRqvSGfFEXrvaANM--NHY6A"
        ],
        "members": [],
        "source": {
          "provider": "fumi Diary 2号店",
          "url": "http://blog.livedoor.jp/fumichen2/",
          "mapId": "",
          "layer": "サイン",
          "tags": [
            "サイン"
          ],
          "name": "HMV&BOOKS HAKATA"
        },
        "classification": {
          "category": "サイン",
          "subcategory": "サイン",
          "method": "legacy-import",
          "status": "unreviewed"
        },
        "classificationCandidates": {
          "members": [],
          "projects": [],
          "contentTypes": []
        }
      }
    },
    {
      "type": "Feature",
      "geometry": {
        "type": "Point",
        "coordinates": [
          130.4200686,
          33.5907728
        ]
      },
      "properties": {
        "id": "fumi-1178",
        "name": "タワーレコードアミュプラザ博多店",
        "category": "サイン",
        "subcategory": "サイン",
        "categoryColor": "#059669",
        "address": "",
        "sceneTitle": "タワーレコードアミュプラザ博多店",
        "sceneNote": "説明: 欅坂46サイン入りポスター サイレントマジョリティー: 長沢菜々香 世界には愛しかない: 原田葵 二人セゾン: 平手友梨奈 真っ白なものは汚したくなる: 長濱ねる 櫻坂46サイン入りポスター Nobody's fault: 関有美子 BAN: 松田里奈 流れ弾: 藤吉夏鈴 五月雨よ: 幸阪茉里乃 桜月: 関有美子 森田ひかる Start over!: 的野美青 承認欲求: 中嶋優月 住所: 〒812-0012 福岡県福岡市博多区博多駅中央街1-1 JR博多シティ7階",
        "sourceLabel": "fumi Diary 2号店",
        "sourceUrl": "http://blog.livedoor.jp/fumichen2/",
        "tags": [
          "サイン"
        ],
        "images": [
          "https://lh3.googleusercontent.com/umsh/AN6v0v50oYraD6VtfvRiFKXIGUkBr_dZgAulvd-5rZxoWOOV9WqdVJ-Hy0E_s9T7V5tkiM7MpXx5pGD-iOF_sHsoEwOqll2EDAea9GmfaoSnEcRd6sdVlth_eg",
          "https://lh3.googleusercontent.com/umsh/AN6v0v5q2FSbMfQFztsaKMQfJpmm5DJel3aI7b3_w0SKFVq3-RI5qU48BobFwuLN5A4IzoczOjUdqpGej408ddc1e8g7yXTJ4UA3xiUxG-bKr36GESCZY-cAgw",
          "https://pub-6d7574c4452b41519ab8adf1541d7f9e.r2.dev/seichi/sakurazaka/3AAjQbR58xeN8BFO4cePNhK3eYuSbLuQL0sDZQee_ba987bd8.png",
          "https://pub-6d7574c4452b41519ab8adf1541d7f9e.r2.dev/seichi/sakurazaka/3AAjQbR6s_DmrMk2e991lyVIQxEUQbRHp_YBqLLl_a394f915.png",
          "https://pub-6d7574c4452b41519ab8adf1541d7f9e.r2.dev/seichi/sakurazaka/3AAjQbR4dO7YFlXdGYN-PjKlEAsfIsyLJkjWyhsG_01931b46.png",
          "https://pub-6d7574c4452b41519ab8adf1541d7f9e.r2.dev/seichi/sakurazaka/3AAjQbR7bNvLeT_MGMsAQFPXRhtc0FaJ52oL8Qki_52ac0e71.png",
          "https://pub-6d7574c4452b41519ab8adf1541d7f9e.r2.dev/seichi/sakurazaka/3AAjQbR7vOlAVo-4EPY44vbwbxXQrbg5Gg0YP54O_98683407.png"
        ],
        "members": [],
        "source": {
          "provider": "fumi Diary 2号店",
          "url": "http://blog.livedoor.jp/fumichen2/",
          "mapId": "",
          "layer": "サイン",
          "tags": [
            "サイン"
          ],
          "name": "タワーレコードアミュプラザ博多店"
        },
        "classification": {
          "category": "サイン",
          "subcategory": "サイン",
          "method": "legacy-import",
          "status": "unreviewed"
        },
        "classificationCandidates": {
          "members": [],
          "projects": [],
          "contentTypes": []
        }
      }
    },
    {
      "type": "Feature",
      "geometry": {
        "type": "Point",
        "coordinates": [
          130.398745,
          33.5904609
        ]
      },
      "properties": {
        "id": "fumi-1179",
        "name": "タワーレコード福岡パルコ店",
        "category": "サイン",
        "subcategory": "サイン",
        "categoryColor": "#059669",
        "address": "",
        "sceneTitle": "タワーレコード福岡パルコ店",
        "sceneNote": "説明: 欅坂46サイン入りポスター サイレントマジョリティー: 守屋茜 世界には愛しかない: 長濱ねる 二人セゾン: 小林由依 真っ白なものは汚したくなる: 長濱ねる 櫻坂46サイン入りポスター 五月雨よ: 森田ひかる As you know?: 藤吉夏鈴 桜月: 関有美子 Start over!: 中嶋優月 承認欲求: 森田ひかる 住所: 〒810-0001 福岡県福岡市中央区天神2-11-1 福岡パルコ6F",
        "sourceLabel": "fumi Diary 2号店",
        "sourceUrl": "http://blog.livedoor.jp/fumichen2/",
        "tags": [
          "サイン"
        ],
        "images": [
          "https://lh3.googleusercontent.com/umsh/AN6v0v4170mke22lqolfseKs7iThUFhQ_nohFUv7J13n4OEX5Gv1Txc8PJx32NU5K72wUADNTA-qaQZcLkeFIfLuOUtEuJFH75JlercdLgMLY1eL39TphJoZ",
          "https://pub-6d7574c4452b41519ab8adf1541d7f9e.r2.dev/seichi/sakurazaka/3AAjQbR6mBVakfPZONVNBWTa66oaomT7sgfUvndm_0e3ce63d.png",
          "https://pub-6d7574c4452b41519ab8adf1541d7f9e.r2.dev/seichi/sakurazaka/3AAjQbR4KFyFhE8FW4EPBvL1J-RZKViJcjZSRzOj_bc6de5f6.png"
        ],
        "members": [],
        "source": {
          "provider": "fumi Diary 2号店",
          "url": "http://blog.livedoor.jp/fumichen2/",
          "mapId": "",
          "layer": "サイン",
          "tags": [
            "サイン"
          ],
          "name": "タワーレコード福岡パルコ店"
        },
        "classification": {
          "category": "サイン",
          "subcategory": "サイン",
          "method": "legacy-import",
          "status": "unreviewed"
        },
        "classificationCandidates": {
          "members": [],
          "projects": [],
          "contentTypes": []
        }
      }
    },
    {
      "type": "Feature",
      "geometry": {
        "type": "Point",
        "coordinates": [
          130.8825574,
          33.8851275
        ]
      },
      "properties": {
        "id": "fumi-1180",
        "name": "新星堂小倉セントシティ店",
        "category": "サイン",
        "subcategory": "サイン",
        "categoryColor": "#059669",
        "address": "",
        "sceneTitle": "新星堂小倉セントシティ店",
        "sceneNote": "説明: 欅坂46サイン入りポスター サイレントマジョリティー: 今泉佑唯 世界には愛しかない: 土生瑞穂 櫻坂46サイン入りポスター 承認欲求: 増本綺良 (旧新星堂小倉駅アミュプラザ店により移転) 住所: 〒802-0002 福岡県北九州市小倉北区京町3-1-1 セントシティ5F",
        "sourceLabel": "fumi Diary 2号店",
        "sourceUrl": "http://blog.livedoor.jp/fumichen2/",
        "tags": [
          "サイン"
        ],
        "images": [
          "https://pub-6d7574c4452b41519ab8adf1541d7f9e.r2.dev/seichi/sakurazaka/3AAjQbR5BU2b6UGltBngB6sz_B7NmbtbnM2X3wVB_e45b8087.png",
          "https://pub-6d7574c4452b41519ab8adf1541d7f9e.r2.dev/seichi/sakurazaka/3AAjQbR5VNHhtFU-i0OAGjiPToJf9dqDbg1vSuO7_e205d9f3.png",
          "https://pub-6d7574c4452b41519ab8adf1541d7f9e.r2.dev/seichi/sakurazaka/3AAjQbR62BUr95KTAOVzVf4nh_1dXcZ2uzTyxDce_db3b120b.png"
        ],
        "members": [],
        "source": {
          "provider": "fumi Diary 2号店",
          "url": "http://blog.livedoor.jp/fumichen2/",
          "mapId": "",
          "layer": "サイン",
          "tags": [
            "サイン"
          ],
          "name": "新星堂小倉セントシティ店"
        },
        "classification": {
          "category": "サイン",
          "subcategory": "サイン",
          "method": "legacy-import",
          "status": "unreviewed"
        },
        "classificationCandidates": {
          "members": [],
          "projects": [],
          "contentTypes": []
        }
      }
    },
    {
      "type": "Feature",
      "geometry": {
        "type": "Point",
        "coordinates": [
          130.7097382,
          32.8019005
        ]
      },
      "properties": {
        "id": "fumi-1183",
        "name": "蔦屋書店熊本三年坂店",
        "category": "サイン",
        "subcategory": "サイン",
        "categoryColor": "#059669",
        "address": "",
        "sceneTitle": "蔦屋書店熊本三年坂店",
        "sceneNote": "説明: 欅坂46サイン入りポスター サイレントマジョリティー: 織田奈那 世界には愛しかない: 原田葵 二人セゾン: 渡邉理佐 真っ白なものは汚したくなる: 佐藤詩織 櫻坂46サイン入りポスター Nobody's fault: 尾関梨香 BAN: 渡邉理佐 桜月: 遠藤光莉 Start over!: 松田里奈 承認欲求: 上村莉菜 住所: 〒860-0801 熊本県熊本市中央区安政町1-2",
        "sourceLabel": "fumi Diary 2号店",
        "sourceUrl": "http://blog.livedoor.jp/fumichen2/",
        "tags": [
          "サイン"
        ],
        "images": [
          "https://pub-6d7574c4452b41519ab8adf1541d7f9e.r2.dev/seichi/sakurazaka/3AAjQbR7ZNxLyr21_Z4qaqoX07UmImrkpQUFZQo1_a76978e3.png",
          "https://pub-6d7574c4452b41519ab8adf1541d7f9e.r2.dev/seichi/sakurazaka/3AAjQbR7bXsj74mr_F9qG8HUbaWzicyPjYx9ILhR_6ea6768c.png",
          "https://pub-6d7574c4452b41519ab8adf1541d7f9e.r2.dev/seichi/sakurazaka/3AAjQbR4G48nitBKOvSiscPcUQkLmAqH8aPUjWGK_ea644b86.png"
        ],
        "members": [],
        "source": {
          "provider": "fumi Diary 2号店",
          "url": "http://blog.livedoor.jp/fumichen2/",
          "mapId": "",
          "layer": "サイン",
          "tags": [
            "サイン"
          ],
          "name": "蔦屋書店熊本三年坂店"
        },
        "classification": {
          "category": "サイン",
          "subcategory": "サイン",
          "method": "legacy-import",
          "status": "unreviewed"
        },
        "classificationCandidates": {
          "members": [],
          "projects": [],
          "contentTypes": []
        }
      }
    },
    {
      "type": "Feature",
      "geometry": {
        "type": "Point",
        "coordinates": [
          131.6569,
          33.1950877
        ]
      },
      "properties": {
        "id": "fumi-1184",
        "name": "HMVパークプレイス大分",
        "category": "サイン",
        "subcategory": "サイン",
        "categoryColor": "#059669",
        "address": "",
        "sceneTitle": "HMVパークプレイス大分",
        "sceneNote": "説明: 欅坂46サイン入りポスター サイレントマジョリティー: 菅井友香 世界には愛しかない: 志田愛佳 二人セゾン: 今泉佑唯 櫻坂46サイン入りポスター 流れ弾: 大園玲 五月雨よ: 尾関梨香 As you know?: 森田ひかる Start over!: 増本綺良 承認欲求: 齋藤冬優花 住所: 〒870-0174 大分県大分市公園通り西2-1 パークプレイス大分2F",
        "sourceLabel": "fumi Diary 2号店",
        "sourceUrl": "http://blog.livedoor.jp/fumichen2/",
        "tags": [
          "サイン"
        ],
        "images": [
          "https://lh3.googleusercontent.com/umsh/AN6v0v7vmJiRYB_-ALcuBsDZc2fPqAEnGg7LbUV8Sit3-eOJNh8URJ_ACVq-11LRg2LoWpK8wIrpe7cLs9kpgd2WGe6E3bWDYz9CZMcYQh1vC97rPHMXQlIr1w",
          "https://lh3.googleusercontent.com/umsh/AN6v0v5sW2Mll4JuoEUVfJ9Fcz-2urVYXVLZHCG1deg-YC664EfGwI2PNi1ZDGlswA8w6wh85KnyTRiE6zKETf_aGQdW4wJ6vM588ueGSIHUAUM7-vvgv2Hxgw",
          "https://pub-6d7574c4452b41519ab8adf1541d7f9e.r2.dev/seichi/sakurazaka/3AAjQbR6d3Q23zPdVF7JeJ1bP-CgQIRZHxxjKSYB_a3985466.png",
          "https://pub-6d7574c4452b41519ab8adf1541d7f9e.r2.dev/seichi/sakurazaka/3AAjQbR7ZdQlV9lo3mfsrxVpyHsciVXofRRRdozh_8b4e28cb.png",
          "https://pub-6d7574c4452b41519ab8adf1541d7f9e.r2.dev/seichi/sakurazaka/3AAjQbR6mn9l2U-Yp4UyPAmMUqqcCzPEqG8mLtGb_2a0c730e.png",
          "https://pub-6d7574c4452b41519ab8adf1541d7f9e.r2.dev/seichi/sakurazaka/3AAjQbR7F8L7x9U7vy5XB6lQ7sUIBq1SYuCyP-ri_8da92449.png",
          "https://pub-6d7574c4452b41519ab8adf1541d7f9e.r2.dev/seichi/sakurazaka/3AAjQbR4tRQo5KtUZpmcOPH7kMxrmEsOKGhCoU4P_cdb6eb7c.png"
        ],
        "members": [],
        "source": {
          "provider": "fumi Diary 2号店",
          "url": "http://blog.livedoor.jp/fumichen2/",
          "mapId": "",
          "layer": "サイン",
          "tags": [
            "サイン"
          ],
          "name": "HMVパークプレイス大分"
        },
        "classification": {
          "category": "サイン",
          "subcategory": "サイン",
          "method": "legacy-import",
          "status": "unreviewed"
        },
        "classificationCandidates": {
          "members": [],
          "projects": [],
          "contentTypes": []
        }
      }
    },
    {
      "type": "Feature",
      "geometry": {
        "type": "Point",
        "coordinates": [
          131.4571828,
          31.9222546
        ]
      },
      "properties": {
        "id": "fumi-1185",
        "name": "新星堂イオンモール宮崎",
        "category": "サイン",
        "subcategory": "サイン",
        "categoryColor": "#059669",
        "address": "",
        "sceneTitle": "新星堂イオンモール宮崎",
        "sceneNote": "説明: 櫻坂46サイン入りポスター 五月雨よ: 松田里奈 As you know?: 松田里奈 桜月: 松田里奈 Start over!: 松田里奈 承認欲求: 松田里奈 住所: 〒880-0834 宮崎県宮崎市新別府町江口862-1 イオンモール宮崎 2F",
        "sourceLabel": "fumi Diary 2号店",
        "sourceUrl": "http://blog.livedoor.jp/fumichen2/",
        "tags": [
          "サイン"
        ],
        "images": [],
        "members": [],
        "source": {
          "provider": "fumi Diary 2号店",
          "url": "http://blog.livedoor.jp/fumichen2/",
          "mapId": "",
          "layer": "サイン",
          "tags": [
            "サイン"
          ],
          "name": "新星堂イオンモール宮崎"
        },
        "classification": {
          "category": "サイン",
          "subcategory": "サイン",
          "method": "legacy-import",
          "status": "unreviewed"
        },
        "classificationCandidates": {
          "members": [],
          "projects": [],
          "contentTypes": []
        }
      }
    },
    {
      "type": "Feature",
      "geometry": {
        "type": "Point",
        "coordinates": [
          130.5426167,
          31.584571
        ]
      },
      "properties": {
        "id": "fumi-1186",
        "name": "タワーレコードアミュプラザ鹿児島店",
        "category": "サイン",
        "subcategory": "サイン",
        "categoryColor": "#059669",
        "address": "",
        "sceneTitle": "タワーレコードアミュプラザ鹿児島店",
        "sceneNote": "説明: 欅坂46サイン入りポスター 世界には愛しかない: 織田奈那 二人セゾン: 上村莉菜 櫻坂46サイン入りポスター Nobody's fault: 大園玲 五月雨よ: 大園玲 桜月: 大園玲 Start over!: 大園玲 承認欲求: 大園玲 住所: 〒890-0053 鹿児島県鹿児島市中央町1番地１ アミュプラザ鹿児島プレミアム館7階",
        "sourceLabel": "fumi Diary 2号店",
        "sourceUrl": "http://blog.livedoor.jp/fumichen2/",
        "tags": [
          "サイン"
        ],
        "images": [
          "https://pub-6d7574c4452b41519ab8adf1541d7f9e.r2.dev/seichi/sakurazaka/3AAjQbR4WgFpWxvKboWul_ygLl-Xz8sN7dNkTLqW_19d116d1.png",
          "https://pub-6d7574c4452b41519ab8adf1541d7f9e.r2.dev/seichi/sakurazaka/3AAjQbR522mxA8ah6slnTzS1NVKcieW4ApIVFGRM_a2ea241e.png",
          "https://pub-6d7574c4452b41519ab8adf1541d7f9e.r2.dev/seichi/sakurazaka/3AAjQbR7i-qVQuhdbNxEzrScWOUbUkmgjNo4II79_14a44b33.png"
        ],
        "members": [],
        "source": {
          "provider": "fumi Diary 2号店",
          "url": "http://blog.livedoor.jp/fumichen2/",
          "mapId": "",
          "layer": "サイン",
          "tags": [
            "サイン"
          ],
          "name": "タワーレコードアミュプラザ鹿児島店"
        },
        "classification": {
          "category": "サイン",
          "subcategory": "サイン",
          "method": "legacy-import",
          "status": "unreviewed"
        },
        "classificationCandidates": {
          "members": [],
          "projects": [],
          "contentTypes": []
        }
      }
    },
    {
      "type": "Feature",
      "geometry": {
        "type": "Point",
        "coordinates": [
          127.6996922,
          26.2638506
        ]
      },
      "properties": {
        "id": "fumi-1187",
        "name": "HMV&BOOKS OKINAWA",
        "category": "サイン",
        "subcategory": "サイン",
        "categoryColor": "#059669",
        "address": "",
        "sceneTitle": "HMV&BOOKS OKINAWA",
        "sceneNote": "説明: 櫻坂46サイン入りポスター BAN: 増本綺良 流れ弾: 小池美波 五月雨よ: 守屋麗奈 As you know?: 守屋麗奈 桜月: 小池美波 Start over!: 松田里奈 承認欲求: 田村保乃 住所: 〒901-2123 沖縄県浦添市西洲3-1-1 サンエー浦添西海岸 PARCO CITY 3F",
        "sourceLabel": "fumi Diary 2号店",
        "sourceUrl": "http://blog.livedoor.jp/fumichen2/",
        "tags": [
          "サイン"
        ],
        "images": [
          "https://pub-6d7574c4452b41519ab8adf1541d7f9e.r2.dev/seichi/sakurazaka/3AAjQbR6tEFqYWzkQ9XrZvsiVgneE1RUH9tp8P18_a06687ae.png",
          "https://pub-6d7574c4452b41519ab8adf1541d7f9e.r2.dev/seichi/sakurazaka/3AAjQbR576sqa4jejLVRP6zIutUlmd69QO-GDLnR_ef1cd6af.png",
          "https://pub-6d7574c4452b41519ab8adf1541d7f9e.r2.dev/seichi/sakurazaka/3AAjQbR6IWjHMGaOOARQV-1BA38U_7XP90cPtB-s_954f3c57.png",
          "https://pub-6d7574c4452b41519ab8adf1541d7f9e.r2.dev/seichi/sakurazaka/3AAjQbR65c5tOGmkgrTQbdPJ5snSvwOFVDhT8ZlB_85aae41e.png",
          "https://pub-6d7574c4452b41519ab8adf1541d7f9e.r2.dev/seichi/sakurazaka/3AAjQbR7ks8lFYcWwKCddjfCIzlvSb0NNtOZBJ-o_e7d3efe4.png"
        ],
        "members": [],
        "source": {
          "provider": "fumi Diary 2号店",
          "url": "http://blog.livedoor.jp/fumichen2/",
          "mapId": "",
          "layer": "サイン",
          "tags": [
            "サイン"
          ],
          "name": "HMV&BOOKS OKINAWA"
        },
        "classification": {
          "category": "サイン",
          "subcategory": "サイン",
          "method": "legacy-import",
          "status": "unreviewed"
        },
        "classificationCandidates": {
          "members": [],
          "projects": [],
          "contentTypes": []
        }
      }
    },
    {
      "type": "Feature",
      "geometry": {
        "type": "Point",
        "coordinates": [
          127.830053,
          26.3210332
        ]
      },
      "properties": {
        "id": "fumi-1188",
        "name": "TSUTAYA泡瀬店",
        "category": "サイン",
        "subcategory": "サイン",
        "categoryColor": "#059669",
        "address": "",
        "sceneTitle": "TSUTAYA泡瀬店",
        "sceneNote": "説明: 櫻坂46サイン入りポスター 五月雨よ: 小池美波 住所: 〒904-2172 沖縄県沖縄市泡瀬4-5-7",
        "sourceLabel": "fumi Diary 2号店",
        "sourceUrl": "http://blog.livedoor.jp/fumichen2/",
        "tags": [
          "サイン"
        ],
        "images": [
          "https://pub-6d7574c4452b41519ab8adf1541d7f9e.r2.dev/seichi/sakurazaka/3AAjQbR53JSZ-c1ardIXCgN6FRhvdPQ5qzqQGhdG_0c41390e.png"
        ],
        "members": [],
        "source": {
          "provider": "fumi Diary 2号店",
          "url": "http://blog.livedoor.jp/fumichen2/",
          "mapId": "",
          "layer": "サイン",
          "tags": [
            "サイン"
          ],
          "name": "TSUTAYA泡瀬店"
        },
        "classification": {
          "category": "サイン",
          "subcategory": "サイン",
          "method": "legacy-import",
          "status": "unreviewed"
        },
        "classificationCandidates": {
          "members": [],
          "projects": [],
          "contentTypes": []
        }
      }
    },
    {
      "type": "Feature",
      "geometry": {
        "type": "Point",
        "coordinates": [
          127.6947168,
          26.2257608
        ]
      },
      "properties": {
        "id": "fumi-1189",
        "name": "サウンドボックスミツトモ",
        "category": "サイン",
        "subcategory": "サイン",
        "categoryColor": "#059669",
        "address": "",
        "sceneTitle": "サウンドボックスミツトモ",
        "sceneNote": "説明: 欅坂46サイン入りポスター 世界には愛しかない: 今泉佑唯 二人セゾン: 尾関梨香 永遠より長い一瞬 ～あの頃、確かに存在した私たち～: 田村保乃 櫻坂46サイン入りポスター Nobody's fault: 増本綺良 BAN: 上村莉菜 流れ弾: 井上梨名 五月雨よ: 原田葵 桜月: 土生瑞穂 住所: 〒900-0006 沖縄県那覇市おもろまち4-4-9 サンエー那覇メインプレイス2F",
        "sourceLabel": "fumi Diary 2号店",
        "sourceUrl": "http://blog.livedoor.jp/fumichen2/",
        "tags": [
          "サイン"
        ],
        "images": [
          "https://pub-6d7574c4452b41519ab8adf1541d7f9e.r2.dev/seichi/sakurazaka/3AAjQbR7-9KAdblWtRbK3T32W0B1axCnFmHwqfW8_794152bc.png",
          "https://pub-6d7574c4452b41519ab8adf1541d7f9e.r2.dev/seichi/sakurazaka/3AAjQbR4cmHLtCzEYuv8ssy5BUezKo43OoKPA809_287cbeb4.png",
          "https://pub-6d7574c4452b41519ab8adf1541d7f9e.r2.dev/seichi/sakurazaka/3AAjQbR63DRdsCkfc88BJhcNmqZM9txhOppEz2H2_38b68fe0.png",
          "https://pub-6d7574c4452b41519ab8adf1541d7f9e.r2.dev/seichi/sakurazaka/3AAjQbR5hGgqai5d6cOsRnjhY5-VKtqeY_deh-Dx_96eca129.png",
          "https://pub-6d7574c4452b41519ab8adf1541d7f9e.r2.dev/seichi/sakurazaka/3AAjQbR5XIcNUqlix_CwvXUrZ-crN7Jtj4hWEU-2_42dcc427.png",
          "https://pub-6d7574c4452b41519ab8adf1541d7f9e.r2.dev/seichi/sakurazaka/3AAjQbR7aakLsse3DQSqBAWTywLGKVjcFEeEZZFi_d56837cd.png",
          "https://pub-6d7574c4452b41519ab8adf1541d7f9e.r2.dev/seichi/sakurazaka/3AAjQbR6YEZCU9hzaMX0jdZA6QWh51LdfHb0OJA7_5a622831.png",
          "https://pub-6d7574c4452b41519ab8adf1541d7f9e.r2.dev/seichi/sakurazaka/3AAjQbR7OsLLQmRZAzdXLcWXIp5vrN7q9rOj05wx_784ae6d2.png"
        ],
        "members": [],
        "source": {
          "provider": "fumi Diary 2号店",
          "url": "http://blog.livedoor.jp/fumichen2/",
          "mapId": "",
          "layer": "サイン",
          "tags": [
            "サイン"
          ],
          "name": "サウンドボックスミツトモ"
        },
        "classification": {
          "category": "サイン",
          "subcategory": "サイン",
          "method": "legacy-import",
          "status": "unreviewed"
        },
        "classificationCandidates": {
          "members": [],
          "projects": [],
          "contentTypes": []
        }
      }
    },
    {
      "type": "Feature",
      "geometry": {
        "type": "Point",
        "coordinates": [
          130.419182,
          33.590138
        ]
      },
      "properties": {
        "id": "fumi-1249",
        "name": "JR博多駅博多口駅前広場",
        "category": "MISC",
        "subcategory": "MISC",
        "categoryColor": "#0891b2",
        "address": "",
        "sceneTitle": "JR博多駅博多口駅前広場",
        "sceneNote": "説明: 櫻坂46 的野美青 三期生Vlog撮影場所 http://blog.livedoor.jp/fumichen2/archives/57244587.html 住所: 〒812-0012 福岡県福岡市博多区博多駅中央街1-1 https://www.youtube.com/embed/IyM4TmhlyNc",
        "sourceLabel": "fumi Diary 2号店",
        "sourceUrl": "https://www.youtube.com/watch?v=IyM4TmhlyNc",
        "tags": [
          "MISC"
        ],
        "images": [
          "https://pub-6d7574c4452b41519ab8adf1541d7f9e.r2.dev/seichi/sakurazaka/3AAjQbR4jthPUXQ16xi8Fo5wYJK5XMCBujOsnIqz_0ebebab7.png",
          "https://img.youtube.com/vi/IyM4TmhlyNc/hqdefault.jpg"
        ],
        "members": [],
        "source": {
          "provider": "fumi Diary 2号店",
          "url": "https://www.youtube.com/watch?v=IyM4TmhlyNc",
          "mapId": "",
          "layer": "MISC",
          "tags": [
            "MISC"
          ],
          "name": "JR博多駅博多口駅前広場"
        },
        "classification": {
          "category": "MISC",
          "subcategory": "MISC",
          "method": "legacy-import",
          "status": "unreviewed"
        },
        "classificationCandidates": {
          "members": [],
          "projects": [],
          "contentTypes": []
        }
      }
    },
    {
      "type": "Feature",
      "geometry": {
        "type": "Point",
        "coordinates": [
          130.405245,
          33.59249
        ]
      },
      "properties": {
        "id": "fumi-1250",
        "name": "那珂川プロムナード",
        "category": "MISC",
        "subcategory": "MISC",
        "categoryColor": "#0891b2",
        "address": "",
        "sceneTitle": "那珂川プロムナード",
        "sceneNote": "説明: 櫻坂46 的野美青 三期生Vlog撮影場所 http://blog.livedoor.jp/fumichen2/archives/57244587.html 住所: 〒810-0801 福岡県福岡市博多区中洲4丁目6 https://www.youtube.com/embed/IyM4TmhlyNc",
        "sourceLabel": "fumi Diary 2号店",
        "sourceUrl": "https://www.youtube.com/watch?v=IyM4TmhlyNc",
        "tags": [
          "MISC"
        ],
        "images": [
          "https://pub-6d7574c4452b41519ab8adf1541d7f9e.r2.dev/seichi/sakurazaka/3AAjQbR7CM00a4fjUMQ9uy0ud1WdV6JHMQn0VaBP_abcfe47c.png",
          "https://pub-6d7574c4452b41519ab8adf1541d7f9e.r2.dev/seichi/sakurazaka/3AAjQbR5n0XiJG1rez8lkE6sD2V-OX4v2R3qEgqA_1d87f960.png",
          "https://img.youtube.com/vi/IyM4TmhlyNc/hqdefault.jpg"
        ],
        "members": [],
        "source": {
          "provider": "fumi Diary 2号店",
          "url": "https://www.youtube.com/watch?v=IyM4TmhlyNc",
          "mapId": "",
          "layer": "MISC",
          "tags": [
            "MISC"
          ],
          "name": "那珂川プロムナード"
        },
        "classification": {
          "category": "MISC",
          "subcategory": "MISC",
          "method": "legacy-import",
          "status": "unreviewed"
        },
        "classificationCandidates": {
          "members": [],
          "projects": [],
          "contentTypes": []
        }
      }
    },
    {
      "type": "Feature",
      "geometry": {
        "type": "Point",
        "coordinates": [
          130.404745,
          33.591915
        ]
      },
      "properties": {
        "id": "fumi-1251",
        "name": "福博であい橋 / 天神中央公園",
        "category": "MISC",
        "subcategory": "MISC",
        "categoryColor": "#0891b2",
        "address": "",
        "sceneTitle": "福博であい橋 / 天神中央公園",
        "sceneNote": "説明: 櫻坂46 的野美青 三期生Vlog撮影場所 http://blog.livedoor.jp/fumichen2/archives/57244587.html 住所: 〒810-0002 福岡県福岡市中央区西中洲6-29 https://www.youtube.com/embed/IyM4TmhlyNc",
        "sourceLabel": "fumi Diary 2号店",
        "sourceUrl": "https://www.youtube.com/watch?v=IyM4TmhlyNc",
        "tags": [
          "MISC"
        ],
        "images": [
          "https://pub-6d7574c4452b41519ab8adf1541d7f9e.r2.dev/seichi/sakurazaka/3AAjQbR4RprZKgain2LODiKEdOpJwio3gRRxY0JW_e50d8124.png",
          "https://pub-6d7574c4452b41519ab8adf1541d7f9e.r2.dev/seichi/sakurazaka/3AAjQbR4LkwtTaNu0ZHXJjit2xweaPokMR0KxJA-_8eecbdfe.png",
          "https://img.youtube.com/vi/IyM4TmhlyNc/hqdefault.jpg"
        ],
        "members": [],
        "source": {
          "provider": "fumi Diary 2号店",
          "url": "https://www.youtube.com/watch?v=IyM4TmhlyNc",
          "mapId": "",
          "layer": "MISC",
          "tags": [
            "MISC"
          ],
          "name": "福博であい橋 / 天神中央公園"
        },
        "classification": {
          "category": "MISC",
          "subcategory": "MISC",
          "method": "legacy-import",
          "status": "unreviewed"
        },
        "classificationCandidates": {
          "members": [],
          "projects": [],
          "contentTypes": []
        }
      }
    },
    {
      "type": "Feature",
      "geometry": {
        "type": "Point",
        "coordinates": [
          130.350788,
          33.595087
        ]
      },
      "properties": {
        "id": "fumi-1252",
        "name": "シーサイドももち海浜公園",
        "category": "MISC",
        "subcategory": "MISC",
        "categoryColor": "#0891b2",
        "address": "",
        "sceneTitle": "シーサイドももち海浜公園",
        "sceneNote": "説明: 櫻坂46 的野美青 三期生Vlog撮影場所 http://blog.livedoor.jp/fumichen2/archives/57244587.html 住所: 〒814-0001 福岡県福岡市早良区百道浜2-902-1 https://www.youtube.com/embed/IyM4TmhlyNc",
        "sourceLabel": "fumi Diary 2号店",
        "sourceUrl": "https://www.youtube.com/watch?v=IyM4TmhlyNc",
        "tags": [
          "MISC"
        ],
        "images": [
          "https://pub-6d7574c4452b41519ab8adf1541d7f9e.r2.dev/seichi/sakurazaka/3AAjQbR5bkfrDuhnXZFvxRB49lf9LgnDu5OzxFO1_6815ee87.png",
          "https://img.youtube.com/vi/IyM4TmhlyNc/hqdefault.jpg"
        ],
        "members": [],
        "source": {
          "provider": "fumi Diary 2号店",
          "url": "https://www.youtube.com/watch?v=IyM4TmhlyNc",
          "mapId": "",
          "layer": "MISC",
          "tags": [
            "MISC"
          ],
          "name": "シーサイドももち海浜公園"
        },
        "classification": {
          "category": "MISC",
          "subcategory": "MISC",
          "method": "legacy-import",
          "status": "unreviewed"
        },
        "classificationCandidates": {
          "members": [],
          "projects": [],
          "contentTypes": []
        }
      }
    },
    {
      "type": "Feature",
      "geometry": {
        "type": "Point",
        "coordinates": [
          130.351058,
          33.596019
        ]
      },
      "properties": {
        "id": "fumi-1253",
        "name": "うみなかライン 海の中道行 高速船のりば",
        "category": "MISC",
        "subcategory": "MISC",
        "categoryColor": "#0891b2",
        "address": "",
        "sceneTitle": "うみなかライン 海の中道行 高速船のりば",
        "sceneNote": "説明: 櫻坂46 的野美青 三期生Vlog撮影場所 http://blog.livedoor.jp/fumichen2/archives/57244587.html 住所: 〒814-0001 福岡県福岡市早良区百道浜2丁目 ももち https://www.youtube.com/embed/IyM4TmhlyNc",
        "sourceLabel": "fumi Diary 2号店",
        "sourceUrl": "https://www.youtube.com/watch?v=IyM4TmhlyNc",
        "tags": [
          "MISC"
        ],
        "images": [
          "https://pub-6d7574c4452b41519ab8adf1541d7f9e.r2.dev/seichi/sakurazaka/3AAjQbR5wGQhELW7XmB_HCG_8Z9-nVjK85fTES87_45dcf6bc.png",
          "https://img.youtube.com/vi/IyM4TmhlyNc/hqdefault.jpg"
        ],
        "members": [],
        "source": {
          "provider": "fumi Diary 2号店",
          "url": "https://www.youtube.com/watch?v=IyM4TmhlyNc",
          "mapId": "",
          "layer": "MISC",
          "tags": [
            "MISC"
          ],
          "name": "うみなかライン 海の中道行 高速船のりば"
        },
        "classification": {
          "category": "MISC",
          "subcategory": "MISC",
          "method": "legacy-import",
          "status": "unreviewed"
        },
        "classificationCandidates": {
          "members": [],
          "projects": [],
          "contentTypes": []
        }
      }
    },
    {
      "type": "Feature",
      "geometry": {
        "type": "Point",
        "coordinates": [
          130.4137165,
          33.5903099
        ]
      },
      "properties": {
        "id": "fumi-1254",
        "name": "博多シーフード うお田",
        "category": "MISC",
        "subcategory": "MISC",
        "categoryColor": "#0891b2",
        "address": "",
        "sceneTitle": "博多シーフード うお田",
        "sceneNote": "説明: 櫻坂46 的野美青 三期生Vlog撮影場所 http://blog.livedoor.jp/fumichen2/archives/57244587.html 住所: 〒812-0011 福岡県福岡市博多区博多駅前2-8-15 三井ガーデンホテル福岡祇園 1F https://www.youtube.com/embed/IyM4TmhlyNc",
        "sourceLabel": "fumi Diary 2号店",
        "sourceUrl": "https://www.youtube.com/watch?v=IyM4TmhlyNc",
        "tags": [
          "MISC"
        ],
        "images": [
          "https://pub-6d7574c4452b41519ab8adf1541d7f9e.r2.dev/seichi/sakurazaka/3AAjQbR6IpnDsizKcav7tv4LJLse_FZVRkJcGYqd_f01348aa.png",
          "https://pub-6d7574c4452b41519ab8adf1541d7f9e.r2.dev/seichi/sakurazaka/3AAjQbR5V5ZpoArQwMCJL4MdlgWydpFx5xpPpxI9_dbfd16c6.png",
          "https://img.youtube.com/vi/IyM4TmhlyNc/hqdefault.jpg"
        ],
        "members": [],
        "source": {
          "provider": "fumi Diary 2号店",
          "url": "https://www.youtube.com/watch?v=IyM4TmhlyNc",
          "mapId": "",
          "layer": "MISC",
          "tags": [
            "MISC"
          ],
          "name": "博多シーフード うお田"
        },
        "classification": {
          "category": "MISC",
          "subcategory": "MISC",
          "method": "legacy-import",
          "status": "unreviewed"
        },
        "classificationCandidates": {
          "members": [],
          "projects": [],
          "contentTypes": []
        }
      }
    },
    {
      "type": "Feature",
      "geometry": {
        "type": "Point",
        "coordinates": [
          138.192071,
          36.623164
        ]
      },
      "properties": {
        "id": "fumi-1255",
        "name": "犀川河川敷公園",
        "category": "MISC",
        "subcategory": "MISC",
        "categoryColor": "#0891b2",
        "address": "",
        "sceneTitle": "犀川河川敷公園",
        "sceneNote": "説明: 櫻坂46 小島凪紗 三期生Vlog撮影場所 http://blog.livedoor.jp/fumichen2/archives/57246818.html 住所: 〒380-0913 長野県長野市川合新田 https://www.youtube.com/embed/QFbV3Zuq8X4",
        "sourceLabel": "fumi Diary 2号店",
        "sourceUrl": "https://www.youtube.com/watch?v=QFbV3Zuq8X4",
        "tags": [
          "MISC"
        ],
        "images": [
          "https://pub-6d7574c4452b41519ab8adf1541d7f9e.r2.dev/seichi/sakurazaka/3AAjQbR42SdkHiBQu9AHcANbQ-7UUr-I2tOw4SrK_07a9376e.png",
          "https://pub-6d7574c4452b41519ab8adf1541d7f9e.r2.dev/seichi/sakurazaka/3AAjQbR7V7q5SKUoUjSPa6-exn19O8EhRV5Vv-t3_dc334e6d.png",
          "https://img.youtube.com/vi/QFbV3Zuq8X4/hqdefault.jpg"
        ],
        "members": [],
        "source": {
          "provider": "fumi Diary 2号店",
          "url": "https://www.youtube.com/watch?v=QFbV3Zuq8X4",
          "mapId": "",
          "layer": "MISC",
          "tags": [
            "MISC"
          ],
          "name": "犀川河川敷公園"
        },
        "classification": {
          "category": "MISC",
          "subcategory": "MISC",
          "method": "legacy-import",
          "status": "unreviewed"
        },
        "classificationCandidates": {
          "members": [],
          "projects": [],
          "contentTypes": []
        }
      }
    },
    {
      "type": "Feature",
      "geometry": {
        "type": "Point",
        "coordinates": [
          138.187519,
          36.657527
        ]
      },
      "properties": {
        "id": "fumi-1256",
        "name": "善光寺参道",
        "category": "MISC",
        "subcategory": "MISC",
        "categoryColor": "#0891b2",
        "address": "",
        "sceneTitle": "善光寺参道",
        "sceneNote": "説明: 櫻坂46 小島凪紗 三期生Vlog撮影場所 http://blog.livedoor.jp/fumichen2/archives/57246818.html 住所: 〒380-0851 長野県長野市大字長野元善町 https://www.youtube.com/embed/QFbV3Zuq8X4",
        "sourceLabel": "fumi Diary 2号店",
        "sourceUrl": "https://www.youtube.com/watch?v=QFbV3Zuq8X4",
        "tags": [
          "MISC"
        ],
        "images": [
          "https://pub-6d7574c4452b41519ab8adf1541d7f9e.r2.dev/seichi/sakurazaka/3AAjQbR6XcY4N8ZPNBAaDkSZLOgVzYGXJj0rzsoH_c2980851.png",
          "https://img.youtube.com/vi/QFbV3Zuq8X4/hqdefault.jpg"
        ],
        "members": [],
        "source": {
          "provider": "fumi Diary 2号店",
          "url": "https://www.youtube.com/watch?v=QFbV3Zuq8X4",
          "mapId": "",
          "layer": "MISC",
          "tags": [
            "MISC"
          ],
          "name": "善光寺参道"
        },
        "classification": {
          "category": "MISC",
          "subcategory": "MISC",
          "method": "legacy-import",
          "status": "unreviewed"
        },
        "classificationCandidates": {
          "members": [],
          "projects": [],
          "contentTypes": []
        }
      }
    },
    {
      "type": "Feature",
      "geometry": {
        "type": "Point",
        "coordinates": [
          138.1876538,
          36.6607732
        ]
      },
      "properties": {
        "id": "fumi-1257",
        "name": "善光寺",
        "category": "MISC",
        "subcategory": "MISC",
        "categoryColor": "#0891b2",
        "address": "",
        "sceneTitle": "善光寺",
        "sceneNote": "説明: 櫻坂46 小島凪紗 三期生Vlog撮影場所 http://blog.livedoor.jp/fumichen2/archives/57246818.html 住所: 〒380-0851 長野県長野市大字長野元善町491 https://www.youtube.com/embed/QFbV3Zuq8X4",
        "sourceLabel": "fumi Diary 2号店",
        "sourceUrl": "https://www.youtube.com/watch?v=QFbV3Zuq8X4",
        "tags": [
          "MISC"
        ],
        "images": [
          "https://pub-6d7574c4452b41519ab8adf1541d7f9e.r2.dev/seichi/sakurazaka/3AAjQbR5GFXpUxTq6HzJjhAEijyFFYYAahjVzC5G_4fbc458c.png",
          "https://pub-6d7574c4452b41519ab8adf1541d7f9e.r2.dev/seichi/sakurazaka/3AAjQbR4tcmTGwSuXapy45quVlRezvuRwVG76Kk0_9632cdfa.png",
          "https://pub-6d7574c4452b41519ab8adf1541d7f9e.r2.dev/seichi/sakurazaka/3AAjQbR74DP-mdCYb2mhkirfdh_DgZZIMQUwoLAo_1cee1ea7.png",
          "https://img.youtube.com/vi/QFbV3Zuq8X4/hqdefault.jpg"
        ],
        "members": [],
        "source": {
          "provider": "fumi Diary 2号店",
          "url": "https://www.youtube.com/watch?v=QFbV3Zuq8X4",
          "mapId": "",
          "layer": "MISC",
          "tags": [
            "MISC"
          ],
          "name": "善光寺"
        },
        "classification": {
          "category": "MISC",
          "subcategory": "MISC",
          "method": "legacy-import",
          "status": "unreviewed"
        },
        "classificationCandidates": {
          "members": [],
          "projects": [],
          "contentTypes": []
        }
      }
    },
    {
      "type": "Feature",
      "geometry": {
        "type": "Point",
        "coordinates": [
          138.187701,
          36.6595832
        ]
      },
      "properties": {
        "id": "fumi-1258",
        "name": "丸八たきや",
        "category": "MISC",
        "subcategory": "MISC",
        "categoryColor": "#0891b2",
        "address": "",
        "sceneTitle": "丸八たきや",
        "sceneNote": "説明: 櫻坂46 小島凪紗 三期生Vlog撮影場所 http://blog.livedoor.jp/fumichen2/archives/57246818.html 住所: 〒380-0851 長野県長野市元善町482 https://www.youtube.com/embed/QFbV3Zuq8X4",
        "sourceLabel": "fumi Diary 2号店",
        "sourceUrl": "https://www.youtube.com/watch?v=QFbV3Zuq8X4",
        "tags": [
          "MISC"
        ],
        "images": [
          "https://pub-6d7574c4452b41519ab8adf1541d7f9e.r2.dev/seichi/sakurazaka/3AAjQbR5_g_urNzmrFVrw58IrNCd-1KDSXdb198c_4292ca9f.png",
          "https://pub-6d7574c4452b41519ab8adf1541d7f9e.r2.dev/seichi/sakurazaka/3AAjQbR7dpsDNmSTIqHEHQz01hcbbWUZr9LYLMZL_e39f1234.png",
          "https://img.youtube.com/vi/QFbV3Zuq8X4/hqdefault.jpg"
        ],
        "members": [],
        "source": {
          "provider": "fumi Diary 2号店",
          "url": "https://www.youtube.com/watch?v=QFbV3Zuq8X4",
          "mapId": "",
          "layer": "MISC",
          "tags": [
            "MISC"
          ],
          "name": "丸八たきや"
        },
        "classification": {
          "category": "MISC",
          "subcategory": "MISC",
          "method": "legacy-import",
          "status": "unreviewed"
        },
        "classificationCandidates": {
          "members": [],
          "projects": [],
          "contentTypes": []
        }
      }
    },
    {
      "type": "Feature",
      "geometry": {
        "type": "Point",
        "coordinates": [
          130.511253,
          33.489472
        ]
      },
      "properties": {
        "id": "fumi-1259",
        "name": "天拝山歴史自然公園 池上池",
        "category": "MISC",
        "subcategory": "MISC",
        "categoryColor": "#0891b2",
        "address": "",
        "sceneTitle": "天拝山歴史自然公園 池上池",
        "sceneNote": "説明: 櫻坂46 中嶋優月 三期生Vlog撮影場所 http://blog.livedoor.jp/fumichen2/archives/57249137.html 住所: 〒818-0052 福岡県筑紫野市武蔵 https://www.youtube.com/embed/tC36nAdDP48",
        "sourceLabel": "fumi Diary 2号店",
        "sourceUrl": "https://www.youtube.com/watch?v=tC36nAdDP48",
        "tags": [
          "MISC"
        ],
        "images": [
          "https://pub-6d7574c4452b41519ab8adf1541d7f9e.r2.dev/seichi/sakurazaka/3AAjQbR6HDTdtSp-cckW4vDKLceI_a_SIIvx6Qkh_50cc4e3f.png",
          "https://img.youtube.com/vi/tC36nAdDP48/hqdefault.jpg"
        ],
        "members": [],
        "source": {
          "provider": "fumi Diary 2号店",
          "url": "https://www.youtube.com/watch?v=tC36nAdDP48",
          "mapId": "",
          "layer": "MISC",
          "tags": [
            "MISC"
          ],
          "name": "天拝山歴史自然公園 池上池"
        },
        "classification": {
          "category": "MISC",
          "subcategory": "MISC",
          "method": "legacy-import",
          "status": "unreviewed"
        },
        "classificationCandidates": {
          "members": [],
          "projects": [],
          "contentTypes": []
        }
      }
    },
    {
      "type": "Feature",
      "geometry": {
        "type": "Point",
        "coordinates": [
          130.509161,
          33.489481
        ]
      },
      "properties": {
        "id": "fumi-1260",
        "name": "天拝山歴史自然公園",
        "category": "MISC",
        "subcategory": "MISC",
        "categoryColor": "#0891b2",
        "address": "",
        "sceneTitle": "天拝山歴史自然公園",
        "sceneNote": "説明: 櫻坂46 中嶋優月 三期生Vlog撮影場所 http://blog.livedoor.jp/fumichen2/archives/57249137.html 住所: 〒818-0052 福岡県筑紫野市武蔵 https://www.youtube.com/embed/tC36nAdDP48",
        "sourceLabel": "fumi Diary 2号店",
        "sourceUrl": "https://www.youtube.com/watch?v=tC36nAdDP48",
        "tags": [
          "MISC"
        ],
        "images": [
          "https://pub-6d7574c4452b41519ab8adf1541d7f9e.r2.dev/seichi/sakurazaka/3AAjQbR7e5EP_bn9fzinkoWFEiEqaGK0avp037qa_ce2714ee.png",
          "https://pub-6d7574c4452b41519ab8adf1541d7f9e.r2.dev/seichi/sakurazaka/3AAjQbR7QzRVPIp_8o_hW4m-rltEyUBETmuc84uP_20844e71.png",
          "https://img.youtube.com/vi/tC36nAdDP48/hqdefault.jpg"
        ],
        "members": [],
        "source": {
          "provider": "fumi Diary 2号店",
          "url": "https://www.youtube.com/watch?v=tC36nAdDP48",
          "mapId": "",
          "layer": "MISC",
          "tags": [
            "MISC"
          ],
          "name": "天拝山歴史自然公園"
        },
        "classification": {
          "category": "MISC",
          "subcategory": "MISC",
          "method": "legacy-import",
          "status": "unreviewed"
        },
        "classificationCandidates": {
          "members": [],
          "projects": [],
          "contentTypes": []
        }
      }
    },
    {
      "type": "Feature",
      "geometry": {
        "type": "Point",
        "coordinates": [
          130.510443,
          33.489494
        ]
      },
      "properties": {
        "id": "fumi-1261",
        "name": "天拝山歴史自然公園",
        "category": "MISC",
        "subcategory": "MISC",
        "categoryColor": "#0891b2",
        "address": "",
        "sceneTitle": "天拝山歴史自然公園",
        "sceneNote": "説明: 櫻坂46 中嶋優月 三期生Vlog撮影場所 http://blog.livedoor.jp/fumichen2/archives/57249137.html 住所: 〒818-0052 福岡県筑紫野市武蔵 https://www.youtube.com/embed/tC36nAdDP48",
        "sourceLabel": "fumi Diary 2号店",
        "sourceUrl": "https://www.youtube.com/watch?v=tC36nAdDP48",
        "tags": [
          "MISC"
        ],
        "images": [
          "https://pub-6d7574c4452b41519ab8adf1541d7f9e.r2.dev/seichi/sakurazaka/3AAjQbR6PsM2X9HV_-zOLCZHKkjtJOpoJ3cOpy1r_9c904383.png",
          "https://img.youtube.com/vi/tC36nAdDP48/hqdefault.jpg"
        ],
        "members": [],
        "source": {
          "provider": "fumi Diary 2号店",
          "url": "https://www.youtube.com/watch?v=tC36nAdDP48",
          "mapId": "",
          "layer": "MISC",
          "tags": [
            "MISC"
          ],
          "name": "天拝山歴史自然公園"
        },
        "classification": {
          "category": "MISC",
          "subcategory": "MISC",
          "method": "legacy-import",
          "status": "unreviewed"
        },
        "classificationCandidates": {
          "members": [],
          "projects": [],
          "contentTypes": []
        }
      }
    },
    {
      "type": "Feature",
      "geometry": {
        "type": "Point",
        "coordinates": [
          130.536044,
          33.522855
        ]
      },
      "properties": {
        "id": "fumi-1262",
        "name": "太宰府天満宮 お石茶屋",
        "category": "MISC",
        "subcategory": "MISC",
        "categoryColor": "#0891b2",
        "address": "",
        "sceneTitle": "太宰府天満宮 お石茶屋",
        "sceneNote": "説明: 櫻坂46 中嶋優月 三期生Vlog撮影場所 http://blog.livedoor.jp/fumichen2/archives/57249137.html 住所: 〒818-0117 福岡県太宰府市宰府4-7-1 https://www.youtube.com/embed/tC36nAdDP48",
        "sourceLabel": "fumi Diary 2号店",
        "sourceUrl": "https://www.youtube.com/watch?v=tC36nAdDP48",
        "tags": [
          "MISC"
        ],
        "images": [
          "https://pub-6d7574c4452b41519ab8adf1541d7f9e.r2.dev/seichi/sakurazaka/3AAjQbR5dxv8kaGeZkxvYCwlG6p8Ur7KCw6qqVK1_31154282.png",
          "https://pub-6d7574c4452b41519ab8adf1541d7f9e.r2.dev/seichi/sakurazaka/3AAjQbR4mn0yKLmVizit7FZ0WIyVvBoyzvbsQkp9_269a59ca.png",
          "https://img.youtube.com/vi/tC36nAdDP48/hqdefault.jpg"
        ],
        "members": [],
        "source": {
          "provider": "fumi Diary 2号店",
          "url": "https://www.youtube.com/watch?v=tC36nAdDP48",
          "mapId": "",
          "layer": "MISC",
          "tags": [
            "MISC"
          ],
          "name": "太宰府天満宮 お石茶屋"
        },
        "classification": {
          "category": "MISC",
          "subcategory": "MISC",
          "method": "legacy-import",
          "status": "unreviewed"
        },
        "classificationCandidates": {
          "members": [],
          "projects": [],
          "contentTypes": []
        }
      }
    },
    {
      "type": "Feature",
      "geometry": {
        "type": "Point",
        "coordinates": [
          130.534613,
          33.519546
        ]
      },
      "properties": {
        "id": "fumi-1263",
        "name": "太宰府天満宮 鳥居",
        "category": "MISC",
        "subcategory": "MISC",
        "categoryColor": "#0891b2",
        "address": "",
        "sceneTitle": "太宰府天満宮 鳥居",
        "sceneNote": "説明: 櫻坂46 中嶋優月 三期生Vlog撮影場所 http://blog.livedoor.jp/fumichen2/archives/57249137.html 住所: 〒818-0117 福岡県太宰府市宰府4-7-1 https://www.youtube.com/embed/tC36nAdDP48",
        "sourceLabel": "fumi Diary 2号店",
        "sourceUrl": "https://www.youtube.com/watch?v=tC36nAdDP48",
        "tags": [
          "MISC"
        ],
        "images": [
          "https://pub-6d7574c4452b41519ab8adf1541d7f9e.r2.dev/seichi/sakurazaka/3AAjQbR6L__SjVigoCFaBQBVr9X0HkUsME9a72nK_10dc8f02.png",
          "https://img.youtube.com/vi/tC36nAdDP48/hqdefault.jpg"
        ],
        "members": [],
        "source": {
          "provider": "fumi Diary 2号店",
          "url": "https://www.youtube.com/watch?v=tC36nAdDP48",
          "mapId": "",
          "layer": "MISC",
          "tags": [
            "MISC"
          ],
          "name": "太宰府天満宮 鳥居"
        },
        "classification": {
          "category": "MISC",
          "subcategory": "MISC",
          "method": "legacy-import",
          "status": "unreviewed"
        },
        "classificationCandidates": {
          "members": [],
          "projects": [],
          "contentTypes": []
        }
      }
    },
    {
      "type": "Feature",
      "geometry": {
        "type": "Point",
        "coordinates": [
          130.534373,
          33.520548
        ]
      },
      "properties": {
        "id": "fumi-1264",
        "name": "絵馬堂",
        "category": "MISC",
        "subcategory": "MISC",
        "categoryColor": "#0891b2",
        "address": "",
        "sceneTitle": "絵馬堂",
        "sceneNote": "説明: 櫻坂46 中嶋優月 三期生Vlog撮影場所 http://blog.livedoor.jp/fumichen2/archives/57249137.html 住所: 〒818-0117 福岡県太宰府市宰府4-7-1 https://www.youtube.com/embed/tC36nAdDP48",
        "sourceLabel": "fumi Diary 2号店",
        "sourceUrl": "https://www.youtube.com/watch?v=tC36nAdDP48",
        "tags": [
          "MISC"
        ],
        "images": [
          "https://pub-6d7574c4452b41519ab8adf1541d7f9e.r2.dev/seichi/sakurazaka/3AAjQbR4NoDvpPM3mJTogwfgkoVE2by37R1U_V5L_bac4bddb.png",
          "https://img.youtube.com/vi/tC36nAdDP48/hqdefault.jpg"
        ],
        "members": [],
        "source": {
          "provider": "fumi Diary 2号店",
          "url": "https://www.youtube.com/watch?v=tC36nAdDP48",
          "mapId": "",
          "layer": "MISC",
          "tags": [
            "MISC"
          ],
          "name": "絵馬堂"
        },
        "classification": {
          "category": "MISC",
          "subcategory": "MISC",
          "method": "legacy-import",
          "status": "unreviewed"
        },
        "classificationCandidates": {
          "members": [],
          "projects": [],
          "contentTypes": []
        }
      }
    },
    {
      "type": "Feature",
      "geometry": {
        "type": "Point",
        "coordinates": [
          130.5324709,
          33.5194759
        ]
      },
      "properties": {
        "id": "fumi-1265",
        "name": "天山太宰府本店",
        "category": "MISC",
        "subcategory": "MISC",
        "categoryColor": "#0891b2",
        "address": "",
        "sceneTitle": "天山太宰府本店",
        "sceneNote": "説明: 櫻坂46 中嶋優月 三期生Vlog撮影場所 http://blog.livedoor.jp/fumichen2/archives/57249137.html 住所: 〒818-0117 福岡県太宰府市宰府2-7-12 https://www.youtube.com/embed/tC36nAdDP48",
        "sourceLabel": "fumi Diary 2号店",
        "sourceUrl": "https://www.youtube.com/watch?v=tC36nAdDP48",
        "tags": [
          "MISC"
        ],
        "images": [
          "https://pub-6d7574c4452b41519ab8adf1541d7f9e.r2.dev/seichi/sakurazaka/3AAjQbR5GMS9CsG7XnRws98tpou99AVnGY26l2ui_e3ad54c5.png",
          "https://img.youtube.com/vi/tC36nAdDP48/hqdefault.jpg"
        ],
        "members": [],
        "source": {
          "provider": "fumi Diary 2号店",
          "url": "https://www.youtube.com/watch?v=tC36nAdDP48",
          "mapId": "",
          "layer": "MISC",
          "tags": [
            "MISC"
          ],
          "name": "天山太宰府本店"
        },
        "classification": {
          "category": "MISC",
          "subcategory": "MISC",
          "method": "legacy-import",
          "status": "unreviewed"
        },
        "classificationCandidates": {
          "members": [],
          "projects": [],
          "contentTypes": []
        }
      }
    },
    {
      "type": "Feature",
      "geometry": {
        "type": "Point",
        "coordinates": [
          130.5330547,
          33.5196346
        ]
      },
      "properties": {
        "id": "fumi-1266",
        "name": "味の明太子ふくや 太宰府店",
        "category": "MISC",
        "subcategory": "MISC",
        "categoryColor": "#0891b2",
        "address": "",
        "sceneTitle": "味の明太子ふくや 太宰府店",
        "sceneNote": "説明: 櫻坂46 中嶋優月 三期生Vlog撮影場所 http://blog.livedoor.jp/fumichen2/archives/57249137.html 住所: 〒818-0117 福岡県太宰府市宰府3-2-47 https://www.youtube.com/embed/tC36nAdDP48",
        "sourceLabel": "fumi Diary 2号店",
        "sourceUrl": "https://www.youtube.com/watch?v=tC36nAdDP48",
        "tags": [
          "MISC"
        ],
        "images": [
          "https://pub-6d7574c4452b41519ab8adf1541d7f9e.r2.dev/seichi/sakurazaka/3AAjQbR6TuyzdlzUaAdPrRHp6ZtC4idjgqZJj-cT_8d3a1aa4.png",
          "https://pub-6d7574c4452b41519ab8adf1541d7f9e.r2.dev/seichi/sakurazaka/3AAjQbR7VTHy95cG2C_wIf_9xwdKDlD8b3-wat74_297f517e.png",
          "https://img.youtube.com/vi/tC36nAdDP48/hqdefault.jpg"
        ],
        "members": [],
        "source": {
          "provider": "fumi Diary 2号店",
          "url": "https://www.youtube.com/watch?v=tC36nAdDP48",
          "mapId": "",
          "layer": "MISC",
          "tags": [
            "MISC"
          ],
          "name": "味の明太子ふくや 太宰府店"
        },
        "classification": {
          "category": "MISC",
          "subcategory": "MISC",
          "method": "legacy-import",
          "status": "unreviewed"
        },
        "classificationCandidates": {
          "members": [],
          "projects": [],
          "contentTypes": []
        }
      }
    },
    {
      "type": "Feature",
      "geometry": {
        "type": "Point",
        "coordinates": [
          138.9733,
          36.5971
        ]
      },
      "properties": {
        "id": "fumi-1267",
        "name": "ぐんま天文台",
        "category": "MISC",
        "subcategory": "MISC",
        "categoryColor": "#0891b2",
        "address": "",
        "sceneTitle": "ぐんま天文台",
        "sceneNote": "説明: 櫻坂46 小田倉麗奈 三期生Vlog撮影場所 http://blog.livedoor.jp/fumichen2/archives/57251613.html 住所: 〒377-0702 群馬県吾妻郡高山村中山6860-86 https://www.youtube.com/embed/AkqDicIIYR4",
        "sourceLabel": "fumi Diary 2号店",
        "sourceUrl": "https://www.youtube.com/watch?v=AkqDicIIYR4",
        "tags": [
          "MISC"
        ],
        "images": [
          "https://pub-6d7574c4452b41519ab8adf1541d7f9e.r2.dev/seichi/sakurazaka/3AAjQbR5Xf9i8uVpxzVooFgUHvsBBI5wKeSd-Y--_ec80ccb4.png",
          "https://pub-6d7574c4452b41519ab8adf1541d7f9e.r2.dev/seichi/sakurazaka/3AAjQbR4z8lCbfzu7JbWhJAOhuPwL1oK4HP4__yj_394bbffc.png",
          "https://pub-6d7574c4452b41519ab8adf1541d7f9e.r2.dev/seichi/sakurazaka/3AAjQbR5Nt7z_MdJ14Spc5PtSK7GH_K_dSf7yG-D_92a88d44.png",
          "https://pub-6d7574c4452b41519ab8adf1541d7f9e.r2.dev/seichi/sakurazaka/3AAjQbR7fCnpOsziQ2fmFB5PyBU7iF2Q9u8vm04z_82dcd7be.png",
          "https://img.youtube.com/vi/AkqDicIIYR4/hqdefault.jpg"
        ],
        "members": [],
        "source": {
          "provider": "fumi Diary 2号店",
          "url": "https://www.youtube.com/watch?v=AkqDicIIYR4",
          "mapId": "",
          "layer": "MISC",
          "tags": [
            "MISC"
          ],
          "name": "ぐんま天文台"
        },
        "classification": {
          "category": "MISC",
          "subcategory": "MISC",
          "method": "legacy-import",
          "status": "unreviewed"
        },
        "classificationCandidates": {
          "members": [],
          "projects": [],
          "contentTypes": []
        }
      }
    },
    {
      "type": "Feature",
      "geometry": {
        "type": "Point",
        "coordinates": [
          132.442486,
          34.4966552
        ]
      },
      "properties": {
        "id": "fumi-1268",
        "name": "安佐動物公園",
        "category": "MISC",
        "subcategory": "MISC",
        "categoryColor": "#0891b2",
        "address": "",
        "sceneTitle": "安佐動物公園",
        "sceneNote": "説明: 櫻坂46 向井純葉 三期生Vlog撮影場所 http://blog.livedoor.jp/fumichen2/archives/57253962.html 住所: 〒731-3355 広島県広島市安佐北区安佐町大字動物園 https://www.youtube.com/embed/3QH89Zh6tp4",
        "sourceLabel": "fumi Diary 2号店",
        "sourceUrl": "https://www.youtube.com/watch?v=3QH89Zh6tp4",
        "tags": [
          "MISC"
        ],
        "images": [
          "https://pub-6d7574c4452b41519ab8adf1541d7f9e.r2.dev/seichi/sakurazaka/3AAjQbR45bc5400PsLTYq8byV6XpP6mhU-8fSPFo_e88a8d8a.png",
          "https://pub-6d7574c4452b41519ab8adf1541d7f9e.r2.dev/seichi/sakurazaka/3AAjQbR7PuWH_LCcLkEsDzlZ2YNGEBnvHFuePxTY_a22bb053.png",
          "https://pub-6d7574c4452b41519ab8adf1541d7f9e.r2.dev/seichi/sakurazaka/3AAjQbR7B4lZ6rjU3bx4k5wLBcfxG3StAOBH6Hsg_93a3b067.png",
          "https://pub-6d7574c4452b41519ab8adf1541d7f9e.r2.dev/seichi/sakurazaka/3AAjQbR7pqDvnizrQgIoN6JrmMdAl1YDP5v8-xC-_78aeb0be.png",
          "https://img.youtube.com/vi/3QH89Zh6tp4/hqdefault.jpg"
        ],
        "members": [],
        "source": {
          "provider": "fumi Diary 2号店",
          "url": "https://www.youtube.com/watch?v=3QH89Zh6tp4",
          "mapId": "",
          "layer": "MISC",
          "tags": [
            "MISC"
          ],
          "name": "安佐動物公園"
        },
        "classification": {
          "category": "MISC",
          "subcategory": "MISC",
          "method": "legacy-import",
          "status": "unreviewed"
        },
        "classificationCandidates": {
          "members": [],
          "projects": [],
          "contentTypes": []
        }
      }
    },
    {
      "type": "Feature",
      "geometry": {
        "type": "Point",
        "coordinates": [
          139.7951343,
          35.7120692
        ]
      },
      "properties": {
        "id": "fumi-1269",
        "name": "浅草の豆柴カフェ",
        "category": "MISC",
        "subcategory": "MISC",
        "categoryColor": "#0891b2",
        "address": "",
        "sceneTitle": "浅草の豆柴カフェ",
        "sceneNote": "説明: 櫻坂46 遠藤理子 三期生Vlog撮影場所 http://blog.livedoor.jp/fumichen2/archives/57256954.html 住所: 〒111-0032 東京都台東区浅草1-29-3 https://www.youtube.com/embed/S4Mb1_XmnNs",
        "sourceLabel": "fumi Diary 2号店",
        "sourceUrl": "https://www.youtube.com/watch?v=S4Mb1_XmnNs",
        "tags": [
          "MISC"
        ],
        "images": [
          "https://pub-6d7574c4452b41519ab8adf1541d7f9e.r2.dev/seichi/sakurazaka/3AAjQbR77o7qDVvWugKddQEyyTQxOmuL1p7TgDlj_f56112fb.png",
          "https://pub-6d7574c4452b41519ab8adf1541d7f9e.r2.dev/seichi/sakurazaka/3AAjQbR6OTPr5WvxDZPyhbNLADL--YgsWpM00biA_db17ec0e.png",
          "https://img.youtube.com/vi/S4Mb1_XmnNs/hqdefault.jpg"
        ],
        "members": [],
        "source": {
          "provider": "fumi Diary 2号店",
          "url": "https://www.youtube.com/watch?v=S4Mb1_XmnNs",
          "mapId": "",
          "layer": "MISC",
          "tags": [
            "MISC"
          ],
          "name": "浅草の豆柴カフェ"
        },
        "classification": {
          "category": "MISC",
          "subcategory": "MISC",
          "method": "legacy-import",
          "status": "unreviewed"
        },
        "classificationCandidates": {
          "members": [],
          "projects": [],
          "contentTypes": []
        }
      }
    },
    {
      "type": "Feature",
      "geometry": {
        "type": "Point",
        "coordinates": [
          139.595059,
          35.914078
        ]
      },
      "properties": {
        "id": "fumi-1270",
        "name": "三橋総合公園",
        "category": "MISC",
        "subcategory": "MISC",
        "categoryColor": "#0891b2",
        "address": "",
        "sceneTitle": "三橋総合公園",
        "sceneNote": "説明: 櫻坂46 遠藤理子 三期生Vlog撮影場所 http://blog.livedoor.jp/fumichen2/archives/57256954.html 住所: 〒331-0052 埼玉県さいたま市西区三橋5-190 https://www.youtube.com/embed/S4Mb1_XmnNs",
        "sourceLabel": "fumi Diary 2号店",
        "sourceUrl": "https://www.youtube.com/watch?v=S4Mb1_XmnNs",
        "tags": [
          "MISC"
        ],
        "images": [
          "https://pub-6d7574c4452b41519ab8adf1541d7f9e.r2.dev/seichi/sakurazaka/3AAjQbR43qJoQpu8sgPFb2lVyqJgcePXfoaOlpul_7f1d3c64.png",
          "https://img.youtube.com/vi/S4Mb1_XmnNs/hqdefault.jpg"
        ],
        "members": [],
        "source": {
          "provider": "fumi Diary 2号店",
          "url": "https://www.youtube.com/watch?v=S4Mb1_XmnNs",
          "mapId": "",
          "layer": "MISC",
          "tags": [
            "MISC"
          ],
          "name": "三橋総合公園"
        },
        "classification": {
          "category": "MISC",
          "subcategory": "MISC",
          "method": "legacy-import",
          "status": "unreviewed"
        },
        "classificationCandidates": {
          "members": [],
          "projects": [],
          "contentTypes": []
        }
      }
    },
    {
      "type": "Feature",
      "geometry": {
        "type": "Point",
        "coordinates": [
          139.595875,
          35.912153
        ]
      },
      "properties": {
        "id": "fumi-1271",
        "name": "三橋総合公園 バッテリーカー",
        "category": "MISC",
        "subcategory": "MISC",
        "categoryColor": "#0891b2",
        "address": "",
        "sceneTitle": "三橋総合公園 バッテリーカー",
        "sceneNote": "説明: 櫻坂46 遠藤理子 三期生Vlog撮影場所 http://blog.livedoor.jp/fumichen2/archives/57256954.html 住所: 〒331-0052 埼玉県さいたま市西区三橋5-190 https://www.youtube.com/embed/S4Mb1_XmnNs",
        "sourceLabel": "fumi Diary 2号店",
        "sourceUrl": "https://www.youtube.com/watch?v=S4Mb1_XmnNs",
        "tags": [
          "MISC"
        ],
        "images": [
          "https://pub-6d7574c4452b41519ab8adf1541d7f9e.r2.dev/seichi/sakurazaka/3AAjQbR4UV9QRNYgteuNWmbf9SXz3yNLhMt1m2c8_b18aeec9.png",
          "https://img.youtube.com/vi/S4Mb1_XmnNs/hqdefault.jpg"
        ],
        "members": [],
        "source": {
          "provider": "fumi Diary 2号店",
          "url": "https://www.youtube.com/watch?v=S4Mb1_XmnNs",
          "mapId": "",
          "layer": "MISC",
          "tags": [
            "MISC"
          ],
          "name": "三橋総合公園 バッテリーカー"
        },
        "classification": {
          "category": "MISC",
          "subcategory": "MISC",
          "method": "legacy-import",
          "status": "unreviewed"
        },
        "classificationCandidates": {
          "members": [],
          "projects": [],
          "contentTypes": []
        }
      }
    },
    {
      "type": "Feature",
      "geometry": {
        "type": "Point",
        "coordinates": [
          132.179311,
          34.167485
        ]
      },
      "properties": {
        "id": "fumi-1272",
        "name": "錦帯橋付近",
        "category": "MISC",
        "subcategory": "MISC",
        "categoryColor": "#0891b2",
        "address": "",
        "sceneTitle": "錦帯橋付近",
        "sceneNote": "説明: 櫻坂46 谷口愛季 三期生Vlog撮影場所 http://blog.livedoor.jp/fumichen2/archives/57262224.html 住所: 〒741-0062 山口県岩国市岩国 https://www.youtube.com/embed/TKD9ZnMj_f4",
        "sourceLabel": "fumi Diary 2号店",
        "sourceUrl": "https://www.youtube.com/watch?v=TKD9ZnMj_f4",
        "tags": [
          "MISC"
        ],
        "images": [
          "https://pub-6d7574c4452b41519ab8adf1541d7f9e.r2.dev/seichi/sakurazaka/3AAjQbR6Sno6_Rvq0PXJgVOzvoiTVvisgzgCuoLT_d4f19a46.png",
          "https://img.youtube.com/vi/TKD9ZnMj_f4/hqdefault.jpg"
        ],
        "members": [],
        "source": {
          "provider": "fumi Diary 2号店",
          "url": "https://www.youtube.com/watch?v=TKD9ZnMj_f4",
          "mapId": "",
          "layer": "MISC",
          "tags": [
            "MISC"
          ],
          "name": "錦帯橋付近"
        },
        "classification": {
          "category": "MISC",
          "subcategory": "MISC",
          "method": "legacy-import",
          "status": "unreviewed"
        },
        "classificationCandidates": {
          "members": [],
          "projects": [],
          "contentTypes": []
        }
      }
    },
    {
      "type": "Feature",
      "geometry": {
        "type": "Point",
        "coordinates": [
          132.178322,
          34.167645
        ]
      },
      "properties": {
        "id": "fumi-1273",
        "name": "錦帯橋",
        "category": "MISC",
        "subcategory": "MISC",
        "categoryColor": "#0891b2",
        "address": "",
        "sceneTitle": "錦帯橋",
        "sceneNote": "説明: 櫻坂46 谷口愛季 三期生Vlog撮影場所 http://blog.livedoor.jp/fumichen2/archives/57262224.html 住所: 〒741-0062 山口県岩国市岩国 https://www.youtube.com/embed/TKD9ZnMj_f4",
        "sourceLabel": "fumi Diary 2号店",
        "sourceUrl": "https://www.youtube.com/watch?v=TKD9ZnMj_f4",
        "tags": [
          "MISC"
        ],
        "images": [
          "https://pub-6d7574c4452b41519ab8adf1541d7f9e.r2.dev/seichi/sakurazaka/3AAjQbR5kaWaTOFNAvT3qqCj68ZFZ-2fRsTOzrJg_520f67f9.png",
          "https://img.youtube.com/vi/TKD9ZnMj_f4/hqdefault.jpg"
        ],
        "members": [],
        "source": {
          "provider": "fumi Diary 2号店",
          "url": "https://www.youtube.com/watch?v=TKD9ZnMj_f4",
          "mapId": "",
          "layer": "MISC",
          "tags": [
            "MISC"
          ],
          "name": "錦帯橋"
        },
        "classification": {
          "category": "MISC",
          "subcategory": "MISC",
          "method": "legacy-import",
          "status": "unreviewed"
        },
        "classificationCandidates": {
          "members": [],
          "projects": [],
          "contentTypes": []
        }
      }
    },
    {
      "type": "Feature",
      "geometry": {
        "type": "Point",
        "coordinates": [
          132.1771886,
          34.1683771
        ]
      },
      "properties": {
        "id": "fumi-1274",
        "name": "むさし",
        "category": "MISC",
        "subcategory": "MISC",
        "categoryColor": "#0891b2",
        "address": "",
        "sceneTitle": "むさし",
        "sceneNote": "説明: 櫻坂46 谷口愛季 三期生Vlog撮影場所 http://blog.livedoor.jp/fumichen2/archives/57262224.html 住所: 〒741-0081 山口県岩国市横山2-1-23 https://www.youtube.com/embed/TKD9ZnMj_f4",
        "sourceLabel": "fumi Diary 2号店",
        "sourceUrl": "https://www.youtube.com/watch?v=TKD9ZnMj_f4",
        "tags": [
          "MISC"
        ],
        "images": [
          "https://pub-6d7574c4452b41519ab8adf1541d7f9e.r2.dev/seichi/sakurazaka/3AAjQbR7dOCqeNIB3TLHDT0ZrntuGJUx4Y3wdwts_3d7ace22.png",
          "https://img.youtube.com/vi/TKD9ZnMj_f4/hqdefault.jpg"
        ],
        "members": [],
        "source": {
          "provider": "fumi Diary 2号店",
          "url": "https://www.youtube.com/watch?v=TKD9ZnMj_f4",
          "mapId": "",
          "layer": "MISC",
          "tags": [
            "MISC"
          ],
          "name": "むさし"
        },
        "classification": {
          "category": "MISC",
          "subcategory": "MISC",
          "method": "legacy-import",
          "status": "unreviewed"
        },
        "classificationCandidates": {
          "members": [],
          "projects": [],
          "contentTypes": []
        }
      }
    },
    {
      "type": "Feature",
      "geometry": {
        "type": "Point",
        "coordinates": [
          132.1774595,
          34.168513
        ]
      },
      "properties": {
        "id": "fumi-1275",
        "name": "長州屋 錦帯橋店",
        "category": "MISC",
        "subcategory": "MISC",
        "categoryColor": "#0891b2",
        "address": "",
        "sceneTitle": "長州屋 錦帯橋店",
        "sceneNote": "説明: 櫻坂46 谷口愛季 三期生Vlog撮影場所 http://blog.livedoor.jp/fumichen2/archives/57262224.html 住所: 〒741-0081 山口県岩国市横山2-2-3 https://www.youtube.com/embed/TKD9ZnMj_f4",
        "sourceLabel": "fumi Diary 2号店",
        "sourceUrl": "https://www.youtube.com/watch?v=TKD9ZnMj_f4",
        "tags": [
          "MISC"
        ],
        "images": [
          "https://pub-6d7574c4452b41519ab8adf1541d7f9e.r2.dev/seichi/sakurazaka/3AAjQbR62ODAgH_AXXkc2F4xzAr5Chc4qs5ia2fK_c27ef6f1.png",
          "https://img.youtube.com/vi/TKD9ZnMj_f4/hqdefault.jpg"
        ],
        "members": [],
        "source": {
          "provider": "fumi Diary 2号店",
          "url": "https://www.youtube.com/watch?v=TKD9ZnMj_f4",
          "mapId": "",
          "layer": "MISC",
          "tags": [
            "MISC"
          ],
          "name": "長州屋 錦帯橋店"
        },
        "classification": {
          "category": "MISC",
          "subcategory": "MISC",
          "method": "legacy-import",
          "status": "unreviewed"
        },
        "classificationCandidates": {
          "members": [],
          "projects": [],
          "contentTypes": []
        }
      }
    },
    {
      "type": "Feature",
      "geometry": {
        "type": "Point",
        "coordinates": [
          132.176214,
          34.170348
        ]
      },
      "properties": {
        "id": "fumi-1276",
        "name": "吉香公園 吊り輪",
        "category": "MISC",
        "subcategory": "MISC",
        "categoryColor": "#0891b2",
        "address": "",
        "sceneTitle": "吉香公園 吊り輪",
        "sceneNote": "説明: 櫻坂46 谷口愛季 三期生Vlog撮影場所 http://blog.livedoor.jp/fumichen2/archives/57262224.html 住所: 〒741-0081 山口県岩国市横山2-6-51 https://www.youtube.com/embed/TKD9ZnMj_f4",
        "sourceLabel": "fumi Diary 2号店",
        "sourceUrl": "https://www.youtube.com/watch?v=TKD9ZnMj_f4",
        "tags": [
          "MISC"
        ],
        "images": [
          "https://pub-6d7574c4452b41519ab8adf1541d7f9e.r2.dev/seichi/sakurazaka/3AAjQbR5gpcfz0IdVseUxEjK_xqCL7VK3DV-rEsF_327c56be.png",
          "https://img.youtube.com/vi/TKD9ZnMj_f4/hqdefault.jpg"
        ],
        "members": [],
        "source": {
          "provider": "fumi Diary 2号店",
          "url": "https://www.youtube.com/watch?v=TKD9ZnMj_f4",
          "mapId": "",
          "layer": "MISC",
          "tags": [
            "MISC"
          ],
          "name": "吉香公園 吊り輪"
        },
        "classification": {
          "category": "MISC",
          "subcategory": "MISC",
          "method": "legacy-import",
          "status": "unreviewed"
        },
        "classificationCandidates": {
          "members": [],
          "projects": [],
          "contentTypes": []
        }
      }
    },
    {
      "type": "Feature",
      "geometry": {
        "type": "Point",
        "coordinates": [
          132.174572,
          34.169424
        ]
      },
      "properties": {
        "id": "fumi-1277",
        "name": "吉香公園 ベンチ",
        "category": "MISC",
        "subcategory": "MISC",
        "categoryColor": "#0891b2",
        "address": "",
        "sceneTitle": "吉香公園 ベンチ",
        "sceneNote": "説明: 櫻坂46 谷口愛季 三期生Vlog撮影場所 http://blog.livedoor.jp/fumichen2/archives/57262224.html 住所: 〒741-0081 山口県岩国市横山2-6-51 https://www.youtube.com/embed/TKD9ZnMj_f4",
        "sourceLabel": "fumi Diary 2号店",
        "sourceUrl": "https://www.youtube.com/watch?v=TKD9ZnMj_f4",
        "tags": [
          "MISC"
        ],
        "images": [
          "https://pub-6d7574c4452b41519ab8adf1541d7f9e.r2.dev/seichi/sakurazaka/3AAjQbR4pWdQpxoL8ANTuN5kpMlBh5tMjKd-IgZu_4d09edb2.png",
          "https://pub-6d7574c4452b41519ab8adf1541d7f9e.r2.dev/seichi/sakurazaka/3AAjQbR4oofASf8z6UQ9Rvf-cLHHVFKitUadK8mv_cb87b096.png",
          "https://img.youtube.com/vi/TKD9ZnMj_f4/hqdefault.jpg"
        ],
        "members": [],
        "source": {
          "provider": "fumi Diary 2号店",
          "url": "https://www.youtube.com/watch?v=TKD9ZnMj_f4",
          "mapId": "",
          "layer": "MISC",
          "tags": [
            "MISC"
          ],
          "name": "吉香公園 ベンチ"
        },
        "classification": {
          "category": "MISC",
          "subcategory": "MISC",
          "method": "legacy-import",
          "status": "unreviewed"
        },
        "classificationCandidates": {
          "members": [],
          "projects": [],
          "contentTypes": []
        }
      }
    },
    {
      "type": "Feature",
      "geometry": {
        "type": "Point",
        "coordinates": [
          132.176823,
          34.168719
        ]
      },
      "properties": {
        "id": "fumi-1278",
        "name": "吉香公園 錦帯橋記碑横のベンチ",
        "category": "MISC",
        "subcategory": "MISC",
        "categoryColor": "#0891b2",
        "address": "",
        "sceneTitle": "吉香公園 錦帯橋記碑横のベンチ",
        "sceneNote": "説明: 櫻坂46 谷口愛季 三期生Vlog撮影場所 http://blog.livedoor.jp/fumichen2/archives/57262224.html 住所: 〒741-0081 山口県岩国市横山2-6-51 https://www.youtube.com/embed/TKD9ZnMj_f4",
        "sourceLabel": "fumi Diary 2号店",
        "sourceUrl": "https://www.youtube.com/watch?v=TKD9ZnMj_f4",
        "tags": [
          "MISC"
        ],
        "images": [
          "https://pub-6d7574c4452b41519ab8adf1541d7f9e.r2.dev/seichi/sakurazaka/3AAjQbR4vn3wXJwl-9yTh2LtEcfQE0Ds3HMFQ7xX_0ba3f74f.png",
          "https://img.youtube.com/vi/TKD9ZnMj_f4/hqdefault.jpg"
        ],
        "members": [],
        "source": {
          "provider": "fumi Diary 2号店",
          "url": "https://www.youtube.com/watch?v=TKD9ZnMj_f4",
          "mapId": "",
          "layer": "MISC",
          "tags": [
            "MISC"
          ],
          "name": "吉香公園 錦帯橋記碑横のベンチ"
        },
        "classification": {
          "category": "MISC",
          "subcategory": "MISC",
          "method": "legacy-import",
          "status": "unreviewed"
        },
        "classificationCandidates": {
          "members": [],
          "projects": [],
          "contentTypes": []
        }
      }
    },
    {
      "type": "Feature",
      "geometry": {
        "type": "Point",
        "coordinates": [
          132.175654,
          34.169512
        ]
      },
      "properties": {
        "id": "fumi-1279",
        "name": "吉香公園 実験橋",
        "category": "MISC",
        "subcategory": "MISC",
        "categoryColor": "#0891b2",
        "address": "",
        "sceneTitle": "吉香公園 実験橋",
        "sceneNote": "説明: 櫻坂46 谷口愛季 三期生Vlog撮影場所 http://blog.livedoor.jp/fumichen2/archives/57262224.html 住所: 〒741-0081 山口県岩国市横山2-6-51 https://www.youtube.com/embed/TKD9ZnMj_f4",
        "sourceLabel": "fumi Diary 2号店",
        "sourceUrl": "https://www.youtube.com/watch?v=TKD9ZnMj_f4",
        "tags": [
          "MISC"
        ],
        "images": [
          "https://pub-6d7574c4452b41519ab8adf1541d7f9e.r2.dev/seichi/sakurazaka/3AAjQbR7hrgzSvzZw3LSCaDqYdaYSabvWVsqHMec_89bbc95c.png",
          "https://img.youtube.com/vi/TKD9ZnMj_f4/hqdefault.jpg"
        ],
        "members": [],
        "source": {
          "provider": "fumi Diary 2号店",
          "url": "https://www.youtube.com/watch?v=TKD9ZnMj_f4",
          "mapId": "",
          "layer": "MISC",
          "tags": [
            "MISC"
          ],
          "name": "吉香公園 実験橋"
        },
        "classification": {
          "category": "MISC",
          "subcategory": "MISC",
          "method": "legacy-import",
          "status": "unreviewed"
        },
        "classificationCandidates": {
          "members": [],
          "projects": [],
          "contentTypes": []
        }
      }
    },
    {
      "type": "Feature",
      "geometry": {
        "type": "Point",
        "coordinates": [
          135.007807,
          34.5581607
        ]
      },
      "properties": {
        "id": "fumi-1280",
        "name": "淡路夢舞台国際会議場",
        "category": "MISC",
        "subcategory": "MISC",
        "categoryColor": "#0891b2",
        "address": "",
        "sceneTitle": "淡路夢舞台国際会議場",
        "sceneNote": "説明: 櫻坂46 村山美羽 三期生Vlog撮影場所 http://blog.livedoor.jp/fumichen2/archives/57263362.html 住所: 〒656-2306 兵庫県淡路市夢舞台1番地 https://www.youtube.com/embed/aId12rpu8i4",
        "sourceLabel": "fumi Diary 2号店",
        "sourceUrl": "https://www.youtube.com/watch?v=aId12rpu8i4",
        "tags": [
          "MISC"
        ],
        "images": [
          "https://pub-6d7574c4452b41519ab8adf1541d7f9e.r2.dev/seichi/sakurazaka/3AAjQbR6tEW3G9oo37QpCi3Yfac9yRHDBIh9x5m-_93513a53.png",
          "https://pub-6d7574c4452b41519ab8adf1541d7f9e.r2.dev/seichi/sakurazaka/3AAjQbR6vgkNHauP_cx73EwjLiGFfAjZxTqwgyzV_653894b9.png",
          "https://img.youtube.com/vi/aId12rpu8i4/hqdefault.jpg"
        ],
        "members": [],
        "source": {
          "provider": "fumi Diary 2号店",
          "url": "https://www.youtube.com/watch?v=aId12rpu8i4",
          "mapId": "",
          "layer": "MISC",
          "tags": [
            "MISC"
          ],
          "name": "淡路夢舞台国際会議場"
        },
        "classification": {
          "category": "MISC",
          "subcategory": "MISC",
          "method": "legacy-import",
          "status": "unreviewed"
        },
        "classificationCandidates": {
          "members": [],
          "projects": [],
          "contentTypes": []
        }
      }
    },
    {
      "type": "Feature",
      "geometry": {
        "type": "Point",
        "coordinates": [
          139.41245,
          35.702043
        ]
      },
      "properties": {
        "id": "fumi-1281",
        "name": "サンサンロード",
        "category": "MISC",
        "subcategory": "MISC",
        "categoryColor": "#0891b2",
        "address": "",
        "sceneTitle": "サンサンロード",
        "sceneNote": "説明: 櫻坂46 村井優 三期生Vlog撮影場所 http://blog.livedoor.jp/fumichen2/archives/57374993.html 住所: 〒190-0014 東京都立川市緑町 https://www.youtube.com/embed/SmD075UTW9U",
        "sourceLabel": "fumi Diary 2号店",
        "sourceUrl": "https://www.youtube.com/watch?v=SmD075UTW9U",
        "tags": [
          "MISC"
        ],
        "images": [
          "https://pub-6d7574c4452b41519ab8adf1541d7f9e.r2.dev/seichi/sakurazaka/3AAjQbR7TM_65ue5-JOdIyCZZYD9ZfU7f7j7Hdnp_6e394103.png",
          "https://pub-6d7574c4452b41519ab8adf1541d7f9e.r2.dev/seichi/sakurazaka/3AAjQbR4o2Moyf8g8hBxOXouuuLAXX8m9HpbiXmn_64cfd3c5.png",
          "https://img.youtube.com/vi/SmD075UTW9U/hqdefault.jpg"
        ],
        "members": [],
        "source": {
          "provider": "fumi Diary 2号店",
          "url": "https://www.youtube.com/watch?v=SmD075UTW9U",
          "mapId": "",
          "layer": "MISC",
          "tags": [
            "MISC"
          ],
          "name": "サンサンロード"
        },
        "classification": {
          "category": "MISC",
          "subcategory": "MISC",
          "method": "legacy-import",
          "status": "unreviewed"
        },
        "classificationCandidates": {
          "members": [],
          "projects": [],
          "contentTypes": []
        }
      }
    },
    {
      "type": "Feature",
      "geometry": {
        "type": "Point",
        "coordinates": [
          139.412075,
          35.703947
        ]
      },
      "properties": {
        "id": "fumi-1282",
        "name": "GREEN SPRINGS N1 カスケード",
        "category": "MISC",
        "subcategory": "MISC",
        "categoryColor": "#0891b2",
        "address": "",
        "sceneTitle": "GREEN SPRINGS N1 カスケード",
        "sceneNote": "説明: 櫻坂46 村井優 三期生Vlog撮影場所 http://blog.livedoor.jp/fumichen2/archives/57374993.html 住所: 〒190-0014 東京都立川市緑町3-1 https://www.youtube.com/embed/SmD075UTW9U",
        "sourceLabel": "fumi Diary 2号店",
        "sourceUrl": "https://www.youtube.com/watch?v=SmD075UTW9U",
        "tags": [
          "MISC"
        ],
        "images": [
          "https://pub-6d7574c4452b41519ab8adf1541d7f9e.r2.dev/seichi/sakurazaka/3AAjQbR4QFy1PPodMibRSrf1hCqmX49ZV4RGSPYt_b11b4c4a.png",
          "https://img.youtube.com/vi/SmD075UTW9U/hqdefault.jpg"
        ],
        "members": [],
        "source": {
          "provider": "fumi Diary 2号店",
          "url": "https://www.youtube.com/watch?v=SmD075UTW9U",
          "mapId": "",
          "layer": "MISC",
          "tags": [
            "MISC"
          ],
          "name": "GREEN SPRINGS N1 カスケード"
        },
        "classification": {
          "category": "MISC",
          "subcategory": "MISC",
          "method": "legacy-import",
          "status": "unreviewed"
        },
        "classificationCandidates": {
          "members": [],
          "projects": [],
          "contentTypes": []
        }
      }
    },
    {
      "type": "Feature",
      "geometry": {
        "type": "Point",
        "coordinates": [
          139.411593,
          35.705131
        ]
      },
      "properties": {
        "id": "fumi-1283",
        "name": "GREEN SPRINGS N1 スカイデッキ",
        "category": "MISC",
        "subcategory": "MISC",
        "categoryColor": "#0891b2",
        "address": "",
        "sceneTitle": "GREEN SPRINGS N1 スカイデッキ",
        "sceneNote": "説明: 櫻坂46 村井優 三期生Vlog撮影場所 http://blog.livedoor.jp/fumichen2/archives/57374993.html 住所: 〒190-0014 東京都立川市緑町3-1 https://www.youtube.com/embed/SmD075UTW9U",
        "sourceLabel": "fumi Diary 2号店",
        "sourceUrl": "https://www.youtube.com/watch?v=SmD075UTW9U",
        "tags": [
          "MISC"
        ],
        "images": [
          "https://pub-6d7574c4452b41519ab8adf1541d7f9e.r2.dev/seichi/sakurazaka/3AAjQbR7XVr7tAjLJ_cFrE_C60wuw8mAn-OhP022_30bcc1cb.png",
          "https://pub-6d7574c4452b41519ab8adf1541d7f9e.r2.dev/seichi/sakurazaka/3AAjQbR40NrKXCsnDboaPF87Nfr3McSCEilJ1xoY_a1b2a43f.png",
          "https://img.youtube.com/vi/SmD075UTW9U/hqdefault.jpg"
        ],
        "members": [],
        "source": {
          "provider": "fumi Diary 2号店",
          "url": "https://www.youtube.com/watch?v=SmD075UTW9U",
          "mapId": "",
          "layer": "MISC",
          "tags": [
            "MISC"
          ],
          "name": "GREEN SPRINGS N1 スカイデッキ"
        },
        "classification": {
          "category": "MISC",
          "subcategory": "MISC",
          "method": "legacy-import",
          "status": "unreviewed"
        },
        "classificationCandidates": {
          "members": [],
          "projects": [],
          "contentTypes": []
        }
      }
    },
    {
      "type": "Feature",
      "geometry": {
        "type": "Point",
        "coordinates": [
          139.412404,
          35.705041
        ]
      },
      "properties": {
        "id": "fumi-1284",
        "name": "GREEN SPRINGS N1 1F NORTH LINK Coffee&Tea -TACHIKAWA STAGE GARDEN- テラス席",
        "category": "MISC",
        "subcategory": "MISC",
        "categoryColor": "#0891b2",
        "address": "",
        "sceneTitle": "GREEN SPRINGS N1 1F NORTH LINK Coffee&Tea -TACHIKAWA STAGE GARDEN- テラス席",
        "sceneNote": "説明: 櫻坂46 村井優 三期生Vlog撮影場所 http://blog.livedoor.jp/fumichen2/archives/57374993.html 住所: 〒190-0014 東京都立川市緑町3-1 https://www.youtube.com/embed/SmD075UTW9U",
        "sourceLabel": "fumi Diary 2号店",
        "sourceUrl": "https://www.youtube.com/watch?v=SmD075UTW9U",
        "tags": [
          "MISC"
        ],
        "images": [
          "https://pub-6d7574c4452b41519ab8adf1541d7f9e.r2.dev/seichi/sakurazaka/3AAjQbR7SpYGeUwwhXn4bdclrN3ajxDaEK8YOl0D_6398dfbb.png",
          "https://img.youtube.com/vi/SmD075UTW9U/hqdefault.jpg"
        ],
        "members": [],
        "source": {
          "provider": "fumi Diary 2号店",
          "url": "https://www.youtube.com/watch?v=SmD075UTW9U",
          "mapId": "",
          "layer": "MISC",
          "tags": [
            "MISC"
          ],
          "name": "GREEN SPRINGS N1 1F NORTH LINK Coffee&Tea -TACHIKAWA STAGE GARDEN- テラス席"
        },
        "classification": {
          "category": "MISC",
          "subcategory": "MISC",
          "method": "legacy-import",
          "status": "unreviewed"
        },
        "classificationCandidates": {
          "members": [],
          "projects": [],
          "contentTypes": []
        }
      }
    },
    {
      "type": "Feature",
      "geometry": {
        "type": "Point",
        "coordinates": [
          139.400395,
          35.703465
        ]
      },
      "properties": {
        "id": "fumi-1285",
        "name": "国営昭和記念公園",
        "category": "MISC",
        "subcategory": "MISC",
        "categoryColor": "#0891b2",
        "address": "",
        "sceneTitle": "国営昭和記念公園",
        "sceneNote": "説明: 櫻坂46 村井優 三期生Vlog撮影場所 http://blog.livedoor.jp/fumichen2/archives/57374993.html 住所: 〒190-0014 東京都立川市緑町3173 https://www.youtube.com/embed/SmD075UTW9U",
        "sourceLabel": "fumi Diary 2号店",
        "sourceUrl": "https://www.youtube.com/watch?v=SmD075UTW9U",
        "tags": [
          "MISC"
        ],
        "images": [
          "https://pub-6d7574c4452b41519ab8adf1541d7f9e.r2.dev/seichi/sakurazaka/3AAjQbR6TPPTYar41t5vFPGRY-uHpt-zwz1EhHRL_08249e32.png",
          "https://img.youtube.com/vi/SmD075UTW9U/hqdefault.jpg"
        ],
        "members": [],
        "source": {
          "provider": "fumi Diary 2号店",
          "url": "https://www.youtube.com/watch?v=SmD075UTW9U",
          "mapId": "",
          "layer": "MISC",
          "tags": [
            "MISC"
          ],
          "name": "国営昭和記念公園"
        },
        "classification": {
          "category": "MISC",
          "subcategory": "MISC",
          "method": "legacy-import",
          "status": "unreviewed"
        },
        "classificationCandidates": {
          "members": [],
          "projects": [],
          "contentTypes": []
        }
      }
    },
    {
      "type": "Feature",
      "geometry": {
        "type": "Point",
        "coordinates": [
          135.7825389,
          35.0156331
        ]
      },
      "properties": {
        "id": "fumi-1286",
        "name": "平安神宮",
        "category": "MISC",
        "subcategory": "MISC",
        "categoryColor": "#0891b2",
        "address": "",
        "sceneTitle": "平安神宮",
        "sceneNote": "説明: 櫻坂46 山下瞳月 三期生Vlog撮影場所 http://blog.livedoor.jp/fumichen2/archives/57377343.html 住所: 〒606-8341 京都市左京区岡崎西天王町97 https://www.youtube.com/embed/Nz-4tc4Oigc",
        "sourceLabel": "fumi Diary 2号店",
        "sourceUrl": "https://www.youtube.com/watch?v=Nz-4tc4Oigc",
        "tags": [
          "MISC"
        ],
        "images": [
          "https://pub-6d7574c4452b41519ab8adf1541d7f9e.r2.dev/seichi/sakurazaka/3AAjQbR7nvDkN6pcDFZc81At9YpNwstvkEKYkBEo_9b9f4227.png",
          "https://pub-6d7574c4452b41519ab8adf1541d7f9e.r2.dev/seichi/sakurazaka/3AAjQbR7R_MH7WInKbwbKkIQpVDXwLGPbWBVw9sM_6c14a9b7.png",
          "https://pub-6d7574c4452b41519ab8adf1541d7f9e.r2.dev/seichi/sakurazaka/3AAjQbR7s_p-Jo8_1PKd50roopZPsThjQiAh4W0z_5d48cc7f.png",
          "https://img.youtube.com/vi/Nz-4tc4Oigc/hqdefault.jpg"
        ],
        "members": [],
        "source": {
          "provider": "fumi Diary 2号店",
          "url": "https://www.youtube.com/watch?v=Nz-4tc4Oigc",
          "mapId": "",
          "layer": "MISC",
          "tags": [
            "MISC"
          ],
          "name": "平安神宮"
        },
        "classification": {
          "category": "MISC",
          "subcategory": "MISC",
          "method": "legacy-import",
          "status": "unreviewed"
        },
        "classificationCandidates": {
          "members": [],
          "projects": [],
          "contentTypes": []
        }
      }
    },
    {
      "type": "Feature",
      "geometry": {
        "type": "Point",
        "coordinates": [
          135.7851299,
          35.0451027
        ]
      },
      "properties": {
        "id": "fumi-1287",
        "name": "中華そば 高安",
        "category": "MISC",
        "subcategory": "MISC",
        "categoryColor": "#0891b2",
        "address": "",
        "sceneTitle": "中華そば 高安",
        "sceneNote": "説明: 櫻坂46 山下瞳月 三期生Vlog撮影場所 http://blog.livedoor.jp/fumichen2/archives/57377343.html 住所: 〒606-8185 京都市左京区一乗寺高槻町10 https://www.youtube.com/embed/Nz-4tc4Oigc",
        "sourceLabel": "fumi Diary 2号店",
        "sourceUrl": "https://www.youtube.com/watch?v=Nz-4tc4Oigc",
        "tags": [
          "MISC"
        ],
        "images": [
          "https://pub-6d7574c4452b41519ab8adf1541d7f9e.r2.dev/seichi/sakurazaka/3AAjQbR6VpY3A6vRruIKdvSIDk7pVOcWHNPZ12XU_b3e2bc05.png",
          "https://pub-6d7574c4452b41519ab8adf1541d7f9e.r2.dev/seichi/sakurazaka/3AAjQbR5P-4HXYnyVf7kdwR4iJb5i4JXlUlqfPDC_5a7eb7f2.png",
          "https://img.youtube.com/vi/Nz-4tc4Oigc/hqdefault.jpg"
        ],
        "members": [],
        "source": {
          "provider": "fumi Diary 2号店",
          "url": "https://www.youtube.com/watch?v=Nz-4tc4Oigc",
          "mapId": "",
          "layer": "MISC",
          "tags": [
            "MISC"
          ],
          "name": "中華そば 高安"
        },
        "classification": {
          "category": "MISC",
          "subcategory": "MISC",
          "method": "legacy-import",
          "status": "unreviewed"
        },
        "classificationCandidates": {
          "members": [],
          "projects": [],
          "contentTypes": []
        }
      }
    },
    {
      "type": "Feature",
      "geometry": {
        "type": "Point",
        "coordinates": [
          135.770517,
          35.001881
        ]
      },
      "properties": {
        "id": "fumi-1288",
        "name": "鴨川遊歩道",
        "category": "MISC",
        "subcategory": "MISC",
        "categoryColor": "#0891b2",
        "address": "",
        "sceneTitle": "鴨川遊歩道",
        "sceneNote": "説明: 櫻坂46 山下瞳月 三期生Vlog撮影場所 http://blog.livedoor.jp/fumichen2/archives/57377343.html 住所: 〒600-8012 京都府京都市下京区斎藤町136 https://www.youtube.com/embed/Nz-4tc4Oigc",
        "sourceLabel": "fumi Diary 2号店",
        "sourceUrl": "https://www.youtube.com/watch?v=Nz-4tc4Oigc",
        "tags": [
          "MISC"
        ],
        "images": [
          "https://pub-6d7574c4452b41519ab8adf1541d7f9e.r2.dev/seichi/sakurazaka/3AAjQbR7OxdcjpdK0cn4mGXmHm5iXki8UBWisb2B_93f6206b.png",
          "https://img.youtube.com/vi/Nz-4tc4Oigc/hqdefault.jpg"
        ],
        "members": [],
        "source": {
          "provider": "fumi Diary 2号店",
          "url": "https://www.youtube.com/watch?v=Nz-4tc4Oigc",
          "mapId": "",
          "layer": "MISC",
          "tags": [
            "MISC"
          ],
          "name": "鴨川遊歩道"
        },
        "classification": {
          "category": "MISC",
          "subcategory": "MISC",
          "method": "legacy-import",
          "status": "unreviewed"
        },
        "classificationCandidates": {
          "members": [],
          "projects": [],
          "contentTypes": []
        }
      }
    },
    {
      "type": "Feature",
      "geometry": {
        "type": "Point",
        "coordinates": [
          135.779994,
          35.00023
        ]
      },
      "properties": {
        "id": "fumi-1289",
        "name": "高台寺公園",
        "category": "MISC",
        "subcategory": "MISC",
        "categoryColor": "#0891b2",
        "address": "",
        "sceneTitle": "高台寺公園",
        "sceneNote": "説明: 櫻坂46 山下瞳月 三期生Vlog撮影場所 http://blog.livedoor.jp/fumichen2/archives/57377343.html 住所: 〒605-0825 京都府京都市東山区下河原町463-28 https://www.youtube.com/embed/Nz-4tc4Oigc",
        "sourceLabel": "fumi Diary 2号店",
        "sourceUrl": "https://www.youtube.com/watch?v=Nz-4tc4Oigc",
        "tags": [
          "MISC"
        ],
        "images": [
          "https://pub-6d7574c4452b41519ab8adf1541d7f9e.r2.dev/seichi/sakurazaka/3AAjQbR7PJcAhotO3iZ_TrMSX5oYrIo-1q3uRrZ9_9f2f73ec.png",
          "https://img.youtube.com/vi/Nz-4tc4Oigc/hqdefault.jpg"
        ],
        "members": [],
        "source": {
          "provider": "fumi Diary 2号店",
          "url": "https://www.youtube.com/watch?v=Nz-4tc4Oigc",
          "mapId": "",
          "layer": "MISC",
          "tags": [
            "MISC"
          ],
          "name": "高台寺公園"
        },
        "classification": {
          "category": "MISC",
          "subcategory": "MISC",
          "method": "legacy-import",
          "status": "unreviewed"
        },
        "classificationCandidates": {
          "members": [],
          "projects": [],
          "contentTypes": []
        }
      }
    },
    {
      "type": "Feature",
      "geometry": {
        "type": "Point",
        "coordinates": [
          135.7593696,
          34.9875836
        ]
      },
      "properties": {
        "id": "fumi-1290",
        "name": "京都タワー",
        "category": "MISC",
        "subcategory": "MISC",
        "categoryColor": "#0891b2",
        "address": "",
        "sceneTitle": "京都タワー",
        "sceneNote": "説明: 櫻坂46 山下瞳月 三期生Vlog撮影場所 http://blog.livedoor.jp/fumichen2/archives/57377343.html 住所: 〒600-8216 京都市下京区烏丸通七条下る東塩小路町721-1 https://www.youtube.com/embed/Nz-4tc4Oigc",
        "sourceLabel": "fumi Diary 2号店",
        "sourceUrl": "https://www.youtube.com/watch?v=Nz-4tc4Oigc",
        "tags": [
          "MISC"
        ],
        "images": [
          "https://pub-6d7574c4452b41519ab8adf1541d7f9e.r2.dev/seichi/sakurazaka/3AAjQbR68PVz3GmVWAdU8oNHrnRl_cCefplhCZlf_86b81f25.png",
          "https://img.youtube.com/vi/Nz-4tc4Oigc/hqdefault.jpg"
        ],
        "members": [],
        "source": {
          "provider": "fumi Diary 2号店",
          "url": "https://www.youtube.com/watch?v=Nz-4tc4Oigc",
          "mapId": "",
          "layer": "MISC",
          "tags": [
            "MISC"
          ],
          "name": "京都タワー"
        },
        "classification": {
          "category": "MISC",
          "subcategory": "MISC",
          "method": "legacy-import",
          "status": "unreviewed"
        },
        "classificationCandidates": {
          "members": [],
          "projects": [],
          "contentTypes": []
        }
      }
    },
    {
      "type": "Feature",
      "geometry": {
        "type": "Point",
        "coordinates": [
          131.442897,
          31.872707
        ]
      },
      "properties": {
        "id": "fumi-1291",
        "name": "宮崎空港",
        "category": "MISC",
        "subcategory": "MISC",
        "categoryColor": "#0891b2",
        "address": "",
        "sceneTitle": "宮崎空港",
        "sceneNote": "説明: 櫻坂46 松田里奈、守屋麗奈「Go To サクラ旅 ～全国の桜名所巡り 時々メシ in 宮崎～」Vlog撮影場所 http://blog.livedoor.jp/fumichen2/archives/57322852.html 住所: 〒880-0912 宮崎県宮崎市大字赤江無番地 https://www.youtube.com/embed/gDVqo1Q-vEQ",
        "sourceLabel": "fumi Diary 2号店",
        "sourceUrl": "https://www.youtube.com/watch?v=gDVqo1Q-vEQ",
        "tags": [
          "MISC"
        ],
        "images": [
          "https://pub-6d7574c4452b41519ab8adf1541d7f9e.r2.dev/seichi/sakurazaka/3AAjQbR7S95rzaQzITXyWB_wmjRF8wh-ZvIqi1Qn_179d9796.png",
          "https://img.youtube.com/vi/gDVqo1Q-vEQ/hqdefault.jpg"
        ],
        "members": [],
        "source": {
          "provider": "fumi Diary 2号店",
          "url": "https://www.youtube.com/watch?v=gDVqo1Q-vEQ",
          "mapId": "",
          "layer": "MISC",
          "tags": [
            "MISC"
          ],
          "name": "宮崎空港"
        },
        "classification": {
          "category": "MISC",
          "subcategory": "MISC",
          "method": "legacy-import",
          "status": "unreviewed"
        },
        "classificationCandidates": {
          "members": [],
          "projects": [],
          "contentTypes": []
        }
      }
    },
    {
      "type": "Feature",
      "geometry": {
        "type": "Point",
        "coordinates": [
          131.4539951,
          31.9266803
        ]
      },
      "properties": {
        "id": "fumi-1292",
        "name": "元祖桝元辛麺 宮崎本店",
        "category": "MISC",
        "subcategory": "MISC",
        "categoryColor": "#0891b2",
        "address": "",
        "sceneTitle": "元祖桝元辛麺 宮崎本店",
        "sceneNote": "説明: 櫻坂46 松田里奈、守屋麗奈「Go To サクラ旅 ～全国の桜名所巡り 時々メシ in 宮崎～」Vlog撮影場所 http://blog.livedoor.jp/fumichen2/archives/57322852.html 住所: 〒880-0834 宮崎県宮崎市新別府町土田174-1 https://www.youtube.com/embed/gDVqo1Q-vEQ",
        "sourceLabel": "fumi Diary 2号店",
        "sourceUrl": "https://www.youtube.com/watch?v=gDVqo1Q-vEQ",
        "tags": [
          "MISC"
        ],
        "images": [
          "https://pub-6d7574c4452b41519ab8adf1541d7f9e.r2.dev/seichi/sakurazaka/3AAjQbR6GNuhB7yLFPREWpqwDimGEW2OUhnsUc19_1ebee3bb.png",
          "https://pub-6d7574c4452b41519ab8adf1541d7f9e.r2.dev/seichi/sakurazaka/3AAjQbR7fwwu4gpIGEPhOz0hx-_0wq15IZbyhd41_7ee46ad9.png",
          "https://pub-6d7574c4452b41519ab8adf1541d7f9e.r2.dev/seichi/sakurazaka/3AAjQbR4c-2CGwfeZP8VKyO-QTOtZf5Z_Glm1vyl_9a705d61.png",
          "https://pub-6d7574c4452b41519ab8adf1541d7f9e.r2.dev/seichi/sakurazaka/3AAjQbR5U0oow9vo8FRWcrcFw1hZz_UdcLSpbHWl_1c885327.png",
          "https://img.youtube.com/vi/gDVqo1Q-vEQ/hqdefault.jpg"
        ],
        "members": [],
        "source": {
          "provider": "fumi Diary 2号店",
          "url": "https://www.youtube.com/watch?v=gDVqo1Q-vEQ",
          "mapId": "",
          "layer": "MISC",
          "tags": [
            "MISC"
          ],
          "name": "元祖桝元辛麺 宮崎本店"
        },
        "classification": {
          "category": "MISC",
          "subcategory": "MISC",
          "method": "legacy-import",
          "status": "unreviewed"
        },
        "classificationCandidates": {
          "members": [],
          "projects": [],
          "contentTypes": []
        }
      }
    },
    {
      "type": "Feature",
      "geometry": {
        "type": "Point",
        "coordinates": [
          131.4151882,
          31.9478772
        ]
      },
      "properties": {
        "id": "fumi-1293",
        "name": "平和台公園",
        "category": "MISC",
        "subcategory": "MISC",
        "categoryColor": "#0891b2",
        "address": "",
        "sceneTitle": "平和台公園",
        "sceneNote": "説明: 櫻坂46 松田里奈、守屋麗奈「Go To サクラ旅 ～全国の桜名所巡り 時々メシ in 宮崎～」Vlog撮影場所 http://blog.livedoor.jp/fumichen2/archives/57322852.html 住所: 〒880-0035 宮崎県宮崎市下北方町越ケ迫6146 https://www.youtube.com/embed/gDVqo1Q-vEQ",
        "sourceLabel": "fumi Diary 2号店",
        "sourceUrl": "https://www.youtube.com/watch?v=gDVqo1Q-vEQ",
        "tags": [
          "MISC"
        ],
        "images": [
          "https://pub-6d7574c4452b41519ab8adf1541d7f9e.r2.dev/seichi/sakurazaka/3AAjQbR5-E8SeNPDZoeys0gaUqTjMOf039TOF2Sy_de53015d.png",
          "https://pub-6d7574c4452b41519ab8adf1541d7f9e.r2.dev/seichi/sakurazaka/3AAjQbR5gnW8v_uNaTlp9uPpjRurwJaUPFhFWQlZ_d29e5a59.png",
          "https://pub-6d7574c4452b41519ab8adf1541d7f9e.r2.dev/seichi/sakurazaka/3AAjQbR6C78fnlqu5TlhBc7hX8AXGQnXygvmFyc9_61563271.png",
          "https://pub-6d7574c4452b41519ab8adf1541d7f9e.r2.dev/seichi/sakurazaka/3AAjQbR5YKt0lg6UJCTTsO3bVPU4OdUObpAu1I6g_b4e39b12.png",
          "https://pub-6d7574c4452b41519ab8adf1541d7f9e.r2.dev/seichi/sakurazaka/3AAjQbR6yUQ5omxTgNLkLg5LIC0DDjQb5q0tCZth_e1ff47b9.png",
          "https://img.youtube.com/vi/gDVqo1Q-vEQ/hqdefault.jpg"
        ],
        "members": [],
        "source": {
          "provider": "fumi Diary 2号店",
          "url": "https://www.youtube.com/watch?v=gDVqo1Q-vEQ",
          "mapId": "",
          "layer": "MISC",
          "tags": [
            "MISC"
          ],
          "name": "平和台公園"
        },
        "classification": {
          "category": "MISC",
          "subcategory": "MISC",
          "method": "legacy-import",
          "status": "unreviewed"
        },
        "classificationCandidates": {
          "members": [],
          "projects": [],
          "contentTypes": []
        }
      }
    },
    {
      "type": "Feature",
      "geometry": {
        "type": "Point",
        "coordinates": [
          131.423694,
          31.9158801
        ]
      },
      "properties": {
        "id": "fumi-1294",
        "name": "おぐら 本店",
        "category": "MISC",
        "subcategory": "MISC",
        "categoryColor": "#0891b2",
        "address": "",
        "sceneTitle": "おぐら 本店",
        "sceneNote": "説明: 櫻坂46 松田里奈、守屋麗奈「Go To サクラ旅 ～全国の桜名所巡り 時々メシ in 宮崎～」Vlog撮影場所 http://blog.livedoor.jp/fumichen2/archives/57322852.html 住所: 〒880-0805 宮崎県宮崎市橘通東3-4-24 https://www.youtube.com/embed/gDVqo1Q-vEQ",
        "sourceLabel": "fumi Diary 2号店",
        "sourceUrl": "https://www.youtube.com/watch?v=gDVqo1Q-vEQ",
        "tags": [
          "MISC"
        ],
        "images": [
          "https://pub-6d7574c4452b41519ab8adf1541d7f9e.r2.dev/seichi/sakurazaka/3AAjQbR7ZFTdTxqZ4eMvnsh9-CrVnljo09m02Fl0_a6935a8f.png",
          "https://pub-6d7574c4452b41519ab8adf1541d7f9e.r2.dev/seichi/sakurazaka/3AAjQbR4FhVU55ZWq3uKHO3j6qipasMbVAYhoD-x_5b9ff2e7.png",
          "https://pub-6d7574c4452b41519ab8adf1541d7f9e.r2.dev/seichi/sakurazaka/3AAjQbR7s3gn2p2ERV194xbwSvZFWzMpd8xjTb25_3cdbf04e.png",
          "https://img.youtube.com/vi/gDVqo1Q-vEQ/hqdefault.jpg"
        ],
        "members": [],
        "source": {
          "provider": "fumi Diary 2号店",
          "url": "https://www.youtube.com/watch?v=gDVqo1Q-vEQ",
          "mapId": "",
          "layer": "MISC",
          "tags": [
            "MISC"
          ],
          "name": "おぐら 本店"
        },
        "classification": {
          "category": "MISC",
          "subcategory": "MISC",
          "method": "legacy-import",
          "status": "unreviewed"
        },
        "classificationCandidates": {
          "members": [],
          "projects": [],
          "contentTypes": []
        }
      }
    },
    {
      "type": "Feature",
      "geometry": {
        "type": "Point",
        "coordinates": [
          131.4240256,
          31.9163531
        ]
      },
      "properties": {
        "id": "fumi-1295",
        "name": "四季ふれあいモール",
        "category": "MISC",
        "subcategory": "MISC",
        "categoryColor": "#0891b2",
        "address": "",
        "sceneTitle": "四季ふれあいモール",
        "sceneNote": "説明: 櫻坂46 松田里奈、守屋麗奈「Go To サクラ旅 ～全国の桜名所巡り 時々メシ in 宮崎～」Vlog撮影場所 http://blog.livedoor.jp/fumichen2/archives/57322852.html 住所: 〒880-0805 宮崎県宮崎市橘通東3-4-12 https://www.youtube.com/embed/gDVqo1Q-vEQ",
        "sourceLabel": "fumi Diary 2号店",
        "sourceUrl": "https://www.youtube.com/watch?v=gDVqo1Q-vEQ",
        "tags": [
          "MISC"
        ],
        "images": [
          "https://pub-6d7574c4452b41519ab8adf1541d7f9e.r2.dev/seichi/sakurazaka/3AAjQbR7CWJwRVY97-mTrgaQbGqpN8AOSCTkjk1G_7bbe0287.png",
          "https://img.youtube.com/vi/gDVqo1Q-vEQ/hqdefault.jpg"
        ],
        "members": [],
        "source": {
          "provider": "fumi Diary 2号店",
          "url": "https://www.youtube.com/watch?v=gDVqo1Q-vEQ",
          "mapId": "",
          "layer": "MISC",
          "tags": [
            "MISC"
          ],
          "name": "四季ふれあいモール"
        },
        "classification": {
          "category": "MISC",
          "subcategory": "MISC",
          "method": "legacy-import",
          "status": "unreviewed"
        },
        "classificationCandidates": {
          "members": [],
          "projects": [],
          "contentTypes": []
        }
      }
    },
    {
      "type": "Feature",
      "geometry": {
        "type": "Point",
        "coordinates": [
          130.447925,
          33.598483
        ]
      },
      "properties": {
        "id": "fumi-1296",
        "name": "福岡空港 国内線旅客ターミナル",
        "category": "MISC",
        "subcategory": "MISC",
        "categoryColor": "#0891b2",
        "address": "",
        "sceneTitle": "福岡空港 国内線旅客ターミナル",
        "sceneNote": "説明: 櫻坂46 関有美子、森田ひかる「Go To サクラ旅 ～全国の桜名所巡り 時々メシ in 福岡～」Vlog撮影場所 http://blog.livedoor.jp/fumichen2/archives/57336515.html 住所: 〒812-0003 福岡県福岡市博多区下臼井778-1 https://www.youtube.com/embed/_rUep0-AYBA",
        "sourceLabel": "fumi Diary 2号店",
        "sourceUrl": "https://www.youtube.com/watch?v=_rUep0-AYBA",
        "tags": [
          "MISC"
        ],
        "images": [
          "https://pub-6d7574c4452b41519ab8adf1541d7f9e.r2.dev/seichi/sakurazaka/3AAjQbR70OY9kjG6LZk3mxU-pppb5Jnw1G0vL7XD_1e26ad94.png",
          "https://img.youtube.com/vi/_rUep0-AYBA/hqdefault.jpg"
        ],
        "members": [],
        "source": {
          "provider": "fumi Diary 2号店",
          "url": "https://www.youtube.com/watch?v=_rUep0-AYBA",
          "mapId": "",
          "layer": "MISC",
          "tags": [
            "MISC"
          ],
          "name": "福岡空港 国内線旅客ターミナル"
        },
        "classification": {
          "category": "MISC",
          "subcategory": "MISC",
          "method": "legacy-import",
          "status": "unreviewed"
        },
        "classificationCandidates": {
          "members": [],
          "projects": [],
          "contentTypes": []
        }
      }
    },
    {
      "type": "Feature",
      "geometry": {
        "type": "Point",
        "coordinates": [
          130.4102889,
          33.5964586
        ]
      },
      "properties": {
        "id": "fumi-1297",
        "name": "割烹 よし田",
        "category": "MISC",
        "subcategory": "MISC",
        "categoryColor": "#0891b2",
        "address": "",
        "sceneTitle": "割烹 よし田",
        "sceneNote": "説明: 櫻坂46 関有美子、森田ひかる「Go To サクラ旅 ～全国の桜名所巡り 時々メシ in 福岡～」Vlog撮影場所 http://blog.livedoor.jp/fumichen2/archives/57336515.html 住所: 〒812-0025 福岡県福岡市博多区店屋町1-16 https://www.youtube.com/embed/_rUep0-AYBA",
        "sourceLabel": "fumi Diary 2号店",
        "sourceUrl": "https://www.youtube.com/watch?v=_rUep0-AYBA",
        "tags": [
          "MISC"
        ],
        "images": [
          "https://pub-6d7574c4452b41519ab8adf1541d7f9e.r2.dev/seichi/sakurazaka/3AAjQbR7tOCn1-Xkuw3_4q04ZmUFnKnLSmdiMIRM_7d7e9f21.png",
          "https://pub-6d7574c4452b41519ab8adf1541d7f9e.r2.dev/seichi/sakurazaka/3AAjQbR6Iapodk6gG_Bb3-MgTRkxEm_0jrT9C0f3_a041f5a7.png",
          "https://pub-6d7574c4452b41519ab8adf1541d7f9e.r2.dev/seichi/sakurazaka/3AAjQbR6b0nWE_KImRvD0etjUHUqDiGtx0z6dGhw_b6edae8a.png",
          "https://pub-6d7574c4452b41519ab8adf1541d7f9e.r2.dev/seichi/sakurazaka/3AAjQbR6BHdwHeCJNa015GjoKzJhR3iSelDNmazo_1506a15e.png",
          "https://img.youtube.com/vi/_rUep0-AYBA/hqdefault.jpg"
        ],
        "members": [],
        "source": {
          "provider": "fumi Diary 2号店",
          "url": "https://www.youtube.com/watch?v=_rUep0-AYBA",
          "mapId": "",
          "layer": "MISC",
          "tags": [
            "MISC"
          ],
          "name": "割烹 よし田"
        },
        "classification": {
          "category": "MISC",
          "subcategory": "MISC",
          "method": "legacy-import",
          "status": "unreviewed"
        },
        "classificationCandidates": {
          "members": [],
          "projects": [],
          "contentTypes": []
        }
      }
    },
    {
      "type": "Feature",
      "geometry": {
        "type": "Point",
        "coordinates": [
          130.3508602,
          33.5929717
        ]
      },
      "properties": {
        "id": "fumi-1298",
        "name": "RKB毎日放送",
        "category": "MISC",
        "subcategory": "MISC",
        "categoryColor": "#0891b2",
        "address": "",
        "sceneTitle": "RKB毎日放送",
        "sceneNote": "説明: 櫻坂46 関有美子、森田ひかる「Go To サクラ旅 ～全国の桜名所巡り 時々メシ in 福岡～」Vlog撮影場所 http://blog.livedoor.jp/fumichen2/archives/57336515.html 住所: 〒814-8585 福岡県福岡市早良区百道浜2-3-8 https://www.youtube.com/embed/_rUep0-AYBA",
        "sourceLabel": "fumi Diary 2号店",
        "sourceUrl": "https://www.youtube.com/watch?v=_rUep0-AYBA",
        "tags": [
          "MISC"
        ],
        "images": [
          "https://pub-6d7574c4452b41519ab8adf1541d7f9e.r2.dev/seichi/sakurazaka/3AAjQbR6cI4QpdAGvhBAF7YBMpEHDYhoRS5_wKW7_f16564d1.png",
          "https://pub-6d7574c4452b41519ab8adf1541d7f9e.r2.dev/seichi/sakurazaka/3AAjQbR6o2OjOFm2b_5AnGm5YtWjqfns6q18UUQI_71438a8d.png",
          "https://img.youtube.com/vi/_rUep0-AYBA/hqdefault.jpg"
        ],
        "members": [],
        "source": {
          "provider": "fumi Diary 2号店",
          "url": "https://www.youtube.com/watch?v=_rUep0-AYBA",
          "mapId": "",
          "layer": "MISC",
          "tags": [
            "MISC"
          ],
          "name": "RKB毎日放送"
        },
        "classification": {
          "category": "MISC",
          "subcategory": "MISC",
          "method": "legacy-import",
          "status": "unreviewed"
        },
        "classificationCandidates": {
          "members": [],
          "projects": [],
          "contentTypes": []
        }
      }
    },
    {
      "type": "Feature",
      "geometry": {
        "type": "Point",
        "coordinates": [
          130.381832,
          33.586505
        ]
      },
      "properties": {
        "id": "fumi-1299",
        "name": "舞鶴公園 入口",
        "category": "MISC",
        "subcategory": "MISC",
        "categoryColor": "#0891b2",
        "address": "",
        "sceneTitle": "舞鶴公園 入口",
        "sceneNote": "説明: 櫻坂46 関有美子、森田ひかる「Go To サクラ旅 ～全国の桜名所巡り 時々メシ in 福岡～」Vlog撮影場所 http://blog.livedoor.jp/fumichen2/archives/57336515.html 住所: 〒810-0043 福岡県福岡市中央区城内1-4 https://www.youtube.com/embed/_rUep0-AYBA",
        "sourceLabel": "fumi Diary 2号店",
        "sourceUrl": "https://www.youtube.com/watch?v=_rUep0-AYBA",
        "tags": [
          "MISC"
        ],
        "images": [
          "https://pub-6d7574c4452b41519ab8adf1541d7f9e.r2.dev/seichi/sakurazaka/3AAjQbR442jcTpSBWPx8M0IdiCrxemlFkCGagrGX_86359ba5.png",
          "https://img.youtube.com/vi/_rUep0-AYBA/hqdefault.jpg"
        ],
        "members": [],
        "source": {
          "provider": "fumi Diary 2号店",
          "url": "https://www.youtube.com/watch?v=_rUep0-AYBA",
          "mapId": "",
          "layer": "MISC",
          "tags": [
            "MISC"
          ],
          "name": "舞鶴公園 入口"
        },
        "classification": {
          "category": "MISC",
          "subcategory": "MISC",
          "method": "legacy-import",
          "status": "unreviewed"
        },
        "classificationCandidates": {
          "members": [],
          "projects": [],
          "contentTypes": []
        }
      }
    },
    {
      "type": "Feature",
      "geometry": {
        "type": "Point",
        "coordinates": [
          130.382044,
          33.586137
        ]
      },
      "properties": {
        "id": "fumi-1300",
        "name": "舞鶴公園 福岡城 松ノ木坂",
        "category": "MISC",
        "subcategory": "MISC",
        "categoryColor": "#0891b2",
        "address": "",
        "sceneTitle": "舞鶴公園 福岡城 松ノ木坂",
        "sceneNote": "説明: 櫻坂46 関有美子、森田ひかる「Go To サクラ旅 ～全国の桜名所巡り 時々メシ in 福岡～」Vlog撮影場所 http://blog.livedoor.jp/fumichen2/archives/57336515.html 住所: 〒810-0043 福岡県福岡市中央区城内1-4 https://www.youtube.com/embed/_rUep0-AYBA",
        "sourceLabel": "fumi Diary 2号店",
        "sourceUrl": "https://www.youtube.com/watch?v=_rUep0-AYBA",
        "tags": [
          "MISC"
        ],
        "images": [
          "https://pub-6d7574c4452b41519ab8adf1541d7f9e.r2.dev/seichi/sakurazaka/3AAjQbR4T45-Y921bGumculxaFctwUL9vMaOUJWG_e3e81de7.png",
          "https://img.youtube.com/vi/_rUep0-AYBA/hqdefault.jpg"
        ],
        "members": [],
        "source": {
          "provider": "fumi Diary 2号店",
          "url": "https://www.youtube.com/watch?v=_rUep0-AYBA",
          "mapId": "",
          "layer": "MISC",
          "tags": [
            "MISC"
          ],
          "name": "舞鶴公園 福岡城 松ノ木坂"
        },
        "classification": {
          "category": "MISC",
          "subcategory": "MISC",
          "method": "legacy-import",
          "status": "unreviewed"
        },
        "classificationCandidates": {
          "members": [],
          "projects": [],
          "contentTypes": []
        }
      }
    },
    {
      "type": "Feature",
      "geometry": {
        "type": "Point",
        "coordinates": [
          130.383154,
          33.585645
        ]
      },
      "properties": {
        "id": "fumi-1301",
        "name": "舞鶴公園 福岡城 表御門跡",
        "category": "MISC",
        "subcategory": "MISC",
        "categoryColor": "#0891b2",
        "address": "",
        "sceneTitle": "舞鶴公園 福岡城 表御門跡",
        "sceneNote": "説明: 櫻坂46 関有美子、森田ひかる「Go To サクラ旅 ～全国の桜名所巡り 時々メシ in 福岡～」Vlog撮影場所 http://blog.livedoor.jp/fumichen2/archives/57336515.html 住所: 〒810-0043 福岡県福岡市中央区城内1-4 https://www.youtube.com/embed/_rUep0-AYBA",
        "sourceLabel": "fumi Diary 2号店",
        "sourceUrl": "https://www.youtube.com/watch?v=_rUep0-AYBA",
        "tags": [
          "MISC"
        ],
        "images": [
          "https://pub-6d7574c4452b41519ab8adf1541d7f9e.r2.dev/seichi/sakurazaka/3AAjQbR50Ds0ZhfKFwvHr7585Zt_2aZj_y33OT3j_54e0b281.png",
          "https://img.youtube.com/vi/_rUep0-AYBA/hqdefault.jpg"
        ],
        "members": [],
        "source": {
          "provider": "fumi Diary 2号店",
          "url": "https://www.youtube.com/watch?v=_rUep0-AYBA",
          "mapId": "",
          "layer": "MISC",
          "tags": [
            "MISC"
          ],
          "name": "舞鶴公園 福岡城 表御門跡"
        },
        "classification": {
          "category": "MISC",
          "subcategory": "MISC",
          "method": "legacy-import",
          "status": "unreviewed"
        },
        "classificationCandidates": {
          "members": [],
          "projects": [],
          "contentTypes": []
        }
      }
    },
    {
      "type": "Feature",
      "geometry": {
        "type": "Point",
        "coordinates": [
          130.383213,
          33.584413
        ]
      },
      "properties": {
        "id": "fumi-1302",
        "name": "舞鶴公園 福岡城 天守台",
        "category": "MISC",
        "subcategory": "MISC",
        "categoryColor": "#0891b2",
        "address": "",
        "sceneTitle": "舞鶴公園 福岡城 天守台",
        "sceneNote": "説明: 櫻坂46 関有美子、森田ひかる「Go To サクラ旅 ～全国の桜名所巡り 時々メシ in 福岡～」Vlog撮影場所 http://blog.livedoor.jp/fumichen2/archives/57336515.html 住所: 〒810-0043 福岡県福岡市中央区城内1-4 https://www.youtube.com/embed/_rUep0-AYBA",
        "sourceLabel": "fumi Diary 2号店",
        "sourceUrl": "https://www.youtube.com/watch?v=_rUep0-AYBA",
        "tags": [
          "MISC"
        ],
        "images": [
          "https://pub-6d7574c4452b41519ab8adf1541d7f9e.r2.dev/seichi/sakurazaka/3AAjQbR6vQANCosEA_VzLhgm_celZRzupwS1P1eZ_35f6ca19.png",
          "https://img.youtube.com/vi/_rUep0-AYBA/hqdefault.jpg"
        ],
        "members": [],
        "source": {
          "provider": "fumi Diary 2号店",
          "url": "https://www.youtube.com/watch?v=_rUep0-AYBA",
          "mapId": "",
          "layer": "MISC",
          "tags": [
            "MISC"
          ],
          "name": "舞鶴公園 福岡城 天守台"
        },
        "classification": {
          "category": "MISC",
          "subcategory": "MISC",
          "method": "legacy-import",
          "status": "unreviewed"
        },
        "classificationCandidates": {
          "members": [],
          "projects": [],
          "contentTypes": []
        }
      }
    },
    {
      "type": "Feature",
      "geometry": {
        "type": "Point",
        "coordinates": [
          130.382585,
          33.584738
        ]
      },
      "properties": {
        "id": "fumi-1303",
        "name": "舞鶴公園 福岡城 古時打櫓跡",
        "category": "MISC",
        "subcategory": "MISC",
        "categoryColor": "#0891b2",
        "address": "",
        "sceneTitle": "舞鶴公園 福岡城 古時打櫓跡",
        "sceneNote": "説明: 櫻坂46 関有美子、森田ひかる「Go To サクラ旅 ～全国の桜名所巡り 時々メシ in 福岡～」Vlog撮影場所 http://blog.livedoor.jp/fumichen2/archives/57336515.html 住所: 〒810-0043 福岡県福岡市中央区城内1-4 https://www.youtube.com/embed/_rUep0-AYBA",
        "sourceLabel": "fumi Diary 2号店",
        "sourceUrl": "https://www.youtube.com/watch?v=_rUep0-AYBA",
        "tags": [
          "MISC"
        ],
        "images": [
          "https://pub-6d7574c4452b41519ab8adf1541d7f9e.r2.dev/seichi/sakurazaka/3AAjQbR5YKeZYijr9wMDDoXD_Xmkoe_BK4iUuSmb_5d3a28b6.png",
          "https://img.youtube.com/vi/_rUep0-AYBA/hqdefault.jpg"
        ],
        "members": [],
        "source": {
          "provider": "fumi Diary 2号店",
          "url": "https://www.youtube.com/watch?v=_rUep0-AYBA",
          "mapId": "",
          "layer": "MISC",
          "tags": [
            "MISC"
          ],
          "name": "舞鶴公園 福岡城 古時打櫓跡"
        },
        "classification": {
          "category": "MISC",
          "subcategory": "MISC",
          "method": "legacy-import",
          "status": "unreviewed"
        },
        "classificationCandidates": {
          "members": [],
          "projects": [],
          "contentTypes": []
        }
      }
    },
    {
      "type": "Feature",
      "geometry": {
        "type": "Point",
        "coordinates": [
          135.500228,
          34.733102
        ]
      },
      "properties": {
        "id": "fumi-1304",
        "name": "JR新大阪駅  3F",
        "category": "MISC",
        "subcategory": "MISC",
        "categoryColor": "#0891b2",
        "address": "",
        "sceneTitle": "JR新大阪駅  3F",
        "sceneNote": "説明: 櫻坂46 小池美波、藤吉夏鈴「Go To サクラ旅 ～全国の桜名所巡り 時々メシ in 大阪～」Vlog撮影場所 http://blog.livedoor.jp/fumichen2/archives/57339745.html 住所: 〒532-0011 大阪府大阪市淀川区西中島5-16-1 https://www.youtube.com/embed/H7KEznMGEns",
        "sourceLabel": "fumi Diary 2号店",
        "sourceUrl": "https://www.youtube.com/watch?v=H7KEznMGEns",
        "tags": [
          "MISC"
        ],
        "images": [
          "https://pub-6d7574c4452b41519ab8adf1541d7f9e.r2.dev/seichi/sakurazaka/3AAjQbR59IuzZfP-aJ_CE1cIVY4gn4EEHQfWcpa6_6fc5dfe3.png",
          "https://img.youtube.com/vi/H7KEznMGEns/hqdefault.jpg"
        ],
        "members": [],
        "source": {
          "provider": "fumi Diary 2号店",
          "url": "https://www.youtube.com/watch?v=H7KEznMGEns",
          "mapId": "",
          "layer": "MISC",
          "tags": [
            "MISC"
          ],
          "name": "JR新大阪駅  3F"
        },
        "classification": {
          "category": "MISC",
          "subcategory": "MISC",
          "method": "legacy-import",
          "status": "unreviewed"
        },
        "classificationCandidates": {
          "members": [],
          "projects": [],
          "contentTypes": []
        }
      }
    },
    {
      "type": "Feature",
      "geometry": {
        "type": "Point",
        "coordinates": [
          135.5319275,
          34.6906895
        ]
      },
      "properties": {
        "id": "fumi-1305",
        "name": "読売テレビ",
        "category": "MISC",
        "subcategory": "MISC",
        "categoryColor": "#0891b2",
        "address": "",
        "sceneTitle": "読売テレビ",
        "sceneNote": "説明: 櫻坂46 小池美波、藤吉夏鈴「Go To サクラ旅 ～全国の桜名所巡り 時々メシ in 大阪～」Vlog撮影場所 http://blog.livedoor.jp/fumichen2/archives/57339745.html 住所: 〒540-8510 大阪市中央区城見1-3-50 https://www.youtube.com/embed/H7KEznMGEns",
        "sourceLabel": "fumi Diary 2号店",
        "sourceUrl": "https://www.youtube.com/watch?v=H7KEznMGEns",
        "tags": [
          "MISC"
        ],
        "images": [
          "https://pub-6d7574c4452b41519ab8adf1541d7f9e.r2.dev/seichi/sakurazaka/3AAjQbR6dzAgOs_lxFxy4I0qdggbeX44RSMk1Fde_c309205b.png",
          "https://pub-6d7574c4452b41519ab8adf1541d7f9e.r2.dev/seichi/sakurazaka/3AAjQbR6zpRGCzH8N0VgOyltdMIVoK3A0IwWfG6t_9f1f244c.png",
          "https://img.youtube.com/vi/H7KEznMGEns/hqdefault.jpg"
        ],
        "members": [],
        "source": {
          "provider": "fumi Diary 2号店",
          "url": "https://www.youtube.com/watch?v=H7KEznMGEns",
          "mapId": "",
          "layer": "MISC",
          "tags": [
            "MISC"
          ],
          "name": "読売テレビ"
        },
        "classification": {
          "category": "MISC",
          "subcategory": "MISC",
          "method": "legacy-import",
          "status": "unreviewed"
        },
        "classificationCandidates": {
          "members": [],
          "projects": [],
          "contentTypes": []
        }
      }
    },
    {
      "type": "Feature",
      "geometry": {
        "type": "Point",
        "coordinates": [
          135.529411,
          34.688101
        ]
      },
      "properties": {
        "id": "fumi-1306",
        "name": "大阪城公園",
        "category": "MISC",
        "subcategory": "MISC",
        "categoryColor": "#0891b2",
        "address": "",
        "sceneTitle": "大阪城公園",
        "sceneNote": "説明: 櫻坂46 小池美波、藤吉夏鈴「Go To サクラ旅 ～全国の桜名所巡り 時々メシ in 大阪～」Vlog撮影場所 http://blog.livedoor.jp/fumichen2/archives/57339745.html 住所: 〒540-0002 大阪府大阪市中央区大阪城3 https://www.youtube.com/embed/H7KEznMGEns",
        "sourceLabel": "fumi Diary 2号店",
        "sourceUrl": "https://www.youtube.com/watch?v=H7KEznMGEns",
        "tags": [
          "MISC"
        ],
        "images": [
          "https://pub-6d7574c4452b41519ab8adf1541d7f9e.r2.dev/seichi/sakurazaka/3AAjQbR5-AwgVB2SCLu_XNFEU1Za35G6-mRH1KmS_466730d2.png",
          "https://img.youtube.com/vi/H7KEznMGEns/hqdefault.jpg"
        ],
        "members": [],
        "source": {
          "provider": "fumi Diary 2号店",
          "url": "https://www.youtube.com/watch?v=H7KEznMGEns",
          "mapId": "",
          "layer": "MISC",
          "tags": [
            "MISC"
          ],
          "name": "大阪城公園"
        },
        "classification": {
          "category": "MISC",
          "subcategory": "MISC",
          "method": "legacy-import",
          "status": "unreviewed"
        },
        "classificationCandidates": {
          "members": [],
          "projects": [],
          "contentTypes": []
        }
      }
    },
    {
      "type": "Feature",
      "geometry": {
        "type": "Point",
        "coordinates": [
          135.5063203,
          34.6525901
        ]
      },
      "properties": {
        "id": "fumi-1307",
        "name": "通天閣",
        "category": "MISC",
        "subcategory": "MISC",
        "categoryColor": "#0891b2",
        "address": "",
        "sceneTitle": "通天閣",
        "sceneNote": "説明: 櫻坂46 小池美波、藤吉夏鈴「Go To サクラ旅 ～全国の桜名所巡り 時々メシ in 大阪～」Vlog撮影場所 http://blog.livedoor.jp/fumichen2/archives/57339745.html 住所: 〒556-0002 大阪府大阪市浪速区恵美須東1-18-6 https://www.youtube.com/embed/H7KEznMGEns",
        "sourceLabel": "fumi Diary 2号店",
        "sourceUrl": "https://www.youtube.com/watch?v=H7KEznMGEns",
        "tags": [
          "MISC"
        ],
        "images": [
          "https://pub-6d7574c4452b41519ab8adf1541d7f9e.r2.dev/seichi/sakurazaka/3AAjQbR7SV-r-aGVGJHqKF3DnXLE-P20yt2br7_v_1f40839a.png",
          "https://pub-6d7574c4452b41519ab8adf1541d7f9e.r2.dev/seichi/sakurazaka/3AAjQbR470uUdfPmfTj1TicxGoBIk30rbNr15Gcq_ae2c430e.png",
          "https://pub-6d7574c4452b41519ab8adf1541d7f9e.r2.dev/seichi/sakurazaka/3AAjQbR6rfe4rulig8pW5lyaMWtLXdI5flvb3bea_ee436efd.png",
          "https://pub-6d7574c4452b41519ab8adf1541d7f9e.r2.dev/seichi/sakurazaka/3AAjQbR6SOvFKKu2cLQZd43iqvJ2OZegTBTzawk9_e05239b7.png",
          "https://img.youtube.com/vi/H7KEznMGEns/hqdefault.jpg"
        ],
        "members": [],
        "source": {
          "provider": "fumi Diary 2号店",
          "url": "https://www.youtube.com/watch?v=H7KEznMGEns",
          "mapId": "",
          "layer": "MISC",
          "tags": [
            "MISC"
          ],
          "name": "通天閣"
        },
        "classification": {
          "category": "MISC",
          "subcategory": "MISC",
          "method": "legacy-import",
          "status": "unreviewed"
        },
        "classificationCandidates": {
          "members": [],
          "projects": [],
          "contentTypes": []
        }
      }
    },
    {
      "type": "Feature",
      "geometry": {
        "type": "Point",
        "coordinates": [
          135.4952708,
          34.6685581
        ]
      },
      "properties": {
        "id": "fumi-1308",
        "name": "FM大阪 85.1",
        "category": "MISC",
        "subcategory": "MISC",
        "categoryColor": "#0891b2",
        "address": "",
        "sceneTitle": "FM大阪 85.1",
        "sceneNote": "説明: 櫻坂46 小池美波、藤吉夏鈴「Go To サクラ旅 ～全国の桜名所巡り 時々メシ in 大阪～」Vlog撮影場所 http://blog.livedoor.jp/fumichen2/archives/57339745.html 住所: 〒556-8510 大阪市浪速区湊町1-3-1 湊町リバープレイス 1F https://www.youtube.com/embed/H7KEznMGEns",
        "sourceLabel": "fumi Diary 2号店",
        "sourceUrl": "https://www.youtube.com/watch?v=H7KEznMGEns",
        "tags": [
          "MISC"
        ],
        "images": [
          "https://pub-6d7574c4452b41519ab8adf1541d7f9e.r2.dev/seichi/sakurazaka/3AAjQbR7YV8fOhpEZ-xN9HEzi5VaYgD3cfJnSONC_fb7c496c.png",
          "https://pub-6d7574c4452b41519ab8adf1541d7f9e.r2.dev/seichi/sakurazaka/3AAjQbR6h8E_hNmcY8pwPEIoE2wqh1N6VGzKFvvg_180d6721.png",
          "https://pub-6d7574c4452b41519ab8adf1541d7f9e.r2.dev/seichi/sakurazaka/3AAjQbR46womaSBUX53KS14c61nb-uV6UYNT11pN_40136edb.png",
          "https://img.youtube.com/vi/H7KEznMGEns/hqdefault.jpg"
        ],
        "members": [],
        "source": {
          "provider": "fumi Diary 2号店",
          "url": "https://www.youtube.com/watch?v=H7KEznMGEns",
          "mapId": "",
          "layer": "MISC",
          "tags": [
            "MISC"
          ],
          "name": "FM大阪 85.1"
        },
        "classification": {
          "category": "MISC",
          "subcategory": "MISC",
          "method": "legacy-import",
          "status": "unreviewed"
        },
        "classificationCandidates": {
          "members": [],
          "projects": [],
          "contentTypes": []
        }
      }
    },
    {
      "type": "Feature",
      "geometry": {
        "type": "Point",
        "coordinates": [
          135.4955981,
          34.6667817
        ]
      },
      "properties": {
        "id": "fumi-1309",
        "name": "鶴橋風月 OCAT店",
        "category": "MISC",
        "subcategory": "MISC",
        "categoryColor": "#0891b2",
        "address": "",
        "sceneTitle": "鶴橋風月 OCAT店",
        "sceneNote": "説明: 櫻坂46 小池美波、藤吉夏鈴「Go To サクラ旅 ～全国の桜名所巡り 時々メシ in 大阪～」Vlog撮影場所 http://blog.livedoor.jp/fumichen2/archives/57339745.html 住所: 〒556-0017 大阪府大阪市浪速区湊町1-4-1 JR難波駅OCATビル 5F https://www.youtube.com/embed/H7KEznMGEns",
        "sourceLabel": "fumi Diary 2号店",
        "sourceUrl": "https://www.youtube.com/watch?v=H7KEznMGEns",
        "tags": [
          "MISC"
        ],
        "images": [
          "https://pub-6d7574c4452b41519ab8adf1541d7f9e.r2.dev/seichi/sakurazaka/3AAjQbR7DhlAucRxsvx4lbJEJczb9TDBGRsznAdB_3da8b59f.png",
          "https://pub-6d7574c4452b41519ab8adf1541d7f9e.r2.dev/seichi/sakurazaka/3AAjQbR7wxWJQV5RMeS23YFFBfUat8vHD8d_j_mr_754e959c.png",
          "https://pub-6d7574c4452b41519ab8adf1541d7f9e.r2.dev/seichi/sakurazaka/3AAjQbR47RsSy3STeU2Y_Elfz1w6Dj2x01osgqGn_b7a6a44b.png",
          "https://img.youtube.com/vi/H7KEznMGEns/hqdefault.jpg"
        ],
        "members": [],
        "source": {
          "provider": "fumi Diary 2号店",
          "url": "https://www.youtube.com/watch?v=H7KEznMGEns",
          "mapId": "",
          "layer": "MISC",
          "tags": [
            "MISC"
          ],
          "name": "鶴橋風月 OCAT店"
        },
        "classification": {
          "category": "MISC",
          "subcategory": "MISC",
          "method": "legacy-import",
          "status": "unreviewed"
        },
        "classificationCandidates": {
          "members": [],
          "projects": [],
          "contentTypes": []
        }
      }
    },
    {
      "type": "Feature",
      "geometry": {
        "type": "Point",
        "coordinates": [
          135.4984659,
          34.7049733
        ]
      },
      "properties": {
        "id": "fumi-1310",
        "name": "宇治園 喫茶去 阪急三番街店",
        "category": "MISC",
        "subcategory": "MISC",
        "categoryColor": "#0891b2",
        "address": "",
        "sceneTitle": "宇治園 喫茶去 阪急三番街店",
        "sceneNote": "説明: 櫻坂46 小池美波、藤吉夏鈴「Go To サクラ旅 ～全国の桜名所巡り 時々メシ in 大阪～」Vlog撮影場所 http://blog.livedoor.jp/fumichen2/archives/57339745.html 住所: 〒530-0012 大阪府大阪市北区芝田1-1-3 阪急三番街 (南館B2F) https://www.youtube.com/embed/H7KEznMGEns",
        "sourceLabel": "fumi Diary 2号店",
        "sourceUrl": "https://www.youtube.com/watch?v=H7KEznMGEns",
        "tags": [
          "MISC"
        ],
        "images": [
          "https://pub-6d7574c4452b41519ab8adf1541d7f9e.r2.dev/seichi/sakurazaka/3AAjQbR6DE-AkyDdLG_8PM3ZpK6MMCUYy2n1FjCn_4b180cbe.png",
          "https://pub-6d7574c4452b41519ab8adf1541d7f9e.r2.dev/seichi/sakurazaka/3AAjQbR4jq-Jj5W9pq3KP5jxGRKkyXiZdudRr4xu_5e29a758.png",
          "https://img.youtube.com/vi/H7KEznMGEns/hqdefault.jpg"
        ],
        "members": [],
        "source": {
          "provider": "fumi Diary 2号店",
          "url": "https://www.youtube.com/watch?v=H7KEznMGEns",
          "mapId": "",
          "layer": "MISC",
          "tags": [
            "MISC"
          ],
          "name": "宇治園 喫茶去 阪急三番街店"
        },
        "classification": {
          "category": "MISC",
          "subcategory": "MISC",
          "method": "legacy-import",
          "status": "unreviewed"
        },
        "classificationCandidates": {
          "members": [],
          "projects": [],
          "contentTypes": []
        }
      }
    },
    {
      "type": "Feature",
      "geometry": {
        "type": "Point",
        "coordinates": [
          138.91067,
          35.127387
        ]
      },
      "properties": {
        "id": "fumi-1311",
        "name": "JR三島駅",
        "category": "MISC",
        "subcategory": "MISC",
        "categoryColor": "#0891b2",
        "address": "",
        "sceneTitle": "JR三島駅",
        "sceneNote": "説明: 櫻坂46 大沼晶保、幸阪茉里乃「Go To サクラ旅 ～全国の桜名所巡り 時々メシ in 静岡・愛知～」Vlog撮影場所 http://blog.livedoor.jp/fumichen2/archives/57346477.html 住所: 〒411-0033 静岡県三島市文教町1丁目8 https://www.youtube.com/embed/w_delyCQVwA",
        "sourceLabel": "fumi Diary 2号店",
        "sourceUrl": "https://www.youtube.com/watch?v=w_delyCQVwA",
        "tags": [
          "MISC"
        ],
        "images": [
          "https://pub-6d7574c4452b41519ab8adf1541d7f9e.r2.dev/seichi/sakurazaka/3AAjQbR6N193qVN_nBgakThH8RgM3WhubCq71HxK_51691e07.png",
          "https://img.youtube.com/vi/w_delyCQVwA/hqdefault.jpg"
        ],
        "members": [],
        "source": {
          "provider": "fumi Diary 2号店",
          "url": "https://www.youtube.com/watch?v=w_delyCQVwA",
          "mapId": "",
          "layer": "MISC",
          "tags": [
            "MISC"
          ],
          "name": "JR三島駅"
        },
        "classification": {
          "category": "MISC",
          "subcategory": "MISC",
          "method": "legacy-import",
          "status": "unreviewed"
        },
        "classificationCandidates": {
          "members": [],
          "projects": [],
          "contentTypes": []
        }
      }
    },
    {
      "type": "Feature",
      "geometry": {
        "type": "Point",
        "coordinates": [
          138.8962124,
          35.0265225
        ]
      },
      "properties": {
        "id": "fumi-1312",
        "name": "いけすや",
        "category": "MISC",
        "subcategory": "MISC",
        "categoryColor": "#0891b2",
        "address": "",
        "sceneTitle": "いけすや",
        "sceneNote": "説明: 櫻坂46 大沼晶保、幸阪茉里乃「Go To サクラ旅 ～全国の桜名所巡り 時々メシ in 静岡・愛知～」Vlog撮影場所 http://blog.livedoor.jp/fumichen2/archives/57346477.html 住所: 〒410-0222 静岡県沼津市内浦小海30-103 https://www.youtube.com/embed/w_delyCQVwA",
        "sourceLabel": "fumi Diary 2号店",
        "sourceUrl": "https://www.youtube.com/watch?v=w_delyCQVwA",
        "tags": [
          "MISC"
        ],
        "images": [
          "https://pub-6d7574c4452b41519ab8adf1541d7f9e.r2.dev/seichi/sakurazaka/3AAjQbR6x4rKBAQoiKkXVh7XkBwUsxAc-KTErZ5B_8ac0c589.png",
          "https://pub-6d7574c4452b41519ab8adf1541d7f9e.r2.dev/seichi/sakurazaka/3AAjQbR5whFX88TVAqdB-i9uuKM5oaaY464j67l9_26055888.png",
          "https://pub-6d7574c4452b41519ab8adf1541d7f9e.r2.dev/seichi/sakurazaka/3AAjQbR7IqUH9oVH8WwQM-9c3dNgJEvBVKcp9be4_97ec6447.png",
          "https://pub-6d7574c4452b41519ab8adf1541d7f9e.r2.dev/seichi/sakurazaka/3AAjQbR75g3PbekT2XFMK9Bt1TwYF7El-mNxNSct_62b862ab.png",
          "https://pub-6d7574c4452b41519ab8adf1541d7f9e.r2.dev/seichi/sakurazaka/3AAjQbR6OU4n1q6fi2nld8-kONl5Yuost8XgLKgR_db9a54f1.png",
          "https://img.youtube.com/vi/w_delyCQVwA/hqdefault.jpg"
        ],
        "members": [],
        "source": {
          "provider": "fumi Diary 2号店",
          "url": "https://www.youtube.com/watch?v=w_delyCQVwA",
          "mapId": "",
          "layer": "MISC",
          "tags": [
            "MISC"
          ],
          "name": "いけすや"
        },
        "classification": {
          "category": "MISC",
          "subcategory": "MISC",
          "method": "legacy-import",
          "status": "unreviewed"
        },
        "classificationCandidates": {
          "members": [],
          "projects": [],
          "contentTypes": []
        }
      }
    },
    {
      "type": "Feature",
      "geometry": {
        "type": "Point",
        "coordinates": [
          138.919352,
          35.120224
        ]
      },
      "properties": {
        "id": "fumi-1313",
        "name": "三嶋大社 門柱",
        "category": "MISC",
        "subcategory": "MISC",
        "categoryColor": "#0891b2",
        "address": "",
        "sceneTitle": "三嶋大社 門柱",
        "sceneNote": "説明: 櫻坂46 大沼晶保、幸阪茉里乃「Go To サクラ旅 ～全国の桜名所巡り 時々メシ in 静岡・愛知～」Vlog撮影場所 http://blog.livedoor.jp/fumichen2/archives/57346477.html 住所: 〒411-0035 静岡県三島市大宮町2-1-5 https://www.youtube.com/embed/w_delyCQVwA",
        "sourceLabel": "fumi Diary 2号店",
        "sourceUrl": "https://www.youtube.com/watch?v=w_delyCQVwA",
        "tags": [
          "MISC"
        ],
        "images": [
          "https://pub-6d7574c4452b41519ab8adf1541d7f9e.r2.dev/seichi/sakurazaka/3AAjQbR4jgheSHUaxml5YowVeNaVg4vZ4EIzLw2D_41dafe8a.png",
          "https://img.youtube.com/vi/w_delyCQVwA/hqdefault.jpg"
        ],
        "members": [],
        "source": {
          "provider": "fumi Diary 2号店",
          "url": "https://www.youtube.com/watch?v=w_delyCQVwA",
          "mapId": "",
          "layer": "MISC",
          "tags": [
            "MISC"
          ],
          "name": "三嶋大社 門柱"
        },
        "classification": {
          "category": "MISC",
          "subcategory": "MISC",
          "method": "legacy-import",
          "status": "unreviewed"
        },
        "classificationCandidates": {
          "members": [],
          "projects": [],
          "contentTypes": []
        }
      }
    },
    {
      "type": "Feature",
      "geometry": {
        "type": "Point",
        "coordinates": [
          138.919135,
          35.120831
        ]
      },
      "properties": {
        "id": "fumi-1314",
        "name": "三嶋大社",
        "category": "MISC",
        "subcategory": "MISC",
        "categoryColor": "#0891b2",
        "address": "",
        "sceneTitle": "三嶋大社",
        "sceneNote": "説明: 櫻坂46 大沼晶保、幸阪茉里乃「Go To サクラ旅 ～全国の桜名所巡り 時々メシ in 静岡・愛知～」Vlog撮影場所 http://blog.livedoor.jp/fumichen2/archives/57346477.html 住所: 〒411-0035 静岡県三島市大宮町2-1-5 https://www.youtube.com/embed/w_delyCQVwA",
        "sourceLabel": "fumi Diary 2号店",
        "sourceUrl": "https://www.youtube.com/watch?v=w_delyCQVwA",
        "tags": [
          "MISC"
        ],
        "images": [
          "https://pub-6d7574c4452b41519ab8adf1541d7f9e.r2.dev/seichi/sakurazaka/3AAjQbR6WMUcGKg1ulpollU00HYRmH5Siwq9hFER_af07d447.png",
          "https://img.youtube.com/vi/w_delyCQVwA/hqdefault.jpg"
        ],
        "members": [],
        "source": {
          "provider": "fumi Diary 2号店",
          "url": "https://www.youtube.com/watch?v=w_delyCQVwA",
          "mapId": "",
          "layer": "MISC",
          "tags": [
            "MISC"
          ],
          "name": "三嶋大社"
        },
        "classification": {
          "category": "MISC",
          "subcategory": "MISC",
          "method": "legacy-import",
          "status": "unreviewed"
        },
        "classificationCandidates": {
          "members": [],
          "projects": [],
          "contentTypes": []
        }
      }
    },
    {
      "type": "Feature",
      "geometry": {
        "type": "Point",
        "coordinates": [
          138.9188241,
          35.1222973
        ]
      },
      "properties": {
        "id": "fumi-1315",
        "name": "三嶋大社 本殿",
        "category": "MISC",
        "subcategory": "MISC",
        "categoryColor": "#0891b2",
        "address": "",
        "sceneTitle": "三嶋大社 本殿",
        "sceneNote": "説明: 櫻坂46 大沼晶保、幸阪茉里乃「Go To サクラ旅 ～全国の桜名所巡り 時々メシ in 静岡・愛知～」Vlog撮影場所 http://blog.livedoor.jp/fumichen2/archives/57346477.html 住所: 〒411-0035 静岡県三島市大宮町2-1-5 https://www.youtube.com/embed/w_delyCQVwA",
        "sourceLabel": "fumi Diary 2号店",
        "sourceUrl": "https://www.youtube.com/watch?v=w_delyCQVwA",
        "tags": [
          "MISC"
        ],
        "images": [
          "https://pub-6d7574c4452b41519ab8adf1541d7f9e.r2.dev/seichi/sakurazaka/3AAjQbR6Ld-3NHQYm_s4EWMPc6kisSe5tbuXhoOO_e5d62d26.png",
          "https://pub-6d7574c4452b41519ab8adf1541d7f9e.r2.dev/seichi/sakurazaka/3AAjQbR4xDhZ-9dz1Cv3-FhQ8U0e-N11197s7-bz_f7960a21.png",
          "https://pub-6d7574c4452b41519ab8adf1541d7f9e.r2.dev/seichi/sakurazaka/3AAjQbR78c1yU4ANxNdD9sW-QkkyHAxgYQYT-M3-_f60f9f00.png",
          "https://img.youtube.com/vi/w_delyCQVwA/hqdefault.jpg"
        ],
        "members": [],
        "source": {
          "provider": "fumi Diary 2号店",
          "url": "https://www.youtube.com/watch?v=w_delyCQVwA",
          "mapId": "",
          "layer": "MISC",
          "tags": [
            "MISC"
          ],
          "name": "三嶋大社 本殿"
        },
        "classification": {
          "category": "MISC",
          "subcategory": "MISC",
          "method": "legacy-import",
          "status": "unreviewed"
        },
        "classificationCandidates": {
          "members": [],
          "projects": [],
          "contentTypes": []
        }
      }
    },
    {
      "type": "Feature",
      "geometry": {
        "type": "Point",
        "coordinates": [
          136.8837,
          35.171205
        ]
      },
      "properties": {
        "id": "fumi-1316",
        "name": "JR名古屋駅桜通口前",
        "category": "MISC",
        "subcategory": "MISC",
        "categoryColor": "#0891b2",
        "address": "",
        "sceneTitle": "JR名古屋駅桜通口前",
        "sceneNote": "説明: 櫻坂46 大沼晶保、幸阪茉里乃「Go To サクラ旅 ～全国の桜名所巡り 時々メシ in 静岡・愛知～」Vlog撮影場所 http://blog.livedoor.jp/fumichen2/archives/57346477.html 住所: 〒450-0002 愛知県名古屋市中村区名駅1丁目1 https://www.youtube.com/embed/w_delyCQVwA",
        "sourceLabel": "fumi Diary 2号店",
        "sourceUrl": "https://www.youtube.com/watch?v=w_delyCQVwA",
        "tags": [
          "MISC"
        ],
        "images": [
          "https://pub-6d7574c4452b41519ab8adf1541d7f9e.r2.dev/seichi/sakurazaka/3AAjQbR6SW_JE09LqA2rw6NWZBn46rpcB7Nw5jaz_3be60068.png",
          "https://img.youtube.com/vi/w_delyCQVwA/hqdefault.jpg"
        ],
        "members": [],
        "source": {
          "provider": "fumi Diary 2号店",
          "url": "https://www.youtube.com/watch?v=w_delyCQVwA",
          "mapId": "",
          "layer": "MISC",
          "tags": [
            "MISC"
          ],
          "name": "JR名古屋駅桜通口前"
        },
        "classification": {
          "category": "MISC",
          "subcategory": "MISC",
          "method": "legacy-import",
          "status": "unreviewed"
        },
        "classificationCandidates": {
          "members": [],
          "projects": [],
          "contentTypes": []
        }
      }
    },
    {
      "type": "Feature",
      "geometry": {
        "type": "Point",
        "coordinates": [
          136.9140032,
          35.1713194
        ]
      },
      "properties": {
        "id": "fumi-1317",
        "name": "東海ラジオ",
        "category": "MISC",
        "subcategory": "MISC",
        "categoryColor": "#0891b2",
        "address": "",
        "sceneTitle": "東海ラジオ",
        "sceneNote": "説明: 櫻坂46 大沼晶保、幸阪茉里乃「Go To サクラ旅 ～全国の桜名所巡り 時々メシ in 静岡・愛知～」Vlog撮影場所 http://blog.livedoor.jp/fumichen2/archives/57346477.html 住所: 〒461-8503 愛知県名古屋市東区東桜1-14-27 https://www.youtube.com/embed/w_delyCQVwA",
        "sourceLabel": "fumi Diary 2号店",
        "sourceUrl": "https://www.youtube.com/watch?v=w_delyCQVwA",
        "tags": [
          "MISC"
        ],
        "images": [
          "https://pub-6d7574c4452b41519ab8adf1541d7f9e.r2.dev/seichi/sakurazaka/3AAjQbR4ubURTJmHoebREdhf_kQZclH745BYe6nP_17f178c2.png",
          "https://pub-6d7574c4452b41519ab8adf1541d7f9e.r2.dev/seichi/sakurazaka/3AAjQbR5MH3SxbXqppgkMe8OIo8O_AuwwcDD3hOp_1f066853.png",
          "https://pub-6d7574c4452b41519ab8adf1541d7f9e.r2.dev/seichi/sakurazaka/3AAjQbR5-56Qv-Q8YmogRp-lOUmPR4Fx-29oOSWM_e3a32352.png",
          "https://img.youtube.com/vi/w_delyCQVwA/hqdefault.jpg"
        ],
        "members": [],
        "source": {
          "provider": "fumi Diary 2号店",
          "url": "https://www.youtube.com/watch?v=w_delyCQVwA",
          "mapId": "",
          "layer": "MISC",
          "tags": [
            "MISC"
          ],
          "name": "東海ラジオ"
        },
        "classification": {
          "category": "MISC",
          "subcategory": "MISC",
          "method": "legacy-import",
          "status": "unreviewed"
        },
        "classificationCandidates": {
          "members": [],
          "projects": [],
          "contentTypes": []
        }
      }
    },
    {
      "type": "Feature",
      "geometry": {
        "type": "Point",
        "coordinates": [
          136.907932,
          35.164522
        ]
      },
      "properties": {
        "id": "fumi-1318",
        "name": "あつた蓬莱軒 松坂屋店",
        "category": "MISC",
        "subcategory": "MISC",
        "categoryColor": "#0891b2",
        "address": "",
        "sceneTitle": "あつた蓬莱軒 松坂屋店",
        "sceneNote": "説明: 櫻坂46 大沼晶保、幸阪茉里乃「Go To サクラ旅 ～全国の桜名所巡り 時々メシ in 静岡・愛知～」Vlog撮影場所 http://blog.livedoor.jp/fumichen2/archives/57346477.html 住所: 〒460-0008 愛知県名古屋市中区栄3-30-8 松坂屋名古屋店南館 10F https://www.youtube.com/embed/w_delyCQVwA",
        "sourceLabel": "fumi Diary 2号店",
        "sourceUrl": "https://www.youtube.com/watch?v=w_delyCQVwA",
        "tags": [
          "MISC"
        ],
        "images": [
          "https://pub-6d7574c4452b41519ab8adf1541d7f9e.r2.dev/seichi/sakurazaka/3AAjQbR53sJfE2ODpYlNerUr5NeHeJC6ZbGFYma2_4e44da70.png",
          "https://pub-6d7574c4452b41519ab8adf1541d7f9e.r2.dev/seichi/sakurazaka/3AAjQbR6QUPmWiUkzNfefsCG8ukhRfjnavxfjRfI_13751087.png",
          "https://img.youtube.com/vi/w_delyCQVwA/hqdefault.jpg"
        ],
        "members": [],
        "source": {
          "provider": "fumi Diary 2号店",
          "url": "https://www.youtube.com/watch?v=w_delyCQVwA",
          "mapId": "",
          "layer": "MISC",
          "tags": [
            "MISC"
          ],
          "name": "あつた蓬莱軒 松坂屋店"
        },
        "classification": {
          "category": "MISC",
          "subcategory": "MISC",
          "method": "legacy-import",
          "status": "unreviewed"
        },
        "classificationCandidates": {
          "members": [],
          "projects": [],
          "contentTypes": []
        }
      }
    },
    {
      "type": "Feature",
      "geometry": {
        "type": "Point",
        "coordinates": [
          136.8999678,
          35.1852306
        ]
      },
      "properties": {
        "id": "fumi-1319",
        "name": "名古屋城",
        "category": "MISC",
        "subcategory": "MISC",
        "categoryColor": "#0891b2",
        "address": "",
        "sceneTitle": "名古屋城",
        "sceneNote": "説明: 櫻坂46 大沼晶保、幸阪茉里乃「Go To サクラ旅 ～全国の桜名所巡り 時々メシ in 静岡・愛知～」Vlog撮影場所 http://blog.livedoor.jp/fumichen2/archives/57346477.html 住所: 〒460-0031 愛知県名古屋市中区本丸1-1 https://www.youtube.com/embed/w_delyCQVwA",
        "sourceLabel": "fumi Diary 2号店",
        "sourceUrl": "https://www.youtube.com/watch?v=w_delyCQVwA",
        "tags": [
          "MISC"
        ],
        "images": [
          "https://pub-6d7574c4452b41519ab8adf1541d7f9e.r2.dev/seichi/sakurazaka/3AAjQbR7ieDcoxLVmbPm9ArBj9X2WurLd6F1_6U4_47383fba.png",
          "https://img.youtube.com/vi/w_delyCQVwA/hqdefault.jpg"
        ],
        "members": [],
        "source": {
          "provider": "fumi Diary 2号店",
          "url": "https://www.youtube.com/watch?v=w_delyCQVwA",
          "mapId": "",
          "layer": "MISC",
          "tags": [
            "MISC"
          ],
          "name": "名古屋城"
        },
        "classification": {
          "category": "MISC",
          "subcategory": "MISC",
          "method": "legacy-import",
          "status": "unreviewed"
        },
        "classificationCandidates": {
          "members": [],
          "projects": [],
          "contentTypes": []
        }
      }
    },
    {
      "type": "Feature",
      "geometry": {
        "type": "Point",
        "coordinates": [
          140.881496,
          38.260617
        ]
      },
      "properties": {
        "id": "fumi-1320",
        "name": "JR仙台駅",
        "category": "MISC",
        "subcategory": "MISC",
        "categoryColor": "#0891b2",
        "address": "",
        "sceneTitle": "JR仙台駅",
        "sceneNote": "説明: 櫻坂46 小林由依、大園玲「Go To サクラ旅 ～全国の桜名所巡り 時々メシ in 宮城～」Vlog撮影場所 http://blog.livedoor.jp/fumichen2/archives/57356305.html 住所: 〒980-0021 宮城県仙台市青葉区中央1丁目1 https://www.youtube.com/embed/Q_Gkta0cSD0",
        "sourceLabel": "fumi Diary 2号店",
        "sourceUrl": "https://www.youtube.com/watch?v=Q_Gkta0cSD0",
        "tags": [
          "MISC"
        ],
        "images": [
          "https://pub-6d7574c4452b41519ab8adf1541d7f9e.r2.dev/seichi/sakurazaka/3AAjQbR7uDiJu8LdikNuNqSqwfnagydcrK0kRIxH_d4c88b64.png",
          "https://img.youtube.com/vi/Q_Gkta0cSD0/hqdefault.jpg"
        ],
        "members": [],
        "source": {
          "provider": "fumi Diary 2号店",
          "url": "https://www.youtube.com/watch?v=Q_Gkta0cSD0",
          "mapId": "",
          "layer": "MISC",
          "tags": [
            "MISC"
          ],
          "name": "JR仙台駅"
        },
        "classification": {
          "category": "MISC",
          "subcategory": "MISC",
          "method": "legacy-import",
          "status": "unreviewed"
        },
        "classificationCandidates": {
          "members": [],
          "projects": [],
          "contentTypes": []
        }
      }
    },
    {
      "type": "Feature",
      "geometry": {
        "type": "Point",
        "coordinates": [
          140.878958,
          38.261854
        ]
      },
      "properties": {
        "id": "fumi-1321",
        "name": "Dr. Martens SENDAI / 愛宕上杉通",
        "category": "MISC",
        "subcategory": "MISC",
        "categoryColor": "#0891b2",
        "address": "",
        "sceneTitle": "Dr. Martens SENDAI / 愛宕上杉通",
        "sceneNote": "説明: 櫻坂46 小林由依、大園玲「Go To サクラ旅 ～全国の桜名所巡り 時々メシ in 宮城～」Vlog撮影場所 http://blog.livedoor.jp/fumichen2/archives/57356305.html 住所: 〒980-0021 宮城県仙台市青葉区中央2-1-30 須田ビル1F https://www.youtube.com/embed/Q_Gkta0cSD0",
        "sourceLabel": "fumi Diary 2号店",
        "sourceUrl": "https://www.youtube.com/watch?v=Q_Gkta0cSD0",
        "tags": [
          "MISC"
        ],
        "images": [
          "https://pub-6d7574c4452b41519ab8adf1541d7f9e.r2.dev/seichi/sakurazaka/3AAjQbR4dxsJVniOItt6JOCykMHRSryENVfQEn_-_f554af9f.png",
          "https://img.youtube.com/vi/Q_Gkta0cSD0/hqdefault.jpg"
        ],
        "members": [],
        "source": {
          "provider": "fumi Diary 2号店",
          "url": "https://www.youtube.com/watch?v=Q_Gkta0cSD0",
          "mapId": "",
          "layer": "MISC",
          "tags": [
            "MISC"
          ],
          "name": "Dr. Martens SENDAI / 愛宕上杉通"
        },
        "classification": {
          "category": "MISC",
          "subcategory": "MISC",
          "method": "legacy-import",
          "status": "unreviewed"
        },
        "classificationCandidates": {
          "members": [],
          "projects": [],
          "contentTypes": []
        }
      }
    },
    {
      "type": "Feature",
      "geometry": {
        "type": "Point",
        "coordinates": [
          140.8887959,
          38.2297535
        ]
      },
      "properties": {
        "id": "fumi-1322",
        "name": "khb東日本放送",
        "category": "MISC",
        "subcategory": "MISC",
        "categoryColor": "#0891b2",
        "address": "",
        "sceneTitle": "khb東日本放送",
        "sceneNote": "説明: 櫻坂46 小林由依、大園玲「Go To サクラ旅 ～全国の桜名所巡り 時々メシ in 宮城～」Vlog撮影場所 http://blog.livedoor.jp/fumichen2/archives/57356305.html 住所: 宮城県仙台市太白区あすと長町1-3-15 https://www.youtube.com/embed/Q_Gkta0cSD0",
        "sourceLabel": "fumi Diary 2号店",
        "sourceUrl": "https://www.youtube.com/watch?v=Q_Gkta0cSD0",
        "tags": [
          "MISC"
        ],
        "images": [
          "https://pub-6d7574c4452b41519ab8adf1541d7f9e.r2.dev/seichi/sakurazaka/3AAjQbR6Y0IZHqxbk2zqt8aDl9WJnNgO93wQPrWB_6eabb817.png",
          "https://pub-6d7574c4452b41519ab8adf1541d7f9e.r2.dev/seichi/sakurazaka/3AAjQbR5hyNBCHwtgyqtvuoG4pFkPU5sRBw_oY86_4d19f897.png",
          "https://pub-6d7574c4452b41519ab8adf1541d7f9e.r2.dev/seichi/sakurazaka/3AAjQbR4PAniGH_Jzzp2EzoFQDmYN7C0zXZcHwRi_b01197f0.png",
          "https://pub-6d7574c4452b41519ab8adf1541d7f9e.r2.dev/seichi/sakurazaka/3AAjQbR592fNzJokacT2Ryb37eDV7mIwlhl7QkLU_bf5ff061.png",
          "https://img.youtube.com/vi/Q_Gkta0cSD0/hqdefault.jpg"
        ],
        "members": [],
        "source": {
          "provider": "fumi Diary 2号店",
          "url": "https://www.youtube.com/watch?v=Q_Gkta0cSD0",
          "mapId": "",
          "layer": "MISC",
          "tags": [
            "MISC"
          ],
          "name": "khb東日本放送"
        },
        "classification": {
          "category": "MISC",
          "subcategory": "MISC",
          "method": "legacy-import",
          "status": "unreviewed"
        },
        "classificationCandidates": {
          "members": [],
          "projects": [],
          "contentTypes": []
        }
      }
    },
    {
      "type": "Feature",
      "geometry": {
        "type": "Point",
        "coordinates": [
          140.8787578,
          38.2612779
        ]
      },
      "properties": {
        "id": "fumi-1323",
        "name": "味の牛タン 喜助 駅前中央店",
        "category": "MISC",
        "subcategory": "MISC",
        "categoryColor": "#0891b2",
        "address": "",
        "sceneTitle": "味の牛タン 喜助 駅前中央店",
        "sceneNote": "説明: 櫻坂46 小林由依、大園玲「Go To サクラ旅 ～全国の桜名所巡り 時々メシ in 宮城～」Vlog撮影場所 http://blog.livedoor.jp/fumichen2/archives/57356305.html 住所: 〒980-0021 宮城県仙台市青葉区中央2-1-27 エバーアイ 3F https://www.youtube.com/embed/Q_Gkta0cSD0",
        "sourceLabel": "fumi Diary 2号店",
        "sourceUrl": "https://www.youtube.com/watch?v=Q_Gkta0cSD0",
        "tags": [
          "MISC"
        ],
        "images": [
          "https://pub-6d7574c4452b41519ab8adf1541d7f9e.r2.dev/seichi/sakurazaka/3AAjQbR7poSS5CAW-I_r-y64h8oXgIT3ETTPUo-L_2d1653d4.png",
          "https://pub-6d7574c4452b41519ab8adf1541d7f9e.r2.dev/seichi/sakurazaka/3AAjQbR620emvLi60hiWxpxHj5LRfL821jIPq86n_6f1fdf56.png",
          "https://pub-6d7574c4452b41519ab8adf1541d7f9e.r2.dev/seichi/sakurazaka/3AAjQbR5Q5n_U_f2T9M-JEces-JmroZ6nN_gwebM_4874b143.png",
          "https://img.youtube.com/vi/Q_Gkta0cSD0/hqdefault.jpg"
        ],
        "members": [],
        "source": {
          "provider": "fumi Diary 2号店",
          "url": "https://www.youtube.com/watch?v=Q_Gkta0cSD0",
          "mapId": "",
          "layer": "MISC",
          "tags": [
            "MISC"
          ],
          "name": "味の牛タン 喜助 駅前中央店"
        },
        "classification": {
          "category": "MISC",
          "subcategory": "MISC",
          "method": "legacy-import",
          "status": "unreviewed"
        },
        "classificationCandidates": {
          "members": [],
          "projects": [],
          "contentTypes": []
        }
      }
    },
    {
      "type": "Feature",
      "geometry": {
        "type": "Point",
        "coordinates": [
          140.879123,
          38.261993
        ]
      },
      "properties": {
        "id": "fumi-1324",
        "name": "TAITO STATION 仙台名掛丁店",
        "category": "MISC",
        "subcategory": "MISC",
        "categoryColor": "#0891b2",
        "address": "",
        "sceneTitle": "TAITO STATION 仙台名掛丁店",
        "sceneNote": "説明: 櫻坂46 小林由依、大園玲「Go To サクラ旅 ～全国の桜名所巡り 時々メシ in 宮城～」Vlog撮影場所 http://blog.livedoor.jp/fumichen2/archives/57356305.html 住所: 〒980-0021 宮城県仙台市青葉区中央1-7-13 毎日ビル https://www.youtube.com/embed/Q_Gkta0cSD0",
        "sourceLabel": "fumi Diary 2号店",
        "sourceUrl": "https://www.youtube.com/watch?v=Q_Gkta0cSD0",
        "tags": [
          "MISC"
        ],
        "images": [
          "https://pub-6d7574c4452b41519ab8adf1541d7f9e.r2.dev/seichi/sakurazaka/3AAjQbR4A55-aCzYyzXW0tb2FyGRejPw12QtypoF_727f3749.png",
          "https://pub-6d7574c4452b41519ab8adf1541d7f9e.r2.dev/seichi/sakurazaka/3AAjQbR7kKxkOPNajBY8pZTb8sFUVNPwAa2wh5_O_e7b0cba5.png",
          "https://pub-6d7574c4452b41519ab8adf1541d7f9e.r2.dev/seichi/sakurazaka/3AAjQbR707yTO9EADdwMuhCmdYZga1qU8r4Hb_mt_4816f0f3.png",
          "https://img.youtube.com/vi/Q_Gkta0cSD0/hqdefault.jpg"
        ],
        "members": [],
        "source": {
          "provider": "fumi Diary 2号店",
          "url": "https://www.youtube.com/watch?v=Q_Gkta0cSD0",
          "mapId": "",
          "layer": "MISC",
          "tags": [
            "MISC"
          ],
          "name": "TAITO STATION 仙台名掛丁店"
        },
        "classification": {
          "category": "MISC",
          "subcategory": "MISC",
          "method": "legacy-import",
          "status": "unreviewed"
        },
        "classificationCandidates": {
          "members": [],
          "projects": [],
          "contentTypes": []
        }
      }
    },
    {
      "type": "Feature",
      "geometry": {
        "type": "Point",
        "coordinates": [
          140.862314,
          38.259877
        ]
      },
      "properties": {
        "id": "fumi-1325",
        "name": "西公園",
        "category": "MISC",
        "subcategory": "MISC",
        "categoryColor": "#0891b2",
        "address": "",
        "sceneTitle": "西公園",
        "sceneNote": "説明: 櫻坂46 小林由依、大園玲「Go To サクラ旅 ～全国の桜名所巡り 時々メシ in 宮城～」Vlog撮影場所 http://blog.livedoor.jp/fumichen2/archives/57356305.html 住所: 〒980-0823 宮城県仙台市青葉区桜ケ岡公園1-3外 https://www.youtube.com/embed/Q_Gkta0cSD0",
        "sourceLabel": "fumi Diary 2号店",
        "sourceUrl": "https://www.youtube.com/watch?v=Q_Gkta0cSD0",
        "tags": [
          "MISC"
        ],
        "images": [
          "https://pub-6d7574c4452b41519ab8adf1541d7f9e.r2.dev/seichi/sakurazaka/3AAjQbR5OFq892lEAEZd_BPvwQwApr4OhVYVzMOy_901bb7b1.png",
          "https://pub-6d7574c4452b41519ab8adf1541d7f9e.r2.dev/seichi/sakurazaka/3AAjQbR469U95FI6da4wdi0C9ZHT_3k26duCufKf_8f76d3a5.png",
          "https://pub-6d7574c4452b41519ab8adf1541d7f9e.r2.dev/seichi/sakurazaka/3AAjQbR7hb65Dst-NoaDa5SSCxW30ip5w6IQqEiB_fbf9261a.png",
          "https://pub-6d7574c4452b41519ab8adf1541d7f9e.r2.dev/seichi/sakurazaka/3AAjQbR4IwafgacMN5Xy7sALEHanPbsrVBwGVrc1_b50a0ce0.png",
          "https://img.youtube.com/vi/Q_Gkta0cSD0/hqdefault.jpg"
        ],
        "members": [],
        "source": {
          "provider": "fumi Diary 2号店",
          "url": "https://www.youtube.com/watch?v=Q_Gkta0cSD0",
          "mapId": "",
          "layer": "MISC",
          "tags": [
            "MISC"
          ],
          "name": "西公園"
        },
        "classification": {
          "category": "MISC",
          "subcategory": "MISC",
          "method": "legacy-import",
          "status": "unreviewed"
        },
        "classificationCandidates": {
          "members": [],
          "projects": [],
          "contentTypes": []
        }
      }
    },
    {
      "type": "Feature",
      "geometry": {
        "type": "Point",
        "coordinates": [
          140.862161,
          38.259702
        ]
      },
      "properties": {
        "id": "fumi-1326",
        "name": "櫻岡大神宮",
        "category": "MISC",
        "subcategory": "MISC",
        "categoryColor": "#0891b2",
        "address": "",
        "sceneTitle": "櫻岡大神宮",
        "sceneNote": "説明: 櫻坂46 小林由依、大園玲「Go To サクラ旅 ～全国の桜名所巡り 時々メシ in 宮城～」Vlog撮影場所 http://blog.livedoor.jp/fumichen2/archives/57356305.html 住所: 〒980-0823 宮城県仙台市青葉区桜ヶ岡公園1-1 https://www.youtube.com/embed/Q_Gkta0cSD0",
        "sourceLabel": "fumi Diary 2号店",
        "sourceUrl": "https://www.youtube.com/watch?v=Q_Gkta0cSD0",
        "tags": [
          "MISC"
        ],
        "images": [
          "https://pub-6d7574c4452b41519ab8adf1541d7f9e.r2.dev/seichi/sakurazaka/3AAjQbR6dT3KS6iKR3TrObU49Q5M3qODZIYBqiS8_30633f6e.png",
          "https://pub-6d7574c4452b41519ab8adf1541d7f9e.r2.dev/seichi/sakurazaka/3AAjQbR4_T6bNFDouZU7sEJbZDSYL9-fGEOK4izq_620f65bc.png",
          "https://pub-6d7574c4452b41519ab8adf1541d7f9e.r2.dev/seichi/sakurazaka/3AAjQbR4lYypU4pvRf3uahqmlvBj7Eezgj2XFGZF_9e047c4c.png",
          "https://img.youtube.com/vi/Q_Gkta0cSD0/hqdefault.jpg"
        ],
        "members": [],
        "source": {
          "provider": "fumi Diary 2号店",
          "url": "https://www.youtube.com/watch?v=Q_Gkta0cSD0",
          "mapId": "",
          "layer": "MISC",
          "tags": [
            "MISC"
          ],
          "name": "櫻岡大神宮"
        },
        "classification": {
          "category": "MISC",
          "subcategory": "MISC",
          "method": "legacy-import",
          "status": "unreviewed"
        },
        "classificationCandidates": {
          "members": [],
          "projects": [],
          "contentTypes": []
        }
      }
    },
    {
      "type": "Feature",
      "geometry": {
        "type": "Point",
        "coordinates": [
          140.881815,
          38.261751
        ]
      },
      "properties": {
        "id": "fumi-1327",
        "name": "仙台PARCO / JR仙台駅西口のペデストリアンデッキ",
        "category": "MISC",
        "subcategory": "MISC",
        "categoryColor": "#0891b2",
        "address": "",
        "sceneTitle": "仙台PARCO / JR仙台駅西口のペデストリアンデッキ",
        "sceneNote": "説明: 櫻坂46 小林由依、大園玲「Go To サクラ旅 ～全国の桜名所巡り 時々メシ in 宮城～」Vlog撮影場所 http://blog.livedoor.jp/fumichen2/archives/57356305.html 住所: 〒980-8484 宮城県仙台市青葉区中央1-2-3 https://www.youtube.com/embed/Q_Gkta0cSD0",
        "sourceLabel": "fumi Diary 2号店",
        "sourceUrl": "https://www.youtube.com/watch?v=Q_Gkta0cSD0",
        "tags": [
          "MISC"
        ],
        "images": [
          "https://pub-6d7574c4452b41519ab8adf1541d7f9e.r2.dev/seichi/sakurazaka/3AAjQbR7dgvlGVvRZeNuRA2MDvj_C-WgGNWX_ryq_a1bd7dfa.png",
          "https://pub-6d7574c4452b41519ab8adf1541d7f9e.r2.dev/seichi/sakurazaka/3AAjQbR7OkQa4bc1p4VWUrBOuLYX2-AUFK2HJB0L_fc77d07e.png",
          "https://pub-6d7574c4452b41519ab8adf1541d7f9e.r2.dev/seichi/sakurazaka/3AAjQbR6xPHqHnC4akYV6VecaJMeK7eLWFjeyyjI_ca83984f.png",
          "https://img.youtube.com/vi/Q_Gkta0cSD0/hqdefault.jpg"
        ],
        "members": [],
        "source": {
          "provider": "fumi Diary 2号店",
          "url": "https://www.youtube.com/watch?v=Q_Gkta0cSD0",
          "mapId": "",
          "layer": "MISC",
          "tags": [
            "MISC"
          ],
          "name": "仙台PARCO / JR仙台駅西口のペデストリアンデッキ"
        },
        "classification": {
          "category": "MISC",
          "subcategory": "MISC",
          "method": "legacy-import",
          "status": "unreviewed"
        },
        "classificationCandidates": {
          "members": [],
          "projects": [],
          "contentTypes": []
        }
      }
    },
    {
      "type": "Feature",
      "geometry": {
        "type": "Point",
        "coordinates": [
          140.8902762,
          38.1682345
        ]
      },
      "properties": {
        "id": "fumi-1328",
        "name": "HACHI 名取本店",
        "category": "MISC",
        "subcategory": "MISC",
        "categoryColor": "#0891b2",
        "address": "",
        "sceneTitle": "HACHI 名取本店",
        "sceneNote": "説明: 櫻坂46 小林由依、大園玲「Go To サクラ旅 ～全国の桜名所巡り 時々メシ in 宮城～」Vlog撮影場所 http://blog.livedoor.jp/fumichen2/archives/57356305.html 住所: 〒981-1224 宮城県名取市増田字柳田529-1 https://www.youtube.com/embed/Q_Gkta0cSD0",
        "sourceLabel": "fumi Diary 2号店",
        "sourceUrl": "https://www.youtube.com/watch?v=Q_Gkta0cSD0",
        "tags": [
          "MISC"
        ],
        "images": [
          "https://pub-6d7574c4452b41519ab8adf1541d7f9e.r2.dev/seichi/sakurazaka/3AAjQbR6U4ll1Qz4bBmFpFfYaQ_Z8SB3rVzpc0MT_00dc783f.png",
          "https://pub-6d7574c4452b41519ab8adf1541d7f9e.r2.dev/seichi/sakurazaka/3AAjQbR5B6FVSPbpF8Oor3E_xkQmO3kfHTmWNdKV_814047f4.png",
          "https://pub-6d7574c4452b41519ab8adf1541d7f9e.r2.dev/seichi/sakurazaka/3AAjQbR7zgHGHU22Whr0HnyqjzIhk3FEx1zUTU_9_3e7701c0.png",
          "https://img.youtube.com/vi/Q_Gkta0cSD0/hqdefault.jpg"
        ],
        "members": [],
        "source": {
          "provider": "fumi Diary 2号店",
          "url": "https://www.youtube.com/watch?v=Q_Gkta0cSD0",
          "mapId": "",
          "layer": "MISC",
          "tags": [
            "MISC"
          ],
          "name": "HACHI 名取本店"
        },
        "classification": {
          "category": "MISC",
          "subcategory": "MISC",
          "method": "legacy-import",
          "status": "unreviewed"
        },
        "classificationCandidates": {
          "members": [],
          "projects": [],
          "contentTypes": []
        }
      }
    },
    {
      "type": "Feature",
      "geometry": {
        "type": "Point",
        "coordinates": [
          141.679127,
          42.789326
        ]
      },
      "properties": {
        "id": "fumi-1329",
        "name": "新千歳空港",
        "category": "MISC",
        "subcategory": "MISC",
        "categoryColor": "#0891b2",
        "address": "",
        "sceneTitle": "新千歳空港",
        "sceneNote": "説明: 櫻坂46 田村保乃、山﨑天「Go To サクラ旅 ～全国の桜名所巡り 時々メシ in 北海道～」Vlog撮影場所 http://blog.livedoor.jp/fumichen2/archives/57362238.html 住所: 〒066-0012 北海道千歳市美々 https://www.youtube.com/embed/0Dk3XS2Ze00",
        "sourceLabel": "fumi Diary 2号店",
        "sourceUrl": "https://www.youtube.com/watch?v=0Dk3XS2Ze00",
        "tags": [
          "MISC"
        ],
        "images": [
          "https://pub-6d7574c4452b41519ab8adf1541d7f9e.r2.dev/seichi/sakurazaka/3AAjQbR47qBvIH7A_edERWfQH5uYT3xUH0kZpVcx_578924b6.png",
          "https://pub-6d7574c4452b41519ab8adf1541d7f9e.r2.dev/seichi/sakurazaka/3AAjQbR72CVCMEA6mkPWzVFfZC_13ic7_X04TMo2_d9f146db.png",
          "https://img.youtube.com/vi/0Dk3XS2Ze00/hqdefault.jpg"
        ],
        "members": [],
        "source": {
          "provider": "fumi Diary 2号店",
          "url": "https://www.youtube.com/watch?v=0Dk3XS2Ze00",
          "mapId": "",
          "layer": "MISC",
          "tags": [
            "MISC"
          ],
          "name": "新千歳空港"
        },
        "classification": {
          "category": "MISC",
          "subcategory": "MISC",
          "method": "legacy-import",
          "status": "unreviewed"
        },
        "classificationCandidates": {
          "members": [],
          "projects": [],
          "contentTypes": []
        }
      }
    },
    {
      "type": "Feature",
      "geometry": {
        "type": "Point",
        "coordinates": [
          141.3551962,
          43.0629273
        ]
      },
      "properties": {
        "id": "fumi-1330",
        "name": "北海道テレビ HTB",
        "category": "MISC",
        "subcategory": "MISC",
        "categoryColor": "#0891b2",
        "address": "",
        "sceneTitle": "北海道テレビ HTB",
        "sceneNote": "説明: 櫻坂46 田村保乃、山﨑天「Go To サクラ旅 ～全国の桜名所巡り 時々メシ in 北海道～」Vlog撮影場所 http://blog.livedoor.jp/fumichen2/archives/57362238.html 住所: 〒062-0934 北海道札幌市豊平区平岸4条13丁目10-17 https://www.youtube.com/embed/0Dk3XS2Ze00",
        "sourceLabel": "fumi Diary 2号店",
        "sourceUrl": "https://www.youtube.com/watch?v=0Dk3XS2Ze00",
        "tags": [
          "MISC"
        ],
        "images": [
          "https://pub-6d7574c4452b41519ab8adf1541d7f9e.r2.dev/seichi/sakurazaka/3AAjQbR78Mqmqbs3ipoZRl0hB6Kc36qxGAInEAF1_013e7508.png",
          "https://pub-6d7574c4452b41519ab8adf1541d7f9e.r2.dev/seichi/sakurazaka/3AAjQbR6Mo1p16TDk6fhCyAzvLBZ0A_qtkf1eTxs_6f6002ca.png",
          "https://pub-6d7574c4452b41519ab8adf1541d7f9e.r2.dev/seichi/sakurazaka/3AAjQbR6o_EXIrmQD7aOgb9GeApRh_MWhoCf3W_O_3984b8d7.png",
          "https://img.youtube.com/vi/0Dk3XS2Ze00/hqdefault.jpg"
        ],
        "members": [],
        "source": {
          "provider": "fumi Diary 2号店",
          "url": "https://www.youtube.com/watch?v=0Dk3XS2Ze00",
          "mapId": "",
          "layer": "MISC",
          "tags": [
            "MISC"
          ],
          "name": "北海道テレビ HTB"
        },
        "classification": {
          "category": "MISC",
          "subcategory": "MISC",
          "method": "legacy-import",
          "status": "unreviewed"
        },
        "classificationCandidates": {
          "members": [],
          "projects": [],
          "contentTypes": []
        }
      }
    },
    {
      "type": "Feature",
      "geometry": {
        "type": "Point",
        "coordinates": [
          141.3534811,
          43.0631951
        ]
      },
      "properties": {
        "id": "fumi-1331",
        "name": "AIR-G' FM北海道 80.4",
        "category": "MISC",
        "subcategory": "MISC",
        "categoryColor": "#0891b2",
        "address": "",
        "sceneTitle": "AIR-G' FM北海道 80.4",
        "sceneNote": "説明: 櫻坂46 田村保乃、山﨑天「Go To サクラ旅 ～全国の桜名所巡り 時々メシ in 北海道～」Vlog撮影場所 http://blog.livedoor.jp/fumichen2/archives/57362238.html 住所: 〒060-8532 札幌市中央区北1条西2丁目 札幌時計台ビル14F https://www.youtube.com/embed/0Dk3XS2Ze00",
        "sourceLabel": "fumi Diary 2号店",
        "sourceUrl": "https://www.youtube.com/watch?v=0Dk3XS2Ze00",
        "tags": [
          "MISC"
        ],
        "images": [
          "https://pub-6d7574c4452b41519ab8adf1541d7f9e.r2.dev/seichi/sakurazaka/3AAjQbR4VeKZ_vQ1poO3pqJApyDOE-fRd9_7fmYc_03411397.png",
          "https://pub-6d7574c4452b41519ab8adf1541d7f9e.r2.dev/seichi/sakurazaka/3AAjQbR4uexKSfwqqvoz8kObk7x3BuasKrVcYRfk_bdd08a09.png",
          "https://img.youtube.com/vi/0Dk3XS2Ze00/hqdefault.jpg"
        ],
        "members": [],
        "source": {
          "provider": "fumi Diary 2号店",
          "url": "https://www.youtube.com/watch?v=0Dk3XS2Ze00",
          "mapId": "",
          "layer": "MISC",
          "tags": [
            "MISC"
          ],
          "name": "AIR-G' FM北海道 80.4"
        },
        "classification": {
          "category": "MISC",
          "subcategory": "MISC",
          "method": "legacy-import",
          "status": "unreviewed"
        },
        "classificationCandidates": {
          "members": [],
          "projects": [],
          "contentTypes": []
        }
      }
    },
    {
      "type": "Feature",
      "geometry": {
        "type": "Point",
        "coordinates": [
          141.43053,
          43.122157
        ]
      },
      "properties": {
        "id": "fumi-1332",
        "name": "モエレ沼公園 ガラスのピラミッド \"HIDAMARI\"",
        "category": "MISC",
        "subcategory": "MISC",
        "categoryColor": "#0891b2",
        "address": "",
        "sceneTitle": "モエレ沼公園 ガラスのピラミッド \"HIDAMARI\"",
        "sceneNote": "説明: 櫻坂46 田村保乃、山﨑天「Go To サクラ旅 ～全国の桜名所巡り 時々メシ in 北海道～」Vlog撮影場所 http://blog.livedoor.jp/fumichen2/archives/57362238.html 住所: 〒007-0011 北海道札幌市東区モエレ沼公園1-1 https://www.youtube.com/embed/0Dk3XS2Ze00",
        "sourceLabel": "fumi Diary 2号店",
        "sourceUrl": "https://www.youtube.com/watch?v=0Dk3XS2Ze00",
        "tags": [
          "MISC"
        ],
        "images": [
          "https://pub-6d7574c4452b41519ab8adf1541d7f9e.r2.dev/seichi/sakurazaka/3AAjQbR6dK5ltkOx37rofYSjDNOjtHiAFytNWpUp_cf4a7c2c.png",
          "https://pub-6d7574c4452b41519ab8adf1541d7f9e.r2.dev/seichi/sakurazaka/3AAjQbR7gwoalZNYN6cCaVuW3LFbUgtlIvNre6qd_631237d1.png",
          "https://pub-6d7574c4452b41519ab8adf1541d7f9e.r2.dev/seichi/sakurazaka/3AAjQbR7VBwzN3kjpcVUuVjL6kwx_2nj31wXXi2Q_9f184a93.png",
          "https://pub-6d7574c4452b41519ab8adf1541d7f9e.r2.dev/seichi/sakurazaka/3AAjQbR7QkaWkdgz8VLCMzDY9ZQSN10Qb1dg3Oyo_6df06d2f.png",
          "https://img.youtube.com/vi/0Dk3XS2Ze00/hqdefault.jpg"
        ],
        "members": [],
        "source": {
          "provider": "fumi Diary 2号店",
          "url": "https://www.youtube.com/watch?v=0Dk3XS2Ze00",
          "mapId": "",
          "layer": "MISC",
          "tags": [
            "MISC"
          ],
          "name": "モエレ沼公園 ガラスのピラミッド \"HIDAMARI\""
        },
        "classification": {
          "category": "MISC",
          "subcategory": "MISC",
          "method": "legacy-import",
          "status": "unreviewed"
        },
        "classificationCandidates": {
          "members": [],
          "projects": [],
          "contentTypes": []
        }
      }
    },
    {
      "type": "Feature",
      "geometry": {
        "type": "Point",
        "coordinates": [
          141.43309,
          43.123495
        ]
      },
      "properties": {
        "id": "fumi-1333",
        "name": "モエレ沼公園",
        "category": "MISC",
        "subcategory": "MISC",
        "categoryColor": "#0891b2",
        "address": "",
        "sceneTitle": "モエレ沼公園",
        "sceneNote": "説明: 櫻坂46 田村保乃、山﨑天「Go To サクラ旅 ～全国の桜名所巡り 時々メシ in 北海道～」Vlog撮影場所 http://blog.livedoor.jp/fumichen2/archives/57362238.html 住所: 〒007-0011 北海道札幌市東区モエレ沼公園1-1 https://www.youtube.com/embed/0Dk3XS2Ze00",
        "sourceLabel": "fumi Diary 2号店",
        "sourceUrl": "https://www.youtube.com/watch?v=0Dk3XS2Ze00",
        "tags": [
          "MISC"
        ],
        "images": [
          "https://pub-6d7574c4452b41519ab8adf1541d7f9e.r2.dev/seichi/sakurazaka/3AAjQbR4APcX3pqNbf_mjlsKzxZQRJ9c8a-Z09PR_6c15afad.png",
          "https://img.youtube.com/vi/0Dk3XS2Ze00/hqdefault.jpg"
        ],
        "members": [],
        "source": {
          "provider": "fumi Diary 2号店",
          "url": "https://www.youtube.com/watch?v=0Dk3XS2Ze00",
          "mapId": "",
          "layer": "MISC",
          "tags": [
            "MISC"
          ],
          "name": "モエレ沼公園"
        },
        "classification": {
          "category": "MISC",
          "subcategory": "MISC",
          "method": "legacy-import",
          "status": "unreviewed"
        },
        "classificationCandidates": {
          "members": [],
          "projects": [],
          "contentTypes": []
        }
      }
    },
    {
      "type": "Feature",
      "geometry": {
        "type": "Point",
        "coordinates": [
          141.3488839,
          43.0692214
        ]
      },
      "properties": {
        "id": "fumi-1334",
        "name": "FM NORTH WAVE",
        "category": "MISC",
        "subcategory": "MISC",
        "categoryColor": "#0891b2",
        "address": "",
        "sceneTitle": "FM NORTH WAVE",
        "sceneNote": "説明: 櫻坂46 田村保乃、山﨑天「Go To サクラ旅 ～全国の桜名所巡り 時々メシ in 北海道～」Vlog撮影場所 http://blog.livedoor.jp/fumichen2/archives/57362238.html 住所: 〒060-0807 北海道札幌市北区北7条西4丁目3-1 新北海道ビル8階 https://www.youtube.com/embed/0Dk3XS2Ze00",
        "sourceLabel": "fumi Diary 2号店",
        "sourceUrl": "https://www.youtube.com/watch?v=0Dk3XS2Ze00",
        "tags": [
          "MISC"
        ],
        "images": [
          "https://pub-6d7574c4452b41519ab8adf1541d7f9e.r2.dev/seichi/sakurazaka/3AAjQbR5PyhPbH1TwXK1IWSDUD3qFb0C5EuGGwj4_d5a7d58f.png",
          "https://img.youtube.com/vi/0Dk3XS2Ze00/hqdefault.jpg"
        ],
        "members": [],
        "source": {
          "provider": "fumi Diary 2号店",
          "url": "https://www.youtube.com/watch?v=0Dk3XS2Ze00",
          "mapId": "",
          "layer": "MISC",
          "tags": [
            "MISC"
          ],
          "name": "FM NORTH WAVE"
        },
        "classification": {
          "category": "MISC",
          "subcategory": "MISC",
          "method": "legacy-import",
          "status": "unreviewed"
        },
        "classificationCandidates": {
          "members": [],
          "projects": [],
          "contentTypes": []
        }
      }
    },
    {
      "type": "Feature",
      "geometry": {
        "type": "Point",
        "coordinates": [
          141.3434414,
          43.054725
        ]
      },
      "properties": {
        "id": "fumi-1335",
        "name": "Asian Bar RAMAI 札幌中央店",
        "category": "MISC",
        "subcategory": "MISC",
        "categoryColor": "#0891b2",
        "address": "",
        "sceneTitle": "Asian Bar RAMAI 札幌中央店",
        "sceneNote": "説明: 櫻坂46 田村保乃、山﨑天「Go To サクラ旅 ～全国の桜名所巡り 時々メシ in 北海道～」Vlog撮影場所 http://blog.livedoor.jp/fumichen2/archives/57362238.html 住所: 札幌市中央区南4条西10丁目1005-4 コンフォモール札幌 1F https://www.youtube.com/embed/0Dk3XS2Ze00",
        "sourceLabel": "fumi Diary 2号店",
        "sourceUrl": "https://www.youtube.com/watch?v=0Dk3XS2Ze00",
        "tags": [
          "MISC"
        ],
        "images": [
          "https://pub-6d7574c4452b41519ab8adf1541d7f9e.r2.dev/seichi/sakurazaka/3AAjQbR4El4zBZe2eK623iE5aR2EXh8_ffWcwHrl_d7152226.png",
          "https://pub-6d7574c4452b41519ab8adf1541d7f9e.r2.dev/seichi/sakurazaka/3AAjQbR4Z6M7lmKrVaWyWyM9fYkcRF05XBcALT0L_d63b9d7c.png",
          "https://pub-6d7574c4452b41519ab8adf1541d7f9e.r2.dev/seichi/sakurazaka/3AAjQbR6XUCcUDck_Zp5g101Hfh_IdWC5v6aCN_P_bc608f38.png",
          "https://pub-6d7574c4452b41519ab8adf1541d7f9e.r2.dev/seichi/sakurazaka/3AAjQbR7vpAhArKlSTzcxtpcOQfKOTp9LvRuwI52_24a09fcd.png",
          "https://pub-6d7574c4452b41519ab8adf1541d7f9e.r2.dev/seichi/sakurazaka/3AAjQbR7ho8ptnPiH74pDKsgTmIsdI2OFHnBAl-e_2ad57be8.png",
          "https://img.youtube.com/vi/0Dk3XS2Ze00/hqdefault.jpg"
        ],
        "members": [],
        "source": {
          "provider": "fumi Diary 2号店",
          "url": "https://www.youtube.com/watch?v=0Dk3XS2Ze00",
          "mapId": "",
          "layer": "MISC",
          "tags": [
            "MISC"
          ],
          "name": "Asian Bar RAMAI 札幌中央店"
        },
        "classification": {
          "category": "MISC",
          "subcategory": "MISC",
          "method": "legacy-import",
          "status": "unreviewed"
        },
        "classificationCandidates": {
          "members": [],
          "projects": [],
          "contentTypes": []
        }
      }
    },
    {
      "type": "Feature",
      "geometry": {
        "type": "Point",
        "coordinates": [
          141.342181,
          43.055065
        ]
      },
      "properties": {
        "id": "fumi-1336",
        "name": "南3西11南3西10交差点",
        "category": "MISC",
        "subcategory": "MISC",
        "categoryColor": "#0891b2",
        "address": "",
        "sceneTitle": "南3西11南3西10交差点",
        "sceneNote": "説明: 櫻坂46 田村保乃、山﨑天「Go To サクラ旅 ～全国の桜名所巡り 時々メシ in 北海道～」Vlog撮影場所 http://blog.livedoor.jp/fumichen2/archives/57362238.html 住所: 〒060-0063 北海道札幌市中央区南3条西10丁目 https://www.youtube.com/embed/0Dk3XS2Ze00",
        "sourceLabel": "fumi Diary 2号店",
        "sourceUrl": "https://www.youtube.com/watch?v=0Dk3XS2Ze00",
        "tags": [
          "MISC"
        ],
        "images": [
          "https://pub-6d7574c4452b41519ab8adf1541d7f9e.r2.dev/seichi/sakurazaka/3AAjQbR6Or_6irCKJPtD6-yvw9JuxLx0tpOJ-fPQ_fa7711a6.png",
          "https://pub-6d7574c4452b41519ab8adf1541d7f9e.r2.dev/seichi/sakurazaka/3AAjQbR5FRnyAmQrzM_dnnbelMiklZgfIp7LHIQS_1809acb1.png",
          "https://img.youtube.com/vi/0Dk3XS2Ze00/hqdefault.jpg"
        ],
        "members": [],
        "source": {
          "provider": "fumi Diary 2号店",
          "url": "https://www.youtube.com/watch?v=0Dk3XS2Ze00",
          "mapId": "",
          "layer": "MISC",
          "tags": [
            "MISC"
          ],
          "name": "南3西11南3西10交差点"
        },
        "classification": {
          "category": "MISC",
          "subcategory": "MISC",
          "method": "legacy-import",
          "status": "unreviewed"
        },
        "classificationCandidates": {
          "members": [],
          "projects": [],
          "contentTypes": []
        }
      }
    },
    {
      "type": "Feature",
      "geometry": {
        "type": "Point",
        "coordinates": [
          141.3408313,
          43.0560332
        ]
      },
      "properties": {
        "id": "fumi-1337",
        "name": "札幌プリンスホテル",
        "category": "MISC",
        "subcategory": "MISC",
        "categoryColor": "#0891b2",
        "address": "",
        "sceneTitle": "札幌プリンスホテル",
        "sceneNote": "説明: 櫻坂46 田村保乃、山﨑天「Go To サクラ旅 ～全国の桜名所巡り 時々メシ in 北海道～」Vlog撮影場所 http://blog.livedoor.jp/fumichen2/archives/57362238.html 住所: 〒060-8615 北海道札幌市中央区南2条西11丁目 https://www.youtube.com/embed/0Dk3XS2Ze00",
        "sourceLabel": "fumi Diary 2号店",
        "sourceUrl": "https://www.youtube.com/watch?v=0Dk3XS2Ze00",
        "tags": [
          "MISC"
        ],
        "images": [
          "https://pub-6d7574c4452b41519ab8adf1541d7f9e.r2.dev/seichi/sakurazaka/3AAjQbR5idD7w9IB30qZEvmE-f_s2nOo9wWkD42I_dfca0962.png",
          "https://img.youtube.com/vi/0Dk3XS2Ze00/hqdefault.jpg"
        ],
        "members": [],
        "source": {
          "provider": "fumi Diary 2号店",
          "url": "https://www.youtube.com/watch?v=0Dk3XS2Ze00",
          "mapId": "",
          "layer": "MISC",
          "tags": [
            "MISC"
          ],
          "name": "札幌プリンスホテル"
        },
        "classification": {
          "category": "MISC",
          "subcategory": "MISC",
          "method": "legacy-import",
          "status": "unreviewed"
        },
        "classificationCandidates": {
          "members": [],
          "projects": [],
          "contentTypes": []
        }
      }
    },
    {
      "type": "Feature",
      "geometry": {
        "type": "Point",
        "coordinates": [
          141.3553551,
          43.0615618
        ]
      },
      "properties": {
        "id": "fumi-1338",
        "name": "カナモトホール (札幌市民ホール)",
        "category": "MISC",
        "subcategory": "MISC",
        "categoryColor": "#0891b2",
        "address": "",
        "sceneTitle": "カナモトホール (札幌市民ホール)",
        "sceneNote": "説明: 櫻坂46 田村保乃、山﨑天「Go To サクラ旅 ～全国の桜名所巡り 時々メシ in 北海道～」Vlog撮影場所 http://blog.livedoor.jp/fumichen2/archives/57362238.html 住所: 〒060-0001 北海道札幌市中央区北1条西1丁目 https://www.youtube.com/embed/0Dk3XS2Ze00",
        "sourceLabel": "fumi Diary 2号店",
        "sourceUrl": "https://www.youtube.com/watch?v=0Dk3XS2Ze00",
        "tags": [
          "MISC"
        ],
        "images": [
          "https://pub-6d7574c4452b41519ab8adf1541d7f9e.r2.dev/seichi/sakurazaka/3AAjQbR6kHr55G8ri3kGocEXQQuS7awpjMTir8my_436f6ea3.png",
          "https://img.youtube.com/vi/0Dk3XS2Ze00/hqdefault.jpg"
        ],
        "members": [],
        "source": {
          "provider": "fumi Diary 2号店",
          "url": "https://www.youtube.com/watch?v=0Dk3XS2Ze00",
          "mapId": "",
          "layer": "MISC",
          "tags": [
            "MISC"
          ],
          "name": "カナモトホール (札幌市民ホール)"
        },
        "classification": {
          "category": "MISC",
          "subcategory": "MISC",
          "method": "legacy-import",
          "status": "unreviewed"
        },
        "classificationCandidates": {
          "members": [],
          "projects": [],
          "contentTypes": []
        }
      }
    },
    {
      "type": "Feature",
      "geometry": {
        "type": "Point",
        "coordinates": [
          141.3354804,
          43.0600836
        ]
      },
      "properties": {
        "id": "fumi-1339",
        "name": "UHB 北海道文化放送",
        "category": "MISC",
        "subcategory": "MISC",
        "categoryColor": "#0891b2",
        "address": "",
        "sceneTitle": "UHB 北海道文化放送",
        "sceneNote": "説明: 櫻坂46 田村保乃、山﨑天「Go To サクラ旅 ～全国の桜名所巡り 時々メシ in 北海道～」Vlog撮影場所 http://blog.livedoor.jp/fumichen2/archives/57362238.html 住所: 〒060-8527 北海道札幌市中央区北1条西14丁目1-5 https://www.youtube.com/embed/0Dk3XS2Ze00",
        "sourceLabel": "fumi Diary 2号店",
        "sourceUrl": "https://www.youtube.com/watch?v=0Dk3XS2Ze00",
        "tags": [
          "MISC"
        ],
        "images": [
          "https://pub-6d7574c4452b41519ab8adf1541d7f9e.r2.dev/seichi/sakurazaka/3AAjQbR4SWnTQ9OrJoRv9knrmZ4v4O8UwtqYZCKp_6ef1b8fa.png",
          "https://img.youtube.com/vi/0Dk3XS2Ze00/hqdefault.jpg"
        ],
        "members": [],
        "source": {
          "provider": "fumi Diary 2号店",
          "url": "https://www.youtube.com/watch?v=0Dk3XS2Ze00",
          "mapId": "",
          "layer": "MISC",
          "tags": [
            "MISC"
          ],
          "name": "UHB 北海道文化放送"
        },
        "classification": {
          "category": "MISC",
          "subcategory": "MISC",
          "method": "legacy-import",
          "status": "unreviewed"
        },
        "classificationCandidates": {
          "members": [],
          "projects": [],
          "contentTypes": []
        }
      }
    },
    {
      "type": "Feature",
      "geometry": {
        "type": "Point",
        "coordinates": [
          2.5772081,
          49.0033395
        ]
      },
      "properties": {
        "id": "fumi-1340",
        "name": "Aéroport de Paris-Charles-de-Gaulle",
        "category": "MISC",
        "subcategory": "MISC",
        "categoryColor": "#0891b2",
        "address": "",
        "sceneTitle": "Aéroport de Paris-Charles-de-Gaulle",
        "sceneNote": "説明: Terminal 2E パリ＝シャルル・ド・ゴール空港 Aéroport de Paris-Charles-de-Gaulle 櫻坂46が全力でパリを満喫!Vlog撮影場所 前編 http://blog.livedoor.jp/fumichen2/archives/57739567.html 住所: 95700 Roissy-en-France, France",
        "sourceLabel": "fumi Diary 2号店",
        "sourceUrl": "http://blog.livedoor.jp/fumichen2/",
        "tags": [
          "MISC"
        ],
        "images": [
          "https://pub-6d7574c4452b41519ab8adf1541d7f9e.r2.dev/seichi/sakurazaka/3AAjQbR5_UTwEh4m-AuontazT9L4GBrGym81192z_e36ab02e.png",
          "https://pub-6d7574c4452b41519ab8adf1541d7f9e.r2.dev/seichi/sakurazaka/3AAjQbR71f8lHKR8HCF9jZu1nQcMNwFpGNJcMzfp_baa2f9da.png",
          "https://pub-6d7574c4452b41519ab8adf1541d7f9e.r2.dev/seichi/sakurazaka/3AAjQbR5HK4OWA2HZFfG2GgdkhOAATQOi12vs_AA_0ded7550.png"
        ],
        "members": [],
        "source": {
          "provider": "fumi Diary 2号店",
          "url": "http://blog.livedoor.jp/fumichen2/",
          "mapId": "",
          "layer": "MISC",
          "tags": [
            "MISC"
          ],
          "name": "Aéroport de Paris-Charles-de-Gaulle"
        },
        "classification": {
          "category": "MISC",
          "subcategory": "MISC",
          "method": "legacy-import",
          "status": "unreviewed"
        },
        "classificationCandidates": {
          "members": [],
          "projects": [],
          "contentTypes": []
        }
      }
    },
    {
      "type": "Feature",
      "geometry": {
        "type": "Point",
        "coordinates": [
          2.2844977,
          48.8804614
        ]
      },
      "properties": {
        "id": "fumi-1341",
        "name": "Hyatt Regency Paris Étoile",
        "category": "MISC",
        "subcategory": "MISC",
        "categoryColor": "#0891b2",
        "address": "",
        "sceneTitle": "Hyatt Regency Paris Étoile",
        "sceneNote": "説明: 宿泊したホテル ハイアット リージェンシー パリ エトワール Hyatt Regency Paris Étoile 櫻坂46が全力でパリを満喫!Vlog撮影場所 前編 http://blog.livedoor.jp/fumichen2/archives/57739567.html 櫻坂46 Japan Expo Paris 2023 当日に密着! http://blog.livedoor.jp/fumichen2/archives/57762952.html 住所: 3 Place du Général Kœnig, 75017 Paris, France",
        "sourceLabel": "fumi Diary 2号店",
        "sourceUrl": "http://blog.livedoor.jp/fumichen2/",
        "tags": [
          "MISC"
        ],
        "images": [
          "https://pub-6d7574c4452b41519ab8adf1541d7f9e.r2.dev/seichi/sakurazaka/3AAjQbR5FcGZOUojbI6PP456oEJFxkZ6Pj6OPeqp_4334503c.png",
          "https://pub-6d7574c4452b41519ab8adf1541d7f9e.r2.dev/seichi/sakurazaka/3AAjQbR4FUkN25u0F0ps9Ub7x3xUV5441ZZj7y3X_cf40a784.png",
          "https://pub-6d7574c4452b41519ab8adf1541d7f9e.r2.dev/seichi/sakurazaka/3AAjQbR74Ia1_2rCY4cEZjSzxQ7cRsh8YQFPbthv_5d709cc3.png",
          "https://pub-6d7574c4452b41519ab8adf1541d7f9e.r2.dev/seichi/sakurazaka/3AAjQbR53mSjIuLBfbKYxqVCQDPxtGfg475bKjWP_a9d9d44d.png"
        ],
        "members": [],
        "source": {
          "provider": "fumi Diary 2号店",
          "url": "http://blog.livedoor.jp/fumichen2/",
          "mapId": "",
          "layer": "MISC",
          "tags": [
            "MISC"
          ],
          "name": "Hyatt Regency Paris Étoile"
        },
        "classification": {
          "category": "MISC",
          "subcategory": "MISC",
          "method": "legacy-import",
          "status": "unreviewed"
        },
        "classificationCandidates": {
          "members": [],
          "projects": [],
          "contentTypes": []
        }
      }
    },
    {
      "type": "Feature",
      "geometry": {
        "type": "Point",
        "coordinates": [
          2.284419,
          48.879067
        ]
      },
      "properties": {
        "id": "fumi-1342",
        "name": "Boulevard Gouvion-Saint-Cyr",
        "category": "MISC",
        "subcategory": "MISC",
        "categoryColor": "#0891b2",
        "address": "",
        "sceneTitle": "Boulevard Gouvion-Saint-Cyr",
        "sceneNote": "説明: グーヴィオン=サン=シール通り Boulevard Gouvion-Saint-Cyr 櫻坂46が全力でパリを満喫!Vlog撮影場所 前編 http://blog.livedoor.jp/fumichen2/archives/57739567.html 住所: Boulevard Gouvion-Saint-Cyr",
        "sourceLabel": "fumi Diary 2号店",
        "sourceUrl": "http://blog.livedoor.jp/fumichen2/",
        "tags": [
          "MISC"
        ],
        "images": [
          "https://pub-6d7574c4452b41519ab8adf1541d7f9e.r2.dev/seichi/sakurazaka/3AAjQbR5tCxv1W0zS8dexZ5RY8EnGAod4FN1uJyn_6c3dda7b.png"
        ],
        "members": [],
        "source": {
          "provider": "fumi Diary 2号店",
          "url": "http://blog.livedoor.jp/fumichen2/",
          "mapId": "",
          "layer": "MISC",
          "tags": [
            "MISC"
          ],
          "name": "Boulevard Gouvion-Saint-Cyr"
        },
        "classification": {
          "category": "MISC",
          "subcategory": "MISC",
          "method": "legacy-import",
          "status": "unreviewed"
        },
        "classificationCandidates": {
          "members": [],
          "projects": [],
          "contentTypes": []
        }
      }
    },
    {
      "type": "Feature",
      "geometry": {
        "type": "Point",
        "coordinates": [
          2.286128,
          48.881972
        ]
      },
      "properties": {
        "id": "fumi-1343",
        "name": "Pizza Nino",
        "category": "MISC",
        "subcategory": "MISC",
        "categoryColor": "#0891b2",
        "address": "",
        "sceneTitle": "Pizza Nino",
        "sceneNote": "説明: 櫻坂46が全力でパリを満喫!Vlog撮影場所 前編 http://blog.livedoor.jp/fumichen2/archives/57739567.html 住所: 49 Boulevard Gouvion-Saint-Cyr, 75017 Paris, France",
        "sourceLabel": "fumi Diary 2号店",
        "sourceUrl": "http://blog.livedoor.jp/fumichen2/",
        "tags": [
          "MISC"
        ],
        "images": [],
        "members": [],
        "source": {
          "provider": "fumi Diary 2号店",
          "url": "http://blog.livedoor.jp/fumichen2/",
          "mapId": "",
          "layer": "MISC",
          "tags": [
            "MISC"
          ],
          "name": "Pizza Nino"
        },
        "classification": {
          "category": "MISC",
          "subcategory": "MISC",
          "method": "legacy-import",
          "status": "unreviewed"
        },
        "classificationCandidates": {
          "members": [],
          "projects": [],
          "contentTypes": []
        }
      }
    },
    {
      "type": "Feature",
      "geometry": {
        "type": "Point",
        "coordinates": [
          2.286249,
          48.881862
        ]
      },
      "properties": {
        "id": "fumi-1344",
        "name": "Carrefour Express",
        "category": "MISC",
        "subcategory": "MISC",
        "categoryColor": "#0891b2",
        "address": "",
        "sceneTitle": "Carrefour Express",
        "sceneNote": "説明: 生搾りのオレンジジュース 櫻坂46が全力でパリを満喫!Vlog撮影場所 前編 http://blog.livedoor.jp/fumichen2/archives/57739567.html 住所: 51 Boulevard Gouvion-Saint-Cyr, 75017 Paris, France",
        "sourceLabel": "fumi Diary 2号店",
        "sourceUrl": "http://blog.livedoor.jp/fumichen2/",
        "tags": [
          "MISC"
        ],
        "images": [
          "https://pub-6d7574c4452b41519ab8adf1541d7f9e.r2.dev/seichi/sakurazaka/3AAjQbR5bS5LicIuvqAp1sfXmnIE8uvqc7O4wgTM_64e6bb4e.png"
        ],
        "members": [],
        "source": {
          "provider": "fumi Diary 2号店",
          "url": "http://blog.livedoor.jp/fumichen2/",
          "mapId": "",
          "layer": "MISC",
          "tags": [
            "MISC"
          ],
          "name": "Carrefour Express"
        },
        "classification": {
          "category": "MISC",
          "subcategory": "MISC",
          "method": "legacy-import",
          "status": "unreviewed"
        },
        "classificationCandidates": {
          "members": [],
          "projects": [],
          "contentTypes": []
        }
      }
    },
    {
      "type": "Feature",
      "geometry": {
        "type": "Point",
        "coordinates": [
          2.284782,
          48.87919
        ]
      },
      "properties": {
        "id": "fumi-1345",
        "name": "Le Méridien Etoile",
        "category": "MISC",
        "subcategory": "MISC",
        "categoryColor": "#0891b2",
        "address": "",
        "sceneTitle": "Le Méridien Etoile",
        "sceneNote": "説明: 田村保乃ちゃんは飛行機が飛んで驚きました。 ル メルディアン エトワール Le Méridien Etoile 櫻坂46が全力でパリを満喫!Vlog撮影場所 前編 http://blog.livedoor.jp/fumichen2/archives/57739567.html 住所: 81 Boulevard Gouvion Saint-Cyr, 75848 Cedex 17, 75017 Paris, France",
        "sourceLabel": "fumi Diary 2号店",
        "sourceUrl": "http://blog.livedoor.jp/fumichen2/",
        "tags": [
          "MISC"
        ],
        "images": [
          "https://pub-6d7574c4452b41519ab8adf1541d7f9e.r2.dev/seichi/sakurazaka/3AAjQbR6QSv9PZUSYWS8OSSjV9DvN1BeoqVALjaS_2c3c69ab.png"
        ],
        "members": [],
        "source": {
          "provider": "fumi Diary 2号店",
          "url": "http://blog.livedoor.jp/fumichen2/",
          "mapId": "",
          "layer": "MISC",
          "tags": [
            "MISC"
          ],
          "name": "Le Méridien Etoile"
        },
        "classification": {
          "category": "MISC",
          "subcategory": "MISC",
          "method": "legacy-import",
          "status": "unreviewed"
        },
        "classificationCandidates": {
          "members": [],
          "projects": [],
          "contentTypes": []
        }
      }
    },
    {
      "type": "Feature",
      "geometry": {
        "type": "Point",
        "coordinates": [
          2.284728,
          48.877182
        ]
      },
      "properties": {
        "id": "fumi-1346",
        "name": "76 Avenue de la Grande Armée",
        "category": "MISC",
        "subcategory": "MISC",
        "categoryColor": "#0891b2",
        "address": "",
        "sceneTitle": "76 Avenue de la Grande Armée",
        "sceneNote": "説明: 藤吉夏鈴ちゃんお腹すいたです。 76 Avenue de la Grande Armée, 75017 Paris, France 櫻坂46が全力でパリを満喫!Vlog撮影場所 前編 http://blog.livedoor.jp/fumichen2/archives/57739567.html 住所: 76 Avenue de la Grande Armée, 75017 Paris, France",
        "sourceLabel": "fumi Diary 2号店",
        "sourceUrl": "http://blog.livedoor.jp/fumichen2/",
        "tags": [
          "MISC"
        ],
        "images": [
          "https://pub-6d7574c4452b41519ab8adf1541d7f9e.r2.dev/seichi/sakurazaka/3AAjQbR6RuUdHbmtX94x_8bC_-DebRlYRRT8X2eV_b9b4d8ec.png"
        ],
        "members": [],
        "source": {
          "provider": "fumi Diary 2号店",
          "url": "http://blog.livedoor.jp/fumichen2/",
          "mapId": "",
          "layer": "MISC",
          "tags": [
            "MISC"
          ],
          "name": "76 Avenue de la Grande Armée"
        },
        "classification": {
          "category": "MISC",
          "subcategory": "MISC",
          "method": "legacy-import",
          "status": "unreviewed"
        },
        "classificationCandidates": {
          "members": [],
          "projects": [],
          "contentTypes": []
        }
      }
    },
    {
      "type": "Feature",
      "geometry": {
        "type": "Point",
        "coordinates": [
          2.284702,
          48.877958
        ]
      },
      "properties": {
        "id": "fumi-1347",
        "name": "Neuilly - Porte Maillot",
        "category": "MISC",
        "subcategory": "Porte Maillot",
        "categoryColor": "#0891b2",
        "address": "",
        "sceneTitle": "Neuilly",
        "sceneNote": "説明: ヌイイ＝ポルト・マイヨ駅前 Neuilly - Porte Maillot 櫻坂46が全力でパリを満喫!Vlog撮影場所 前編 http://blog.livedoor.jp/fumichen2/archives/57739567.html 住所: 82 Avenue de la Grande Armée, 75017 Paris, France",
        "sourceLabel": "fumi Diary 2号店",
        "sourceUrl": "http://blog.livedoor.jp/fumichen2/",
        "tags": [
          "MISC"
        ],
        "images": [
          "https://pub-6d7574c4452b41519ab8adf1541d7f9e.r2.dev/seichi/sakurazaka/3AAjQbR7zdQeaXpLumGSUz9HRr9WyycOzu7Fhvv4_47c94ebc.png"
        ],
        "members": [],
        "source": {
          "provider": "fumi Diary 2号店",
          "url": "http://blog.livedoor.jp/fumichen2/",
          "mapId": "",
          "layer": "MISC",
          "tags": [
            "MISC"
          ],
          "name": "Neuilly - Porte Maillot"
        },
        "classification": {
          "category": "MISC",
          "subcategory": "Porte Maillot",
          "method": "legacy-import",
          "status": "unreviewed"
        },
        "classificationCandidates": {
          "members": [],
          "projects": [],
          "contentTypes": []
        }
      }
    },
    {
      "type": "Feature",
      "geometry": {
        "type": "Point",
        "coordinates": [
          2.292012,
          48.874705
        ]
      },
      "properties": {
        "id": "fumi-1348",
        "name": "11 Avenue de la Grande Armée",
        "category": "MISC",
        "subcategory": "MISC",
        "categoryColor": "#0891b2",
        "address": "",
        "sceneTitle": "11 Avenue de la Grande Armée",
        "sceneNote": "説明: 凱旋門を背に14人で集合写真 グランド・アルメ通り Avenue de la Grande Armée 櫻坂46が全力でパリを満喫!Vlog撮影場所 前編 http://blog.livedoor.jp/fumichen2/archives/57739567.html 住所: 11 Avenue de la Grande Armée, 75116 Paris, France",
        "sourceLabel": "fumi Diary 2号店",
        "sourceUrl": "http://blog.livedoor.jp/fumichen2/",
        "tags": [
          "MISC"
        ],
        "images": [
          "https://pub-6d7574c4452b41519ab8adf1541d7f9e.r2.dev/seichi/sakurazaka/3AAjQbR6XKWX0_JllAErFyWjcXPNfTa_cRwRbo3J_afdb0aef.png",
          "https://pub-6d7574c4452b41519ab8adf1541d7f9e.r2.dev/seichi/sakurazaka/3AAjQbR6r8gynD_6gF2_RwYnkcqFgjPpCobd6-Y__87b953be.png"
        ],
        "members": [],
        "source": {
          "provider": "fumi Diary 2号店",
          "url": "http://blog.livedoor.jp/fumichen2/",
          "mapId": "",
          "layer": "MISC",
          "tags": [
            "MISC"
          ],
          "name": "11 Avenue de la Grande Armée"
        },
        "classification": {
          "category": "MISC",
          "subcategory": "MISC",
          "method": "legacy-import",
          "status": "unreviewed"
        },
        "classificationCandidates": {
          "members": [],
          "projects": [],
          "contentTypes": []
        }
      }
    },
    {
      "type": "Feature",
      "geometry": {
        "type": "Point",
        "coordinates": [
          2.291371,
          48.875182
        ]
      },
      "properties": {
        "id": "fumi-1349",
        "name": "22 Avenue de la Grande Armée",
        "category": "MISC",
        "subcategory": "MISC",
        "categoryColor": "#0891b2",
        "address": "",
        "sceneTitle": "22 Avenue de la Grande Armée",
        "sceneNote": "説明: 武元唯衣撮影会 in パリ グランド・アルメ通り 22 Avenue de la Grande Armée, 75017 Paris, France 櫻坂46が全力でパリを満喫!Vlog撮影場所 前編 http://blog.livedoor.jp/fumichen2/archives/57739567.html 住所: 22 Avenue de la Grande Armée, 75017 Paris, France",
        "sourceLabel": "fumi Diary 2号店",
        "sourceUrl": "http://blog.livedoor.jp/fumichen2/",
        "tags": [
          "MISC"
        ],
        "images": [
          "https://pub-6d7574c4452b41519ab8adf1541d7f9e.r2.dev/seichi/sakurazaka/3AAjQbR6Lgz2vjQ5z1_t3QhCK0AghwMlRwXyGErn_c92c34e7.png"
        ],
        "members": [],
        "source": {
          "provider": "fumi Diary 2号店",
          "url": "http://blog.livedoor.jp/fumichen2/",
          "mapId": "",
          "layer": "MISC",
          "tags": [
            "MISC"
          ],
          "name": "22 Avenue de la Grande Armée"
        },
        "classification": {
          "category": "MISC",
          "subcategory": "MISC",
          "method": "legacy-import",
          "status": "unreviewed"
        },
        "classificationCandidates": {
          "members": [],
          "projects": [],
          "contentTypes": []
        }
      }
    },
    {
      "type": "Feature",
      "geometry": {
        "type": "Point",
        "coordinates": [
          2.289403,
          48.875722
        ]
      },
      "properties": {
        "id": "fumi-1350",
        "name": "38bis Avenue de la Grande Armée,",
        "category": "MISC",
        "subcategory": "MISC",
        "categoryColor": "#0891b2",
        "address": "",
        "sceneTitle": "38bis Avenue de la Grande Armée,",
        "sceneNote": "説明: 売店の壁に飾った映画「Barbie」のポスター 38bis Avenue de la Grande Armée, 75017 Paris, France 櫻坂46が全力でパリを満喫!Vlog撮影場所 前編 http://blog.livedoor.jp/fumichen2/archives/57739567.html 住所: 38bis Avenue de la Grande Armée, 75017 Paris, France",
        "sourceLabel": "fumi Diary 2号店",
        "sourceUrl": "http://blog.livedoor.jp/fumichen2/",
        "tags": [
          "MISC"
        ],
        "images": [
          "https://pub-6d7574c4452b41519ab8adf1541d7f9e.r2.dev/seichi/sakurazaka/3AAjQbR44gy7dON2i-l738YKjS8gGCppgD5llT-H_1136434e.png"
        ],
        "members": [],
        "source": {
          "provider": "fumi Diary 2号店",
          "url": "http://blog.livedoor.jp/fumichen2/",
          "mapId": "",
          "layer": "MISC",
          "tags": [
            "MISC"
          ],
          "name": "38bis Avenue de la Grande Armée,"
        },
        "classification": {
          "category": "MISC",
          "subcategory": "MISC",
          "method": "legacy-import",
          "status": "unreviewed"
        },
        "classificationCandidates": {
          "members": [],
          "projects": [],
          "contentTypes": []
        }
      }
    },
    {
      "type": "Feature",
      "geometry": {
        "type": "Point",
        "coordinates": [
          2.292312,
          48.874543
        ]
      },
      "properties": {
        "id": "fumi-1351",
        "name": "7 Avenue de la Grande Armée",
        "category": "MISC",
        "subcategory": "MISC",
        "categoryColor": "#0891b2",
        "address": "",
        "sceneTitle": "7 Avenue de la Grande Armée",
        "sceneNote": "説明: 消防士と集合写真 グランド・アルメ通り 7 Avenue de la Grande Armée, 75116 Paris, France 櫻坂46が全力でパリを満喫!Vlog撮影場所 前編 http://blog.livedoor.jp/fumichen2/archives/57739567.html 住所: 7 Avenue de la Grande Armée, 75116 Paris, France",
        "sourceLabel": "fumi Diary 2号店",
        "sourceUrl": "http://blog.livedoor.jp/fumichen2/",
        "tags": [
          "MISC"
        ],
        "images": [
          "https://pub-6d7574c4452b41519ab8adf1541d7f9e.r2.dev/seichi/sakurazaka/3AAjQbR4uIuYq3z_RuZ4dT-FX1amgQQRKofY6rSP_82381417.png"
        ],
        "members": [],
        "source": {
          "provider": "fumi Diary 2号店",
          "url": "http://blog.livedoor.jp/fumichen2/",
          "mapId": "",
          "layer": "MISC",
          "tags": [
            "MISC"
          ],
          "name": "7 Avenue de la Grande Armée"
        },
        "classification": {
          "category": "MISC",
          "subcategory": "MISC",
          "method": "legacy-import",
          "status": "unreviewed"
        },
        "classificationCandidates": {
          "members": [],
          "projects": [],
          "contentTypes": []
        }
      }
    },
    {
      "type": "Feature",
      "geometry": {
        "type": "Point",
        "coordinates": [
          2.287028,
          48.876246
        ]
      },
      "properties": {
        "id": "fumi-1352",
        "name": "63 Avenue de la Grande Armée",
        "category": "MISC",
        "subcategory": "MISC",
        "categoryColor": "#0891b2",
        "address": "",
        "sceneTitle": "63 Avenue de la Grande Armée",
        "sceneNote": "説明: グランド・アルメ通り 63 Avenue de la Grande Armée, 75116 Paris, France 櫻坂46が全力でパリを満喫!Vlog撮影場所 前編 http://blog.livedoor.jp/fumichen2/archives/57739567.html 住所: 63 Avenue de la Grande Armée, 75116 Paris, France",
        "sourceLabel": "fumi Diary 2号店",
        "sourceUrl": "http://blog.livedoor.jp/fumichen2/",
        "tags": [
          "MISC"
        ],
        "images": [
          "https://pub-6d7574c4452b41519ab8adf1541d7f9e.r2.dev/seichi/sakurazaka/3AAjQbR4QcuRMgTy7CX9FNwGKQRygMjgblat9PFn_cfd5e99d.png"
        ],
        "members": [],
        "source": {
          "provider": "fumi Diary 2号店",
          "url": "http://blog.livedoor.jp/fumichen2/",
          "mapId": "",
          "layer": "MISC",
          "tags": [
            "MISC"
          ],
          "name": "63 Avenue de la Grande Armée"
        },
        "classification": {
          "category": "MISC",
          "subcategory": "MISC",
          "method": "legacy-import",
          "status": "unreviewed"
        },
        "classificationCandidates": {
          "members": [],
          "projects": [],
          "contentTypes": []
        }
      }
    },
    {
      "type": "Feature",
      "geometry": {
        "type": "Point",
        "coordinates": [
          2.284287,
          48.878779
        ]
      },
      "properties": {
        "id": "fumi-1353",
        "name": "Les Boutiques Du Palais",
        "category": "MISC",
        "subcategory": "MISC",
        "categoryColor": "#0891b2",
        "address": "",
        "sceneTitle": "Les Boutiques Du Palais",
        "sceneNote": "説明: 武元唯衣ちゃんハイテンション パリパリ、メルシー、美味しい、嬉しい、楽しい♪ Les Boutiques Du Palais 2 Place de la Prte Maillot, 75017 Paris, France 櫻坂46が全力でパリを満喫!Vlog撮影場所 前編 http://blog.livedoor.jp/fumichen2/archives/57739567.html 住所: 2 Place de la Prte Maillot, 75017 Paris, France",
        "sourceLabel": "fumi Diary 2号店",
        "sourceUrl": "http://blog.livedoor.jp/fumichen2/",
        "tags": [
          "MISC"
        ],
        "images": [
          "https://pub-6d7574c4452b41519ab8adf1541d7f9e.r2.dev/seichi/sakurazaka/3AAjQbR4QbN-if6x-onCptIbHLbVC5bRdHEUNUru_f64842b6.png"
        ],
        "members": [],
        "source": {
          "provider": "fumi Diary 2号店",
          "url": "http://blog.livedoor.jp/fumichen2/",
          "mapId": "",
          "layer": "MISC",
          "tags": [
            "MISC"
          ],
          "name": "Les Boutiques Du Palais"
        },
        "classification": {
          "category": "MISC",
          "subcategory": "MISC",
          "method": "legacy-import",
          "status": "unreviewed"
        },
        "classificationCandidates": {
          "members": [],
          "projects": [],
          "contentTypes": []
        }
      }
    },
    {
      "type": "Feature",
      "geometry": {
        "type": "Point",
        "coordinates": [
          2.34675,
          48.857242
        ]
      },
      "properties": {
        "id": "fumi-1354",
        "name": "Quai de la Mégisserie",
        "category": "MISC",
        "subcategory": "MISC",
        "categoryColor": "#0891b2",
        "address": "",
        "sceneTitle": "Quai de la Mégisserie",
        "sceneNote": "説明: セーヌ川沿い、後ろにはコンシェルジュリー(Conciergerie)、かつての牢獄、現在はパリのパレ・ド・ジュスティス(Le palais de justice de Paris、パリ司法宮)の一部です。 メギッスリー通り 2 Quai de la Mégisserie, 75001 Paris, France 櫻坂46が全力でパリを満喫!Vlog撮影場所 シテ島チーム編 http://blog.livedoor.jp/fumichen2/archives/57739631.html 住所: 2 Quai de la Mégisserie, 75001 Paris, France",
        "sourceLabel": "fumi Diary 2号店",
        "sourceUrl": "http://blog.livedoor.jp/fumichen2/",
        "tags": [
          "MISC"
        ],
        "images": [
          "https://pub-6d7574c4452b41519ab8adf1541d7f9e.r2.dev/seichi/sakurazaka/3AAjQbR5zMqL4XJ9tHCMWfnOGVETKVwMwK4icW07_f5f4957a.png"
        ],
        "members": [],
        "source": {
          "provider": "fumi Diary 2号店",
          "url": "http://blog.livedoor.jp/fumichen2/",
          "mapId": "",
          "layer": "MISC",
          "tags": [
            "MISC"
          ],
          "name": "Quai de la Mégisserie"
        },
        "classification": {
          "category": "MISC",
          "subcategory": "MISC",
          "method": "legacy-import",
          "status": "unreviewed"
        },
        "classificationCandidates": {
          "members": [],
          "projects": [],
          "contentTypes": []
        }
      }
    },
    {
      "type": "Feature",
      "geometry": {
        "type": "Point",
        "coordinates": [
          2.346597,
          48.856737
        ]
      },
      "properties": {
        "id": "fumi-1355",
        "name": "Pont au Change",
        "category": "MISC",
        "subcategory": "MISC",
        "categoryColor": "#0891b2",
        "address": "",
        "sceneTitle": "Pont au Change",
        "sceneNote": "説明: オー・シャンジュ橋 Pont au Change 124 Voie Georges Pompidou, 75004 Paris, France 櫻坂46が全力でパリを満喫!Vlog撮影場所 シテ島チーム編 http://blog.livedoor.jp/fumichen2/archives/57739631.html 住所: 124 Voie Georges Pompidou, 75004 Paris, France",
        "sourceLabel": "fumi Diary 2号店",
        "sourceUrl": "http://blog.livedoor.jp/fumichen2/",
        "tags": [
          "MISC"
        ],
        "images": [
          "https://pub-6d7574c4452b41519ab8adf1541d7f9e.r2.dev/seichi/sakurazaka/3AAjQbR7bfyd3TTasqzgORVyt2JRGAbrZOjlA7uW_c606e900.png"
        ],
        "members": [],
        "source": {
          "provider": "fumi Diary 2号店",
          "url": "http://blog.livedoor.jp/fumichen2/",
          "mapId": "",
          "layer": "MISC",
          "tags": [
            "MISC"
          ],
          "name": "Pont au Change"
        },
        "classification": {
          "category": "MISC",
          "subcategory": "MISC",
          "method": "legacy-import",
          "status": "unreviewed"
        },
        "classificationCandidates": {
          "members": [],
          "projects": [],
          "contentTypes": []
        }
      }
    },
    {
      "type": "Feature",
      "geometry": {
        "type": "Point",
        "coordinates": [
          2.345943,
          48.855599
        ]
      },
      "properties": {
        "id": "fumi-1356",
        "name": "Palais de Justice de Paris",
        "category": "MISC",
        "subcategory": "MISC",
        "categoryColor": "#0891b2",
        "address": "",
        "sceneTitle": "Palais de Justice de Paris",
        "sceneNote": "説明: パレ・ド・ジュスティス Palais de Justice de Paris 10 Boulevard du Palais, 75001 Paris, France 櫻坂46が全力でパリを満喫!Vlog撮影場所 シテ島チーム編 http://blog.livedoor.jp/fumichen2/archives/57739631.html 住所: 10 Boulevard du Palais, 75001 Paris, France",
        "sourceLabel": "fumi Diary 2号店",
        "sourceUrl": "http://blog.livedoor.jp/fumichen2/",
        "tags": [
          "MISC"
        ],
        "images": [
          "https://pub-6d7574c4452b41519ab8adf1541d7f9e.r2.dev/seichi/sakurazaka/3AAjQbR45q5b0EpvcVkSBobnrNbqaj2Fvf0Fty6R_892bab0b.png"
        ],
        "members": [],
        "source": {
          "provider": "fumi Diary 2号店",
          "url": "http://blog.livedoor.jp/fumichen2/",
          "mapId": "",
          "layer": "MISC",
          "tags": [
            "MISC"
          ],
          "name": "Palais de Justice de Paris"
        },
        "classification": {
          "category": "MISC",
          "subcategory": "MISC",
          "method": "legacy-import",
          "status": "unreviewed"
        },
        "classificationCandidates": {
          "members": [],
          "projects": [],
          "contentTypes": []
        }
      }
    },
    {
      "type": "Feature",
      "geometry": {
        "type": "Point",
        "coordinates": [
          2.3449609,
          48.855375
        ]
      },
      "properties": {
        "id": "fumi-1357",
        "name": "Sainte-Chapelle",
        "category": "MISC",
        "subcategory": "MISC",
        "categoryColor": "#0891b2",
        "address": "",
        "sceneTitle": "Sainte-Chapelle",
        "sceneNote": "説明: サント・シャペル教会 Sainte-Chapelle 櫻坂46が全力でパリを満喫!Vlog撮影場所 シテ島チーム編 http://blog.livedoor.jp/fumichen2/archives/57739631.html 住所: 10 Boulevard du Palais, 75001 Paris, France (パレ・ド・ジュスティス敷地内)",
        "sourceLabel": "fumi Diary 2号店",
        "sourceUrl": "http://blog.livedoor.jp/fumichen2/",
        "tags": [
          "MISC"
        ],
        "images": [
          "https://pub-6d7574c4452b41519ab8adf1541d7f9e.r2.dev/seichi/sakurazaka/3AAjQbR5Rna728I_pZlICPd_F1Ic2-VPplId0a_j_c652d319.png",
          "https://pub-6d7574c4452b41519ab8adf1541d7f9e.r2.dev/seichi/sakurazaka/3AAjQbR4POtbEzuYuuz_4ryaFASNTFq50ndoZEgY_b9d42c0e.png"
        ],
        "members": [],
        "source": {
          "provider": "fumi Diary 2号店",
          "url": "http://blog.livedoor.jp/fumichen2/",
          "mapId": "",
          "layer": "MISC",
          "tags": [
            "MISC"
          ],
          "name": "Sainte-Chapelle"
        },
        "classification": {
          "category": "MISC",
          "subcategory": "MISC",
          "method": "legacy-import",
          "status": "unreviewed"
        },
        "classificationCandidates": {
          "members": [],
          "projects": [],
          "contentTypes": []
        }
      }
    },
    {
      "type": "Feature",
      "geometry": {
        "type": "Point",
        "coordinates": [
          2.3457566,
          48.8550295
        ]
      },
      "properties": {
        "id": "fumi-1358",
        "name": "L'Annexe",
        "category": "MISC",
        "subcategory": "MISC",
        "categoryColor": "#0891b2",
        "address": "",
        "sceneTitle": "L'Annexe",
        "sceneNote": "説明: 可愛いカフェの前にコンニチハって声かけられました。 櫻坂46が全力でパリを満喫!Vlog撮影場所 シテ島チーム編 http://blog.livedoor.jp/fumichen2/archives/57739631.html 住所: 5 Boulevard du Palais, 75004 Paris, France",
        "sourceLabel": "fumi Diary 2号店",
        "sourceUrl": "http://blog.livedoor.jp/fumichen2/",
        "tags": [
          "MISC"
        ],
        "images": [
          "https://pub-6d7574c4452b41519ab8adf1541d7f9e.r2.dev/seichi/sakurazaka/3AAjQbR6QWQmgMomMOeuPwdJwZ2rN-iXArldmhYh_f0d03e58.png"
        ],
        "members": [],
        "source": {
          "provider": "fumi Diary 2号店",
          "url": "http://blog.livedoor.jp/fumichen2/",
          "mapId": "",
          "layer": "MISC",
          "tags": [
            "MISC"
          ],
          "name": "L'Annexe"
        },
        "classification": {
          "category": "MISC",
          "subcategory": "MISC",
          "method": "legacy-import",
          "status": "unreviewed"
        },
        "classificationCandidates": {
          "members": [],
          "projects": [],
          "contentTypes": []
        }
      }
    },
    {
      "type": "Feature",
      "geometry": {
        "type": "Point",
        "coordinates": [
          2.345142,
          48.8543934
        ]
      },
      "properties": {
        "id": "fumi-1359",
        "name": "Le Soleil d'Or",
        "category": "MISC",
        "subcategory": "MISC",
        "categoryColor": "#0891b2",
        "address": "",
        "sceneTitle": "Le Soleil d'Or",
        "sceneNote": "説明: Le Soleil d'Or 15 Boulevard du Palais, 75004 Paris, France 櫻坂46が全力でパリを満喫!Vlog撮影場所 シテ島チーム編 http://blog.livedoor.jp/fumichen2/archives/57739631.html 住所: 15 Boulevard du Palais, 75004 Paris, France",
        "sourceLabel": "fumi Diary 2号店",
        "sourceUrl": "http://blog.livedoor.jp/fumichen2/",
        "tags": [
          "MISC"
        ],
        "images": [
          "https://pub-6d7574c4452b41519ab8adf1541d7f9e.r2.dev/seichi/sakurazaka/3AAjQbR6HyoT_ovTNe8_OD4OORqyR-r0NbxsTNPG_8e0b91fa.png"
        ],
        "members": [],
        "source": {
          "provider": "fumi Diary 2号店",
          "url": "http://blog.livedoor.jp/fumichen2/",
          "mapId": "",
          "layer": "MISC",
          "tags": [
            "MISC"
          ],
          "name": "Le Soleil d'Or"
        },
        "classification": {
          "category": "MISC",
          "subcategory": "MISC",
          "method": "legacy-import",
          "status": "unreviewed"
        },
        "classificationCandidates": {
          "members": [],
          "projects": [],
          "contentTypes": []
        }
      }
    },
    {
      "type": "Feature",
      "geometry": {
        "type": "Point",
        "coordinates": [
          2.345736,
          48.854009
        ]
      },
      "properties": {
        "id": "fumi-1360",
        "name": "Quai du Marché-Neuf-Maurice-Grimaud",
        "category": "MISC",
        "subcategory": "MISC",
        "categoryColor": "#0891b2",
        "address": "",
        "sceneTitle": "Quai du Marché-Neuf-Maurice-Grimaud",
        "sceneNote": "説明: マルシェ・ヌフ＝モーリス・グリモー通り 2 Quai du Marché-Neuf-Maurice-Grimaud, 75004 Paris, France 櫻坂46が全力でパリを満喫!Vlog撮影場所 シテ島チーム編 http://blog.livedoor.jp/fumichen2/archives/57739631.html 住所: 2 Quai du Marché-Neuf-Maurice-Grimaud, 75004 Paris, France",
        "sourceLabel": "fumi Diary 2号店",
        "sourceUrl": "http://blog.livedoor.jp/fumichen2/",
        "tags": [
          "MISC"
        ],
        "images": [
          "https://pub-6d7574c4452b41519ab8adf1541d7f9e.r2.dev/seichi/sakurazaka/3AAjQbR7_1zxraUhGZ0PRwTLWakhVyLcSySD_7td_4cf98162.png",
          "https://pub-6d7574c4452b41519ab8adf1541d7f9e.r2.dev/seichi/sakurazaka/3AAjQbR7do78ExDr_10x-XpZ7TCiWqaLRlOf9kKp_3bb1e0aa.png"
        ],
        "members": [],
        "source": {
          "provider": "fumi Diary 2号店",
          "url": "http://blog.livedoor.jp/fumichen2/",
          "mapId": "",
          "layer": "MISC",
          "tags": [
            "MISC"
          ],
          "name": "Quai du Marché-Neuf-Maurice-Grimaud"
        },
        "classification": {
          "category": "MISC",
          "subcategory": "MISC",
          "method": "legacy-import",
          "status": "unreviewed"
        },
        "classificationCandidates": {
          "members": [],
          "projects": [],
          "contentTypes": []
        }
      }
    },
    {
      "type": "Feature",
      "geometry": {
        "type": "Point",
        "coordinates": [
          2.347231,
          48.853485
        ]
      },
      "properties": {
        "id": "fumi-1361",
        "name": "Cathédrale Notre-Dame de Paris",
        "category": "MISC",
        "subcategory": "MISC",
        "categoryColor": "#0891b2",
        "address": "",
        "sceneTitle": "Cathédrale Notre-Dame de Paris",
        "sceneNote": "説明: ノートルダム大聖堂前 Cathédrale Notre-Dame de Paris 櫻坂46が全力でパリを満喫!Vlog撮影場所 シテ島チーム編 http://blog.livedoor.jp/fumichen2/archives/57739631.html 住所: 6 Parvis Notre-Dame - Place Jean-Paul II, 75004 Paris, France",
        "sourceLabel": "fumi Diary 2号店",
        "sourceUrl": "http://blog.livedoor.jp/fumichen2/",
        "tags": [
          "MISC"
        ],
        "images": [
          "https://pub-6d7574c4452b41519ab8adf1541d7f9e.r2.dev/seichi/sakurazaka/3AAjQbR7YKTTj2fA1gyUw7ssXXIt1NxA1MfXGPrC_98c1cb25.png"
        ],
        "members": [],
        "source": {
          "provider": "fumi Diary 2号店",
          "url": "http://blog.livedoor.jp/fumichen2/",
          "mapId": "",
          "layer": "MISC",
          "tags": [
            "MISC"
          ],
          "name": "Cathédrale Notre-Dame de Paris"
        },
        "classification": {
          "category": "MISC",
          "subcategory": "MISC",
          "method": "legacy-import",
          "status": "unreviewed"
        },
        "classificationCandidates": {
          "members": [],
          "projects": [],
          "contentTypes": []
        }
      }
    },
    {
      "type": "Feature",
      "geometry": {
        "type": "Point",
        "coordinates": [
          2.34828,
          48.853883
        ]
      },
      "properties": {
        "id": "fumi-1362",
        "name": "Hôpital Hôtel-Dieu AP-HP",
        "category": "MISC",
        "subcategory": "MISC",
        "categoryColor": "#0891b2",
        "address": "",
        "sceneTitle": "Hôpital Hôtel-Dieu AP-HP",
        "sceneNote": "説明: オテル＝デュー AP-HP病院入り口前 Hôpital Hôtel-Dieu AP-HP 櫻坂46が全力でパリを満喫!Vlog撮影場所 シテ島チーム編 http://blog.livedoor.jp/fumichen2/archives/57739631.html 住所: 1 Parvis Notre-Dame - Place Jean-Paul II, 75004 Paris, France",
        "sourceLabel": "fumi Diary 2号店",
        "sourceUrl": "http://blog.livedoor.jp/fumichen2/",
        "tags": [
          "MISC"
        ],
        "images": [
          "https://pub-6d7574c4452b41519ab8adf1541d7f9e.r2.dev/seichi/sakurazaka/3AAjQbR4D9FlGVwAicYiuETtl8FJsy7mRSGww2dP_d9387195.png"
        ],
        "members": [],
        "source": {
          "provider": "fumi Diary 2号店",
          "url": "http://blog.livedoor.jp/fumichen2/",
          "mapId": "",
          "layer": "MISC",
          "tags": [
            "MISC"
          ],
          "name": "Hôpital Hôtel-Dieu AP-HP"
        },
        "classification": {
          "category": "MISC",
          "subcategory": "MISC",
          "method": "legacy-import",
          "status": "unreviewed"
        },
        "classificationCandidates": {
          "members": [],
          "projects": [],
          "contentTypes": []
        }
      }
    },
    {
      "type": "Feature",
      "geometry": {
        "type": "Point",
        "coordinates": [
          2.350504,
          48.853176
        ]
      },
      "properties": {
        "id": "fumi-1363",
        "name": "Rue du Cloître-Notre-Dame",
        "category": "MISC",
        "subcategory": "MISC",
        "categoryColor": "#0891b2",
        "address": "",
        "sceneTitle": "Rue du Cloître-Notre-Dame",
        "sceneNote": "説明: クロワトル＝ノートルダム通り 8 Rue du Cloître-Notre-Dame, 75004 Paris, France 櫻坂46が全力でパリを満喫!Vlog撮影場所 シテ島チーム編 http://blog.livedoor.jp/fumichen2/archives/57739631.html 住所: 8 Rue du Cloître-Notre-Dame, 75004 Paris, France",
        "sourceLabel": "fumi Diary 2号店",
        "sourceUrl": "http://blog.livedoor.jp/fumichen2/",
        "tags": [
          "MISC"
        ],
        "images": [
          "https://pub-6d7574c4452b41519ab8adf1541d7f9e.r2.dev/seichi/sakurazaka/3AAjQbR4U2sJfXVbIgYcrwZ73Eu1UKfut7pQIevy_61f37748.png"
        ],
        "members": [],
        "source": {
          "provider": "fumi Diary 2号店",
          "url": "http://blog.livedoor.jp/fumichen2/",
          "mapId": "",
          "layer": "MISC",
          "tags": [
            "MISC"
          ],
          "name": "Rue du Cloître-Notre-Dame"
        },
        "classification": {
          "category": "MISC",
          "subcategory": "MISC",
          "method": "legacy-import",
          "status": "unreviewed"
        },
        "classificationCandidates": {
          "members": [],
          "projects": [],
          "contentTypes": []
        }
      }
    },
    {
      "type": "Feature",
      "geometry": {
        "type": "Point",
        "coordinates": [
          2.3554763,
          48.8521528
        ]
      },
      "properties": {
        "id": "fumi-1364",
        "name": "Au Chenizot",
        "category": "MISC",
        "subcategory": "MISC",
        "categoryColor": "#0891b2",
        "address": "",
        "sceneTitle": "Au Chenizot",
        "sceneNote": "説明: Au Chenizot、お土産屋さん 櫻坂46が全力でパリを満喫!Vlog撮影場所 シテ島チーム編 http://blog.livedoor.jp/fumichen2/archives/57739631.html 住所: 53 Rue Saint-Louis en l'Île, 75004 Paris, France",
        "sourceLabel": "fumi Diary 2号店",
        "sourceUrl": "http://blog.livedoor.jp/fumichen2/",
        "tags": [
          "MISC"
        ],
        "images": [
          "https://pub-6d7574c4452b41519ab8adf1541d7f9e.r2.dev/seichi/sakurazaka/3AAjQbR5uqGTe4i6LGhx6bC7i8FInvYzTkCEc1gA_1bfed363.png",
          "https://pub-6d7574c4452b41519ab8adf1541d7f9e.r2.dev/seichi/sakurazaka/3AAjQbR7uCYMa0l57dzyAYEb_6cMMS5lUKU0q6Vg_c6a2ea82.png",
          "https://pub-6d7574c4452b41519ab8adf1541d7f9e.r2.dev/seichi/sakurazaka/3AAjQbR4YU1zL-tVOpvpQ_BjEGDPJ_nZ00dUwhbQ_68c645fd.png"
        ],
        "members": [],
        "source": {
          "provider": "fumi Diary 2号店",
          "url": "http://blog.livedoor.jp/fumichen2/",
          "mapId": "",
          "layer": "MISC",
          "tags": [
            "MISC"
          ],
          "name": "Au Chenizot"
        },
        "classification": {
          "category": "MISC",
          "subcategory": "MISC",
          "method": "legacy-import",
          "status": "unreviewed"
        },
        "classificationCandidates": {
          "members": [],
          "projects": [],
          "contentTypes": []
        }
      }
    },
    {
      "type": "Feature",
      "geometry": {
        "type": "Point",
        "coordinates": [
          2.3555277,
          48.8522656
        ]
      },
      "properties": {
        "id": "fumi-1365",
        "name": "Hadrien Chocolatier",
        "category": "MISC",
        "subcategory": "MISC",
        "categoryColor": "#0891b2",
        "address": "",
        "sceneTitle": "Hadrien Chocolatier",
        "sceneNote": "説明: Hadrien Chocolatier、チョコレート専門店 櫻坂46が全力でパリを満喫!Vlog撮影場所 シテ島チーム編 http://blog.livedoor.jp/fumichen2/archives/57739631.html 住所: 64 Rue Saint-Louis en l'Île, 75004 Paris, France",
        "sourceLabel": "fumi Diary 2号店",
        "sourceUrl": "http://blog.livedoor.jp/fumichen2/",
        "tags": [
          "MISC"
        ],
        "images": [
          "https://pub-6d7574c4452b41519ab8adf1541d7f9e.r2.dev/seichi/sakurazaka/3AAjQbR48DWks4OKiajVkoFg2OB1jhNmggzFBXi6_749b5602.png",
          "https://pub-6d7574c4452b41519ab8adf1541d7f9e.r2.dev/seichi/sakurazaka/3AAjQbR5hgVnWeQliUPzNfYd70uQ1ZpkMBzan7xR_fb99406e.png",
          "https://pub-6d7574c4452b41519ab8adf1541d7f9e.r2.dev/seichi/sakurazaka/3AAjQbR6JOkbPuBWOd95syWqNArf9R0UL2HCgGRU_c8089a47.png"
        ],
        "members": [],
        "source": {
          "provider": "fumi Diary 2号店",
          "url": "http://blog.livedoor.jp/fumichen2/",
          "mapId": "",
          "layer": "MISC",
          "tags": [
            "MISC"
          ],
          "name": "Hadrien Chocolatier"
        },
        "classification": {
          "category": "MISC",
          "subcategory": "MISC",
          "method": "legacy-import",
          "status": "unreviewed"
        },
        "classificationCandidates": {
          "members": [],
          "projects": [],
          "contentTypes": []
        }
      }
    },
    {
      "type": "Feature",
      "geometry": {
        "type": "Point",
        "coordinates": [
          2.341918,
          48.884117
        ]
      },
      "properties": {
        "id": "fumi-1366",
        "name": "Glace Bachir",
        "category": "MISC",
        "subcategory": "MISC",
        "categoryColor": "#0891b2",
        "address": "",
        "sceneTitle": "Glace Bachir",
        "sceneNote": "説明: Glace Bachir、アイスクリーム店、隣のIris Galerie Montmartre前にアイスクリームを食べていました。 櫻坂46が全力でパリを満喫!Vlog撮影場所 モンマルトル散策チーム編 http://blog.livedoor.jp/fumichen2/archives/57739702.html 住所: 7 Rue Tardieu, 75018 Paris, France",
        "sourceLabel": "fumi Diary 2号店",
        "sourceUrl": "http://blog.livedoor.jp/fumichen2/",
        "tags": [
          "MISC"
        ],
        "images": [
          "https://pub-6d7574c4452b41519ab8adf1541d7f9e.r2.dev/seichi/sakurazaka/3AAjQbR5YdpiIcuuwNoaSmJRhx7HSjNwV3WwA-uO_7ba63c28.png",
          "https://pub-6d7574c4452b41519ab8adf1541d7f9e.r2.dev/seichi/sakurazaka/3AAjQbR5GAxPGRbka-OOc8SOv16JjSsj6DK4bHkt_75e8b266.png"
        ],
        "members": [],
        "source": {
          "provider": "fumi Diary 2号店",
          "url": "http://blog.livedoor.jp/fumichen2/",
          "mapId": "",
          "layer": "MISC",
          "tags": [
            "MISC"
          ],
          "name": "Glace Bachir"
        },
        "classification": {
          "category": "MISC",
          "subcategory": "MISC",
          "method": "legacy-import",
          "status": "unreviewed"
        },
        "classificationCandidates": {
          "members": [],
          "projects": [],
          "contentTypes": []
        }
      }
    },
    {
      "type": "Feature",
      "geometry": {
        "type": "Point",
        "coordinates": [
          2.3416477,
          48.8844718
        ]
      },
      "properties": {
        "id": "fumi-1367",
        "name": "7 Rue Chappe",
        "category": "MISC",
        "subcategory": "MISC",
        "categoryColor": "#0891b2",
        "address": "",
        "sceneTitle": "7 Rue Chappe",
        "sceneNote": "説明: 7 Rue Chappe 櫻坂46が全力でパリを満喫!Vlog撮影場所 モンマルトル散策チーム編 http://blog.livedoor.jp/fumichen2/archives/57739702.html 住所: 7 Rue Chappe, 75018 Paris, France",
        "sourceLabel": "fumi Diary 2号店",
        "sourceUrl": "http://blog.livedoor.jp/fumichen2/",
        "tags": [
          "MISC"
        ],
        "images": [
          "https://pub-6d7574c4452b41519ab8adf1541d7f9e.r2.dev/seichi/sakurazaka/3AAjQbR4A8qJP1z40D_HANwHaHOQAUoXx-BHjjLQ_eec75037.png"
        ],
        "members": [],
        "source": {
          "provider": "fumi Diary 2号店",
          "url": "http://blog.livedoor.jp/fumichen2/",
          "mapId": "",
          "layer": "MISC",
          "tags": [
            "MISC"
          ],
          "name": "7 Rue Chappe"
        },
        "classification": {
          "category": "MISC",
          "subcategory": "MISC",
          "method": "legacy-import",
          "status": "unreviewed"
        },
        "classificationCandidates": {
          "members": [],
          "projects": [],
          "contentTypes": []
        }
      }
    },
    {
      "type": "Feature",
      "geometry": {
        "type": "Point",
        "coordinates": [
          2.340628,
          48.885414
        ]
      },
      "properties": {
        "id": "fumi-1368",
        "name": "8 Rue Drevet",
        "category": "MISC",
        "subcategory": "MISC",
        "categoryColor": "#0891b2",
        "address": "",
        "sceneTitle": "8 Rue Drevet",
        "sceneNote": "説明: 8 Rue Drevet 櫻坂46が全力でパリを満喫!Vlog撮影場所 モンマルトル散策チーム編 http://blog.livedoor.jp/fumichen2/archives/57739702.html 住所: 8 Rue Drevet, 75018 Paris, France",
        "sourceLabel": "fumi Diary 2号店",
        "sourceUrl": "http://blog.livedoor.jp/fumichen2/",
        "tags": [
          "MISC"
        ],
        "images": [
          "https://pub-6d7574c4452b41519ab8adf1541d7f9e.r2.dev/seichi/sakurazaka/3AAjQbR59LnKhT66DmLHPQL-mJwGc6NS1RA8U7S1_c21d64fe.png"
        ],
        "members": [],
        "source": {
          "provider": "fumi Diary 2号店",
          "url": "http://blog.livedoor.jp/fumichen2/",
          "mapId": "",
          "layer": "MISC",
          "tags": [
            "MISC"
          ],
          "name": "8 Rue Drevet"
        },
        "classification": {
          "category": "MISC",
          "subcategory": "MISC",
          "method": "legacy-import",
          "status": "unreviewed"
        },
        "classificationCandidates": {
          "members": [],
          "projects": [],
          "contentTypes": []
        }
      }
    },
    {
      "type": "Feature",
      "geometry": {
        "type": "Point",
        "coordinates": [
          2.339723,
          48.887464
        ]
      },
      "properties": {
        "id": "fumi-1369",
        "name": "Galerie d'Art Céramique",
        "category": "MISC",
        "subcategory": "MISC",
        "categoryColor": "#0891b2",
        "address": "",
        "sceneTitle": "Galerie d'Art Céramique",
        "sceneNote": "説明: Galerie d'Art Céramique 櫻坂46が全力でパリを満喫!Vlog撮影場所 モンマルトル散策チーム編 http://blog.livedoor.jp/fumichen2/archives/57739702.html 住所: 4 Rue des Saules, 75018 Paris, France",
        "sourceLabel": "fumi Diary 2号店",
        "sourceUrl": "http://blog.livedoor.jp/fumichen2/",
        "tags": [
          "MISC"
        ],
        "images": [
          "https://pub-6d7574c4452b41519ab8adf1541d7f9e.r2.dev/seichi/sakurazaka/3AAjQbR5RHPZA1uch4iexY9gLhmJ898eSWzH8eTK_28e87325.png"
        ],
        "members": [],
        "source": {
          "provider": "fumi Diary 2号店",
          "url": "http://blog.livedoor.jp/fumichen2/",
          "mapId": "",
          "layer": "MISC",
          "tags": [
            "MISC"
          ],
          "name": "Galerie d'Art Céramique"
        },
        "classification": {
          "category": "MISC",
          "subcategory": "MISC",
          "method": "legacy-import",
          "status": "unreviewed"
        },
        "classificationCandidates": {
          "members": [],
          "projects": [],
          "contentTypes": []
        }
      }
    },
    {
      "type": "Feature",
      "geometry": {
        "type": "Point",
        "coordinates": [
          2.343099,
          48.885935
        ]
      },
      "properties": {
        "id": "fumi-1370",
        "name": "Rue du Cardinal Dubois",
        "category": "MISC",
        "subcategory": "MISC",
        "categoryColor": "#0891b2",
        "address": "",
        "sceneTitle": "Rue du Cardinal Dubois",
        "sceneNote": "説明: サクレ・クール寺院前の展望台 大階段 カルディナル・デュボア通り 櫻坂46が全力でパリを満喫!Vlog撮影場所 モンマルトル散策チーム編 http://blog.livedoor.jp/fumichen2/archives/57739702.html 住所: 5 Rue du Cardinal Dubois, 75018 Paris, France",
        "sourceLabel": "fumi Diary 2号店",
        "sourceUrl": "http://blog.livedoor.jp/fumichen2/",
        "tags": [
          "MISC"
        ],
        "images": [
          "https://pub-6d7574c4452b41519ab8adf1541d7f9e.r2.dev/seichi/sakurazaka/3AAjQbR4K1xT6aWgUUS6V55yjvLoM3LcnMrnP4RS_ef083329.png",
          "https://pub-6d7574c4452b41519ab8adf1541d7f9e.r2.dev/seichi/sakurazaka/3AAjQbR4k1RKZdJFKYMLOUvIQxkNuMKGxwYtnw8U_3ec2c832.png"
        ],
        "members": [],
        "source": {
          "provider": "fumi Diary 2号店",
          "url": "http://blog.livedoor.jp/fumichen2/",
          "mapId": "",
          "layer": "MISC",
          "tags": [
            "MISC"
          ],
          "name": "Rue du Cardinal Dubois"
        },
        "classification": {
          "category": "MISC",
          "subcategory": "MISC",
          "method": "legacy-import",
          "status": "unreviewed"
        },
        "classificationCandidates": {
          "members": [],
          "projects": [],
          "contentTypes": []
        }
      }
    },
    {
      "type": "Feature",
      "geometry": {
        "type": "Point",
        "coordinates": [
          2.342786,
          48.886228
        ]
      },
      "properties": {
        "id": "fumi-1371",
        "name": "1 Parv. du Sacré-Cœur",
        "category": "MISC",
        "subcategory": "MISC",
        "categoryColor": "#0891b2",
        "address": "",
        "sceneTitle": "1 Parv. du Sacré-Cœur",
        "sceneNote": "説明: サクレ・クール寺院 櫻坂46が全力でパリを満喫!Vlog撮影場所 モンマルトル散策チーム編 http://blog.livedoor.jp/fumichen2/archives/57739702.html 住所: 1 Parv. du Sacré-Cœur, 75018 Paris, France",
        "sourceLabel": "fumi Diary 2号店",
        "sourceUrl": "http://blog.livedoor.jp/fumichen2/",
        "tags": [
          "MISC"
        ],
        "images": [
          "https://pub-6d7574c4452b41519ab8adf1541d7f9e.r2.dev/seichi/sakurazaka/3AAjQbR64bBbGpJ8tqU3LJoVXuKu-AQuyyEBRBOx_5f9a19f5.png"
        ],
        "members": [],
        "source": {
          "provider": "fumi Diary 2号店",
          "url": "http://blog.livedoor.jp/fumichen2/",
          "mapId": "",
          "layer": "MISC",
          "tags": [
            "MISC"
          ],
          "name": "1 Parv. du Sacré-Cœur"
        },
        "classification": {
          "category": "MISC",
          "subcategory": "MISC",
          "method": "legacy-import",
          "status": "unreviewed"
        },
        "classificationCandidates": {
          "members": [],
          "projects": [],
          "contentTypes": []
        }
      }
    },
    {
      "type": "Feature",
      "geometry": {
        "type": "Point",
        "coordinates": [
          2.342604,
          48.886653
        ]
      },
      "properties": {
        "id": "fumi-1372",
        "name": "Rue du Cardinal Guibert",
        "category": "MISC",
        "subcategory": "MISC",
        "categoryColor": "#0891b2",
        "address": "",
        "sceneTitle": "Rue du Cardinal Guibert",
        "sceneNote": "説明: サクレ・クール寺院 櫻坂46が全力でパリを満喫!Vlog撮影場所 モンマルトル散策チーム編 http://blog.livedoor.jp/fumichen2/archives/57739702.html 住所: 2-8 Rue du Cardinal Guibert, 75018 Paris, France",
        "sourceLabel": "fumi Diary 2号店",
        "sourceUrl": "http://blog.livedoor.jp/fumichen2/",
        "tags": [
          "MISC"
        ],
        "images": [
          "https://pub-6d7574c4452b41519ab8adf1541d7f9e.r2.dev/seichi/sakurazaka/3AAjQbR62xy-oJw3Al6vcXUS17dUDbyGKCVerLrP_12e6c139.png"
        ],
        "members": [],
        "source": {
          "provider": "fumi Diary 2号店",
          "url": "http://blog.livedoor.jp/fumichen2/",
          "mapId": "",
          "layer": "MISC",
          "tags": [
            "MISC"
          ],
          "name": "Rue du Cardinal Guibert"
        },
        "classification": {
          "category": "MISC",
          "subcategory": "MISC",
          "method": "legacy-import",
          "status": "unreviewed"
        },
        "classificationCandidates": {
          "members": [],
          "projects": [],
          "contentTypes": []
        }
      }
    },
    {
      "type": "Feature",
      "geometry": {
        "type": "Point",
        "coordinates": [
          2.342246,
          48.887048
        ]
      },
      "properties": {
        "id": "fumi-1373",
        "name": "42 Rue du Chevalier de la Barre",
        "category": "MISC",
        "subcategory": "MISC",
        "categoryColor": "#0891b2",
        "address": "",
        "sceneTitle": "42 Rue du Chevalier de la Barre",
        "sceneNote": "説明: お土産屋さん 櫻坂46が全力でパリを満喫!Vlog撮影場所 モンマルトル散策チーム編 http://blog.livedoor.jp/fumichen2/archives/57739702.html 住所: 42 Rue du Chevalier de la Barre, 75018 Paris, France",
        "sourceLabel": "fumi Diary 2号店",
        "sourceUrl": "http://blog.livedoor.jp/fumichen2/",
        "tags": [
          "MISC"
        ],
        "images": [
          "https://pub-6d7574c4452b41519ab8adf1541d7f9e.r2.dev/seichi/sakurazaka/3AAjQbR5XbqTgMQRad-tUNqssDWOcN1xwEme1hU9_c32c5e69.png"
        ],
        "members": [],
        "source": {
          "provider": "fumi Diary 2号店",
          "url": "http://blog.livedoor.jp/fumichen2/",
          "mapId": "",
          "layer": "MISC",
          "tags": [
            "MISC"
          ],
          "name": "42 Rue du Chevalier de la Barre"
        },
        "classification": {
          "category": "MISC",
          "subcategory": "MISC",
          "method": "legacy-import",
          "status": "unreviewed"
        },
        "classificationCandidates": {
          "members": [],
          "projects": [],
          "contentTypes": []
        }
      }
    },
    {
      "type": "Feature",
      "geometry": {
        "type": "Point",
        "coordinates": [
          2.3421679,
          48.8870812
        ]
      },
      "properties": {
        "id": "fumi-1374",
        "name": "La Capsule",
        "category": "MISC",
        "subcategory": "MISC",
        "categoryColor": "#0891b2",
        "address": "",
        "sceneTitle": "La Capsule",
        "sceneNote": "説明: La Capsule、お土産屋さん 櫻坂46が全力でパリを満喫!Vlog撮影場所 モンマルトル散策チーム編 http://blog.livedoor.jp/fumichen2/archives/57739702.html 住所: 42 Rue du Chevalier de la Barre, 75018 Paris, France",
        "sourceLabel": "fumi Diary 2号店",
        "sourceUrl": "http://blog.livedoor.jp/fumichen2/",
        "tags": [
          "MISC"
        ],
        "images": [
          "https://pub-6d7574c4452b41519ab8adf1541d7f9e.r2.dev/seichi/sakurazaka/3AAjQbR7s6duGnSRZx1ZMbhBRLlh-ekBel_XsPzn_cf0c5bbe.png"
        ],
        "members": [],
        "source": {
          "provider": "fumi Diary 2号店",
          "url": "http://blog.livedoor.jp/fumichen2/",
          "mapId": "",
          "layer": "MISC",
          "tags": [
            "MISC"
          ],
          "name": "La Capsule"
        },
        "classification": {
          "category": "MISC",
          "subcategory": "MISC",
          "method": "legacy-import",
          "status": "unreviewed"
        },
        "classificationCandidates": {
          "members": [],
          "projects": [],
          "contentTypes": []
        }
      }
    },
    {
      "type": "Feature",
      "geometry": {
        "type": "Point",
        "coordinates": [
          2.3392431,
          48.8861452
        ]
      },
      "properties": {
        "id": "fumi-1375",
        "name": "43 Rue Gabrielle",
        "category": "MISC",
        "subcategory": "MISC",
        "categoryColor": "#0891b2",
        "address": "",
        "sceneTitle": "43 Rue Gabrielle",
        "sceneNote": "説明: 巨大禁止マークのあるドア 櫻坂46が全力でパリを満喫!Vlog撮影場所 モンマルトル散策チーム編 http://blog.livedoor.jp/fumichen2/archives/57739702.html 住所: 43 Rue Gabrielle, 75018 Paris, France",
        "sourceLabel": "fumi Diary 2号店",
        "sourceUrl": "http://blog.livedoor.jp/fumichen2/",
        "tags": [
          "MISC"
        ],
        "images": [
          "https://pub-6d7574c4452b41519ab8adf1541d7f9e.r2.dev/seichi/sakurazaka/3AAjQbR6FAj18u4KLjgHkM7fFc0HPE5DSo-dlmfm_85dae290.png"
        ],
        "members": [],
        "source": {
          "provider": "fumi Diary 2号店",
          "url": "http://blog.livedoor.jp/fumichen2/",
          "mapId": "",
          "layer": "MISC",
          "tags": [
            "MISC"
          ],
          "name": "43 Rue Gabrielle"
        },
        "classification": {
          "category": "MISC",
          "subcategory": "MISC",
          "method": "legacy-import",
          "status": "unreviewed"
        },
        "classificationCandidates": {
          "members": [],
          "projects": [],
          "contentTypes": []
        }
      }
    },
    {
      "type": "Feature",
      "geometry": {
        "type": "Point",
        "coordinates": [
          2.337938,
          48.882121
        ]
      },
      "properties": {
        "id": "fumi-1376",
        "name": "Place Pigalle",
        "category": "MISC",
        "subcategory": "MISC",
        "categoryColor": "#0891b2",
        "address": "",
        "sceneTitle": "Place Pigalle",
        "sceneNote": "説明: 櫻坂46が全力でパリを満喫!Vlog撮影場所 モンマルトル散策チーム編 http://blog.livedoor.jp/fumichen2/archives/57739702.html 住所: 1-3 Place Pigalle, 75009 Paris, France",
        "sourceLabel": "fumi Diary 2号店",
        "sourceUrl": "http://blog.livedoor.jp/fumichen2/",
        "tags": [
          "MISC"
        ],
        "images": [
          "https://pub-6d7574c4452b41519ab8adf1541d7f9e.r2.dev/seichi/sakurazaka/3AAjQbR563h2qT1KsEnItkC4IkFdWrHZeGkCg0kC_c3fd11e9.png"
        ],
        "members": [],
        "source": {
          "provider": "fumi Diary 2号店",
          "url": "http://blog.livedoor.jp/fumichen2/",
          "mapId": "",
          "layer": "MISC",
          "tags": [
            "MISC"
          ],
          "name": "Place Pigalle"
        },
        "classification": {
          "category": "MISC",
          "subcategory": "MISC",
          "method": "legacy-import",
          "status": "unreviewed"
        },
        "classificationCandidates": {
          "members": [],
          "projects": [],
          "contentTypes": []
        }
      }
    },
    {
      "type": "Feature",
      "geometry": {
        "type": "Point",
        "coordinates": [
          2.3292319,
          48.8643499
        ]
      },
      "properties": {
        "id": "fumi-1377",
        "name": "Fête des Tuileries 2023",
        "category": "MISC",
        "subcategory": "MISC",
        "categoryColor": "#0891b2",
        "address": "",
        "sceneTitle": "Fête des Tuileries 2023",
        "sceneNote": "説明: Fête des Tuileries 2023、移動式遊園地 チュイルリー公園 Jardin des Tuileries 櫻坂46が全力でパリを満喫!Vlog撮影場所 チュイルリー公園チーム編 http://blog.livedoor.jp/fumichen2/archives/57739743.html 住所: Place de la Concorde, 75001 Paris, France",
        "sourceLabel": "fumi Diary 2号店",
        "sourceUrl": "http://blog.livedoor.jp/fumichen2/",
        "tags": [
          "MISC"
        ],
        "images": [
          "https://pub-6d7574c4452b41519ab8adf1541d7f9e.r2.dev/seichi/sakurazaka/3AAjQbR7z0DabmNACrF5mZOcBmzUcMb-5nnWufFS_dc001e2b.png",
          "https://pub-6d7574c4452b41519ab8adf1541d7f9e.r2.dev/seichi/sakurazaka/3AAjQbR6Hn4w2IkZdMxrcy-30avZWn6SU_m9BqEr_e6ebe72c.png",
          "https://pub-6d7574c4452b41519ab8adf1541d7f9e.r2.dev/seichi/sakurazaka/3AAjQbR7FXUuzLEGB5-6PV4XR8VDjSMlPat76NDK_6202ae00.png",
          "https://pub-6d7574c4452b41519ab8adf1541d7f9e.r2.dev/seichi/sakurazaka/3AAjQbR5kADLjQH5t4FS8pqlV-w4CToFpQf3hdXx_ad96adc2.png",
          "https://pub-6d7574c4452b41519ab8adf1541d7f9e.r2.dev/seichi/sakurazaka/3AAjQbR6hcGOwWinmOOIWXPV3cx-Z1RSXAIiMpKM_048cc069.png"
        ],
        "members": [],
        "source": {
          "provider": "fumi Diary 2号店",
          "url": "http://blog.livedoor.jp/fumichen2/",
          "mapId": "",
          "layer": "MISC",
          "tags": [
            "MISC"
          ],
          "name": "Fête des Tuileries 2023"
        },
        "classification": {
          "category": "MISC",
          "subcategory": "MISC",
          "method": "legacy-import",
          "status": "unreviewed"
        },
        "classificationCandidates": {
          "members": [],
          "projects": [],
          "contentTypes": []
        }
      }
    },
    {
      "type": "Feature",
      "geometry": {
        "type": "Point",
        "coordinates": [
          2.337441,
          48.861957
        ]
      },
      "properties": {
        "id": "fumi-1378",
        "name": "Rue de Rivoli",
        "category": "MISC",
        "subcategory": "MISC",
        "categoryColor": "#0891b2",
        "address": "",
        "sceneTitle": "Rue de Rivoli",
        "sceneNote": "説明: リヴォリ通り 93 Rue de Rivoli, 75001 Paris, France 櫻坂46が全力でパリを満喫!Vlog撮影場所 チュイルリー公園チーム編 http://blog.livedoor.jp/fumichen2/archives/57739743.html 住所: 93 Rue de Rivoli, 75001 Paris, France",
        "sourceLabel": "fumi Diary 2号店",
        "sourceUrl": "http://blog.livedoor.jp/fumichen2/",
        "tags": [
          "MISC"
        ],
        "images": [
          "https://pub-6d7574c4452b41519ab8adf1541d7f9e.r2.dev/seichi/sakurazaka/3AAjQbR7N7DMZmCMJO4sqMnuy78FzMtZn7CYcxdy_9a8780dc.png"
        ],
        "members": [],
        "source": {
          "provider": "fumi Diary 2号店",
          "url": "http://blog.livedoor.jp/fumichen2/",
          "mapId": "",
          "layer": "MISC",
          "tags": [
            "MISC"
          ],
          "name": "Rue de Rivoli"
        },
        "classification": {
          "category": "MISC",
          "subcategory": "MISC",
          "method": "legacy-import",
          "status": "unreviewed"
        },
        "classificationCandidates": {
          "members": [],
          "projects": [],
          "contentTypes": []
        }
      }
    },
    {
      "type": "Feature",
      "geometry": {
        "type": "Point",
        "coordinates": [
          2.3306873,
          48.8643579
        ]
      },
      "properties": {
        "id": "fumi-1379",
        "name": "Rue de Rivoli",
        "category": "MISC",
        "subcategory": "MISC",
        "categoryColor": "#0891b2",
        "address": "",
        "sceneTitle": "Rue de Rivoli",
        "sceneNote": "説明: あまり確定しませんが、たぶん204号辺りのお土産屋さん リヴォリ通り Rue de Rivoli, 75001 Paris, Frauce 櫻坂46が全力でパリを満喫!Vlog撮影場所 チュイルリー公園チーム編 http://blog.livedoor.jp/fumichen2/archives/57739743.html 住所: Rue de Rivoli, 75001 Paris, Frauce",
        "sourceLabel": "fumi Diary 2号店",
        "sourceUrl": "http://blog.livedoor.jp/fumichen2/",
        "tags": [
          "MISC"
        ],
        "images": [
          "https://pub-6d7574c4452b41519ab8adf1541d7f9e.r2.dev/seichi/sakurazaka/3AAjQbR7QrgPSvHfGNXUWfWb0vyO_vHoFLYOtx1b_086ccd24.png"
        ],
        "members": [],
        "source": {
          "provider": "fumi Diary 2号店",
          "url": "http://blog.livedoor.jp/fumichen2/",
          "mapId": "",
          "layer": "MISC",
          "tags": [
            "MISC"
          ],
          "name": "Rue de Rivoli"
        },
        "classification": {
          "category": "MISC",
          "subcategory": "MISC",
          "method": "legacy-import",
          "status": "unreviewed"
        },
        "classificationCandidates": {
          "members": [],
          "projects": [],
          "contentTypes": []
        }
      }
    },
    {
      "type": "Feature",
      "geometry": {
        "type": "Point",
        "coordinates": [
          2.5233316,
          48.9697215
        ]
      },
      "properties": {
        "id": "fumi-1380",
        "name": "Parc des expositions Paris Nord Villepinte",
        "category": "MISC",
        "subcategory": "MISC",
        "categoryColor": "#0891b2",
        "address": "",
        "sceneTitle": "Parc des expositions Paris Nord Villepinte",
        "sceneNote": "説明: Japan Expo France 2023会場 Hall 5B ICHIGO STAGE パリ・ノール ・ヴィルパント見本市会場 Parc des expositions Paris Nord Villepinte 櫻坂46 Japan Expo Paris 2023 当日に密着! http://blog.livedoor.jp/fumichen2/archives/57762952.html 住所: ZAC Paris Nord 2, 93420 Villepinte, France",
        "sourceLabel": "fumi Diary 2号店",
        "sourceUrl": "http://blog.livedoor.jp/fumichen2/",
        "tags": [
          "MISC"
        ],
        "images": [
          "https://pub-6d7574c4452b41519ab8adf1541d7f9e.r2.dev/seichi/sakurazaka/3AAjQbR6y2nTdJ_E9umv43Roiqo5O0Do1lWXheIq_87064456.png",
          "https://pub-6d7574c4452b41519ab8adf1541d7f9e.r2.dev/seichi/sakurazaka/3AAjQbR4txUIQR58P6YMt4NDoQohmS9A5qR87Wrb_41173806.png",
          "https://pub-6d7574c4452b41519ab8adf1541d7f9e.r2.dev/seichi/sakurazaka/3AAjQbR7q4ruz9X6KkqG9jTMutx2RvcDMyigHQzo_bfd0fa61.png",
          "https://pub-6d7574c4452b41519ab8adf1541d7f9e.r2.dev/seichi/sakurazaka/3AAjQbR4wttZOl62MXtLA1T0YYZR2IhEovOViWjM_2e735277.png",
          "https://pub-6d7574c4452b41519ab8adf1541d7f9e.r2.dev/seichi/sakurazaka/3AAjQbR4FwAMybP-BLYO0atpsgVLT6j1FshczU-7_2edf0ac3.png",
          "https://pub-6d7574c4452b41519ab8adf1541d7f9e.r2.dev/seichi/sakurazaka/3AAjQbR4RetKXkGyfcwcYxXEZNzH5CtDz1M_3wOZ_52c189f7.png"
        ],
        "members": [],
        "source": {
          "provider": "fumi Diary 2号店",
          "url": "http://blog.livedoor.jp/fumichen2/",
          "mapId": "",
          "layer": "MISC",
          "tags": [
            "MISC"
          ],
          "name": "Parc des expositions Paris Nord Villepinte"
        },
        "classification": {
          "category": "MISC",
          "subcategory": "MISC",
          "method": "legacy-import",
          "status": "unreviewed"
        },
        "classificationCandidates": {
          "members": [],
          "projects": [],
          "contentTypes": []
        }
      }
    },
    {
      "type": "Feature",
      "geometry": {
        "type": "Point",
        "coordinates": [
          2.3245241,
          48.8419037
        ]
      },
      "properties": {
        "id": "fumi-1381",
        "name": "Crêperie Manoir Breton",
        "category": "MISC",
        "subcategory": "MISC",
        "categoryColor": "#0891b2",
        "address": "",
        "sceneTitle": "Crêperie Manoir Breton",
        "sceneNote": "説明: Crêperie Manoir Breton、クレープ専門店 櫻坂46 Japan Expo Paris 2023 当日に密着! http://blog.livedoor.jp/fumichen2/archives/57762952.html 住所: 18 Rue d'Odessa, 75014 Paris, France",
        "sourceLabel": "fumi Diary 2号店",
        "sourceUrl": "http://blog.livedoor.jp/fumichen2/",
        "tags": [
          "MISC"
        ],
        "images": [
          "https://pub-6d7574c4452b41519ab8adf1541d7f9e.r2.dev/seichi/sakurazaka/3AAjQbR4rAy7C7u5LzWcx810DmXXYKsntIQctC6v_ab241ec3.png",
          "https://pub-6d7574c4452b41519ab8adf1541d7f9e.r2.dev/seichi/sakurazaka/3AAjQbR5E3Uy0n0-nZ-pwv-9onNlh_BNhdvY8_a8_871004b8.png",
          "https://pub-6d7574c4452b41519ab8adf1541d7f9e.r2.dev/seichi/sakurazaka/3AAjQbR75kpJofvJLKsmX8AI0aouwvHW-KPH4rFO_bb53e1c1.png",
          "https://pub-6d7574c4452b41519ab8adf1541d7f9e.r2.dev/seichi/sakurazaka/3AAjQbR5TZ6GO9ZF40Yfa9IbafKfzikOx8Z3eZWA_c4ce5d75.png"
        ],
        "members": [],
        "source": {
          "provider": "fumi Diary 2号店",
          "url": "http://blog.livedoor.jp/fumichen2/",
          "mapId": "",
          "layer": "MISC",
          "tags": [
            "MISC"
          ],
          "name": "Crêperie Manoir Breton"
        },
        "classification": {
          "category": "MISC",
          "subcategory": "MISC",
          "method": "legacy-import",
          "status": "unreviewed"
        },
        "classificationCandidates": {
          "members": [],
          "projects": [],
          "contentTypes": []
        }
      }
    },
    {
      "type": "Feature",
      "geometry": {
        "type": "Point",
        "coordinates": [
          2.3248679,
          48.8418938
        ]
      },
      "properties": {
        "id": "fumi-1382",
        "name": "BOULANGERIE LA PARISIENNE ODESSA",
        "category": "MISC",
        "subcategory": "MISC",
        "categoryColor": "#0891b2",
        "address": "",
        "sceneTitle": "BOULANGERIE LA PARISIENNE ODESSA",
        "sceneNote": "説明: BOULANGERIE LA PARISIENNE ODESSA、パン屋さん 櫻坂46 Japan Expo Paris 2023 当日に密着! http://blog.livedoor.jp/fumichen2/archives/57762952.html 住所: 19 rue d'Odessa, 75014 Paris, France",
        "sourceLabel": "fumi Diary 2号店",
        "sourceUrl": "http://blog.livedoor.jp/fumichen2/",
        "tags": [
          "MISC"
        ],
        "images": [
          "https://pub-6d7574c4452b41519ab8adf1541d7f9e.r2.dev/seichi/sakurazaka/3AAjQbR5-QX9PuwlW-d8n5V_e3aAhAAqCjl_zpDK_b7e52a54.png",
          "https://pub-6d7574c4452b41519ab8adf1541d7f9e.r2.dev/seichi/sakurazaka/3AAjQbR5d6ZlChu_JyUxp0pv5cB2UWyeLiHEHACY_f82f548e.png"
        ],
        "members": [],
        "source": {
          "provider": "fumi Diary 2号店",
          "url": "http://blog.livedoor.jp/fumichen2/",
          "mapId": "",
          "layer": "MISC",
          "tags": [
            "MISC"
          ],
          "name": "BOULANGERIE LA PARISIENNE ODESSA"
        },
        "classification": {
          "category": "MISC",
          "subcategory": "MISC",
          "method": "legacy-import",
          "status": "unreviewed"
        },
        "classificationCandidates": {
          "members": [],
          "projects": [],
          "contentTypes": []
        }
      }
    },
    {
      "type": "Feature",
      "geometry": {
        "type": "Point",
        "coordinates": [
          139.7002253,
          35.65998
        ]
      },
      "properties": {
        "id": "fumi-1413",
        "name": "SHIBUYA TSUTAYA",
        "category": "欅坂46 Live & Event",
        "subcategory": "欅坂46 Live & Event",
        "categoryColor": "#d97706",
        "address": "",
        "sceneTitle": "SHIBUYA TSUTAYA",
        "sceneNote": "説明: 2016/04/06(水) 店頭宣伝 (石森虹花・今泉佑唯・上村莉菜・織田奈那・小林由依・志田愛佳・原田葵・米谷奈々未) 欅坂46サイン入りポスター サイレントマジョリティー: 今泉佑唯 世界には愛しかない: 小林由依 二人セゾン: 守屋茜 真っ白なものは汚したくなる: 渡邉理佐 櫻坂46サイン入りポスター Nobody's fault: 森田ひかる BAN: 山﨑天 流れ弾: 田村保乃 五月雨よ: 全員 As you know?: 森田ひかる 桜月: 守屋麗奈 Start over!: 山﨑天 承認欲求: 森田ひかる 他のも多数のサイン 住所: 〒150-0042 東京都渋谷区宇田川町21-6",
        "sourceLabel": "fumi Diary 2号店",
        "sourceUrl": "http://blog.livedoor.jp/fumichen2/",
        "tags": [
          "欅坂46 Live & Event"
        ],
        "images": [
          "https://lh3.googleusercontent.com/umsh/AN6v0v5-M-rnxMdyfIToruHkAW9WWZ0jqtOwq9K2qcxgqqmR49gtu-9p03ZdqSJd3ZZnhVLW_PYpOGBhYcVS8YaLNTx0X7maoc7AZsntQeJr5HeTO6beX0B7Kc6NnKg8BQcn9OhPalk",
          "https://lh3.googleusercontent.com/umsh/AN6v0v4YENZcdC_nIPoGKHuzWS8ZO_kFyWXIamsLQ8hCUUkQRto-YCMEItleC6zjB3TpMu7UfN9mTYGd5lNns6WIh9M1NNK9V6CMrUbJESWPAl9s9onAGaToqaRPuvCNCrdZC8XBYg",
          "https://lh3.googleusercontent.com/umsh/AN6v0v4K-Hx3mRAulhIRJ63pomEOqD84dWvbFDyWakqVsMD-Pgb64DbdPrdoRRvb16tmR3amSBPHCf5UKb1JMMeWvREiZYo30q86JsT0PYYBkYIqsxd141PapOlmUswGFep69GFJ7DQ",
          "https://lh3.googleusercontent.com/umsh/AN6v0v6MSLIyZL8-1TfIunEc9dKn_E2hhP_28KpUPDUIdNkcEe0SNZXC1zUMJH0bP_dkvIQO_iBP1RBPFsmwwDrv9FRUCIdI6in37tjK60RdQazuSGZTr3UyDqw9qP7Osr8Op4L5yQ",
          "https://lh3.googleusercontent.com/umsh/AN6v0v4ikBs1pFDPaysM2YKQZ1Zr3PCzI_7ku5OoDqwxvsC7sMlo67fgs-N4Uklcr57ixmWYUa8rra85pHWDISFji6vFzoqIhUKfpJZ6oMpjMBFfL7vW6zytDkEVGPUYASAmmlELkg",
          "https://lh3.googleusercontent.com/umsh/AN6v0v7YSnyfT6oydK1ZaML07BI1v1vdWvZzliqqigwhWjKqyHDZQHiSMt6_thSC4_nhYSaitulVPUBgBaTEX_0HZVEKdfgULedse92_zjFthTiwZl_EZdNq85saRO6wWO84VFUjt48",
          "https://lh3.googleusercontent.com/umsh/AN6v0v7lLSUzzfF_W69yJPJpwVKwStrNbrN9dXC3D829KjgWtI4RAuYwTGREUgxVcpRLv3g-fnKFFal_bIjAYtp3ifakqYyFOtpdIuTRa2XdfuIT7C8KlbJXzfLTt9hlDdo9NWrO1g",
          "https://lh3.googleusercontent.com/umsh/AN6v0v548ftGFKip6ARfrNsr5xoO9LgdzE8fxtU2qWopjH4rBouCB-y9QH520PyAS1-hgtGYKx3SiY0JzUWW947qSaVOaWQkEEyU3Ce0XMLXuBQarA_6woS-zGNabm16jATTaIVt-04",
          "https://lh3.googleusercontent.com/umsh/AN6v0v6tw7L7QkRvNDezXZOKQbdupzixTu0GlfRN3mydkYNXiPrKbF0jhCfBKtjONmJys50LMvZ5YEIkaZYTpSilIYpXQaJAtWEd_bWIxNf9ljn2gifjHrtNPJI37syNxNchVNRnNAk",
          "https://lh3.googleusercontent.com/umsh/AN6v0v7ebELZ9m1tyj5SehUoPTvxTFf6nSJ44gjuwAwHVQUpv6QQqcz0BnXHA1vK8TKvcsWqtcD5jnUGX3YGg4T1VZnMUhsTZ3_kOQUG5ik_V7LVY-TCh52rf0Y9ZO1_C0DiX3KSeMQ",
          "https://lh3.googleusercontent.com/umsh/AN6v0v4iM1fq8eQQrvMJaXkXsMSWAkEATLJPOFwWyRvKuP487cgfEfjUk8oQBQ6a3c3hyC1D8dUyBsLAye5e_V_nZC0lC3r_TI4a4x92IioHCevlcd29mV9NNE_oNHnsKy8VAzY5jzw",
          "https://lh3.googleusercontent.com/umsh/AN6v0v6p8ddFNIN6ey2XUJXcbTGHKT0kMHzrPtWLhEdMlpYGWPzPguwR6J7WE86tnb9ydYPkrQ4HwIzO92yQOeCri_dk27obEKYTDZgXvudqyd1UiZKLizUAyXjnmSHccgJwJb0eqhI",
          "https://lh3.googleusercontent.com/umsh/AN6v0v5MMeBFJv3V1MAMTxxczi2YW8fIR_cnB8uuhmCNNz37gKCkWcv-Af7u-MGeO0QzuMxKpu8nQmuvkMRuPLcHYn1Zi5b7gWCbBx7ZbStcOvLQ2xw98MTWnQQnv0ipJ4Uo4SUpgXw-J5auU8bInHZ8Cgxkk7kz",
          "https://lh3.googleusercontent.com/umsh/AN6v0v5jmnctuW0lSQsLg_riCpTqUj5LD_f5nV5eaRBjctXYPvkrPPwMU8a-llJxNaH2ztJ7QmuRkT8aHnohNv4ajCLwY39piZBhVf0MU_G5US9DhqTbmaLT_EIiHvaNEJaf4_gnJs2noooscd9Y6Ucl-tKSWlQ7",
          "https://lh3.googleusercontent.com/umsh/AN6v0v5l-Z5uPuq6bd4k32mvoHg0cNlamPzwjQNXB7nUKz355QIrRQzW6zOQx9jBLNVsKQIuP9M3I9boroE0YCjHEzec2qYTqXaeI_xCUa5JUGQiUDySetsvN9sgGGnbXe9iekTDgLMEB4qEdx9i4AikuJI",
          "https://lh3.googleusercontent.com/umsh/AN6v0v4x_oobgYc-AlOwTi4ddqw-oD1J5gIT2g4WkIWU1zdmsazK0vkqotfPTpHWVQKyBnZNCtjxTis6tefQ3-5eL_mjGxmO3qrO2fPcUGZ1w0eu5K6-nIrRaWmIaHuUhxCjXzvWVXoN40Hcp8TrwA7plTAt6Sle",
          "https://lh3.googleusercontent.com/umsh/AN6v0v5DGw39hz8gHU4oSP00lfDnoDPGJw9J5FEnwbPk-VaL85slgJ6Jb0l2zo_YVcqZLSSeXjZuEY5B0bPz_uB0ZbkBLtkiQL5m5a_3Q52cN2BCDoXYRzXUR6mTfRDLUdAUAHhmqnokumCn7h7HEdO3NRwbbXxw",
          "https://lh3.googleusercontent.com/umsh/AN6v0v4RWnQXNgTgejEhz4XNNbNIHTJC2HUFsMBVU2ctx51NH86gYCG6RjFMbWoEWuBwRLZoHjaP0qQjpS_TPpxZdRrseZDLmPkiDBINx6U9wGRuRLZNrFfhoL2L7isQSZ7e8pPUEAWg9diBHQpxY0-c_YIcMrgg",
          "https://lh3.googleusercontent.com/umsh/AN6v0v70qy1yMs_TAjNUa_nZvK9HF-ogcfeyZonXDJ9td7m-7BEqHvs6ADl6gv-0TuU2FWoGbCKDBSznK9uYlEqkWu5MB_RFBiWGJHQpFAxKCy82QM8FuFVcHAyKYF7Oi6gHZW-j8-R7XAYA5odxpHGyo40eEXtB",
          "https://lh3.googleusercontent.com/umsh/AN6v0v7-MahUdJirAvoVCFFU0A1NOvfYONR7CXUVEidF_WOv3xEh1-xA1N-EuJP2Eov5cD1EU6eIcUbZ7t40vn8pnU2lvs8l7mDkJSc6qeGDWTfdJWxGNK2aNMeNbfROq0h8Yns3CzAqvqhfy5I92r5gsISPo73B",
          "https://lh3.googleusercontent.com/umsh/AN6v0v7bfHDzXJioWAIinp6ZM90PpBVpZRZHovxzO3axV38iKp5RAA-cDn6lG9PqT6XWUOSN8J5oQ_ZndVPG9BwszvJ5MBQETaGG4Jm1WCUTYCFYIJmo7HgrYhkzoNIX7hADDeQKRMSVopZyeU-DHvPXyyYElEQ"
        ],
        "members": [],
        "source": {
          "provider": "fumi Diary 2号店",
          "url": "http://blog.livedoor.jp/fumichen2/",
          "mapId": "",
          "layer": "欅坂46 Live & Event",
          "tags": [
            "欅坂46 Live & Event"
          ],
          "name": "SHIBUYA TSUTAYA"
        },
        "classification": {
          "category": "欅坂46 Live & Event",
          "subcategory": "欅坂46 Live & Event",
          "method": "legacy-import",
          "status": "unreviewed"
        },
        "classificationCandidates": {
          "members": [],
          "projects": [],
          "contentTypes": []
        }
      }
    },
    {
      "type": "Feature",
      "geometry": {
        "type": "Point",
        "coordinates": [
          139.7010869,
          35.6619212
        ]
      },
      "properties": {
        "id": "fumi-1414",
        "name": "タワーレコード渋谷店",
        "category": "欅坂46 Live & Event",
        "subcategory": "欅坂46 Live & Event",
        "categoryColor": "#d97706",
        "address": "",
        "sceneTitle": "タワーレコード渋谷店",
        "sceneNote": "説明: 2016/04/06(水) 店頭宣伝 (今泉佑唯・小林由依・鈴本美愉・菅井友香・平手友梨奈・渡辺梨加・渡邉理佐) 2016/08/15(月) SHIBUYA109presents 欅坂46ガールズトーク 2017/07/13(木) 「未確認フェスティバル2017」記者会見 (平手友梨奈) 欅坂46サイン入りポスター サイレントマジョリティー: 渡辺梨加 世界には愛しかない: 石森虹花、今泉佑唯、尾関梨香、小林由依、齋藤冬優花、土生瑞穂、渡邉理佐、長濱ねる 二人セゾン: 土生瑞穂 真っ白なものは汚したくなる: 平手友梨奈 永遠より長い一瞬 ～あの頃、確かに存在した私たち～: 菅井友香 櫻坂46サイン入りポスター Nobody's fault: 藤吉夏鈴 BAN: 森田ひかる 流れ弾: 渡邉理佐 五月雨よ: 森田ひかる As you know?: 田村保乃 桜月: 田村保乃 Start over!: 山下瞳月 他にも多数のサイン 住所: 〒150-0041 東京都渋谷区神南1-22-14",
        "sourceLabel": "fumi Diary 2号店",
        "sourceUrl": "http://blog.livedoor.jp/fumichen2/",
        "tags": [
          "欅坂46 Live & Event"
        ],
        "images": [
          "https://lh3.googleusercontent.com/umsh/AN6v0v7XsL9zuK2QgEwkwrWCuxrMwW4GWEzn8fxA0sUfWTybs2_AElZRoNbOXaMJJMelLiFxk3NO5Q-DHUPRwUsswt1F_2FHdXU2L2RiFuAu1sHMqWj_7LCexJIBimFkikW9iqL54oc",
          "https://lh3.googleusercontent.com/umsh/AN6v0v7FVvzt-c-7pNHxWdHTCVPCg-I7FqYx2P_wFCRxBiXwVJPq1xxL3EpjbxU9uFNL2yLRFHqG_Um1AJIHOfwwEVF207JFcnAM3S2gcqEcT5uKE0tKgzQaCVvEnfs8eraRh-G7wQ",
          "https://lh3.googleusercontent.com/umsh/AN6v0v692z1GlGUUC7ab1cTXS8BCgdbjBbnu3OS-LqVInulRfyywu0ZCJ-es4tczp8hsBgmCvlOJvyTTTU6Wi7Prw6iwRp4k7nAi1m9BEmCqpW1nNsF1PlN7Kg",
          "https://pub-6d7574c4452b41519ab8adf1541d7f9e.r2.dev/seichi/sakurazaka/3AAjQbR6pwnq6HDGBLYFq5lOgsmtd59OlEghZbvr_9e4db16d.png",
          "https://pub-6d7574c4452b41519ab8adf1541d7f9e.r2.dev/seichi/sakurazaka/3AAjQbR44-jIQzOt2wHIaS64eCMhIRjXp6_9Mk5i_98f4e835.png",
          "https://pub-6d7574c4452b41519ab8adf1541d7f9e.r2.dev/seichi/sakurazaka/3AAjQbR4i7O6iJh3qkl0mCnmyeRTRGVAxaj7BMrV_38870f9a.png",
          "https://pub-6d7574c4452b41519ab8adf1541d7f9e.r2.dev/seichi/sakurazaka/3AAjQbR5X0azg43LxnduP0x7syhojVwmiWiitZi4_e2048854.png",
          "https://pub-6d7574c4452b41519ab8adf1541d7f9e.r2.dev/seichi/sakurazaka/3AAjQbR6zS0COzS924MogiFbsfJE00NQDW42x3tC_557df9fb.png",
          "https://pub-6d7574c4452b41519ab8adf1541d7f9e.r2.dev/seichi/sakurazaka/3AAjQbR5uUDAn8aObjU_Kz3VUGoBOvlaNhP_ZuH9_90218a16.png"
        ],
        "members": [],
        "source": {
          "provider": "fumi Diary 2号店",
          "url": "http://blog.livedoor.jp/fumichen2/",
          "mapId": "",
          "layer": "欅坂46 Live & Event",
          "tags": [
            "欅坂46 Live & Event"
          ],
          "name": "タワーレコード渋谷店"
        },
        "classification": {
          "category": "欅坂46 Live & Event",
          "subcategory": "欅坂46 Live & Event",
          "method": "legacy-import",
          "status": "unreviewed"
        },
        "classificationCandidates": {
          "members": [],
          "projects": [],
          "contentTypes": []
        }
      }
    },
    {
      "type": "Feature",
      "geometry": {
        "type": "Point",
        "coordinates": [
          2.336438,
          48.861239
        ]
      },
      "properties": {
        "id": "fumi-1641",
        "name": "Pyramide du Louvre, Musée du Louvre",
        "category": "櫻坂46 blog",
        "subcategory": "櫻坂46 blog",
        "categoryColor": "#ec4899",
        "address": "",
        "sceneTitle": "Pyramide du Louvre, Musée du Louvre",
        "sceneNote": "ルーヴル・ピラミッド Pyramide du Louvre ルーヴル美術館 (ルーブル美術館) Musée du Louvre Rue de Rivoli, 75001 Paris, France 2023.07.17 櫻坂46 田村保乃 パリ blog 写真撮影場所 https://sakurazaka46.com/s/s46/diary/detail/50959 http://blog.livedoor.jp/fumichen2/archives/57711222.html",
        "sourceLabel": "fumi Diary 2号店",
        "sourceUrl": "http://blog.livedoor.jp/fumichen2/",
        "tags": [
          "櫻坂46 blog"
        ],
        "images": [
          "https://pub-6d7574c4452b41519ab8adf1541d7f9e.r2.dev/seichi/sakurazaka/3AAjQbR6n-8zc-KHYSrsWBrD6-U1XEO9jei6kapU_120832b0.png"
        ],
        "members": [],
        "source": {
          "provider": "fumi Diary 2号店",
          "url": "http://blog.livedoor.jp/fumichen2/",
          "mapId": "",
          "layer": "櫻坂46 blog",
          "tags": [
            "櫻坂46 blog"
          ],
          "name": "Pyramide du Louvre, Musée du Louvre"
        },
        "classification": {
          "category": "櫻坂46 blog",
          "subcategory": "櫻坂46 blog",
          "method": "legacy-import",
          "status": "unreviewed"
        },
        "classificationCandidates": {
          "members": [],
          "projects": [],
          "contentTypes": []
        }
      }
    },
    {
      "type": "Feature",
      "geometry": {
        "type": "Point",
        "coordinates": [
          2.352911,
          48.852862
        ]
      },
      "properties": {
        "id": "fumi-1642",
        "name": "Pont Saint-Louis",
        "category": "櫻坂46 blog",
        "subcategory": "櫻坂46 blog",
        "categoryColor": "#ec4899",
        "address": "",
        "sceneTitle": "Pont Saint-Louis",
        "sceneNote": "サン＝ルイ橋 Pont Saint-Louis Pont Saint-Louis, 75004 Paris, France 2023.07.17 櫻坂46 田村保乃 パリ blog 写真撮影場所 https://sakurazaka46.com/s/s46/diary/detail/50959 http://blog.livedoor.jp/fumichen2/archives/57711222.html",
        "sourceLabel": "fumi Diary 2号店",
        "sourceUrl": "http://blog.livedoor.jp/fumichen2/",
        "tags": [
          "櫻坂46 blog"
        ],
        "images": [
          "https://pub-6d7574c4452b41519ab8adf1541d7f9e.r2.dev/seichi/sakurazaka/3AAjQbR4Px16KrPidyacYTHOfGn5Rqlnt-dgYh5o_94243868.png"
        ],
        "members": [],
        "source": {
          "provider": "fumi Diary 2号店",
          "url": "http://blog.livedoor.jp/fumichen2/",
          "mapId": "",
          "layer": "櫻坂46 blog",
          "tags": [
            "櫻坂46 blog"
          ],
          "name": "Pont Saint-Louis"
        },
        "classification": {
          "category": "櫻坂46 blog",
          "subcategory": "櫻坂46 blog",
          "method": "legacy-import",
          "status": "unreviewed"
        },
        "classificationCandidates": {
          "members": [],
          "projects": [],
          "contentTypes": []
        }
      }
    },
    {
      "type": "Feature",
      "geometry": {
        "type": "Point",
        "coordinates": [
          2.346824,
          48.857087
        ]
      },
      "properties": {
        "id": "fumi-1643",
        "name": "Pont au Change",
        "category": "櫻坂46 blog",
        "subcategory": "櫻坂46 blog",
        "categoryColor": "#ec4899",
        "address": "",
        "sceneTitle": "Pont au Change",
        "sceneNote": "大園玲ちゃんと2ショット オー・シャンジュ橋 Pont au Change 124 Voie Georges Pompidou, 75004 Paris, France 2023.07.17 櫻坂46 田村保乃 パリ blog 写真撮影場所 https://sakurazaka46.com/s/s46/diary/detail/50959 http://blog.livedoor.jp/fumichen2/archives/57711222.html",
        "sourceLabel": "fumi Diary 2号店",
        "sourceUrl": "http://blog.livedoor.jp/fumichen2/",
        "tags": [
          "櫻坂46 blog"
        ],
        "images": [
          "https://pub-6d7574c4452b41519ab8adf1541d7f9e.r2.dev/seichi/sakurazaka/3AAjQbR4vQ2ut9wCYXlcmqqMuv0Hk8UCDnGUH26O_f775db29.png"
        ],
        "members": [],
        "source": {
          "provider": "fumi Diary 2号店",
          "url": "http://blog.livedoor.jp/fumichen2/",
          "mapId": "",
          "layer": "櫻坂46 blog",
          "tags": [
            "櫻坂46 blog"
          ],
          "name": "Pont au Change"
        },
        "classification": {
          "category": "櫻坂46 blog",
          "subcategory": "櫻坂46 blog",
          "method": "legacy-import",
          "status": "unreviewed"
        },
        "classificationCandidates": {
          "members": [],
          "projects": [],
          "contentTypes": []
        }
      }
    },
    {
      "type": "Feature",
      "geometry": {
        "type": "Point",
        "coordinates": [
          2.3558063,
          48.8520117
        ]
      },
      "properties": {
        "id": "fumi-1644",
        "name": "Amorino",
        "category": "櫻坂46 blog",
        "subcategory": "櫻坂46 blog",
        "categoryColor": "#ec4899",
        "address": "",
        "sceneTitle": "Amorino",
        "sceneNote": "サン・ルイ・アン・リル通り、FLEURYAN bar à jusのアイスクリーム 47 Rue Saint-Louis en l'Île, 75004 Paris, France 2023.07.17 櫻坂46 田村保乃 パリ blog 写真撮影場所 https://sakurazaka46.com/s/s46/diary/detail/50959 http://blog.livedoor.jp/fumichen2/archives/57711222.html 2023.07.22 櫻坂46 田村保乃 好きな色 blog写真撮影場所 https://sakurazaka46.com/s/s46/diary/detail/51010 http://blog.livedoor.jp/fumichen2/archives/57731638.html 櫻坂46が全力でパリを満喫!Vlog撮影場所 シテ島チーム編 http://blog.livedoor.jp/fumichen2/archives/57739631.html",
        "sourceLabel": "fumi Diary 2号店",
        "sourceUrl": "http://blog.livedoor.jp/fumichen2/",
        "tags": [
          "櫻坂46 blog"
        ],
        "images": [
          "https://pub-6d7574c4452b41519ab8adf1541d7f9e.r2.dev/seichi/sakurazaka/3AAjQbR6jDjbrQk6l-oWdrJ7tcChlYjKeI3deCX9_5eeec613.png",
          "https://pub-6d7574c4452b41519ab8adf1541d7f9e.r2.dev/seichi/sakurazaka/3AAjQbR5up80M9I5p31LeYKtXJAhzt35SpKGK0HA_a4567835.png",
          "https://pub-6d7574c4452b41519ab8adf1541d7f9e.r2.dev/seichi/sakurazaka/3AAjQbR65dy58vRBqwHvTOkQsCTKshNuoRA2TJpy_07521b3f.png",
          "https://pub-6d7574c4452b41519ab8adf1541d7f9e.r2.dev/seichi/sakurazaka/3AAjQbR4JQGhtzkWZEUu5KBsnPZRbwHiz0dCb76p_61019e1a.png",
          "https://pub-6d7574c4452b41519ab8adf1541d7f9e.r2.dev/seichi/sakurazaka/3AAjQbR6ybSnu51RufTu4Cb01viilLdSDR54Vu9a_cb4fe01f.png"
        ],
        "members": [],
        "source": {
          "provider": "fumi Diary 2号店",
          "url": "http://blog.livedoor.jp/fumichen2/",
          "mapId": "",
          "layer": "櫻坂46 blog",
          "tags": [
            "櫻坂46 blog"
          ],
          "name": "Amorino"
        },
        "classification": {
          "category": "櫻坂46 blog",
          "subcategory": "櫻坂46 blog",
          "method": "legacy-import",
          "status": "unreviewed"
        },
        "classificationCandidates": {
          "members": [],
          "projects": [],
          "contentTypes": []
        }
      }
    },
    {
      "type": "Feature",
      "geometry": {
        "type": "Point",
        "coordinates": [
          2.351384,
          48.881529
        ]
      },
      "properties": {
        "id": "fumi-1645",
        "name": "Bd de Magenta",
        "category": "櫻坂46 blog",
        "subcategory": "櫻坂46 blog",
        "categoryColor": "#ec4899",
        "address": "",
        "sceneTitle": "Bd de Magenta",
        "sceneNote": "マゼンタ通りの横断歩道からロクロワ通りを撮ります。 Bd de Magenta, 75010 Paris, France 2023.07.17 櫻坂46 田村保乃 パリ blog 写真撮影場所 https://sakurazaka46.com/s/s46/diary/detail/50959 http://blog.livedoor.jp/fumichen2/archives/57711222.html",
        "sourceLabel": "fumi Diary 2号店",
        "sourceUrl": "http://blog.livedoor.jp/fumichen2/",
        "tags": [
          "櫻坂46 blog"
        ],
        "images": [
          "https://pub-6d7574c4452b41519ab8adf1541d7f9e.r2.dev/seichi/sakurazaka/3AAjQbR4NWFysbGEoDqoqUP9Czvn3HKufJzSYXFP_733816dc.png"
        ],
        "members": [],
        "source": {
          "provider": "fumi Diary 2号店",
          "url": "http://blog.livedoor.jp/fumichen2/",
          "mapId": "",
          "layer": "櫻坂46 blog",
          "tags": [
            "櫻坂46 blog"
          ],
          "name": "Bd de Magenta"
        },
        "classification": {
          "category": "櫻坂46 blog",
          "subcategory": "櫻坂46 blog",
          "method": "legacy-import",
          "status": "unreviewed"
        },
        "classificationCandidates": {
          "members": [],
          "projects": [],
          "contentTypes": []
        }
      }
    },
    {
      "type": "Feature",
      "geometry": {
        "type": "Point",
        "coordinates": [
          2.288345,
          48.862141
        ]
      },
      "properties": {
        "id": "fumi-1646",
        "name": "Place du Trocadero",
        "category": "櫻坂46 blog",
        "subcategory": "櫻坂46 blog",
        "categoryColor": "#ec4899",
        "address": "",
        "sceneTitle": "Place du Trocadero",
        "sceneNote": "トロカデロ広場、エッフェル塔を背に Place du Trocadero シャイヨー宮 Palais de Chaillot 1 Place du Trocadéro et du 11 Novembre, 75016 Paris, France 2023.07.17 櫻坂46 田村保乃 パリ blog 写真撮影場所 https://sakurazaka46.com/s/s46/diary/detail/50959 http://blog.livedoor.jp/fumichen2/archives/57711222.html 2023.07.18 櫻坂46 武元唯衣 Paris‼ blog 写真撮影場所 https://sakurazaka46.com/s/s46/diary/detail/50976 http://blog.livedoor.jp/fumichen2/archives/57711253.html 2023.07.22 櫻坂46 田村保乃 好きな色 blog写真撮影場所 https://sakurazaka46.com/s/s46/diary/detail/51010 http://blog.livedoor.jp/fumichen2/archives/57731638.html 2023.07.23 櫻坂46 増本綺良 Japan_Expo_2023_🇫🇷 blog写真撮影場所 https://sakurazaka46.com/s/s46/diary/detail/51026 http://blog.livedoor.jp/fumichen2/archives/57725520.html 2023.07.24 櫻坂46 増本綺良 綺良_イン_Paris blog写真撮影場所 https://sakurazaka46.com/s/s46/diary/detail/51037 http://blog.livedoor.jp/fumichen2/archives/57725231.html 櫻坂46 Japan Expo Paris 2023 当日に密着! http://blog.livedoor.jp/fumichen2/archives/57762952.html",
        "sourceLabel": "fumi Diary 2号店",
        "sourceUrl": "http://blog.livedoor.jp/fumichen2/",
        "tags": [
          "櫻坂46 blog"
        ],
        "images": [
          "https://pub-6d7574c4452b41519ab8adf1541d7f9e.r2.dev/seichi/sakurazaka/3AAjQbR5OXeMjQ84g3DETKEBwfKrEM7u4e_hhngj_59122fcb.png",
          "https://pub-6d7574c4452b41519ab8adf1541d7f9e.r2.dev/seichi/sakurazaka/3AAjQbR6ud51YbeFS4f4wNyOYmbe7BNuDmulY6UY_5a4fbd94.png",
          "https://pub-6d7574c4452b41519ab8adf1541d7f9e.r2.dev/seichi/sakurazaka/3AAjQbR7leheYrUnXomrw4IALbN0XOCyz_dBjEou_0e957a3a.png",
          "https://pub-6d7574c4452b41519ab8adf1541d7f9e.r2.dev/seichi/sakurazaka/3AAjQbR6msh2WOJo9XKWe0E7ukHT4e3bc4RyKYXn_55663524.png",
          "https://pub-6d7574c4452b41519ab8adf1541d7f9e.r2.dev/seichi/sakurazaka/3AAjQbR4JsZLSKW-lnVz2zZrK27mPr8y4gJJTcAt_ccb24fa4.png",
          "https://pub-6d7574c4452b41519ab8adf1541d7f9e.r2.dev/seichi/sakurazaka/3AAjQbR5-_UXonn1fuz3w0lq01F0pCa6fWxXZdLi_a7e9b253.png",
          "https://pub-6d7574c4452b41519ab8adf1541d7f9e.r2.dev/seichi/sakurazaka/3AAjQbR5TD4_qihiFzZxbJ-gn5iw7JkD-Q2tsLfx_022b35f7.png"
        ],
        "members": [],
        "source": {
          "provider": "fumi Diary 2号店",
          "url": "http://blog.livedoor.jp/fumichen2/",
          "mapId": "",
          "layer": "櫻坂46 blog",
          "tags": [
            "櫻坂46 blog"
          ],
          "name": "Place du Trocadero"
        },
        "classification": {
          "category": "櫻坂46 blog",
          "subcategory": "櫻坂46 blog",
          "method": "legacy-import",
          "status": "unreviewed"
        },
        "classificationCandidates": {
          "members": [],
          "projects": [],
          "contentTypes": []
        }
      }
    },
    {
      "type": "Feature",
      "geometry": {
        "type": "Point",
        "coordinates": [
          2.35378,
          48.852831
        ]
      },
      "properties": {
        "id": "fumi-1647",
        "name": "81 Rue Saint-Louis en L'Ile",
        "category": "櫻坂46 blog",
        "subcategory": "櫻坂46 blog",
        "categoryColor": "#ec4899",
        "address": "",
        "sceneTitle": "81 Rue Saint-Louis en L'Ile",
        "sceneNote": "サン・ルイ・アン・リル通り 81, Rue Saint-Louis en L'Ile, 75004 Paris, France 2023.07.17 櫻坂46 田村保乃 パリ blog 写真撮影場所 https://sakurazaka46.com/s/s46/diary/detail/50959 http://blog.livedoor.jp/fumichen2/archives/57711222.html 2023.07.22 櫻坂46 田村保乃 好きな色 blog写真撮影場所 https://sakurazaka46.com/s/s46/diary/detail/51010 http://blog.livedoor.jp/fumichen2/archives/57731638.html 櫻坂46が全力でパリを満喫!Vlog撮影場所 シテ島チーム編 http://blog.livedoor.jp/fumichen2/archives/57739631.html",
        "sourceLabel": "fumi Diary 2号店",
        "sourceUrl": "http://blog.livedoor.jp/fumichen2/",
        "tags": [
          "櫻坂46 blog"
        ],
        "images": [
          "https://pub-6d7574c4452b41519ab8adf1541d7f9e.r2.dev/seichi/sakurazaka/3AAjQbR5Sl8Kt7kGAvhQBMnLm-tkejYamPbEhzPQ_0b1f08fb.png",
          "https://pub-6d7574c4452b41519ab8adf1541d7f9e.r2.dev/seichi/sakurazaka/3AAjQbR6EclH3YMB6QUsHdttMZK6sabBqTQrWWzK_66e5bef0.png",
          "https://pub-6d7574c4452b41519ab8adf1541d7f9e.r2.dev/seichi/sakurazaka/3AAjQbR5jV4qiVBr27snwdZD3GV3ZBOVUR70o3P1_1e455161.png"
        ],
        "members": [],
        "source": {
          "provider": "fumi Diary 2号店",
          "url": "http://blog.livedoor.jp/fumichen2/",
          "mapId": "",
          "layer": "櫻坂46 blog",
          "tags": [
            "櫻坂46 blog"
          ],
          "name": "81 Rue Saint-Louis en L'Ile"
        },
        "classification": {
          "category": "櫻坂46 blog",
          "subcategory": "櫻坂46 blog",
          "method": "legacy-import",
          "status": "unreviewed"
        },
        "classificationCandidates": {
          "members": [],
          "projects": [],
          "contentTypes": []
        }
      }
    },
    {
      "type": "Feature",
      "geometry": {
        "type": "Point",
        "coordinates": [
          2.3235612,
          48.8418157
        ]
      },
      "properties": {
        "id": "fumi-1648",
        "name": "70 Bd Edgar Quinet",
        "category": "櫻坂46 blog",
        "subcategory": "櫻坂46 blog",
        "categoryColor": "#ec4899",
        "address": "",
        "sceneTitle": "70 Bd Edgar Quinet",
        "sceneNote": "青い扉、隣の雪の結晶は冷凍食品店Picardの看板 エドガー・キネ通り 70 Bd Edgar Quinet, 75014 Paris, France 2023.07.22 櫻坂46 田村保乃 好きな色 blog写真撮影場所 https://sakurazaka46.com/s/s46/diary/detail/51010 http://blog.livedoor.jp/fumichen2/archives/57731638.html",
        "sourceLabel": "fumi Diary 2号店",
        "sourceUrl": "http://blog.livedoor.jp/fumichen2/",
        "tags": [
          "櫻坂46 blog"
        ],
        "images": [
          "https://pub-6d7574c4452b41519ab8adf1541d7f9e.r2.dev/seichi/sakurazaka/3AAjQbR6xRQ2sn--ksK4tCk1IuAktYaMWe2Iakof_f65936a9.png"
        ],
        "members": [],
        "source": {
          "provider": "fumi Diary 2号店",
          "url": "http://blog.livedoor.jp/fumichen2/",
          "mapId": "",
          "layer": "櫻坂46 blog",
          "tags": [
            "櫻坂46 blog"
          ],
          "name": "70 Bd Edgar Quinet"
        },
        "classification": {
          "category": "櫻坂46 blog",
          "subcategory": "櫻坂46 blog",
          "method": "legacy-import",
          "status": "unreviewed"
        },
        "classificationCandidates": {
          "members": [],
          "projects": [],
          "contentTypes": []
        }
      }
    },
    {
      "type": "Feature",
      "geometry": {
        "type": "Point",
        "coordinates": [
          2.2845602,
          48.8775471
        ]
      },
      "properties": {
        "id": "fumi-1649",
        "name": "Le Congrès Maillot",
        "category": "櫻坂46 blog",
        "subcategory": "櫻坂46 blog",
        "categoryColor": "#ec4899",
        "address": "",
        "sceneTitle": "Le Congrès Maillot",
        "sceneNote": "食事したレストラン Le Congrès Maillot 80 Av. de la Grande Armée, 75017 Paris, France 2023.07.22 櫻坂46 田村保乃 好きな色 blog写真撮影場所 https://sakurazaka46.com/s/s46/diary/detail/51010 http://blog.livedoor.jp/fumichen2/archives/57731638.html 櫻坂46が全力でパリを満喫!Vlog撮影場所 前編 http://blog.livedoor.jp/fumichen2/archives/57739567.html",
        "sourceLabel": "fumi Diary 2号店",
        "sourceUrl": "http://blog.livedoor.jp/fumichen2/",
        "tags": [
          "櫻坂46 blog"
        ],
        "images": [
          "https://pub-6d7574c4452b41519ab8adf1541d7f9e.r2.dev/seichi/sakurazaka/3AAjQbR68nim8CKywdeH9jvTFVvq8E1MjjkM869G_3514c44d.png",
          "https://pub-6d7574c4452b41519ab8adf1541d7f9e.r2.dev/seichi/sakurazaka/3AAjQbR4rkuSoYkFoidd4xD_lxtr8X50opIvCy8f_3078a4a3.png",
          "https://pub-6d7574c4452b41519ab8adf1541d7f9e.r2.dev/seichi/sakurazaka/3AAjQbR6SJKgWOpQQyIv9ikJ0nWcCFOUWO7Br2hQ_3a43004e.png",
          "https://pub-6d7574c4452b41519ab8adf1541d7f9e.r2.dev/seichi/sakurazaka/3AAjQbR6yWUgdI8qT3i929jGKpZ5AJFpbp8IY8m5_2d6f8530.png",
          "https://pub-6d7574c4452b41519ab8adf1541d7f9e.r2.dev/seichi/sakurazaka/3AAjQbR6PxjCqMObGGObG5zysM7AEU7Alt-klW5X_208fc68f.png",
          "https://pub-6d7574c4452b41519ab8adf1541d7f9e.r2.dev/seichi/sakurazaka/3AAjQbR4KeI24h5vQg9RfHlaGwfH97WGjQ2MdNjm_408d33ca.png"
        ],
        "members": [],
        "source": {
          "provider": "fumi Diary 2号店",
          "url": "http://blog.livedoor.jp/fumichen2/",
          "mapId": "",
          "layer": "櫻坂46 blog",
          "tags": [
            "櫻坂46 blog"
          ],
          "name": "Le Congrès Maillot"
        },
        "classification": {
          "category": "櫻坂46 blog",
          "subcategory": "櫻坂46 blog",
          "method": "legacy-import",
          "status": "unreviewed"
        },
        "classificationCandidates": {
          "members": [],
          "projects": [],
          "contentTypes": []
        }
      }
    },
    {
      "type": "Feature",
      "geometry": {
        "type": "Point",
        "coordinates": [
          2.34012,
          48.860011
        ]
      },
      "properties": {
        "id": "fumi-1650",
        "name": "Musée du Louvre",
        "category": "櫻坂46 blog",
        "subcategory": "櫻坂46 blog",
        "categoryColor": "#ec4899",
        "address": "",
        "sceneTitle": "Musée du Louvre",
        "sceneNote": "Aile Estの入り口前、アミラル・ド・コリニー通り(Rue de l'Amiral de Coligny)側の広場 ルーヴル美術館 (ルーブル美術館) Musée du Louvre Rue de Rivoli, 75001 Paris, France 2023.07.22 櫻坂46 田村保乃 好きな色 blog写真撮影場所 https://sakurazaka46.com/s/s46/diary/detail/51010 http://blog.livedoor.jp/fumichen2/archives/57731638.html",
        "sourceLabel": "fumi Diary 2号店",
        "sourceUrl": "http://blog.livedoor.jp/fumichen2/",
        "tags": [
          "櫻坂46 blog"
        ],
        "images": [
          "https://pub-6d7574c4452b41519ab8adf1541d7f9e.r2.dev/seichi/sakurazaka/3AAjQbR6L0c4TNBLWwv8S4-Ik1Rb7u7SUFy6TQkJ_8878c13f.png"
        ],
        "members": [],
        "source": {
          "provider": "fumi Diary 2号店",
          "url": "http://blog.livedoor.jp/fumichen2/",
          "mapId": "",
          "layer": "櫻坂46 blog",
          "tags": [
            "櫻坂46 blog"
          ],
          "name": "Musée du Louvre"
        },
        "classification": {
          "category": "櫻坂46 blog",
          "subcategory": "櫻坂46 blog",
          "method": "legacy-import",
          "status": "unreviewed"
        },
        "classificationCandidates": {
          "members": [],
          "projects": [],
          "contentTypes": []
        }
      }
    },
    {
      "type": "Feature",
      "geometry": {
        "type": "Point",
        "coordinates": [
          2.291779,
          48.874934
        ]
      },
      "properties": {
        "id": "fumi-1651",
        "name": "14 Av. de la Grande Armée",
        "category": "櫻坂46 blog",
        "subcategory": "櫻坂46 blog",
        "categoryColor": "#ec4899",
        "address": "",
        "sceneTitle": "14 Av. de la Grande Armée",
        "sceneNote": "Intermarché Express前、グランド・アルメ通り 14 Av. de la Grande Armée, 75017 Paris, France 2023.07.23 櫻坂46 増本綺良 Japan_Expo_2023_🇫🇷 blog写真撮影場所 https://sakurazaka46.com/s/s46/diary/detail/51026 http://blog.livedoor.jp/fumichen2/archives/57725520.html",
        "sourceLabel": "fumi Diary 2号店",
        "sourceUrl": "http://blog.livedoor.jp/fumichen2/",
        "tags": [
          "櫻坂46 blog"
        ],
        "images": [
          "https://pub-6d7574c4452b41519ab8adf1541d7f9e.r2.dev/seichi/sakurazaka/3AAjQbR5656wJE7Jxv0v24r5REEgd1CAcxjgkmuc_01cfadb4.png"
        ],
        "members": [],
        "source": {
          "provider": "fumi Diary 2号店",
          "url": "http://blog.livedoor.jp/fumichen2/",
          "mapId": "",
          "layer": "櫻坂46 blog",
          "tags": [
            "櫻坂46 blog"
          ],
          "name": "14 Av. de la Grande Armée"
        },
        "classification": {
          "category": "櫻坂46 blog",
          "subcategory": "櫻坂46 blog",
          "method": "legacy-import",
          "status": "unreviewed"
        },
        "classificationCandidates": {
          "members": [],
          "projects": [],
          "contentTypes": []
        }
      }
    },
    {
      "type": "Feature",
      "geometry": {
        "type": "Point",
        "coordinates": [
          2.2848195,
          48.8775323
        ]
      },
      "properties": {
        "id": "fumi-1652",
        "name": "Brasserie Tabac Le Maillot - Point Nickel",
        "category": "櫻坂46 blog",
        "subcategory": "Point Nickel",
        "categoryColor": "#ec4899",
        "address": "",
        "sceneTitle": "Brasserie Tabac Le Maillot",
        "sceneNote": "Brasserie Tabac Le Maillot - Point Nickel 78 Av. de la Grande Armée, 75017 Paris, France 2023.07.23 櫻坂46 増本綺良 Japan_Expo_2023_🇫🇷 blog写真撮影場所 https://sakurazaka46.com/s/s46/diary/detail/51026 http://blog.livedoor.jp/fumichen2/archives/57725520.html",
        "sourceLabel": "fumi Diary 2号店",
        "sourceUrl": "http://blog.livedoor.jp/fumichen2/",
        "tags": [
          "櫻坂46 blog"
        ],
        "images": [
          "https://pub-6d7574c4452b41519ab8adf1541d7f9e.r2.dev/seichi/sakurazaka/3AAjQbR7SOuMyrXmSmr-_q0yggQVFk02u8F6ayl0_6ac7e344.png",
          "https://pub-6d7574c4452b41519ab8adf1541d7f9e.r2.dev/seichi/sakurazaka/3AAjQbR44xSgSyyuQ32TnfWnCDPIlAdn9lA0wyg4_9d5f0a55.png",
          "https://pub-6d7574c4452b41519ab8adf1541d7f9e.r2.dev/seichi/sakurazaka/3AAjQbR6LSx65HgXpIXfOiw8SMGEkfXL-Eir7v1r_71a1cc25.png"
        ],
        "members": [],
        "source": {
          "provider": "fumi Diary 2号店",
          "url": "http://blog.livedoor.jp/fumichen2/",
          "mapId": "",
          "layer": "櫻坂46 blog",
          "tags": [
            "櫻坂46 blog"
          ],
          "name": "Brasserie Tabac Le Maillot - Point Nickel"
        },
        "classification": {
          "category": "櫻坂46 blog",
          "subcategory": "Point Nickel",
          "method": "legacy-import",
          "status": "unreviewed"
        },
        "classificationCandidates": {
          "members": [],
          "projects": [],
          "contentTypes": []
        }
      }
    },
    {
      "type": "Feature",
      "geometry": {
        "type": "Point",
        "coordinates": [
          2.3395861,
          48.8601367
        ]
      },
      "properties": {
        "id": "fumi-1653",
        "name": "Aile Est, Musée du Louvre",
        "category": "櫻坂46 blog",
        "subcategory": "櫻坂46 blog",
        "categoryColor": "#ec4899",
        "address": "",
        "sceneTitle": "Aile Est, Musée du Louvre",
        "sceneNote": "ルーヴル美術館 (ルーブル美術館) Musée du Louvre Rue de Rivoli, 75001 Paris, France 2023.07.23 櫻坂46 増本綺良 Japan_Expo_2023_🇫🇷 blog写真撮影場所 https://sakurazaka46.com/s/s46/diary/detail/51026",
        "sourceLabel": "fumi Diary 2号店",
        "sourceUrl": "http://blog.livedoor.jp/fumichen2/",
        "tags": [
          "櫻坂46 blog"
        ],
        "images": [
          "https://pub-6d7574c4452b41519ab8adf1541d7f9e.r2.dev/seichi/sakurazaka/3AAjQbR53Ut4KQgueNqMXexcgLWWhQ4IqgQpsH-m_1461f2a0.png",
          "https://pub-6d7574c4452b41519ab8adf1541d7f9e.r2.dev/seichi/sakurazaka/3AAjQbR4vdhzYDH30yH7-UqhA-XuiZdGiMjVxfCC_8ce66275.png"
        ],
        "members": [],
        "source": {
          "provider": "fumi Diary 2号店",
          "url": "http://blog.livedoor.jp/fumichen2/",
          "mapId": "",
          "layer": "櫻坂46 blog",
          "tags": [
            "櫻坂46 blog"
          ],
          "name": "Aile Est, Musée du Louvre"
        },
        "classification": {
          "category": "櫻坂46 blog",
          "subcategory": "櫻坂46 blog",
          "method": "legacy-import",
          "status": "unreviewed"
        },
        "classificationCandidates": {
          "members": [],
          "projects": [],
          "contentTypes": []
        }
      }
    },
    {
      "type": "Feature",
      "geometry": {
        "type": "Point",
        "coordinates": [
          2.337123,
          48.860595
        ]
      },
      "properties": {
        "id": "fumi-1654",
        "name": "Cour Napoléon, Musée du Louvre",
        "category": "櫻坂46 blog",
        "subcategory": "櫻坂46 blog",
        "categoryColor": "#ec4899",
        "address": "",
        "sceneTitle": "Cour Napoléon, Musée du Louvre",
        "sceneNote": "ナポレオン広場、照明の上に立って、ルーヴル・ピラミッドをつかまえた Cour Napoléon ルーヴル美術館 Musée du Louvre Rue de Rivoli, 75001 Paris, France 2023.07.24 櫻坂46 増本綺良 綺良_イン_Paris blog写真撮影場所 https://sakurazaka46.com/s/s46/diary/detail/51037 http://blog.livedoor.jp/fumichen2/archives/57725231.html",
        "sourceLabel": "fumi Diary 2号店",
        "sourceUrl": "http://blog.livedoor.jp/fumichen2/",
        "tags": [
          "櫻坂46 blog"
        ],
        "images": [
          "https://pub-6d7574c4452b41519ab8adf1541d7f9e.r2.dev/seichi/sakurazaka/3AAjQbR6EqzFMlQhbpmjNkOUO9nE_ZfJQE4dIPOp_ef0f5316.png"
        ],
        "members": [],
        "source": {
          "provider": "fumi Diary 2号店",
          "url": "http://blog.livedoor.jp/fumichen2/",
          "mapId": "",
          "layer": "櫻坂46 blog",
          "tags": [
            "櫻坂46 blog"
          ],
          "name": "Cour Napoléon, Musée du Louvre"
        },
        "classification": {
          "category": "櫻坂46 blog",
          "subcategory": "櫻坂46 blog",
          "method": "legacy-import",
          "status": "unreviewed"
        },
        "classificationCandidates": {
          "members": [],
          "projects": [],
          "contentTypes": []
        }
      }
    },
    {
      "type": "Feature",
      "geometry": {
        "type": "Point",
        "coordinates": [
          2.33534,
          48.862114
        ]
      },
      "properties": {
        "id": "fumi-1655",
        "name": "Aile Richelieu, Musée du Louvre",
        "category": "櫻坂46 blog",
        "subcategory": "櫻坂46 blog",
        "categoryColor": "#ec4899",
        "address": "",
        "sceneTitle": "Aile Richelieu, Musée du Louvre",
        "sceneNote": "リシュリュー翼の西側の石柱 Aile Richelieu ルーヴル美術館 Musée du Louvre Rue de Rivoli, 75001 Paris, France 2023.07.24 櫻坂46 増本綺良 綺良_イン_Paris blog写真撮影場所 https://sakurazaka46.com/s/s46/diary/detail/51037 http://blog.livedoor.jp/fumichen2/archives/57725231.html",
        "sourceLabel": "fumi Diary 2号店",
        "sourceUrl": "http://blog.livedoor.jp/fumichen2/",
        "tags": [
          "櫻坂46 blog"
        ],
        "images": [
          "https://pub-6d7574c4452b41519ab8adf1541d7f9e.r2.dev/seichi/sakurazaka/3AAjQbR7wl5TKwgNydsmmMT8Hwee6gTEo4734d_G_f3b30da1.png"
        ],
        "members": [],
        "source": {
          "provider": "fumi Diary 2号店",
          "url": "http://blog.livedoor.jp/fumichen2/",
          "mapId": "",
          "layer": "櫻坂46 blog",
          "tags": [
            "櫻坂46 blog"
          ],
          "name": "Aile Richelieu, Musée du Louvre"
        },
        "classification": {
          "category": "櫻坂46 blog",
          "subcategory": "櫻坂46 blog",
          "method": "legacy-import",
          "status": "unreviewed"
        },
        "classificationCandidates": {
          "members": [],
          "projects": [],
          "contentTypes": []
        }
      }
    },
    {
      "type": "Feature",
      "geometry": {
        "type": "Point",
        "coordinates": [
          2.3348324,
          48.8627536
        ]
      },
      "properties": {
        "id": "fumi-1656",
        "name": "Carrousel du Louvre",
        "category": "櫻坂46 blog",
        "subcategory": "櫻坂46 blog",
        "categoryColor": "#ec4899",
        "address": "",
        "sceneTitle": "Carrousel du Louvre",
        "sceneNote": "シャルル5世ホール、シャルル5世時代の城壁の跡 Charles V city walls, hall du fosse charles V カルーセル ド ルーヴル Carrousel du Louvre 99 Rue de Rivoli, 75001 Paris, France 2023.07.24 櫻坂46 増本綺良 綺良_イン_Paris blog写真撮影場所 https://sakurazaka46.com/s/s46/diary/detail/51037 http://blog.livedoor.jp/fumichen2/archives/57725231.html",
        "sourceLabel": "fumi Diary 2号店",
        "sourceUrl": "http://blog.livedoor.jp/fumichen2/",
        "tags": [
          "櫻坂46 blog"
        ],
        "images": [
          "https://pub-6d7574c4452b41519ab8adf1541d7f9e.r2.dev/seichi/sakurazaka/3AAjQbR53_RBvPCcko4o497SelRWze3xuZktmhUK_67d6a251.png"
        ],
        "members": [],
        "source": {
          "provider": "fumi Diary 2号店",
          "url": "http://blog.livedoor.jp/fumichen2/",
          "mapId": "",
          "layer": "櫻坂46 blog",
          "tags": [
            "櫻坂46 blog"
          ],
          "name": "Carrousel du Louvre"
        },
        "classification": {
          "category": "櫻坂46 blog",
          "subcategory": "櫻坂46 blog",
          "method": "legacy-import",
          "status": "unreviewed"
        },
        "classificationCandidates": {
          "members": [],
          "projects": [],
          "contentTypes": []
        }
      }
    },
    {
      "type": "Feature",
      "geometry": {
        "type": "Point",
        "coordinates": [
          2.335306,
          48.862663
        ]
      },
      "properties": {
        "id": "fumi-1657",
        "name": "Rue de Rivoli",
        "category": "櫻坂46 blog",
        "subcategory": "櫻坂46 blog",
        "categoryColor": "#ec4899",
        "address": "",
        "sceneTitle": "Rue de Rivoli",
        "sceneNote": "リヴぉり通り、カルーゼル広場入り口前 Rue de Rivoli, 75001 Paris, France 2023.07.24 櫻坂46 増本綺良 綺良_イン_Paris blog写真撮影場所 https://sakurazaka46.com/s/s46/diary/detail/51037 http://blog.livedoor.jp/fumichen2/archives/57725231.html",
        "sourceLabel": "fumi Diary 2号店",
        "sourceUrl": "http://blog.livedoor.jp/fumichen2/",
        "tags": [
          "櫻坂46 blog"
        ],
        "images": [
          "https://pub-6d7574c4452b41519ab8adf1541d7f9e.r2.dev/seichi/sakurazaka/3AAjQbR5PdHHHSheKB_eIcP_Z0bJLmfvSS8LUix4_305daf38.png",
          "https://pub-6d7574c4452b41519ab8adf1541d7f9e.r2.dev/seichi/sakurazaka/3AAjQbR6sVwzFJlGBx49TeYekHf4xM1aJx0LkVzw_b038c520.png"
        ],
        "members": [],
        "source": {
          "provider": "fumi Diary 2号店",
          "url": "http://blog.livedoor.jp/fumichen2/",
          "mapId": "",
          "layer": "櫻坂46 blog",
          "tags": [
            "櫻坂46 blog"
          ],
          "name": "Rue de Rivoli"
        },
        "classification": {
          "category": "櫻坂46 blog",
          "subcategory": "櫻坂46 blog",
          "method": "legacy-import",
          "status": "unreviewed"
        },
        "classificationCandidates": {
          "members": [],
          "projects": [],
          "contentTypes": []
        }
      }
    },
    {
      "type": "Feature",
      "geometry": {
        "type": "Point",
        "coordinates": [
          130.3922326,
          33.582796
        ]
      },
      "properties": {
        "id": "fumi-1837",
        "name": "穴子専門店 一",
        "category": "テレビ",
        "subcategory": "テレビ",
        "categoryColor": "#dc2626",
        "address": "",
        "sceneTitle": "穴子専門店 一",
        "sceneNote": "説明: 2023.11.20「ラヴィット!」 櫻坂46 中嶋優月のオススメの温めてくれるもの http://blog.livedoor.jp/fumichen2/archives/57982258.html 住所: 〒810-0022 福岡県福岡市中央区薬院2丁目18-18 リシェ薬院1F",
        "sourceLabel": "fumi Diary 2号店",
        "sourceUrl": "http://blog.livedoor.jp/fumichen2/",
        "tags": [
          "テレビ"
        ],
        "images": [
          "https://pub-6d7574c4452b41519ab8adf1541d7f9e.r2.dev/seichi/sakurazaka/3AAjQbR5cvSL63kRiXeph_XkyLMi30qnPQDqwgdA_8bc45977.png",
          "https://pub-6d7574c4452b41519ab8adf1541d7f9e.r2.dev/seichi/sakurazaka/3AAjQbR5sRu2tXnQKrjYTw9VLPmRQKqNvW9dnzxT_00f2fba9.png",
          "https://pub-6d7574c4452b41519ab8adf1541d7f9e.r2.dev/seichi/sakurazaka/3AAjQbR4v_AG34Sbx7usCGsfKvZ9D3ZgYaUx683Z_a8fa46f8.png",
          "https://pub-6d7574c4452b41519ab8adf1541d7f9e.r2.dev/seichi/sakurazaka/3AAjQbR6YbHfn3O-U9WsUr7R32qK6qspjE25WEVI_1f8bbe73.png",
          "https://pub-6d7574c4452b41519ab8adf1541d7f9e.r2.dev/seichi/sakurazaka/3AAjQbR6g-t75nRZLVKpL7witkwJTzfx4aKH-Tam_42f8626c.png",
          "https://pub-6d7574c4452b41519ab8adf1541d7f9e.r2.dev/seichi/sakurazaka/3AAjQbR4vcWhbB9Yshq9m46OlfZgZcy9HE6eFwNJ_550ca22a.png"
        ],
        "members": [],
        "source": {
          "provider": "fumi Diary 2号店",
          "url": "http://blog.livedoor.jp/fumichen2/",
          "mapId": "",
          "layer": "テレビ",
          "tags": [
            "テレビ"
          ],
          "name": "穴子専門店 一"
        },
        "classification": {
          "category": "テレビ",
          "subcategory": "テレビ",
          "method": "legacy-import",
          "status": "unreviewed"
        },
        "classificationCandidates": {
          "members": [],
          "projects": [],
          "contentTypes": []
        }
      }
    },
    {
      "type": "Feature",
      "geometry": {
        "type": "Point",
        "coordinates": [
          139.757534,
          35.66119
        ]
      },
      "properties": {
        "id": "fumi-1838",
        "name": "イタリア街 / 汐留西公園",
        "category": "テレビ",
        "subcategory": "テレビ",
        "categoryColor": "#dc2626",
        "address": "",
        "sceneTitle": "イタリア街 / 汐留西公園",
        "sceneNote": "説明: 2022.03.27 櫻坂46 田村保乃「有吉ぃぃeeeee!」 http://blog.livedoor.jp/fumichen2/archives/56703670.html 住所: 〒105-0021 東京都港区東新橋2-17-1",
        "sourceLabel": "fumi Diary 2号店",
        "sourceUrl": "http://blog.livedoor.jp/fumichen2/",
        "tags": [
          "テレビ"
        ],
        "images": [
          "https://pub-6d7574c4452b41519ab8adf1541d7f9e.r2.dev/seichi/sakurazaka/3AAjQbR7ohxDUzzKPkc51LRYrZLKfupMQ8v2O4UG_3a518845.png",
          "https://pub-6d7574c4452b41519ab8adf1541d7f9e.r2.dev/seichi/sakurazaka/3AAjQbR7HO0zGJNVv-cDBEK3fjmTNu855sIawnFb_ec430187.png",
          "https://pub-6d7574c4452b41519ab8adf1541d7f9e.r2.dev/seichi/sakurazaka/3AAjQbR76CYkx--d4jeuqHyt3E3or9pX_mCXzTxE_2a38fd7e.png"
        ],
        "members": [],
        "source": {
          "provider": "fumi Diary 2号店",
          "url": "http://blog.livedoor.jp/fumichen2/",
          "mapId": "",
          "layer": "テレビ",
          "tags": [
            "テレビ"
          ],
          "name": "イタリア街 / 汐留西公園"
        },
        "classification": {
          "category": "テレビ",
          "subcategory": "テレビ",
          "method": "legacy-import",
          "status": "unreviewed"
        },
        "classificationCandidates": {
          "members": [],
          "projects": [],
          "contentTypes": []
        }
      }
    },
    {
      "type": "Feature",
      "geometry": {
        "type": "Point",
        "coordinates": [
          139.7571753,
          35.6610326
        ]
      },
      "properties": {
        "id": "fumi-1839",
        "name": "ミッレフィオーレ汐留",
        "category": "テレビ",
        "subcategory": "テレビ",
        "categoryColor": "#dc2626",
        "address": "",
        "sceneTitle": "ミッレフィオーレ汐留",
        "sceneNote": "説明: 2022.03.27 櫻坂46 田村保乃「有吉ぃぃeeeee!」 http://blog.livedoor.jp/fumichen2/archives/56703670.html 住所: 〒105-0021 東京都港区東新橋2-16-3 カーザ・ベルソー 1F",
        "sourceLabel": "fumi Diary 2号店",
        "sourceUrl": "http://blog.livedoor.jp/fumichen2/",
        "tags": [
          "テレビ"
        ],
        "images": [
          "https://pub-6d7574c4452b41519ab8adf1541d7f9e.r2.dev/seichi/sakurazaka/3AAjQbR62xjNw984v6ThGbW-8Ta-EpNK5qCi6pjE_8f24ffce.png",
          "https://pub-6d7574c4452b41519ab8adf1541d7f9e.r2.dev/seichi/sakurazaka/3AAjQbR4YHFE6ZWhRWGM2ILPaWhTQFUoNwmg9htN_28f674b9.png"
        ],
        "members": [],
        "source": {
          "provider": "fumi Diary 2号店",
          "url": "http://blog.livedoor.jp/fumichen2/",
          "mapId": "",
          "layer": "テレビ",
          "tags": [
            "テレビ"
          ],
          "name": "ミッレフィオーレ汐留"
        },
        "classification": {
          "category": "テレビ",
          "subcategory": "テレビ",
          "method": "legacy-import",
          "status": "unreviewed"
        },
        "classificationCandidates": {
          "members": [],
          "projects": [],
          "contentTypes": []
        }
      }
    },
    {
      "type": "Feature",
      "geometry": {
        "type": "Point",
        "coordinates": [
          139.7459232,
          35.6591403
        ]
      },
      "properties": {
        "id": "fumi-1840",
        "name": "The Place of TOKYO",
        "category": "テレビ",
        "subcategory": "テレビ",
        "categoryColor": "#dc2626",
        "address": "",
        "sceneTitle": "The Place of TOKYO",
        "sceneNote": "説明: 2022.03.27 櫻坂46 田村保乃「有吉ぃぃeeeee!」 http://blog.livedoor.jp/fumichen2/archives/56703670.html 住所: 〒105-0011 東京都港区芝公園3-5-4",
        "sourceLabel": "fumi Diary 2号店",
        "sourceUrl": "http://blog.livedoor.jp/fumichen2/",
        "tags": [
          "テレビ"
        ],
        "images": [
          "https://pub-6d7574c4452b41519ab8adf1541d7f9e.r2.dev/seichi/sakurazaka/3AAjQbR5_UhLGR-Ks0e_P0ApCmprFG_bAiYGvKyN_0df9df9f.png"
        ],
        "members": [],
        "source": {
          "provider": "fumi Diary 2号店",
          "url": "http://blog.livedoor.jp/fumichen2/",
          "mapId": "",
          "layer": "テレビ",
          "tags": [
            "テレビ"
          ],
          "name": "The Place of TOKYO"
        },
        "classification": {
          "category": "テレビ",
          "subcategory": "テレビ",
          "method": "legacy-import",
          "status": "unreviewed"
        },
        "classificationCandidates": {
          "members": [],
          "projects": [],
          "contentTypes": []
        }
      }
    },
    {
      "type": "Feature",
      "geometry": {
        "type": "Point",
        "coordinates": [
          139.758549,
          35.695329
        ]
      },
      "properties": {
        "id": "fumi-1841",
        "name": "神田すずらん通り",
        "category": "テレビ",
        "subcategory": "テレビ",
        "categoryColor": "#dc2626",
        "address": "",
        "sceneTitle": "神田すずらん通り",
        "sceneNote": "説明: 2022.05.29 櫻坂46 田村保乃「有吉ぃぃeeeee!」 http://blog.livedoor.jp/fumichen2/archives/56701988.html 住所: 〒101-0051 東京都千代田区神田神保町1-11-2",
        "sourceLabel": "fumi Diary 2号店",
        "sourceUrl": "http://blog.livedoor.jp/fumichen2/",
        "tags": [
          "テレビ"
        ],
        "images": [
          "https://pub-6d7574c4452b41519ab8adf1541d7f9e.r2.dev/seichi/sakurazaka/3AAjQbR5B7fgNr6tTHvJpL_6G2BmOqewD44xjMrt_7c30d0bf.png"
        ],
        "members": [],
        "source": {
          "provider": "fumi Diary 2号店",
          "url": "http://blog.livedoor.jp/fumichen2/",
          "mapId": "",
          "layer": "テレビ",
          "tags": [
            "テレビ"
          ],
          "name": "神田すずらん通り"
        },
        "classification": {
          "category": "テレビ",
          "subcategory": "テレビ",
          "method": "legacy-import",
          "status": "unreviewed"
        },
        "classificationCandidates": {
          "members": [],
          "projects": [],
          "contentTypes": []
        }
      }
    },
    {
      "type": "Feature",
      "geometry": {
        "type": "Point",
        "coordinates": [
          139.7600831,
          35.6958207
        ]
      },
      "properties": {
        "id": "fumi-1842",
        "name": "馬子禄牛肉面 神保町店",
        "category": "テレビ",
        "subcategory": "テレビ",
        "categoryColor": "#dc2626",
        "address": "",
        "sceneTitle": "馬子禄牛肉面 神保町店",
        "sceneNote": "説明: 2022.05.29 櫻坂46 田村保乃「有吉ぃぃeeeee!」 http://blog.livedoor.jp/fumichen2/archives/56701988.html 住所: 〒101-0051 東京都千代田区神田神保町1-3-18",
        "sourceLabel": "fumi Diary 2号店",
        "sourceUrl": "http://blog.livedoor.jp/fumichen2/",
        "tags": [
          "テレビ"
        ],
        "images": [
          "https://pub-6d7574c4452b41519ab8adf1541d7f9e.r2.dev/seichi/sakurazaka/3AAjQbR4VZAotJWvX9cBcAGg5hgl9-KhraRQDYg0_95e899aa.png",
          "https://pub-6d7574c4452b41519ab8adf1541d7f9e.r2.dev/seichi/sakurazaka/3AAjQbR5fI0RzM80GEKPZM1N21VYscG8057OpLjD_30e9df84.png"
        ],
        "members": [],
        "source": {
          "provider": "fumi Diary 2号店",
          "url": "http://blog.livedoor.jp/fumichen2/",
          "mapId": "",
          "layer": "テレビ",
          "tags": [
            "テレビ"
          ],
          "name": "馬子禄牛肉面 神保町店"
        },
        "classification": {
          "category": "テレビ",
          "subcategory": "テレビ",
          "method": "legacy-import",
          "status": "unreviewed"
        },
        "classificationCandidates": {
          "members": [],
          "projects": [],
          "contentTypes": []
        }
      }
    },
    {
      "type": "Feature",
      "geometry": {
        "type": "Point",
        "coordinates": [
          139.758888,
          35.6932824
        ]
      },
      "properties": {
        "id": "fumi-1843",
        "name": "学士会館 202号室",
        "category": "テレビ",
        "subcategory": "テレビ",
        "categoryColor": "#dc2626",
        "address": "",
        "sceneTitle": "学士会館 202号室",
        "sceneNote": "説明: 2022.05.29 櫻坂46 田村保乃「有吉ぃぃeeeee!」 http://blog.livedoor.jp/fumichen2/archives/56701988.html 住所: 〒101-8459 東京都千代田区神田錦町3-28",
        "sourceLabel": "fumi Diary 2号店",
        "sourceUrl": "http://blog.livedoor.jp/fumichen2/",
        "tags": [
          "テレビ"
        ],
        "images": [
          "https://pub-6d7574c4452b41519ab8adf1541d7f9e.r2.dev/seichi/sakurazaka/3AAjQbR6u4eer4uVpe9lkEtYP-Qj5yHryekPLOFT_4c83e466.png"
        ],
        "members": [],
        "source": {
          "provider": "fumi Diary 2号店",
          "url": "http://blog.livedoor.jp/fumichen2/",
          "mapId": "",
          "layer": "テレビ",
          "tags": [
            "テレビ"
          ],
          "name": "学士会館 202号室"
        },
        "classification": {
          "category": "テレビ",
          "subcategory": "テレビ",
          "method": "legacy-import",
          "status": "unreviewed"
        },
        "classificationCandidates": {
          "members": [],
          "projects": [],
          "contentTypes": []
        }
      }
    },
    {
      "type": "Feature",
      "geometry": {
        "type": "Point",
        "coordinates": [
          139.740667,
          35.701672
        ]
      },
      "properties": {
        "id": "fumi-1844",
        "name": "神楽坂本田横丁",
        "category": "テレビ",
        "subcategory": "テレビ",
        "categoryColor": "#dc2626",
        "address": "",
        "sceneTitle": "神楽坂本田横丁",
        "sceneNote": "説明: 2022.07.31 櫻坂46 田村保乃「有吉ぃぃeeeee!」 http://blog.livedoor.jp/fumichen2/archives/56857772.html 住所: 〒162-0825 東京都新宿区神楽坂3-2 林ビル",
        "sourceLabel": "fumi Diary 2号店",
        "sourceUrl": "http://blog.livedoor.jp/fumichen2/",
        "tags": [
          "テレビ"
        ],
        "images": [
          "https://pub-6d7574c4452b41519ab8adf1541d7f9e.r2.dev/seichi/sakurazaka/3AAjQbR4Og8NlyS62iYouOAX4836NDWCz7Fs4FzP_1ca3e88b.png"
        ],
        "members": [],
        "source": {
          "provider": "fumi Diary 2号店",
          "url": "http://blog.livedoor.jp/fumichen2/",
          "mapId": "",
          "layer": "テレビ",
          "tags": [
            "テレビ"
          ],
          "name": "神楽坂本田横丁"
        },
        "classification": {
          "category": "テレビ",
          "subcategory": "テレビ",
          "method": "legacy-import",
          "status": "unreviewed"
        },
        "classificationCandidates": {
          "members": [],
          "projects": [],
          "contentTypes": []
        }
      }
    },
    {
      "type": "Feature",
      "geometry": {
        "type": "Point",
        "coordinates": [
          139.740333,
          35.701962
        ]
      },
      "properties": {
        "id": "fumi-1845",
        "name": "サクレフルール 神楽坂",
        "category": "テレビ",
        "subcategory": "テレビ",
        "categoryColor": "#dc2626",
        "address": "",
        "sceneTitle": "サクレフルール 神楽坂",
        "sceneNote": "説明: 2022.07.31 櫻坂46 田村保乃「有吉ぃぃeeeee!」 http://blog.livedoor.jp/fumichen2/archives/56857772.html ※2022年9月18日を以って閉店 住所: 〒162-0825 東京都新宿区神楽坂3-2 大宗第5ビル",
        "sourceLabel": "fumi Diary 2号店",
        "sourceUrl": "http://blog.livedoor.jp/fumichen2/",
        "tags": [
          "テレビ"
        ],
        "images": [
          "https://pub-6d7574c4452b41519ab8adf1541d7f9e.r2.dev/seichi/sakurazaka/3AAjQbR5fVpzEHM8kwMBPwePji_ncofyNnbwzbui_4f359034.png"
        ],
        "members": [],
        "source": {
          "provider": "fumi Diary 2号店",
          "url": "http://blog.livedoor.jp/fumichen2/",
          "mapId": "",
          "layer": "テレビ",
          "tags": [
            "テレビ"
          ],
          "name": "サクレフルール 神楽坂"
        },
        "classification": {
          "category": "テレビ",
          "subcategory": "テレビ",
          "method": "legacy-import",
          "status": "unreviewed"
        },
        "classificationCandidates": {
          "members": [],
          "projects": [],
          "contentTypes": []
        }
      }
    },
    {
      "type": "Feature",
      "geometry": {
        "type": "Point",
        "coordinates": [
          139.7466198,
          35.6999169
        ]
      },
      "properties": {
        "id": "fumi-1846",
        "name": "東京大神宮マツヤサロン",
        "category": "テレビ",
        "subcategory": "テレビ",
        "categoryColor": "#dc2626",
        "address": "",
        "sceneTitle": "東京大神宮マツヤサロン",
        "sceneNote": "説明: 2022.07.31 櫻坂46 田村保乃「有吉ぃぃeeeee!」 http://blog.livedoor.jp/fumichen2/archives/56857772.html 住所: 〒102-0071 東京都千代田区富士見2-4-1",
        "sourceLabel": "fumi Diary 2号店",
        "sourceUrl": "http://blog.livedoor.jp/fumichen2/",
        "tags": [
          "テレビ"
        ],
        "images": [
          "https://pub-6d7574c4452b41519ab8adf1541d7f9e.r2.dev/seichi/sakurazaka/3AAjQbR4z2uy8xbVrAR0GW5hKFXJOBR38F0FkL0U_45e0e64e.png"
        ],
        "members": [],
        "source": {
          "provider": "fumi Diary 2号店",
          "url": "http://blog.livedoor.jp/fumichen2/",
          "mapId": "",
          "layer": "テレビ",
          "tags": [
            "テレビ"
          ],
          "name": "東京大神宮マツヤサロン"
        },
        "classification": {
          "category": "テレビ",
          "subcategory": "テレビ",
          "method": "legacy-import",
          "status": "unreviewed"
        },
        "classificationCandidates": {
          "members": [],
          "projects": [],
          "contentTypes": []
        }
      }
    },
    {
      "type": "Feature",
      "geometry": {
        "type": "Point",
        "coordinates": [
          139.727752,
          35.66814
        ]
      },
      "properties": {
        "id": "fumi-1847",
        "name": "乃木神社",
        "category": "テレビ",
        "subcategory": "テレビ",
        "categoryColor": "#dc2626",
        "address": "",
        "sceneTitle": "乃木神社",
        "sceneNote": "説明: 2022.09.25 櫻坂46 田村保乃「有吉ぃぃeeeee!」 http://blog.livedoor.jp/fumichen2/archives/56998210.html 住所: 〒107-0052 東京都港区赤坂8-11-27",
        "sourceLabel": "fumi Diary 2号店",
        "sourceUrl": "http://blog.livedoor.jp/fumichen2/",
        "tags": [
          "テレビ"
        ],
        "images": [
          "https://pub-6d7574c4452b41519ab8adf1541d7f9e.r2.dev/seichi/sakurazaka/3AAjQbR6-HUdhpIKI0p38lgDH-JWqGMOJyYMEhC3_f04cdc91.png"
        ],
        "members": [],
        "source": {
          "provider": "fumi Diary 2号店",
          "url": "http://blog.livedoor.jp/fumichen2/",
          "mapId": "",
          "layer": "テレビ",
          "tags": [
            "テレビ"
          ],
          "name": "乃木神社"
        },
        "classification": {
          "category": "テレビ",
          "subcategory": "テレビ",
          "method": "legacy-import",
          "status": "unreviewed"
        },
        "classificationCandidates": {
          "members": [],
          "projects": [],
          "contentTypes": []
        }
      }
    },
    {
      "type": "Feature",
      "geometry": {
        "type": "Point",
        "coordinates": [
          139.7406321,
          35.6870712
        ]
      },
      "properties": {
        "id": "fumi-1848",
        "name": "プティフ・ア・ラ・カンパーニュ",
        "category": "テレビ",
        "subcategory": "テレビ",
        "categoryColor": "#dc2626",
        "address": "",
        "sceneTitle": "プティフ・ア・ラ・カンパーニュ",
        "sceneNote": "説明: 2022.09.25 櫻坂46 田村保乃「有吉ぃぃeeeee!」 http://blog.livedoor.jp/fumichen2/archives/56998210.html 住所: 〒102-0082 東京都千代田区一番町8-13 日興ロイヤルパレス一番町 1F",
        "sourceLabel": "fumi Diary 2号店",
        "sourceUrl": "http://blog.livedoor.jp/fumichen2/",
        "tags": [
          "テレビ"
        ],
        "images": [
          "https://pub-6d7574c4452b41519ab8adf1541d7f9e.r2.dev/seichi/sakurazaka/3AAjQbR7o_BsKXZFkfUpwsGmNu0-KRrvug5yGbul_004984ba.png",
          "https://pub-6d7574c4452b41519ab8adf1541d7f9e.r2.dev/seichi/sakurazaka/3AAjQbR7WzYHSnm1q_qL2VuHf0DVR-IorKblhAWl_44b8eb9c.png"
        ],
        "members": [],
        "source": {
          "provider": "fumi Diary 2号店",
          "url": "http://blog.livedoor.jp/fumichen2/",
          "mapId": "",
          "layer": "テレビ",
          "tags": [
            "テレビ"
          ],
          "name": "プティフ・ア・ラ・カンパーニュ"
        },
        "classification": {
          "category": "テレビ",
          "subcategory": "テレビ",
          "method": "legacy-import",
          "status": "unreviewed"
        },
        "classificationCandidates": {
          "members": [],
          "projects": [],
          "contentTypes": []
        }
      }
    },
    {
      "type": "Feature",
      "geometry": {
        "type": "Point",
        "coordinates": [
          139.7282031,
          35.6682765
        ]
      },
      "properties": {
        "id": "fumi-1849",
        "name": "乃木會館",
        "category": "テレビ",
        "subcategory": "テレビ",
        "categoryColor": "#dc2626",
        "address": "",
        "sceneTitle": "乃木會館",
        "sceneNote": "説明: 2022.09.25 櫻坂46 田村保乃「有吉ぃぃeeeee!」 http://blog.livedoor.jp/fumichen2/archives/56998210.html 住所: 〒107-0052 東京都港区赤坂8-11-27",
        "sourceLabel": "fumi Diary 2号店",
        "sourceUrl": "http://blog.livedoor.jp/fumichen2/",
        "tags": [
          "テレビ"
        ],
        "images": [
          "https://pub-6d7574c4452b41519ab8adf1541d7f9e.r2.dev/seichi/sakurazaka/3AAjQbR47Dnzg-FMm1oMiKGI5CxAOD64U_l4QnS8_51956ef3.png",
          "https://pub-6d7574c4452b41519ab8adf1541d7f9e.r2.dev/seichi/sakurazaka/3AAjQbR7i24gAm8mYoFjk12AS6xhrgBU9YJCqWjR_dbbc9076.png"
        ],
        "members": [],
        "source": {
          "provider": "fumi Diary 2号店",
          "url": "http://blog.livedoor.jp/fumichen2/",
          "mapId": "",
          "layer": "テレビ",
          "tags": [
            "テレビ"
          ],
          "name": "乃木會館"
        },
        "classification": {
          "category": "テレビ",
          "subcategory": "テレビ",
          "method": "legacy-import",
          "status": "unreviewed"
        },
        "classificationCandidates": {
          "members": [],
          "projects": [],
          "contentTypes": []
        }
      }
    },
    {
      "type": "Feature",
      "geometry": {
        "type": "Point",
        "coordinates": [
          139.7279589,
          35.6381947
        ]
      },
      "properties": {
        "id": "fumi-1850",
        "name": "八芳園",
        "category": "テレビ",
        "subcategory": "テレビ",
        "categoryColor": "#dc2626",
        "address": "",
        "sceneTitle": "八芳園",
        "sceneNote": "説明: 2023.01.29 櫻坂46 田村保乃、守屋麗奈「有吉ぃぃeeeee!」 http://blog.livedoor.jp/fumichen2/archives/57302126.html 住所: 〒108-8631 東京都港区白金台1-1-1",
        "sourceLabel": "fumi Diary 2号店",
        "sourceUrl": "http://blog.livedoor.jp/fumichen2/",
        "tags": [
          "テレビ"
        ],
        "images": [
          "https://pub-6d7574c4452b41519ab8adf1541d7f9e.r2.dev/seichi/sakurazaka/3AAjQbR6I3FychKFArMP7swjTaoOO1oUJ3SkJVa__c88e959f.png"
        ],
        "members": [],
        "source": {
          "provider": "fumi Diary 2号店",
          "url": "http://blog.livedoor.jp/fumichen2/",
          "mapId": "",
          "layer": "テレビ",
          "tags": [
            "テレビ"
          ],
          "name": "八芳園"
        },
        "classification": {
          "category": "テレビ",
          "subcategory": "テレビ",
          "method": "legacy-import",
          "status": "unreviewed"
        },
        "classificationCandidates": {
          "members": [],
          "projects": [],
          "contentTypes": []
        }
      }
    },
    {
      "type": "Feature",
      "geometry": {
        "type": "Point",
        "coordinates": [
          139.722648,
          35.6782941
        ]
      },
      "properties": {
        "id": "fumi-1851",
        "name": "明治記念館 蓬莱の間",
        "category": "テレビ",
        "subcategory": "テレビ",
        "categoryColor": "#dc2626",
        "address": "",
        "sceneTitle": "明治記念館 蓬莱の間",
        "sceneNote": "説明: 2023.04.09 櫻坂46 小林由依、田村保乃「有吉ぃぃeeeee!」 http://blog.livedoor.jp/fumichen2/archives/57471688.html 住所: 〒107-8507 東京都港区元赤坂2-2-23",
        "sourceLabel": "fumi Diary 2号店",
        "sourceUrl": "http://blog.livedoor.jp/fumichen2/",
        "tags": [
          "テレビ"
        ],
        "images": [
          "https://pub-6d7574c4452b41519ab8adf1541d7f9e.r2.dev/seichi/sakurazaka/3AAjQbR5wIr2noaYp6vMAXTgr169n28_OzeOGoE6_cbd951fe.png",
          "https://pub-6d7574c4452b41519ab8adf1541d7f9e.r2.dev/seichi/sakurazaka/3AAjQbR5eCbSfl6APpXazvrHMuuO6tffGWhskQWf_ba8c1a0a.png"
        ],
        "members": [],
        "source": {
          "provider": "fumi Diary 2号店",
          "url": "http://blog.livedoor.jp/fumichen2/",
          "mapId": "",
          "layer": "テレビ",
          "tags": [
            "テレビ"
          ],
          "name": "明治記念館 蓬莱の間"
        },
        "classification": {
          "category": "テレビ",
          "subcategory": "テレビ",
          "method": "legacy-import",
          "status": "unreviewed"
        },
        "classificationCandidates": {
          "members": [],
          "projects": [],
          "contentTypes": []
        }
      }
    },
    {
      "type": "Feature",
      "geometry": {
        "type": "Point",
        "coordinates": [
          139.7190276,
          35.6117
        ]
      },
      "properties": {
        "id": "fumi-1852",
        "name": "spread it",
        "category": "テレビ",
        "subcategory": "テレビ",
        "categoryColor": "#dc2626",
        "address": "",
        "sceneTitle": "spread it",
        "sceneNote": "説明: 2023.04.30 櫻坂46 山﨑天「有吉ぃぃeeeee!」 http://blog.livedoor.jp/fumichen2/archives/57528956.html 住所: 〒142-0041 東京都品川区戸越4-5-11 1F",
        "sourceLabel": "fumi Diary 2号店",
        "sourceUrl": "http://blog.livedoor.jp/fumichen2/",
        "tags": [
          "テレビ"
        ],
        "images": [
          "https://pub-6d7574c4452b41519ab8adf1541d7f9e.r2.dev/seichi/sakurazaka/3AAjQbR7fLmXp5HNxNtwYIkqGOjds72UOqtbTfgi_ce8f937b.png",
          "https://pub-6d7574c4452b41519ab8adf1541d7f9e.r2.dev/seichi/sakurazaka/3AAjQbR7od0McPwvYOb6mi5DZ11D7on_Iv_0ZYEx_fccb3e3b.png"
        ],
        "members": [],
        "source": {
          "provider": "fumi Diary 2号店",
          "url": "http://blog.livedoor.jp/fumichen2/",
          "mapId": "",
          "layer": "テレビ",
          "tags": [
            "テレビ"
          ],
          "name": "spread it"
        },
        "classification": {
          "category": "テレビ",
          "subcategory": "テレビ",
          "method": "legacy-import",
          "status": "unreviewed"
        },
        "classificationCandidates": {
          "members": [],
          "projects": [],
          "contentTypes": []
        }
      }
    },
    {
      "type": "Feature",
      "geometry": {
        "type": "Point",
        "coordinates": [
          139.7188686,
          35.6111467
        ]
      },
      "properties": {
        "id": "fumi-1853",
        "name": "ペドラブランカ",
        "category": "テレビ",
        "subcategory": "テレビ",
        "categoryColor": "#dc2626",
        "address": "",
        "sceneTitle": "ペドラブランカ",
        "sceneNote": "説明: 2023.04.30 櫻坂46 山﨑天「有吉ぃぃeeeee!」 http://blog.livedoor.jp/fumichen2/archives/57528956.html 住所: 〒142-0041 東京都品川区戸越4-8-6",
        "sourceLabel": "fumi Diary 2号店",
        "sourceUrl": "http://blog.livedoor.jp/fumichen2/",
        "tags": [
          "テレビ"
        ],
        "images": [
          "https://pub-6d7574c4452b41519ab8adf1541d7f9e.r2.dev/seichi/sakurazaka/3AAjQbR7UOn0ouJQkS4bPrD-ibDWM3a0hitw1Pig_9b42b024.png"
        ],
        "members": [],
        "source": {
          "provider": "fumi Diary 2号店",
          "url": "http://blog.livedoor.jp/fumichen2/",
          "mapId": "",
          "layer": "テレビ",
          "tags": [
            "テレビ"
          ],
          "name": "ペドラブランカ"
        },
        "classification": {
          "category": "テレビ",
          "subcategory": "テレビ",
          "method": "legacy-import",
          "status": "unreviewed"
        },
        "classificationCandidates": {
          "members": [],
          "projects": [],
          "contentTypes": []
        }
      }
    },
    {
      "type": "Feature",
      "geometry": {
        "type": "Point",
        "coordinates": [
          139.7339301,
          35.6295352
        ]
      },
      "properties": {
        "id": "fumi-1854",
        "name": "グランドプリンスホテル新高輪 3F天平",
        "category": "テレビ",
        "subcategory": "テレビ",
        "categoryColor": "#dc2626",
        "address": "",
        "sceneTitle": "グランドプリンスホテル新高輪 3F天平",
        "sceneNote": "説明: 2023.04.30 櫻坂46 山﨑天「有吉ぃぃeeeee!」 http://blog.livedoor.jp/fumichen2/archives/57528956.html 住所: 〒108-8612 東京都港区高輪3-13-1",
        "sourceLabel": "fumi Diary 2号店",
        "sourceUrl": "http://blog.livedoor.jp/fumichen2/",
        "tags": [
          "テレビ"
        ],
        "images": [
          "https://pub-6d7574c4452b41519ab8adf1541d7f9e.r2.dev/seichi/sakurazaka/3AAjQbR59oo0vIYJYr_Ckkh6W_zELtqhR1M-3KAe_aa12c4c0.png"
        ],
        "members": [],
        "source": {
          "provider": "fumi Diary 2号店",
          "url": "http://blog.livedoor.jp/fumichen2/",
          "mapId": "",
          "layer": "テレビ",
          "tags": [
            "テレビ"
          ],
          "name": "グランドプリンスホテル新高輪 3F天平"
        },
        "classification": {
          "category": "テレビ",
          "subcategory": "テレビ",
          "method": "legacy-import",
          "status": "unreviewed"
        },
        "classificationCandidates": {
          "members": [],
          "projects": [],
          "contentTypes": []
        }
      }
    },
    {
      "type": "Feature",
      "geometry": {
        "type": "Point",
        "coordinates": [
          139.7917536,
          35.7327135
        ]
      },
      "properties": {
        "id": "fumi-1855",
        "name": "喜田家 三ノ輪店",
        "category": "テレビ",
        "subcategory": "テレビ",
        "categoryColor": "#dc2626",
        "address": "",
        "sceneTitle": "喜田家 三ノ輪店",
        "sceneNote": "説明: 2023.07.02 櫻坂46 田村保乃「有吉ぃぃeeeee!」 http://blog.livedoor.jp/fumichen2/archives/57678337.html 住所: 〒116-0003 東京都荒川区南千住1-31-9",
        "sourceLabel": "fumi Diary 2号店",
        "sourceUrl": "http://blog.livedoor.jp/fumichen2/",
        "tags": [
          "テレビ"
        ],
        "images": [
          "https://pub-6d7574c4452b41519ab8adf1541d7f9e.r2.dev/seichi/sakurazaka/3AAjQbR4khiCezIsyCofpz8P-mdYup_XPv9dLcHd_9a718426.png",
          "https://pub-6d7574c4452b41519ab8adf1541d7f9e.r2.dev/seichi/sakurazaka/3AAjQbR6yufhsCZJX9xJE0knDcP2dk2GssyA32jw_67eed369.png"
        ],
        "members": [],
        "source": {
          "provider": "fumi Diary 2号店",
          "url": "http://blog.livedoor.jp/fumichen2/",
          "mapId": "",
          "layer": "テレビ",
          "tags": [
            "テレビ"
          ],
          "name": "喜田家 三ノ輪店"
        },
        "classification": {
          "category": "テレビ",
          "subcategory": "テレビ",
          "method": "legacy-import",
          "status": "unreviewed"
        },
        "classificationCandidates": {
          "members": [],
          "projects": [],
          "contentTypes": []
        }
      }
    },
    {
      "type": "Feature",
      "geometry": {
        "type": "Point",
        "coordinates": [
          139.791204,
          35.7330045
        ]
      },
      "properties": {
        "id": "fumi-1856",
        "name": "オオムラパン",
        "category": "テレビ",
        "subcategory": "テレビ",
        "categoryColor": "#dc2626",
        "address": "",
        "sceneTitle": "オオムラパン",
        "sceneNote": "説明: 2023.07.02 櫻坂46 田村保乃「有吉ぃぃeeeee!」 http://blog.livedoor.jp/fumichen2/archives/57678337.html 住所: 〒116-0003 東京都荒川区南千住1-29-6",
        "sourceLabel": "fumi Diary 2号店",
        "sourceUrl": "http://blog.livedoor.jp/fumichen2/",
        "tags": [
          "テレビ"
        ],
        "images": [
          "https://pub-6d7574c4452b41519ab8adf1541d7f9e.r2.dev/seichi/sakurazaka/3AAjQbR60CGTV7c1n_3CfGXuqITa6WA9eOVt0aki_18ac5c80.png"
        ],
        "members": [],
        "source": {
          "provider": "fumi Diary 2号店",
          "url": "http://blog.livedoor.jp/fumichen2/",
          "mapId": "",
          "layer": "テレビ",
          "tags": [
            "テレビ"
          ],
          "name": "オオムラパン"
        },
        "classification": {
          "category": "テレビ",
          "subcategory": "テレビ",
          "method": "legacy-import",
          "status": "unreviewed"
        },
        "classificationCandidates": {
          "members": [],
          "projects": [],
          "contentTypes": []
        }
      }
    },
    {
      "type": "Feature",
      "geometry": {
        "type": "Point",
        "coordinates": [
          139.7918707,
          35.715464
        ]
      },
      "properties": {
        "id": "fumi-1857",
        "name": "浅草ビューホテル",
        "category": "テレビ",
        "subcategory": "テレビ",
        "categoryColor": "#dc2626",
        "address": "",
        "sceneTitle": "浅草ビューホテル",
        "sceneNote": "説明: 2023.07.02 櫻坂46 田村保乃「有吉ぃぃeeeee!」 http://blog.livedoor.jp/fumichen2/archives/57678337.html 住所: 〒111-8765 東京都台東区西浅草3-17-1",
        "sourceLabel": "fumi Diary 2号店",
        "sourceUrl": "http://blog.livedoor.jp/fumichen2/",
        "tags": [
          "テレビ"
        ],
        "images": [
          "https://pub-6d7574c4452b41519ab8adf1541d7f9e.r2.dev/seichi/sakurazaka/3AAjQbR5rcDtb9mZapx-8xvHoi1rR3szjJ2FwORM_cf5f175f.png",
          "https://pub-6d7574c4452b41519ab8adf1541d7f9e.r2.dev/seichi/sakurazaka/3AAjQbR6TnL9naxuhRoKXlCSy-9wVNYSql-zm5eX_42b8964f.png",
          "https://pub-6d7574c4452b41519ab8adf1541d7f9e.r2.dev/seichi/sakurazaka/3AAjQbR4TnDFgCgnU_MaKi0B8dYtZ63pIbJkm-tv_cf568a8a.png",
          "https://pub-6d7574c4452b41519ab8adf1541d7f9e.r2.dev/seichi/sakurazaka/3AAjQbR76-iaAlkusB3KKNwmAm8CbgAN9W__PqEB_64e94625.png"
        ],
        "members": [],
        "source": {
          "provider": "fumi Diary 2号店",
          "url": "http://blog.livedoor.jp/fumichen2/",
          "mapId": "",
          "layer": "テレビ",
          "tags": [
            "テレビ"
          ],
          "name": "浅草ビューホテル"
        },
        "classification": {
          "category": "テレビ",
          "subcategory": "テレビ",
          "method": "legacy-import",
          "status": "unreviewed"
        },
        "classificationCandidates": {
          "members": [],
          "projects": [],
          "contentTypes": []
        }
      }
    },
    {
      "type": "Feature",
      "geometry": {
        "type": "Point",
        "coordinates": [
          139.7335735,
          35.6627616
        ]
      },
      "properties": {
        "id": "fumi-1858",
        "name": "Mamo Turkish RESTAURANT & BAR",
        "category": "テレビ",
        "subcategory": "テレビ",
        "categoryColor": "#dc2626",
        "address": "",
        "sceneTitle": "Mamo Turkish RESTAURANT & BAR",
        "sceneNote": "説明: 2023.11.26 櫻坂46 田村保乃「有吉ぃぃeeeee!」 http://blog.livedoor.jp/fumichen2/archives/57995295.html 住所: 〒106-0032 東京都港区六本木3-13-10 北麻布六本木ビルディング 1F・2F",
        "sourceLabel": "fumi Diary 2号店",
        "sourceUrl": "http://blog.livedoor.jp/fumichen2/",
        "tags": [
          "テレビ"
        ],
        "images": [
          "https://pub-6d7574c4452b41519ab8adf1541d7f9e.r2.dev/seichi/sakurazaka/3AAjQbR7SEbr4tmc7vTUOCYo570b-q5Nrf-TdMAd_458c9822.png",
          "https://pub-6d7574c4452b41519ab8adf1541d7f9e.r2.dev/seichi/sakurazaka/3AAjQbR7XXmdVEWLPg22QKq9zL3k0aD7j34E14CM_ce8b6793.png"
        ],
        "members": [],
        "source": {
          "provider": "fumi Diary 2号店",
          "url": "http://blog.livedoor.jp/fumichen2/",
          "mapId": "",
          "layer": "テレビ",
          "tags": [
            "テレビ"
          ],
          "name": "Mamo Turkish RESTAURANT & BAR"
        },
        "classification": {
          "category": "テレビ",
          "subcategory": "テレビ",
          "method": "legacy-import",
          "status": "unreviewed"
        },
        "classificationCandidates": {
          "members": [],
          "projects": [],
          "contentTypes": []
        }
      }
    },
    {
      "type": "Feature",
      "geometry": {
        "type": "Point",
        "coordinates": [
          139.7338987,
          35.6804926
        ]
      },
      "properties": {
        "id": "fumi-1859",
        "name": "ホテルニューオータニ",
        "category": "テレビ",
        "subcategory": "テレビ",
        "categoryColor": "#dc2626",
        "address": "",
        "sceneTitle": "ホテルニューオータニ",
        "sceneNote": "説明: 2023.11.26 櫻坂46 田村保乃「有吉ぃぃeeeee!」 ACER http://blog.livedoor.jp/fumichen2/archives/57995295.html 2024.06.02 櫻坂46 中嶋優月「有吉ぃぃeeeee!」おり鶴 麗の間 http://blog.livedoor.jp/fumichen2/archives/58497390.html 住所: 〒102-8578 東京都千代田区紀尾井町4-1",
        "sourceLabel": "fumi Diary 2号店",
        "sourceUrl": "http://blog.livedoor.jp/fumichen2/",
        "tags": [
          "テレビ"
        ],
        "images": [
          "https://pub-6d7574c4452b41519ab8adf1541d7f9e.r2.dev/seichi/sakurazaka/3AAjQbR7C-A7mhhy9zdJxc-rF9_dy-Ma8c83iJrn_59a74651.png",
          "https://pub-6d7574c4452b41519ab8adf1541d7f9e.r2.dev/seichi/sakurazaka/3AAjQbR6TKeCHszO1rR3jmwWpa3GpeeeeFBb-_n8_635d7679.png"
        ],
        "members": [],
        "source": {
          "provider": "fumi Diary 2号店",
          "url": "http://blog.livedoor.jp/fumichen2/",
          "mapId": "",
          "layer": "テレビ",
          "tags": [
            "テレビ"
          ],
          "name": "ホテルニューオータニ"
        },
        "classification": {
          "category": "テレビ",
          "subcategory": "テレビ",
          "method": "legacy-import",
          "status": "unreviewed"
        },
        "classificationCandidates": {
          "members": [],
          "projects": [],
          "contentTypes": []
        }
      }
    },
    {
      "type": "Feature",
      "geometry": {
        "type": "Point",
        "coordinates": [
          139.7356747,
          35.6761425
        ]
      },
      "properties": {
        "id": "fumi-1860",
        "name": "前田食堂",
        "category": "テレビ",
        "subcategory": "テレビ",
        "categoryColor": "#dc2626",
        "address": "",
        "sceneTitle": "前田食堂",
        "sceneNote": "説明: 2024.02.18 櫻坂46 中嶋優月「有吉ぃぃeeeee!」 http://blog.livedoor.jp/fumichen2/archives/58184345.html 住所: 〒107-0052 東京都港区赤坂4-2-2 赤坂DNプラザビル 1F",
        "sourceLabel": "fumi Diary 2号店",
        "sourceUrl": "http://blog.livedoor.jp/fumichen2/",
        "tags": [
          "テレビ"
        ],
        "images": [
          "https://pub-6d7574c4452b41519ab8adf1541d7f9e.r2.dev/seichi/sakurazaka/3AAjQbR42XSE2aZqIFywwMpLWhu2UAj3CmDRgVOz_7e565305.png",
          "https://pub-6d7574c4452b41519ab8adf1541d7f9e.r2.dev/seichi/sakurazaka/3AAjQbR7N2XaiWD2-JeFmnIl5E-l_Gxxq58pwcXf_83b440f2.png",
          "https://pub-6d7574c4452b41519ab8adf1541d7f9e.r2.dev/seichi/sakurazaka/3AAjQbR7JkjyjYNMC6atvVH3QaLI0FZC8w1yebnI_9be78a3e.png"
        ],
        "members": [],
        "source": {
          "provider": "fumi Diary 2号店",
          "url": "http://blog.livedoor.jp/fumichen2/",
          "mapId": "",
          "layer": "テレビ",
          "tags": [
            "テレビ"
          ],
          "name": "前田食堂"
        },
        "classification": {
          "category": "テレビ",
          "subcategory": "テレビ",
          "method": "legacy-import",
          "status": "unreviewed"
        },
        "classificationCandidates": {
          "members": [],
          "projects": [],
          "contentTypes": []
        }
      }
    },
    {
      "type": "Feature",
      "geometry": {
        "type": "Point",
        "coordinates": [
          130.4204417,
          33.5909167
        ]
      },
      "properties": {
        "id": "fumi-1861",
        "name": "オスピターレ",
        "category": "テレビ",
        "subcategory": "テレビ",
        "categoryColor": "#dc2626",
        "address": "",
        "sceneTitle": "オスピターレ",
        "sceneNote": "説明: 2024.02.18「有吉ぃぃeeeee!」 櫻坂46 中嶋優月の差し入れ http://blog.livedoor.jp/fumichen2/archives/58184345.html 住所: 〒812-0012 福岡県福岡市博多区博多駅中央街1-1 JR博多駅1F マイング横丁内",
        "sourceLabel": "fumi Diary 2号店",
        "sourceUrl": "http://blog.livedoor.jp/fumichen2/",
        "tags": [
          "テレビ"
        ],
        "images": [
          "https://pub-6d7574c4452b41519ab8adf1541d7f9e.r2.dev/seichi/sakurazaka/3AAjQbR42T6t97q526pLlaiLP-ABwBWHqmhFy9jj_6aea0703.png",
          "https://pub-6d7574c4452b41519ab8adf1541d7f9e.r2.dev/seichi/sakurazaka/3AAjQbR6ZxlbfUnFr20uu_OE9NJCnmDiz77OvDr9_b5647226.png",
          "https://pub-6d7574c4452b41519ab8adf1541d7f9e.r2.dev/seichi/sakurazaka/3AAjQbR4bBDmuwQgDpL9JetZC4fKhe4N_1zlo-eR_e2562e81.png"
        ],
        "members": [],
        "source": {
          "provider": "fumi Diary 2号店",
          "url": "http://blog.livedoor.jp/fumichen2/",
          "mapId": "",
          "layer": "テレビ",
          "tags": [
            "テレビ"
          ],
          "name": "オスピターレ"
        },
        "classification": {
          "category": "テレビ",
          "subcategory": "テレビ",
          "method": "legacy-import",
          "status": "unreviewed"
        },
        "classificationCandidates": {
          "members": [],
          "projects": [],
          "contentTypes": []
        }
      }
    },
    {
      "type": "Feature",
      "geometry": {
        "type": "Point",
        "coordinates": [
          139.7211375,
          35.6262983
        ]
      },
      "properties": {
        "id": "fumi-1862",
        "name": "鉄板バル チェローナ",
        "category": "テレビ",
        "subcategory": "テレビ",
        "categoryColor": "#dc2626",
        "address": "",
        "sceneTitle": "鉄板バル チェローナ",
        "sceneNote": "説明: 2024.05.05 櫻坂46 田村保乃「有吉ぃぃeeeee!」 http://blog.livedoor.jp/fumichen2/archives/58356643.html 住所: 〒141-0031 東京都品川区西五反田2-17-8 1F",
        "sourceLabel": "fumi Diary 2号店",
        "sourceUrl": "http://blog.livedoor.jp/fumichen2/",
        "tags": [
          "テレビ"
        ],
        "images": [
          "https://pub-6d7574c4452b41519ab8adf1541d7f9e.r2.dev/seichi/sakurazaka/3AAjQbR5wED-AAA27w9rZi9A53QVS66wzps7uTuV_50cf4402.png",
          "https://pub-6d7574c4452b41519ab8adf1541d7f9e.r2.dev/seichi/sakurazaka/3AAjQbR7mL2gXSrkubmoVs4ZQ1llDtS_6bvft9Sx_a3df66a0.png",
          "https://pub-6d7574c4452b41519ab8adf1541d7f9e.r2.dev/seichi/sakurazaka/3AAjQbR75VTI9NQ4yr7WR6_lfbTSIBng1V_SzXI__90d7a4c9.png",
          "https://pub-6d7574c4452b41519ab8adf1541d7f9e.r2.dev/seichi/sakurazaka/3AAjQbR7GauEd8RAa4Z6OyLH0CU5nf6e7Jx2yf_K_876e69a7.png"
        ],
        "members": [],
        "source": {
          "provider": "fumi Diary 2号店",
          "url": "http://blog.livedoor.jp/fumichen2/",
          "mapId": "",
          "layer": "テレビ",
          "tags": [
            "テレビ"
          ],
          "name": "鉄板バル チェローナ"
        },
        "classification": {
          "category": "テレビ",
          "subcategory": "テレビ",
          "method": "legacy-import",
          "status": "unreviewed"
        },
        "classificationCandidates": {
          "members": [],
          "projects": [],
          "contentTypes": []
        }
      }
    },
    {
      "type": "Feature",
      "geometry": {
        "type": "Point",
        "coordinates": [
          139.7363393,
          35.6544235
        ]
      },
      "properties": {
        "id": "fumi-1863",
        "name": "麻布いちまる",
        "category": "テレビ",
        "subcategory": "テレビ",
        "categoryColor": "#dc2626",
        "address": "",
        "sceneTitle": "麻布いちまる",
        "sceneNote": "説明: 2024.05.12 櫻坂46 田村保乃「有吉ぃぃeeeee!」 http://blog.livedoor.jp/fumichen2/archives/58392568.html 住所: 〒106-0045 東京都港区麻布十番2-21-14 LM麻布コート201",
        "sourceLabel": "fumi Diary 2号店",
        "sourceUrl": "http://blog.livedoor.jp/fumichen2/",
        "tags": [
          "テレビ"
        ],
        "images": [
          "https://pub-6d7574c4452b41519ab8adf1541d7f9e.r2.dev/seichi/sakurazaka/3AAjQbR6BoW2jaFQ8vBVq9HSal93XqVF3Fbx1us__96af71a8.png"
        ],
        "members": [],
        "source": {
          "provider": "fumi Diary 2号店",
          "url": "http://blog.livedoor.jp/fumichen2/",
          "mapId": "",
          "layer": "テレビ",
          "tags": [
            "テレビ"
          ],
          "name": "麻布いちまる"
        },
        "classification": {
          "category": "テレビ",
          "subcategory": "テレビ",
          "method": "legacy-import",
          "status": "unreviewed"
        },
        "classificationCandidates": {
          "members": [],
          "projects": [],
          "contentTypes": []
        }
      }
    },
    {
      "type": "Feature",
      "geometry": {
        "type": "Point",
        "coordinates": [
          139.7369243,
          35.6861406
        ]
      },
      "properties": {
        "id": "fumi-1864",
        "name": "AJANTA",
        "category": "テレビ",
        "subcategory": "テレビ",
        "categoryColor": "#dc2626",
        "address": "",
        "sceneTitle": "AJANTA",
        "sceneNote": "説明: 2024.06.02 櫻坂46 中嶋優月「有吉ぃぃeeeee!」 http://blog.livedoor.jp/fumichen2/archives/58497390.html 住所: 〒102-0084 東京都千代田区二番町3-11 Vort二番町",
        "sourceLabel": "fumi Diary 2号店",
        "sourceUrl": "http://blog.livedoor.jp/fumichen2/",
        "tags": [
          "テレビ"
        ],
        "images": [
          "https://pub-6d7574c4452b41519ab8adf1541d7f9e.r2.dev/seichi/sakurazaka/3AAjQbR7K1BIfO4fZC0FugsJzO0-VxO3oYjnsFmI_72f0df95.png",
          "https://pub-6d7574c4452b41519ab8adf1541d7f9e.r2.dev/seichi/sakurazaka/3AAjQbR4mk-s8n1f42eEIBlJA2GTJVq7Vya_M_nj_37cfa9b0.png",
          "https://pub-6d7574c4452b41519ab8adf1541d7f9e.r2.dev/seichi/sakurazaka/3AAjQbR77ziNGfrzhACoPJvr8KyEO-wljt6I3oXt_cefbdb33.png"
        ],
        "members": [],
        "source": {
          "provider": "fumi Diary 2号店",
          "url": "http://blog.livedoor.jp/fumichen2/",
          "mapId": "",
          "layer": "テレビ",
          "tags": [
            "テレビ"
          ],
          "name": "AJANTA"
        },
        "classification": {
          "category": "テレビ",
          "subcategory": "テレビ",
          "method": "legacy-import",
          "status": "unreviewed"
        },
        "classificationCandidates": {
          "members": [],
          "projects": [],
          "contentTypes": []
        }
      }
    },
    {
      "type": "Feature",
      "geometry": {
        "type": "Point",
        "coordinates": [
          139.7438937,
          35.6622437
        ]
      },
      "properties": {
        "id": "fumi-1865",
        "name": "Minimal The Specialty 麻布台ヒルズ",
        "category": "テレビ",
        "subcategory": "テレビ",
        "categoryColor": "#dc2626",
        "address": "",
        "sceneTitle": "Minimal The Specialty 麻布台ヒルズ",
        "sceneNote": "説明: 2024.06.30 櫻坂46 守屋麗奈「有吉ぃぃeeeee!」 http://blog.livedoor.jp/fumichen2/archives/58499744.html 住所: 〒105-0001 東京都港区虎ノ門5-8-1 麻布台ヒルズ ガーデンプラザA 2F",
        "sourceLabel": "fumi Diary 2号店",
        "sourceUrl": "http://blog.livedoor.jp/fumichen2/",
        "tags": [
          "テレビ"
        ],
        "images": [
          "https://pub-6d7574c4452b41519ab8adf1541d7f9e.r2.dev/seichi/sakurazaka/3AAjQbR6xhvU8ZMyCKtDdCCN36iRVwqsDl9NQTJz_4b4cdfd9.png",
          "https://pub-6d7574c4452b41519ab8adf1541d7f9e.r2.dev/seichi/sakurazaka/3AAjQbR55h4SOrUWnR5HS7z_zWzGw_phYE0tbPoB_9397438e.png"
        ],
        "members": [],
        "source": {
          "provider": "fumi Diary 2号店",
          "url": "http://blog.livedoor.jp/fumichen2/",
          "mapId": "",
          "layer": "テレビ",
          "tags": [
            "テレビ"
          ],
          "name": "Minimal The Specialty 麻布台ヒルズ"
        },
        "classification": {
          "category": "テレビ",
          "subcategory": "テレビ",
          "method": "legacy-import",
          "status": "unreviewed"
        },
        "classificationCandidates": {
          "members": [],
          "projects": [],
          "contentTypes": []
        }
      }
    },
    {
      "type": "Feature",
      "geometry": {
        "type": "Point",
        "coordinates": [
          139.7440977,
          35.6625852
        ]
      },
      "properties": {
        "id": "fumi-1866",
        "name": "名古屋コーチン弌鳥 虎ノ門",
        "category": "テレビ",
        "subcategory": "テレビ",
        "categoryColor": "#dc2626",
        "address": "",
        "sceneTitle": "名古屋コーチン弌鳥 虎ノ門",
        "sceneNote": "説明: 2024.06.30 櫻坂46 守屋麗奈「有吉ぃぃeeeee!」 http://blog.livedoor.jp/fumichen2/archives/58499744.html 住所: 〒105-0001 東京都港区虎ノ門5-3-3 神谷町プレイス 2階",
        "sourceLabel": "fumi Diary 2号店",
        "sourceUrl": "http://blog.livedoor.jp/fumichen2/",
        "tags": [
          "テレビ"
        ],
        "images": [
          "https://pub-6d7574c4452b41519ab8adf1541d7f9e.r2.dev/seichi/sakurazaka/3AAjQbR4A2I6yQ9coMGb5lzlfMJKArkPgQCjzoOJ_d1e709a5.png",
          "https://pub-6d7574c4452b41519ab8adf1541d7f9e.r2.dev/seichi/sakurazaka/3AAjQbR6y5KgFUaK-LHyAAZHIxXZSOmUO7mdmmJF_0349128f.png",
          "https://pub-6d7574c4452b41519ab8adf1541d7f9e.r2.dev/seichi/sakurazaka/3AAjQbR4jcmVkI4IH6mfMhtMsPhdRQ1xDRVlSKfF_c8328a14.png"
        ],
        "members": [],
        "source": {
          "provider": "fumi Diary 2号店",
          "url": "http://blog.livedoor.jp/fumichen2/",
          "mapId": "",
          "layer": "テレビ",
          "tags": [
            "テレビ"
          ],
          "name": "名古屋コーチン弌鳥 虎ノ門"
        },
        "classification": {
          "category": "テレビ",
          "subcategory": "テレビ",
          "method": "legacy-import",
          "status": "unreviewed"
        },
        "classificationCandidates": {
          "members": [],
          "projects": [],
          "contentTypes": []
        }
      }
    }
  ]
}
