{
  "type": "FeatureCollection",
  "features": [
    {
      "type": "Feature",
      "geometry": {
        "type": "Point",
        "coordinates": [
          139.78866,
          35.673481
        ]
      },
      "properties": {
        "id": "tokyo10-1",
        "name": "大島川水門テラス",
        "category": "東京10社めぐり",
        "subcategory": "的野美青・山下瞳月",
        "categoryColor": "#f59e0b",
        "address": "",
        "sceneTitle": "大島川水門テラス",
        "sceneNote": "",
        "sourceLabel": "fumi Diary 2号店 (東京10社めぐりマップ)",
        "sourceUrl": "https://www.google.com/maps/d/viewer?mid=1EOjvzb1kdZoT-4NoJnzMx1_b6dR_UoM",
        "tags": [
          "東京10社",
          "的野美青",
          "山下瞳月",
          "神社"
        ],
        "images": [
          "https://pub-6d7574c4452b41519ab8adf1541d7f9e.r2.dev/seichi/tokyo10sha/3AAjQbR40sfiqgfqg22acbt-66LRbyHgWSAJaAmN_7cb21d2e.png",
          "https://pub-6d7574c4452b41519ab8adf1541d7f9e.r2.dev/seichi/tokyo10sha/3AAjQbR5F8O1LhiRGHYdo_SfOS7hHepqVV5wlTMR_9e289266.png"
        ],
        "members": [
          "的野美青",
          "山下瞳月"
        ],
        "source": {
          "provider": "fumi Diary 2号店 (東京10社めぐりマップ)",
          "url": "https://www.google.com/maps/d/viewer?mid=1EOjvzb1kdZoT-4NoJnzMx1_b6dR_UoM",
          "mapId": "",
          "layer": "東京10社めぐり",
          "tags": [
            "東京10社",
            "的野美青",
            "山下瞳月",
            "神社"
          ],
          "name": "大島川水門テラス"
        },
        "classification": {
          "category": "東京10社めぐり",
          "subcategory": "的野美青・山下瞳月",
          "method": "legacy-import",
          "status": "unreviewed"
        },
        "classificationCandidates": {
          "members": [],
          "projects": [],
          "contentTypes": []
        }
      }
    },
    {
      "type": "Feature",
      "geometry": {
        "type": "Point",
        "coordinates": [
          139.7887642,
          35.6738787
        ]
      },
      "properties": {
        "id": "tokyo10-2",
        "name": "永代公園南側",
        "category": "東京10社めぐり",
        "subcategory": "的野美青・山下瞳月",
        "categoryColor": "#f59e0b",
        "address": "",
        "sceneTitle": "永代公園南側",
        "sceneNote": "",
        "sourceLabel": "fumi Diary 2号店 (東京10社めぐりマップ)",
        "sourceUrl": "https://www.google.com/maps/d/viewer?mid=1EOjvzb1kdZoT-4NoJnzMx1_b6dR_UoM",
        "tags": [
          "東京10社",
          "的野美青",
          "山下瞳月",
          "神社"
        ],
        "images": [
          "https://pub-6d7574c4452b41519ab8adf1541d7f9e.r2.dev/seichi/tokyo10sha/3AAjQbR5tsrPytxtYtOrL9V9tRQqx1s3sxk-JqS__aedd4b78.png"
        ],
        "members": [
          "的野美青",
          "山下瞳月"
        ],
        "source": {
          "provider": "fumi Diary 2号店 (東京10社めぐりマップ)",
          "url": "https://www.google.com/maps/d/viewer?mid=1EOjvzb1kdZoT-4NoJnzMx1_b6dR_UoM",
          "mapId": "",
          "layer": "東京10社めぐり",
          "tags": [
            "東京10社",
            "的野美青",
            "山下瞳月",
            "神社"
          ],
          "name": "永代公園南側"
        },
        "classification": {
          "category": "東京10社めぐり",
          "subcategory": "的野美青・山下瞳月",
          "method": "legacy-import",
          "status": "unreviewed"
        },
        "classificationCandidates": {
          "members": [],
          "projects": [],
          "contentTypes": []
        }
      }
    },
    {
      "type": "Feature",
      "geometry": {
        "type": "Point",
        "coordinates": [
          139.7890625,
          35.6736417
        ]
      },
      "properties": {
        "id": "tokyo10-3",
        "name": "永代河岸通り",
        "category": "東京10社めぐり",
        "subcategory": "的野美青・山下瞳月",
        "categoryColor": "#f59e0b",
        "address": "",
        "sceneTitle": "永代河岸通り",
        "sceneNote": "",
        "sourceLabel": "fumi Diary 2号店 (東京10社めぐりマップ)",
        "sourceUrl": "https://www.google.com/maps/d/viewer?mid=1EOjvzb1kdZoT-4NoJnzMx1_b6dR_UoM",
        "tags": [
          "東京10社",
          "的野美青",
          "山下瞳月",
          "神社"
        ],
        "images": [
          "https://pub-6d7574c4452b41519ab8adf1541d7f9e.r2.dev/seichi/tokyo10sha/3AAjQbR5r8bNbX94l40C0rW4-0kmsGwgsIR-_HKh_0d3fe7f6.png"
        ],
        "members": [
          "的野美青",
          "山下瞳月"
        ],
        "source": {
          "provider": "fumi Diary 2号店 (東京10社めぐりマップ)",
          "url": "https://www.google.com/maps/d/viewer?mid=1EOjvzb1kdZoT-4NoJnzMx1_b6dR_UoM",
          "mapId": "",
          "layer": "東京10社めぐり",
          "tags": [
            "東京10社",
            "的野美青",
            "山下瞳月",
            "神社"
          ],
          "name": "永代河岸通り"
        },
        "classification": {
          "category": "東京10社めぐり",
          "subcategory": "的野美青・山下瞳月",
          "method": "legacy-import",
          "status": "unreviewed"
        },
        "classificationCandidates": {
          "members": [],
          "projects": [],
          "contentTypes": []
        }
      }
    },
    {
      "type": "Feature",
      "geometry": {
        "type": "Point",
        "coordinates": [
          139.7893978,
          35.6732413
        ]
      },
      "properties": {
        "id": "tokyo10-4",
        "name": "あみ亀",
        "category": "東京10社めぐり",
        "subcategory": "的野美青・山下瞳月",
        "categoryColor": "#f59e0b",
        "address": "",
        "sceneTitle": "あみ亀",
        "sceneNote": "開始早々、道を間違いました。",
        "sourceLabel": "fumi Diary 2号店 (東京10社めぐりマップ)",
        "sourceUrl": "https://www.google.com/maps/d/viewer?mid=1EOjvzb1kdZoT-4NoJnzMx1_b6dR_UoM",
        "tags": [
          "東京10社",
          "的野美青",
          "山下瞳月",
          "神社"
        ],
        "images": [
          "https://pub-6d7574c4452b41519ab8adf1541d7f9e.r2.dev/seichi/tokyo10sha/3AAjQbR7zoryCwl-5QkPpb7HXTsur6Boyn1rTfNk_d2821df1.png"
        ],
        "members": [
          "的野美青",
          "山下瞳月"
        ],
        "source": {
          "provider": "fumi Diary 2号店 (東京10社めぐりマップ)",
          "url": "https://www.google.com/maps/d/viewer?mid=1EOjvzb1kdZoT-4NoJnzMx1_b6dR_UoM",
          "mapId": "",
          "layer": "東京10社めぐり",
          "tags": [
            "東京10社",
            "的野美青",
            "山下瞳月",
            "神社"
          ],
          "name": "あみ亀"
        },
        "classification": {
          "category": "東京10社めぐり",
          "subcategory": "的野美青・山下瞳月",
          "method": "legacy-import",
          "status": "unreviewed"
        },
        "classificationCandidates": {
          "members": [],
          "projects": [],
          "contentTypes": []
        }
      }
    },
    {
      "type": "Feature",
      "geometry": {
        "type": "Point",
        "coordinates": [
          139.7904307,
          35.6723865
        ]
      },
      "properties": {
        "id": "tokyo10-5",
        "name": "大島川児童遊園",
        "category": "東京10社めぐり",
        "subcategory": "的野美青・山下瞳月",
        "categoryColor": "#f59e0b",
        "address": "",
        "sceneTitle": "大島川児童遊園",
        "sceneNote": "",
        "sourceLabel": "fumi Diary 2号店 (東京10社めぐりマップ)",
        "sourceUrl": "https://www.google.com/maps/d/viewer?mid=1EOjvzb1kdZoT-4NoJnzMx1_b6dR_UoM",
        "tags": [
          "東京10社",
          "的野美青",
          "山下瞳月",
          "神社"
        ],
        "images": [
          "https://pub-6d7574c4452b41519ab8adf1541d7f9e.r2.dev/seichi/tokyo10sha/3AAjQbR4nd5ktj6z7YaeUtYK_qXmPJMZvoygDPiE_f6a1e9e6.png"
        ],
        "members": [
          "的野美青",
          "山下瞳月"
        ],
        "source": {
          "provider": "fumi Diary 2号店 (東京10社めぐりマップ)",
          "url": "https://www.google.com/maps/d/viewer?mid=1EOjvzb1kdZoT-4NoJnzMx1_b6dR_UoM",
          "mapId": "",
          "layer": "東京10社めぐり",
          "tags": [
            "東京10社",
            "的野美青",
            "山下瞳月",
            "神社"
          ],
          "name": "大島川児童遊園"
        },
        "classification": {
          "category": "東京10社めぐり",
          "subcategory": "的野美青・山下瞳月",
          "method": "legacy-import",
          "status": "unreviewed"
        },
        "classificationCandidates": {
          "members": [],
          "projects": [],
          "contentTypes": []
        }
      }
    },
    {
      "type": "Feature",
      "geometry": {
        "type": "Point",
        "coordinates": [
          139.792036,
          35.67166
        ]
      },
      "properties": {
        "id": "tokyo10-6",
        "name": "永代河岸通り",
        "category": "東京10社めぐり",
        "subcategory": "的野美青・山下瞳月",
        "categoryColor": "#f59e0b",
        "address": "",
        "sceneTitle": "永代河岸通り",
        "sceneNote": "",
        "sourceLabel": "fumi Diary 2号店 (東京10社めぐりマップ)",
        "sourceUrl": "https://www.google.com/maps/d/viewer?mid=1EOjvzb1kdZoT-4NoJnzMx1_b6dR_UoM",
        "tags": [
          "東京10社",
          "的野美青",
          "山下瞳月",
          "神社"
        ],
        "images": [
          "https://pub-6d7574c4452b41519ab8adf1541d7f9e.r2.dev/seichi/tokyo10sha/3AAjQbR4O03wRDtnZoMZ7NwQt9mYbzXZBP2nmipv_56945160.png"
        ],
        "members": [
          "的野美青",
          "山下瞳月"
        ],
        "source": {
          "provider": "fumi Diary 2号店 (東京10社めぐりマップ)",
          "url": "https://www.google.com/maps/d/viewer?mid=1EOjvzb1kdZoT-4NoJnzMx1_b6dR_UoM",
          "mapId": "",
          "layer": "東京10社めぐり",
          "tags": [
            "東京10社",
            "的野美青",
            "山下瞳月",
            "神社"
          ],
          "name": "永代河岸通り"
        },
        "classification": {
          "category": "東京10社めぐり",
          "subcategory": "的野美青・山下瞳月",
          "method": "legacy-import",
          "status": "unreviewed"
        },
        "classificationCandidates": {
          "members": [],
          "projects": [],
          "contentTypes": []
        }
      }
    },
    {
      "type": "Feature",
      "geometry": {
        "type": "Point",
        "coordinates": [
          139.7945685,
          35.6723266
        ]
      },
      "properties": {
        "id": "tokyo10-7",
        "name": "門前仲町交差点 / 門前仲町駅4番出口",
        "category": "東京10社めぐり",
        "subcategory": "的野美青・山下瞳月",
        "categoryColor": "#f59e0b",
        "address": "",
        "sceneTitle": "門前仲町交差点 / 門前仲町駅4番出口",
        "sceneNote": "",
        "sourceLabel": "fumi Diary 2号店 (東京10社めぐりマップ)",
        "sourceUrl": "https://www.google.com/maps/d/viewer?mid=1EOjvzb1kdZoT-4NoJnzMx1_b6dR_UoM",
        "tags": [
          "東京10社",
          "的野美青",
          "山下瞳月",
          "神社"
        ],
        "images": [
          "https://pub-6d7574c4452b41519ab8adf1541d7f9e.r2.dev/seichi/tokyo10sha/3AAjQbR6ijkgvcvkramPAkgXOdujPiIQsBeSNNAE_4dde1b4b.png"
        ],
        "members": [
          "的野美青",
          "山下瞳月"
        ],
        "source": {
          "provider": "fumi Diary 2号店 (東京10社めぐりマップ)",
          "url": "https://www.google.com/maps/d/viewer?mid=1EOjvzb1kdZoT-4NoJnzMx1_b6dR_UoM",
          "mapId": "",
          "layer": "東京10社めぐり",
          "tags": [
            "東京10社",
            "的野美青",
            "山下瞳月",
            "神社"
          ],
          "name": "門前仲町交差点 / 門前仲町駅4番出口"
        },
        "classification": {
          "category": "東京10社めぐり",
          "subcategory": "的野美青・山下瞳月",
          "method": "legacy-import",
          "status": "unreviewed"
        },
        "classificationCandidates": {
          "members": [],
          "projects": [],
          "contentTypes": []
        }
      }
    },
    {
      "type": "Feature",
      "geometry": {
        "type": "Point",
        "coordinates": [
          139.797826,
          35.6712573
        ]
      },
      "properties": {
        "id": "tokyo10-8",
        "name": "永代通り",
        "category": "東京10社めぐり",
        "subcategory": "的野美青・山下瞳月",
        "categoryColor": "#f59e0b",
        "address": "",
        "sceneTitle": "永代通り",
        "sceneNote": "",
        "sourceLabel": "fumi Diary 2号店 (東京10社めぐりマップ)",
        "sourceUrl": "https://www.google.com/maps/d/viewer?mid=1EOjvzb1kdZoT-4NoJnzMx1_b6dR_UoM",
        "tags": [
          "東京10社",
          "的野美青",
          "山下瞳月",
          "神社"
        ],
        "images": [
          "https://pub-6d7574c4452b41519ab8adf1541d7f9e.r2.dev/seichi/tokyo10sha/3AAjQbR7MCvWV2tj1kXLH7e_xmE-oCFisKnQgr5U_5f3ff63c.png"
        ],
        "members": [
          "的野美青",
          "山下瞳月"
        ],
        "source": {
          "provider": "fumi Diary 2号店 (東京10社めぐりマップ)",
          "url": "https://www.google.com/maps/d/viewer?mid=1EOjvzb1kdZoT-4NoJnzMx1_b6dR_UoM",
          "mapId": "",
          "layer": "東京10社めぐり",
          "tags": [
            "東京10社",
            "的野美青",
            "山下瞳月",
            "神社"
          ],
          "name": "永代通り"
        },
        "classification": {
          "category": "東京10社めぐり",
          "subcategory": "的野美青・山下瞳月",
          "method": "legacy-import",
          "status": "unreviewed"
        },
        "classificationCandidates": {
          "members": [],
          "projects": [],
          "contentTypes": []
        }
      }
    },
    {
      "type": "Feature",
      "geometry": {
        "type": "Point",
        "coordinates": [
          139.7987203,
          35.6708668
        ]
      },
      "properties": {
        "id": "tokyo10-9",
        "name": "永代通り / ファミリーマート 深川門前仲町店",
        "category": "東京10社めぐり",
        "subcategory": "的野美青・山下瞳月",
        "categoryColor": "#f59e0b",
        "address": "",
        "sceneTitle": "永代通り / ファミリーマート 深川門前仲町店",
        "sceneNote": "",
        "sourceLabel": "fumi Diary 2号店 (東京10社めぐりマップ)",
        "sourceUrl": "https://www.google.com/maps/d/viewer?mid=1EOjvzb1kdZoT-4NoJnzMx1_b6dR_UoM",
        "tags": [
          "東京10社",
          "的野美青",
          "山下瞳月",
          "神社"
        ],
        "images": [
          "https://pub-6d7574c4452b41519ab8adf1541d7f9e.r2.dev/seichi/tokyo10sha/3AAjQbR5J3GQJf45yhvkiLo7e1_FYTnAWLA-4v9g_01c62e15.png"
        ],
        "members": [
          "的野美青",
          "山下瞳月"
        ],
        "source": {
          "provider": "fumi Diary 2号店 (東京10社めぐりマップ)",
          "url": "https://www.google.com/maps/d/viewer?mid=1EOjvzb1kdZoT-4NoJnzMx1_b6dR_UoM",
          "mapId": "",
          "layer": "東京10社めぐり",
          "tags": [
            "東京10社",
            "的野美青",
            "山下瞳月",
            "神社"
          ],
          "name": "永代通り / ファミリーマート 深川門前仲町店"
        },
        "classification": {
          "category": "東京10社めぐり",
          "subcategory": "的野美青・山下瞳月",
          "method": "legacy-import",
          "status": "unreviewed"
        },
        "classificationCandidates": {
          "members": [],
          "projects": [],
          "contentTypes": []
        }
      }
    },
    {
      "type": "Feature",
      "geometry": {
        "type": "Point",
        "coordinates": [
          139.7990602,
          35.6707127
        ]
      },
      "properties": {
        "id": "tokyo10-10",
        "name": "富岡八幡宮 正面参道前",
        "category": "東京10社めぐり",
        "subcategory": "的野美青・山下瞳月",
        "categoryColor": "#f59e0b",
        "address": "",
        "sceneTitle": "富岡八幡宮 正面参道前",
        "sceneNote": "",
        "sourceLabel": "fumi Diary 2号店 (東京10社めぐりマップ)",
        "sourceUrl": "https://www.google.com/maps/d/viewer?mid=1EOjvzb1kdZoT-4NoJnzMx1_b6dR_UoM",
        "tags": [
          "東京10社",
          "的野美青",
          "山下瞳月",
          "神社"
        ],
        "images": [
          "https://pub-6d7574c4452b41519ab8adf1541d7f9e.r2.dev/seichi/tokyo10sha/3AAjQbR5_6g-H4QkmJ3LgFy0BS0yPKb-v3lwmGCU_ab1e8160.png",
          "https://pub-6d7574c4452b41519ab8adf1541d7f9e.r2.dev/seichi/tokyo10sha/3AAjQbR4MVPcgnuebfpy10h6jELXizSIEljts6PH_0e959d6c.png"
        ],
        "members": [
          "的野美青",
          "山下瞳月"
        ],
        "source": {
          "provider": "fumi Diary 2号店 (東京10社めぐりマップ)",
          "url": "https://www.google.com/maps/d/viewer?mid=1EOjvzb1kdZoT-4NoJnzMx1_b6dR_UoM",
          "mapId": "",
          "layer": "東京10社めぐり",
          "tags": [
            "東京10社",
            "的野美青",
            "山下瞳月",
            "神社"
          ],
          "name": "富岡八幡宮 正面参道前"
        },
        "classification": {
          "category": "東京10社めぐり",
          "subcategory": "的野美青・山下瞳月",
          "method": "legacy-import",
          "status": "unreviewed"
        },
        "classificationCandidates": {
          "members": [],
          "projects": [],
          "contentTypes": []
        }
      }
    },
    {
      "type": "Feature",
      "geometry": {
        "type": "Point",
        "coordinates": [
          139.7995234,
          35.671783
        ]
      },
      "properties": {
        "id": "tokyo10-11",
        "name": "富岡八幡宮 本殿",
        "category": "東京10社めぐり",
        "subcategory": "的野美青・山下瞳月",
        "categoryColor": "#f59e0b",
        "address": "",
        "sceneTitle": "富岡八幡宮 本殿",
        "sceneNote": "",
        "sourceLabel": "fumi Diary 2号店 (東京10社めぐりマップ)",
        "sourceUrl": "https://www.google.com/maps/d/viewer?mid=1EOjvzb1kdZoT-4NoJnzMx1_b6dR_UoM",
        "tags": [
          "東京10社",
          "的野美青",
          "山下瞳月",
          "神社"
        ],
        "images": [
          "https://pub-6d7574c4452b41519ab8adf1541d7f9e.r2.dev/seichi/tokyo10sha/3AAjQbR4ZlOdhmNrcUQakNko3xXaKc_H1JJkpSbN_a8708b22.png",
          "https://pub-6d7574c4452b41519ab8adf1541d7f9e.r2.dev/seichi/tokyo10sha/3AAjQbR5VirHcDLq-WhMoTxz_yz2-rRKgSUqxfx5_294a1a93.png"
        ],
        "members": [
          "的野美青",
          "山下瞳月"
        ],
        "source": {
          "provider": "fumi Diary 2号店 (東京10社めぐりマップ)",
          "url": "https://www.google.com/maps/d/viewer?mid=1EOjvzb1kdZoT-4NoJnzMx1_b6dR_UoM",
          "mapId": "",
          "layer": "東京10社めぐり",
          "tags": [
            "東京10社",
            "的野美青",
            "山下瞳月",
            "神社"
          ],
          "name": "富岡八幡宮 本殿"
        },
        "classification": {
          "category": "東京10社めぐり",
          "subcategory": "的野美青・山下瞳月",
          "method": "legacy-import",
          "status": "unreviewed"
        },
        "classificationCandidates": {
          "members": [],
          "projects": [],
          "contentTypes": []
        }
      }
    },
    {
      "type": "Feature",
      "geometry": {
        "type": "Point",
        "coordinates": [
          139.7994719,
          35.6715216
        ]
      },
      "properties": {
        "id": "tokyo10-12",
        "name": "富岡八幡宮 授与所",
        "category": "東京10社めぐり",
        "subcategory": "的野美青・山下瞳月",
        "categoryColor": "#f59e0b",
        "address": "",
        "sceneTitle": "富岡八幡宮 授与所",
        "sceneNote": "東京十社絵馬 大絵馬 初穂料2,000円、ミニ絵馬 初穂料300円",
        "sourceLabel": "fumi Diary 2号店 (東京10社めぐりマップ)",
        "sourceUrl": "https://www.google.com/maps/d/viewer?mid=1EOjvzb1kdZoT-4NoJnzMx1_b6dR_UoM",
        "tags": [
          "東京10社",
          "的野美青",
          "山下瞳月",
          "神社"
        ],
        "images": [
          "https://pub-6d7574c4452b41519ab8adf1541d7f9e.r2.dev/seichi/tokyo10sha/3AAjQbR4dffKDWehVeoPL73-Q-VO6y1DImfWHGm5_06e06a4b.png"
        ],
        "members": [
          "的野美青",
          "山下瞳月"
        ],
        "source": {
          "provider": "fumi Diary 2号店 (東京10社めぐりマップ)",
          "url": "https://www.google.com/maps/d/viewer?mid=1EOjvzb1kdZoT-4NoJnzMx1_b6dR_UoM",
          "mapId": "",
          "layer": "東京10社めぐり",
          "tags": [
            "東京10社",
            "的野美青",
            "山下瞳月",
            "神社"
          ],
          "name": "富岡八幡宮 授与所"
        },
        "classification": {
          "category": "東京10社めぐり",
          "subcategory": "的野美青・山下瞳月",
          "method": "legacy-import",
          "status": "unreviewed"
        },
        "classificationCandidates": {
          "members": [],
          "projects": [],
          "contentTypes": []
        }
      }
    },
    {
      "type": "Feature",
      "geometry": {
        "type": "Point",
        "coordinates": [
          139.7993979,
          35.6717591
        ]
      },
      "properties": {
        "id": "tokyo10-13",
        "name": "富岡八幡宮 本殿前",
        "category": "東京10社めぐり",
        "subcategory": "的野美青・山下瞳月",
        "categoryColor": "#f59e0b",
        "address": "",
        "sceneTitle": "富岡八幡宮 本殿前",
        "sceneNote": "一社目クリア",
        "sourceLabel": "fumi Diary 2号店 (東京10社めぐりマップ)",
        "sourceUrl": "https://www.google.com/maps/d/viewer?mid=1EOjvzb1kdZoT-4NoJnzMx1_b6dR_UoM",
        "tags": [
          "東京10社",
          "的野美青",
          "山下瞳月",
          "神社"
        ],
        "images": [
          "https://pub-6d7574c4452b41519ab8adf1541d7f9e.r2.dev/seichi/tokyo10sha/3AAjQbR4ga9mPGfyCwSTw2rlWxRV2F7R1OP-e0-n_7c664a32.png"
        ],
        "members": [
          "的野美青",
          "山下瞳月"
        ],
        "source": {
          "provider": "fumi Diary 2号店 (東京10社めぐりマップ)",
          "url": "https://www.google.com/maps/d/viewer?mid=1EOjvzb1kdZoT-4NoJnzMx1_b6dR_UoM",
          "mapId": "",
          "layer": "東京10社めぐり",
          "tags": [
            "東京10社",
            "的野美青",
            "山下瞳月",
            "神社"
          ],
          "name": "富岡八幡宮 本殿前"
        },
        "classification": {
          "category": "東京10社めぐり",
          "subcategory": "的野美青・山下瞳月",
          "method": "legacy-import",
          "status": "unreviewed"
        },
        "classificationCandidates": {
          "members": [],
          "projects": [],
          "contentTypes": []
        }
      }
    },
    {
      "type": "Feature",
      "geometry": {
        "type": "Point",
        "coordinates": [
          139.7999018,
          35.6703437
        ]
      },
      "properties": {
        "id": "tokyo10-14",
        "name": "永代通り",
        "category": "東京10社めぐり",
        "subcategory": "的野美青・山下瞳月",
        "categoryColor": "#f59e0b",
        "address": "",
        "sceneTitle": "永代通り",
        "sceneNote": "",
        "sourceLabel": "fumi Diary 2号店 (東京10社めぐりマップ)",
        "sourceUrl": "https://www.google.com/maps/d/viewer?mid=1EOjvzb1kdZoT-4NoJnzMx1_b6dR_UoM",
        "tags": [
          "東京10社",
          "的野美青",
          "山下瞳月",
          "神社"
        ],
        "images": [
          "https://pub-6d7574c4452b41519ab8adf1541d7f9e.r2.dev/seichi/tokyo10sha/3AAjQbR4I9UN2j2PBIU5GzyRZ0kjtxU6pnKemtQ3_3251e820.png"
        ],
        "members": [
          "的野美青",
          "山下瞳月"
        ],
        "source": {
          "provider": "fumi Diary 2号店 (東京10社めぐりマップ)",
          "url": "https://www.google.com/maps/d/viewer?mid=1EOjvzb1kdZoT-4NoJnzMx1_b6dR_UoM",
          "mapId": "",
          "layer": "東京10社めぐり",
          "tags": [
            "東京10社",
            "的野美青",
            "山下瞳月",
            "神社"
          ],
          "name": "永代通り"
        },
        "classification": {
          "category": "東京10社めぐり",
          "subcategory": "的野美青・山下瞳月",
          "method": "legacy-import",
          "status": "unreviewed"
        },
        "classificationCandidates": {
          "members": [],
          "projects": [],
          "contentTypes": []
        }
      }
    },
    {
      "type": "Feature",
      "geometry": {
        "type": "Point",
        "coordinates": [
          139.8051719,
          35.6695893
        ]
      },
      "properties": {
        "id": "tokyo10-15",
        "name": "木場駅3番出口",
        "category": "東京10社めぐり",
        "subcategory": "的野美青・山下瞳月",
        "categoryColor": "#f59e0b",
        "address": "",
        "sceneTitle": "木場駅3番出口",
        "sceneNote": "",
        "sourceLabel": "fumi Diary 2号店 (東京10社めぐりマップ)",
        "sourceUrl": "https://www.google.com/maps/d/viewer?mid=1EOjvzb1kdZoT-4NoJnzMx1_b6dR_UoM",
        "tags": [
          "東京10社",
          "的野美青",
          "山下瞳月",
          "神社"
        ],
        "images": [
          "https://pub-6d7574c4452b41519ab8adf1541d7f9e.r2.dev/seichi/tokyo10sha/3AAjQbR6ffdEuf-qg5u0z0W79eGrv-kdDnRx0r2k_03f7fe04.png"
        ],
        "members": [
          "的野美青",
          "山下瞳月"
        ],
        "source": {
          "provider": "fumi Diary 2号店 (東京10社めぐりマップ)",
          "url": "https://www.google.com/maps/d/viewer?mid=1EOjvzb1kdZoT-4NoJnzMx1_b6dR_UoM",
          "mapId": "",
          "layer": "東京10社めぐり",
          "tags": [
            "東京10社",
            "的野美青",
            "山下瞳月",
            "神社"
          ],
          "name": "木場駅3番出口"
        },
        "classification": {
          "category": "東京10社めぐり",
          "subcategory": "的野美青・山下瞳月",
          "method": "legacy-import",
          "status": "unreviewed"
        },
        "classificationCandidates": {
          "members": [],
          "projects": [],
          "contentTypes": []
        }
      }
    },
    {
      "type": "Feature",
      "geometry": {
        "type": "Point",
        "coordinates": [
          139.807116,
          35.675354
        ]
      },
      "properties": {
        "id": "tokyo10-16",
        "name": "都立木場公園前交差点",
        "category": "東京10社めぐり",
        "subcategory": "的野美青・山下瞳月",
        "categoryColor": "#f59e0b",
        "address": "",
        "sceneTitle": "都立木場公園前交差点",
        "sceneNote": "",
        "sourceLabel": "fumi Diary 2号店 (東京10社めぐりマップ)",
        "sourceUrl": "https://www.google.com/maps/d/viewer?mid=1EOjvzb1kdZoT-4NoJnzMx1_b6dR_UoM",
        "tags": [
          "東京10社",
          "的野美青",
          "山下瞳月",
          "神社"
        ],
        "images": [
          "https://pub-6d7574c4452b41519ab8adf1541d7f9e.r2.dev/seichi/tokyo10sha/3AAjQbR7VnVStZhGhOQn9EFQcAOt-R5Oa8ygk4d-_d6bc9235.png"
        ],
        "members": [
          "的野美青",
          "山下瞳月"
        ],
        "source": {
          "provider": "fumi Diary 2号店 (東京10社めぐりマップ)",
          "url": "https://www.google.com/maps/d/viewer?mid=1EOjvzb1kdZoT-4NoJnzMx1_b6dR_UoM",
          "mapId": "",
          "layer": "東京10社めぐり",
          "tags": [
            "東京10社",
            "的野美青",
            "山下瞳月",
            "神社"
          ],
          "name": "都立木場公園前交差点"
        },
        "classification": {
          "category": "東京10社めぐり",
          "subcategory": "的野美青・山下瞳月",
          "method": "legacy-import",
          "status": "unreviewed"
        },
        "classificationCandidates": {
          "members": [],
          "projects": [],
          "contentTypes": []
        }
      }
    },
    {
      "type": "Feature",
      "geometry": {
        "type": "Point",
        "coordinates": [
          139.8071601,
          35.6759804
        ]
      },
      "properties": {
        "id": "tokyo10-17",
        "name": "末広橋",
        "category": "東京10社めぐり",
        "subcategory": "的野美青・山下瞳月",
        "categoryColor": "#f59e0b",
        "address": "",
        "sceneTitle": "末広橋",
        "sceneNote": "",
        "sourceLabel": "fumi Diary 2号店 (東京10社めぐりマップ)",
        "sourceUrl": "https://www.google.com/maps/d/viewer?mid=1EOjvzb1kdZoT-4NoJnzMx1_b6dR_UoM",
        "tags": [
          "東京10社",
          "的野美青",
          "山下瞳月",
          "神社"
        ],
        "images": [
          "https://pub-6d7574c4452b41519ab8adf1541d7f9e.r2.dev/seichi/tokyo10sha/3AAjQbR6Y6BRu7Co-ZTVuiE0VzYbYjQ1G73ETffV_88c4e06c.png",
          "https://pub-6d7574c4452b41519ab8adf1541d7f9e.r2.dev/seichi/tokyo10sha/3AAjQbR6612LTyOl3NRKP3fH-XF9zcuDTHvT2rP9_329cc9fe.png",
          "https://pub-6d7574c4452b41519ab8adf1541d7f9e.r2.dev/seichi/tokyo10sha/3AAjQbR4xQpzlNUAzAbAMyFwhxgTbkn1cwjSvzSM_8330ee61.png"
        ],
        "members": [
          "的野美青",
          "山下瞳月"
        ],
        "source": {
          "provider": "fumi Diary 2号店 (東京10社めぐりマップ)",
          "url": "https://www.google.com/maps/d/viewer?mid=1EOjvzb1kdZoT-4NoJnzMx1_b6dR_UoM",
          "mapId": "",
          "layer": "東京10社めぐり",
          "tags": [
            "東京10社",
            "的野美青",
            "山下瞳月",
            "神社"
          ],
          "name": "末広橋"
        },
        "classification": {
          "category": "東京10社めぐり",
          "subcategory": "的野美青・山下瞳月",
          "method": "legacy-import",
          "status": "unreviewed"
        },
        "classificationCandidates": {
          "members": [],
          "projects": [],
          "contentTypes": []
        }
      }
    },
    {
      "type": "Feature",
      "geometry": {
        "type": "Point",
        "coordinates": [
          139.8069448,
          35.6792549
        ]
      },
      "properties": {
        "id": "tokyo10-18",
        "name": "東京都現代美術館",
        "category": "東京10社めぐり",
        "subcategory": "的野美青・山下瞳月",
        "categoryColor": "#f59e0b",
        "address": "",
        "sceneTitle": "東京都現代美術館",
        "sceneNote": "",
        "sourceLabel": "fumi Diary 2号店 (東京10社めぐりマップ)",
        "sourceUrl": "https://www.google.com/maps/d/viewer?mid=1EOjvzb1kdZoT-4NoJnzMx1_b6dR_UoM",
        "tags": [
          "東京10社",
          "的野美青",
          "山下瞳月",
          "神社"
        ],
        "images": [
          "https://pub-6d7574c4452b41519ab8adf1541d7f9e.r2.dev/seichi/tokyo10sha/3AAjQbR64mmbrSNSZOuhfKpW4lqNwdx4Pd2oQeio_ed9e90d2.png"
        ],
        "members": [
          "的野美青",
          "山下瞳月"
        ],
        "source": {
          "provider": "fumi Diary 2号店 (東京10社めぐりマップ)",
          "url": "https://www.google.com/maps/d/viewer?mid=1EOjvzb1kdZoT-4NoJnzMx1_b6dR_UoM",
          "mapId": "",
          "layer": "東京10社めぐり",
          "tags": [
            "東京10社",
            "的野美青",
            "山下瞳月",
            "神社"
          ],
          "name": "東京都現代美術館"
        },
        "classification": {
          "category": "東京10社めぐり",
          "subcategory": "的野美青・山下瞳月",
          "method": "legacy-import",
          "status": "unreviewed"
        },
        "classificationCandidates": {
          "members": [],
          "projects": [],
          "contentTypes": []
        }
      }
    },
    {
      "type": "Feature",
      "geometry": {
        "type": "Point",
        "coordinates": [
          139.811202,
          35.680456
        ]
      },
      "properties": {
        "id": "tokyo10-19",
        "name": "美術館通り",
        "category": "東京10社めぐり",
        "subcategory": "的野美青・山下瞳月",
        "categoryColor": "#f59e0b",
        "address": "",
        "sceneTitle": "美術館通り",
        "sceneNote": "",
        "sourceLabel": "fumi Diary 2号店 (東京10社めぐりマップ)",
        "sourceUrl": "https://www.google.com/maps/d/viewer?mid=1EOjvzb1kdZoT-4NoJnzMx1_b6dR_UoM",
        "tags": [
          "東京10社",
          "的野美青",
          "山下瞳月",
          "神社"
        ],
        "images": [
          "https://pub-6d7574c4452b41519ab8adf1541d7f9e.r2.dev/seichi/tokyo10sha/3AAjQbR60YYgeatsr1vYczIfYUreQKebqLNLeKFh_618fa507.png"
        ],
        "members": [
          "的野美青",
          "山下瞳月"
        ],
        "source": {
          "provider": "fumi Diary 2号店 (東京10社めぐりマップ)",
          "url": "https://www.google.com/maps/d/viewer?mid=1EOjvzb1kdZoT-4NoJnzMx1_b6dR_UoM",
          "mapId": "",
          "layer": "東京10社めぐり",
          "tags": [
            "東京10社",
            "的野美青",
            "山下瞳月",
            "神社"
          ],
          "name": "美術館通り"
        },
        "classification": {
          "category": "東京10社めぐり",
          "subcategory": "的野美青・山下瞳月",
          "method": "legacy-import",
          "status": "unreviewed"
        },
        "classificationCandidates": {
          "members": [],
          "projects": [],
          "contentTypes": []
        }
      }
    },
    {
      "type": "Feature",
      "geometry": {
        "type": "Point",
        "coordinates": [
          139.8121474,
          35.6804981
        ]
      },
      "properties": {
        "id": "tokyo10-20",
        "name": "ファミリーマート 江東石島店前",
        "category": "東京10社めぐり",
        "subcategory": "的野美青・山下瞳月",
        "categoryColor": "#f59e0b",
        "address": "",
        "sceneTitle": "ファミリーマート 江東石島店前",
        "sceneNote": "",
        "sourceLabel": "fumi Diary 2号店 (東京10社めぐりマップ)",
        "sourceUrl": "https://www.google.com/maps/d/viewer?mid=1EOjvzb1kdZoT-4NoJnzMx1_b6dR_UoM",
        "tags": [
          "東京10社",
          "的野美青",
          "山下瞳月",
          "神社"
        ],
        "images": [
          "https://pub-6d7574c4452b41519ab8adf1541d7f9e.r2.dev/seichi/tokyo10sha/3AAjQbR6vroA7evfTEQwEW7vufEQEGP7Dbw6QTiH_f7655470.png"
        ],
        "members": [
          "的野美青",
          "山下瞳月"
        ],
        "source": {
          "provider": "fumi Diary 2号店 (東京10社めぐりマップ)",
          "url": "https://www.google.com/maps/d/viewer?mid=1EOjvzb1kdZoT-4NoJnzMx1_b6dR_UoM",
          "mapId": "",
          "layer": "東京10社めぐり",
          "tags": [
            "東京10社",
            "的野美青",
            "山下瞳月",
            "神社"
          ],
          "name": "ファミリーマート 江東石島店前"
        },
        "classification": {
          "category": "東京10社めぐり",
          "subcategory": "的野美青・山下瞳月",
          "method": "legacy-import",
          "status": "unreviewed"
        },
        "classificationCandidates": {
          "members": [],
          "projects": [],
          "contentTypes": []
        }
      }
    },
    {
      "type": "Feature",
      "geometry": {
        "type": "Point",
        "coordinates": [
          139.815874,
          35.680723
        ]
      },
      "properties": {
        "id": "tokyo10-21",
        "name": "深川警察署 千田交番前",
        "category": "東京10社めぐり",
        "subcategory": "的野美青・山下瞳月",
        "categoryColor": "#f59e0b",
        "address": "",
        "sceneTitle": "深川警察署 千田交番前",
        "sceneNote": "",
        "sourceLabel": "fumi Diary 2号店 (東京10社めぐりマップ)",
        "sourceUrl": "https://www.google.com/maps/d/viewer?mid=1EOjvzb1kdZoT-4NoJnzMx1_b6dR_UoM",
        "tags": [
          "東京10社",
          "的野美青",
          "山下瞳月",
          "神社"
        ],
        "images": [
          "https://pub-6d7574c4452b41519ab8adf1541d7f9e.r2.dev/seichi/tokyo10sha/3AAjQbR6gGFBVM6_sBNsaC_T1R0vzAjznD3vCrto_3e527a27.png"
        ],
        "members": [
          "的野美青",
          "山下瞳月"
        ],
        "source": {
          "provider": "fumi Diary 2号店 (東京10社めぐりマップ)",
          "url": "https://www.google.com/maps/d/viewer?mid=1EOjvzb1kdZoT-4NoJnzMx1_b6dR_UoM",
          "mapId": "",
          "layer": "東京10社めぐり",
          "tags": [
            "東京10社",
            "的野美青",
            "山下瞳月",
            "神社"
          ],
          "name": "深川警察署 千田交番前"
        },
        "classification": {
          "category": "東京10社めぐり",
          "subcategory": "的野美青・山下瞳月",
          "method": "legacy-import",
          "status": "unreviewed"
        },
        "classificationCandidates": {
          "members": [],
          "projects": [],
          "contentTypes": []
        }
      }
    },
    {
      "type": "Feature",
      "geometry": {
        "type": "Point",
        "coordinates": [
          139.8161782,
          35.682051
        ]
      },
      "properties": {
        "id": "tokyo10-22",
        "name": "四ツ目通り",
        "category": "東京10社めぐり",
        "subcategory": "的野美青・山下瞳月",
        "categoryColor": "#f59e0b",
        "address": "",
        "sceneTitle": "四ツ目通り",
        "sceneNote": "",
        "sourceLabel": "fumi Diary 2号店 (東京10社めぐりマップ)",
        "sourceUrl": "https://www.google.com/maps/d/viewer?mid=1EOjvzb1kdZoT-4NoJnzMx1_b6dR_UoM",
        "tags": [
          "東京10社",
          "的野美青",
          "山下瞳月",
          "神社"
        ],
        "images": [
          "https://pub-6d7574c4452b41519ab8adf1541d7f9e.r2.dev/seichi/tokyo10sha/3AAjQbR4svnUPOmWWtP1W4MJ5wKUQwJpsT5DS3Sv_3e65f47e.png",
          "https://pub-6d7574c4452b41519ab8adf1541d7f9e.r2.dev/seichi/tokyo10sha/3AAjQbR7JVZjI1bid0qdqzh9fgwCV1-XHpYzCa-P_002584ab.png"
        ],
        "members": [
          "的野美青",
          "山下瞳月"
        ],
        "source": {
          "provider": "fumi Diary 2号店 (東京10社めぐりマップ)",
          "url": "https://www.google.com/maps/d/viewer?mid=1EOjvzb1kdZoT-4NoJnzMx1_b6dR_UoM",
          "mapId": "",
          "layer": "東京10社めぐり",
          "tags": [
            "東京10社",
            "的野美青",
            "山下瞳月",
            "神社"
          ],
          "name": "四ツ目通り"
        },
        "classification": {
          "category": "東京10社めぐり",
          "subcategory": "的野美青・山下瞳月",
          "method": "legacy-import",
          "status": "unreviewed"
        },
        "classificationCandidates": {
          "members": [],
          "projects": [],
          "contentTypes": []
        }
      }
    },
    {
      "type": "Feature",
      "geometry": {
        "type": "Point",
        "coordinates": [
          139.8161953,
          35.6824358
        ]
      },
      "properties": {
        "id": "tokyo10-23",
        "name": "江東公園",
        "category": "東京10社めぐり",
        "subcategory": "的野美青・山下瞳月",
        "categoryColor": "#f59e0b",
        "address": "",
        "sceneTitle": "江東公園",
        "sceneNote": "",
        "sourceLabel": "fumi Diary 2号店 (東京10社めぐりマップ)",
        "sourceUrl": "https://www.google.com/maps/d/viewer?mid=1EOjvzb1kdZoT-4NoJnzMx1_b6dR_UoM",
        "tags": [
          "東京10社",
          "的野美青",
          "山下瞳月",
          "神社"
        ],
        "images": [
          "https://pub-6d7574c4452b41519ab8adf1541d7f9e.r2.dev/seichi/tokyo10sha/3AAjQbR4VzorxM0DrubMjKP1TxGvFwwV6wQ95TGd_2bb3c14a.png"
        ],
        "members": [
          "的野美青",
          "山下瞳月"
        ],
        "source": {
          "provider": "fumi Diary 2号店 (東京10社めぐりマップ)",
          "url": "https://www.google.com/maps/d/viewer?mid=1EOjvzb1kdZoT-4NoJnzMx1_b6dR_UoM",
          "mapId": "",
          "layer": "東京10社めぐり",
          "tags": [
            "東京10社",
            "的野美青",
            "山下瞳月",
            "神社"
          ],
          "name": "江東公園"
        },
        "classification": {
          "category": "東京10社めぐり",
          "subcategory": "的野美青・山下瞳月",
          "method": "legacy-import",
          "status": "unreviewed"
        },
        "classificationCandidates": {
          "members": [],
          "projects": [],
          "contentTypes": []
        }
      }
    },
    {
      "type": "Feature",
      "geometry": {
        "type": "Point",
        "coordinates": [
          139.8162677,
          35.6829731
        ]
      },
      "properties": {
        "id": "tokyo10-24",
        "name": "扇橋二丁目交差点",
        "category": "東京10社めぐり",
        "subcategory": "的野美青・山下瞳月",
        "categoryColor": "#f59e0b",
        "address": "",
        "sceneTitle": "扇橋二丁目交差点",
        "sceneNote": "",
        "sourceLabel": "fumi Diary 2号店 (東京10社めぐりマップ)",
        "sourceUrl": "https://www.google.com/maps/d/viewer?mid=1EOjvzb1kdZoT-4NoJnzMx1_b6dR_UoM",
        "tags": [
          "東京10社",
          "的野美青",
          "山下瞳月",
          "神社"
        ],
        "images": [
          "https://pub-6d7574c4452b41519ab8adf1541d7f9e.r2.dev/seichi/tokyo10sha/3AAjQbR5c85bDQp1-SaNEsmb2dEXXsbvljPmh0z4_c66a601c.png"
        ],
        "members": [
          "的野美青",
          "山下瞳月"
        ],
        "source": {
          "provider": "fumi Diary 2号店 (東京10社めぐりマップ)",
          "url": "https://www.google.com/maps/d/viewer?mid=1EOjvzb1kdZoT-4NoJnzMx1_b6dR_UoM",
          "mapId": "",
          "layer": "東京10社めぐり",
          "tags": [
            "東京10社",
            "的野美青",
            "山下瞳月",
            "神社"
          ],
          "name": "扇橋二丁目交差点"
        },
        "classification": {
          "category": "東京10社めぐり",
          "subcategory": "的野美青・山下瞳月",
          "method": "legacy-import",
          "status": "unreviewed"
        },
        "classificationCandidates": {
          "members": [],
          "projects": [],
          "contentTypes": []
        }
      }
    },
    {
      "type": "Feature",
      "geometry": {
        "type": "Point",
        "coordinates": [
          139.8162472,
          35.6844747
        ]
      },
      "properties": {
        "id": "tokyo10-25",
        "name": "四ツ目通り",
        "category": "東京10社めぐり",
        "subcategory": "的野美青・山下瞳月",
        "categoryColor": "#f59e0b",
        "address": "",
        "sceneTitle": "四ツ目通り",
        "sceneNote": "",
        "sourceLabel": "fumi Diary 2号店 (東京10社めぐりマップ)",
        "sourceUrl": "https://www.google.com/maps/d/viewer?mid=1EOjvzb1kdZoT-4NoJnzMx1_b6dR_UoM",
        "tags": [
          "東京10社",
          "的野美青",
          "山下瞳月",
          "神社"
        ],
        "images": [
          "https://pub-6d7574c4452b41519ab8adf1541d7f9e.r2.dev/seichi/tokyo10sha/3AAjQbR5gN3-t7Xka8lQRRV5PzFBMZiTRocYfT85_f74d37ee.png"
        ],
        "members": [
          "的野美青",
          "山下瞳月"
        ],
        "source": {
          "provider": "fumi Diary 2号店 (東京10社めぐりマップ)",
          "url": "https://www.google.com/maps/d/viewer?mid=1EOjvzb1kdZoT-4NoJnzMx1_b6dR_UoM",
          "mapId": "",
          "layer": "東京10社めぐり",
          "tags": [
            "東京10社",
            "的野美青",
            "山下瞳月",
            "神社"
          ],
          "name": "四ツ目通り"
        },
        "classification": {
          "category": "東京10社めぐり",
          "subcategory": "的野美青・山下瞳月",
          "method": "legacy-import",
          "status": "unreviewed"
        },
        "classificationCandidates": {
          "members": [],
          "projects": [],
          "contentTypes": []
        }
      }
    },
    {
      "type": "Feature",
      "geometry": {
        "type": "Point",
        "coordinates": [
          139.8162538,
          35.6846664
        ]
      },
      "properties": {
        "id": "tokyo10-26",
        "name": "小名木川橋",
        "category": "東京10社めぐり",
        "subcategory": "的野美青・山下瞳月",
        "categoryColor": "#f59e0b",
        "address": "",
        "sceneTitle": "小名木川橋",
        "sceneNote": "",
        "sourceLabel": "fumi Diary 2号店 (東京10社めぐりマップ)",
        "sourceUrl": "https://www.google.com/maps/d/viewer?mid=1EOjvzb1kdZoT-4NoJnzMx1_b6dR_UoM",
        "tags": [
          "東京10社",
          "的野美青",
          "山下瞳月",
          "神社"
        ],
        "images": [
          "https://pub-6d7574c4452b41519ab8adf1541d7f9e.r2.dev/seichi/tokyo10sha/3AAjQbR4DEZM4_O9kDe3j1WcKDnPEem40MSd2t-Q_52f39905.png",
          "https://pub-6d7574c4452b41519ab8adf1541d7f9e.r2.dev/seichi/tokyo10sha/3AAjQbR58fiBN3pT35V6Ff6qDCKB3Is-LMFFa_Fo_a72c93e3.png"
        ],
        "members": [
          "的野美青",
          "山下瞳月"
        ],
        "source": {
          "provider": "fumi Diary 2号店 (東京10社めぐりマップ)",
          "url": "https://www.google.com/maps/d/viewer?mid=1EOjvzb1kdZoT-4NoJnzMx1_b6dR_UoM",
          "mapId": "",
          "layer": "東京10社めぐり",
          "tags": [
            "東京10社",
            "的野美青",
            "山下瞳月",
            "神社"
          ],
          "name": "小名木川橋"
        },
        "classification": {
          "category": "東京10社めぐり",
          "subcategory": "的野美青・山下瞳月",
          "method": "legacy-import",
          "status": "unreviewed"
        },
        "classificationCandidates": {
          "members": [],
          "projects": [],
          "contentTypes": []
        }
      }
    },
    {
      "type": "Feature",
      "geometry": {
        "type": "Point",
        "coordinates": [
          139.819206,
          35.689085
        ]
      },
      "properties": {
        "id": "tokyo10-27",
        "name": "新大橋通り横断歩道",
        "category": "東京10社めぐり",
        "subcategory": "的野美青・山下瞳月",
        "categoryColor": "#f59e0b",
        "address": "",
        "sceneTitle": "新大橋通り横断歩道",
        "sceneNote": "",
        "sourceLabel": "fumi Diary 2号店 (東京10社めぐりマップ)",
        "sourceUrl": "https://www.google.com/maps/d/viewer?mid=1EOjvzb1kdZoT-4NoJnzMx1_b6dR_UoM",
        "tags": [
          "東京10社",
          "的野美青",
          "山下瞳月",
          "神社"
        ],
        "images": [
          "https://pub-6d7574c4452b41519ab8adf1541d7f9e.r2.dev/seichi/tokyo10sha/3AAjQbR5pT4g5mmZU99QfH1HPmWQqCS0acC9YisD_59f2c5e4.png"
        ],
        "members": [
          "的野美青",
          "山下瞳月"
        ],
        "source": {
          "provider": "fumi Diary 2号店 (東京10社めぐりマップ)",
          "url": "https://www.google.com/maps/d/viewer?mid=1EOjvzb1kdZoT-4NoJnzMx1_b6dR_UoM",
          "mapId": "",
          "layer": "東京10社めぐり",
          "tags": [
            "東京10社",
            "的野美青",
            "山下瞳月",
            "神社"
          ],
          "name": "新大橋通り横断歩道"
        },
        "classification": {
          "category": "東京10社めぐり",
          "subcategory": "的野美青・山下瞳月",
          "method": "legacy-import",
          "status": "unreviewed"
        },
        "classificationCandidates": {
          "members": [],
          "projects": [],
          "contentTypes": []
        }
      }
    },
    {
      "type": "Feature",
      "geometry": {
        "type": "Point",
        "coordinates": [
          139.819774,
          35.689743
        ]
      },
      "properties": {
        "id": "tokyo10-28",
        "name": "猿江恩賜公園",
        "category": "東京10社めぐり",
        "subcategory": "的野美青・山下瞳月",
        "categoryColor": "#f59e0b",
        "address": "",
        "sceneTitle": "猿江恩賜公園",
        "sceneNote": "川沿いの歩道",
        "sourceLabel": "fumi Diary 2号店 (東京10社めぐりマップ)",
        "sourceUrl": "https://www.google.com/maps/d/viewer?mid=1EOjvzb1kdZoT-4NoJnzMx1_b6dR_UoM",
        "tags": [
          "東京10社",
          "的野美青",
          "山下瞳月",
          "神社"
        ],
        "images": [
          "https://pub-6d7574c4452b41519ab8adf1541d7f9e.r2.dev/seichi/tokyo10sha/3AAjQbR4TqCTsrrap6HSX9dUBsrM7Dy64RoZziff_9ee5b6f6.png"
        ],
        "members": [
          "的野美青",
          "山下瞳月"
        ],
        "source": {
          "provider": "fumi Diary 2号店 (東京10社めぐりマップ)",
          "url": "https://www.google.com/maps/d/viewer?mid=1EOjvzb1kdZoT-4NoJnzMx1_b6dR_UoM",
          "mapId": "",
          "layer": "東京10社めぐり",
          "tags": [
            "東京10社",
            "的野美青",
            "山下瞳月",
            "神社"
          ],
          "name": "猿江恩賜公園"
        },
        "classification": {
          "category": "東京10社めぐり",
          "subcategory": "的野美青・山下瞳月",
          "method": "legacy-import",
          "status": "unreviewed"
        },
        "classificationCandidates": {
          "members": [],
          "projects": [],
          "contentTypes": []
        }
      }
    },
    {
      "type": "Feature",
      "geometry": {
        "type": "Point",
        "coordinates": [
          139.819555,
          35.700588
        ]
      },
      "properties": {
        "id": "tokyo10-29",
        "name": "特別区道江128号 / 秀和亀戸天神橋レジデンス前",
        "category": "東京10社めぐり",
        "subcategory": "的野美青・山下瞳月",
        "categoryColor": "#f59e0b",
        "address": "",
        "sceneTitle": "特別区道江128号 / 秀和亀戸天神橋レジデンス前",
        "sceneNote": "",
        "sourceLabel": "fumi Diary 2号店 (東京10社めぐりマップ)",
        "sourceUrl": "https://www.google.com/maps/d/viewer?mid=1EOjvzb1kdZoT-4NoJnzMx1_b6dR_UoM",
        "tags": [
          "東京10社",
          "的野美青",
          "山下瞳月",
          "神社"
        ],
        "images": [
          "https://pub-6d7574c4452b41519ab8adf1541d7f9e.r2.dev/seichi/tokyo10sha/3AAjQbR4f_ehMVNcLrvRRVYGhy1Kod0iEq8cgkuc_c1375386.png"
        ],
        "members": [
          "的野美青",
          "山下瞳月"
        ],
        "source": {
          "provider": "fumi Diary 2号店 (東京10社めぐりマップ)",
          "url": "https://www.google.com/maps/d/viewer?mid=1EOjvzb1kdZoT-4NoJnzMx1_b6dR_UoM",
          "mapId": "",
          "layer": "東京10社めぐり",
          "tags": [
            "東京10社",
            "的野美青",
            "山下瞳月",
            "神社"
          ],
          "name": "特別区道江128号 / 秀和亀戸天神橋レジデンス前"
        },
        "classification": {
          "category": "東京10社めぐり",
          "subcategory": "的野美青・山下瞳月",
          "method": "legacy-import",
          "status": "unreviewed"
        },
        "classificationCandidates": {
          "members": [],
          "projects": [],
          "contentTypes": []
        }
      }
    },
    {
      "type": "Feature",
      "geometry": {
        "type": "Point",
        "coordinates": [
          139.819514,
          35.70134
        ]
      },
      "properties": {
        "id": "tokyo10-30",
        "name": "天神橋交差点",
        "category": "東京10社めぐり",
        "subcategory": "的野美青・山下瞳月",
        "categoryColor": "#f59e0b",
        "address": "",
        "sceneTitle": "天神橋交差点",
        "sceneNote": "",
        "sourceLabel": "fumi Diary 2号店 (東京10社めぐりマップ)",
        "sourceUrl": "https://www.google.com/maps/d/viewer?mid=1EOjvzb1kdZoT-4NoJnzMx1_b6dR_UoM",
        "tags": [
          "東京10社",
          "的野美青",
          "山下瞳月",
          "神社"
        ],
        "images": [
          "https://pub-6d7574c4452b41519ab8adf1541d7f9e.r2.dev/seichi/tokyo10sha/3AAjQbR4VsWhYi2F0Ged09lJ147JJ6TRcrk45qZB_d9ccbfff.png"
        ],
        "members": [
          "的野美青",
          "山下瞳月"
        ],
        "source": {
          "provider": "fumi Diary 2号店 (東京10社めぐりマップ)",
          "url": "https://www.google.com/maps/d/viewer?mid=1EOjvzb1kdZoT-4NoJnzMx1_b6dR_UoM",
          "mapId": "",
          "layer": "東京10社めぐり",
          "tags": [
            "東京10社",
            "的野美青",
            "山下瞳月",
            "神社"
          ],
          "name": "天神橋交差点"
        },
        "classification": {
          "category": "東京10社めぐり",
          "subcategory": "的野美青・山下瞳月",
          "method": "legacy-import",
          "status": "unreviewed"
        },
        "classificationCandidates": {
          "members": [],
          "projects": [],
          "contentTypes": []
        }
      }
    },
    {
      "type": "Feature",
      "geometry": {
        "type": "Point",
        "coordinates": [
          139.8196159,
          35.7015589
        ]
      },
      "properties": {
        "id": "tokyo10-31",
        "name": "蔵前橋通り / スズキ",
        "category": "東京10社めぐり",
        "subcategory": "的野美青・山下瞳月",
        "categoryColor": "#f59e0b",
        "address": "",
        "sceneTitle": "蔵前橋通り / スズキ",
        "sceneNote": "",
        "sourceLabel": "fumi Diary 2号店 (東京10社めぐりマップ)",
        "sourceUrl": "https://www.google.com/maps/d/viewer?mid=1EOjvzb1kdZoT-4NoJnzMx1_b6dR_UoM",
        "tags": [
          "東京10社",
          "的野美青",
          "山下瞳月",
          "神社"
        ],
        "images": [
          "https://pub-6d7574c4452b41519ab8adf1541d7f9e.r2.dev/seichi/tokyo10sha/3AAjQbR7rvWS5PVYVydRlXJcmiwLZNPVAWArsn-q_f7e0ffbc.png"
        ],
        "members": [
          "的野美青",
          "山下瞳月"
        ],
        "source": {
          "provider": "fumi Diary 2号店 (東京10社めぐりマップ)",
          "url": "https://www.google.com/maps/d/viewer?mid=1EOjvzb1kdZoT-4NoJnzMx1_b6dR_UoM",
          "mapId": "",
          "layer": "東京10社めぐり",
          "tags": [
            "東京10社",
            "的野美青",
            "山下瞳月",
            "神社"
          ],
          "name": "蔵前橋通り / スズキ"
        },
        "classification": {
          "category": "東京10社めぐり",
          "subcategory": "的野美青・山下瞳月",
          "method": "legacy-import",
          "status": "unreviewed"
        },
        "classificationCandidates": {
          "members": [],
          "projects": [],
          "contentTypes": []
        }
      }
    },
    {
      "type": "Feature",
      "geometry": {
        "type": "Point",
        "coordinates": [
          139.8207469,
          35.7016177
        ]
      },
      "properties": {
        "id": "tokyo10-32",
        "name": "亀戸天神入口交差点",
        "category": "東京10社めぐり",
        "subcategory": "的野美青・山下瞳月",
        "categoryColor": "#f59e0b",
        "address": "",
        "sceneTitle": "亀戸天神入口交差点",
        "sceneNote": "",
        "sourceLabel": "fumi Diary 2号店 (東京10社めぐりマップ)",
        "sourceUrl": "https://www.google.com/maps/d/viewer?mid=1EOjvzb1kdZoT-4NoJnzMx1_b6dR_UoM",
        "tags": [
          "東京10社",
          "的野美青",
          "山下瞳月",
          "神社"
        ],
        "images": [
          "https://pub-6d7574c4452b41519ab8adf1541d7f9e.r2.dev/seichi/tokyo10sha/3AAjQbR7uDmJ9moJXK-boS9jteYPPuGLLKQPZAnj_42d2f4c5.png",
          "https://pub-6d7574c4452b41519ab8adf1541d7f9e.r2.dev/seichi/tokyo10sha/3AAjQbR6KFu5oBGyWPm5-WQdAFr3POj1tnlEuNkV_bd789860.png"
        ],
        "members": [
          "的野美青",
          "山下瞳月"
        ],
        "source": {
          "provider": "fumi Diary 2号店 (東京10社めぐりマップ)",
          "url": "https://www.google.com/maps/d/viewer?mid=1EOjvzb1kdZoT-4NoJnzMx1_b6dR_UoM",
          "mapId": "",
          "layer": "東京10社めぐり",
          "tags": [
            "東京10社",
            "的野美青",
            "山下瞳月",
            "神社"
          ],
          "name": "亀戸天神入口交差点"
        },
        "classification": {
          "category": "東京10社めぐり",
          "subcategory": "的野美青・山下瞳月",
          "method": "legacy-import",
          "status": "unreviewed"
        },
        "classificationCandidates": {
          "members": [],
          "projects": [],
          "contentTypes": []
        }
      }
    },
    {
      "type": "Feature",
      "geometry": {
        "type": "Point",
        "coordinates": [
          139.8207477,
          35.7021811
        ]
      },
      "properties": {
        "id": "tokyo10-33",
        "name": "亀戸神社 男橋",
        "category": "東京10社めぐり",
        "subcategory": "的野美青・山下瞳月",
        "categoryColor": "#f59e0b",
        "address": "",
        "sceneTitle": "亀戸神社 男橋",
        "sceneNote": "",
        "sourceLabel": "fumi Diary 2号店 (東京10社めぐりマップ)",
        "sourceUrl": "https://www.google.com/maps/d/viewer?mid=1EOjvzb1kdZoT-4NoJnzMx1_b6dR_UoM",
        "tags": [
          "東京10社",
          "的野美青",
          "山下瞳月",
          "神社"
        ],
        "images": [
          "https://pub-6d7574c4452b41519ab8adf1541d7f9e.r2.dev/seichi/tokyo10sha/3AAjQbR5QWyq5oHF9yWqZjt-hqdOZOtRXynQsdt5_de32e474.png"
        ],
        "members": [
          "的野美青",
          "山下瞳月"
        ],
        "source": {
          "provider": "fumi Diary 2号店 (東京10社めぐりマップ)",
          "url": "https://www.google.com/maps/d/viewer?mid=1EOjvzb1kdZoT-4NoJnzMx1_b6dR_UoM",
          "mapId": "",
          "layer": "東京10社めぐり",
          "tags": [
            "東京10社",
            "的野美青",
            "山下瞳月",
            "神社"
          ],
          "name": "亀戸神社 男橋"
        },
        "classification": {
          "category": "東京10社めぐり",
          "subcategory": "的野美青・山下瞳月",
          "method": "legacy-import",
          "status": "unreviewed"
        },
        "classificationCandidates": {
          "members": [],
          "projects": [],
          "contentTypes": []
        }
      }
    },
    {
      "type": "Feature",
      "geometry": {
        "type": "Point",
        "coordinates": [
          139.8206698,
          35.7029115
        ]
      },
      "properties": {
        "id": "tokyo10-34",
        "name": "亀戸天神社 本殿",
        "category": "東京10社めぐり",
        "subcategory": "的野美青・山下瞳月",
        "categoryColor": "#f59e0b",
        "address": "",
        "sceneTitle": "亀戸天神社 本殿",
        "sceneNote": "",
        "sourceLabel": "fumi Diary 2号店 (東京10社めぐりマップ)",
        "sourceUrl": "https://www.google.com/maps/d/viewer?mid=1EOjvzb1kdZoT-4NoJnzMx1_b6dR_UoM",
        "tags": [
          "東京10社",
          "的野美青",
          "山下瞳月",
          "神社"
        ],
        "images": [
          "https://pub-6d7574c4452b41519ab8adf1541d7f9e.r2.dev/seichi/tokyo10sha/3AAjQbR6HcjeaEZQoLeYgDCT150IkQ613Q4mWhk__93d4f169.png"
        ],
        "members": [
          "的野美青",
          "山下瞳月"
        ],
        "source": {
          "provider": "fumi Diary 2号店 (東京10社めぐりマップ)",
          "url": "https://www.google.com/maps/d/viewer?mid=1EOjvzb1kdZoT-4NoJnzMx1_b6dR_UoM",
          "mapId": "",
          "layer": "東京10社めぐり",
          "tags": [
            "東京10社",
            "的野美青",
            "山下瞳月",
            "神社"
          ],
          "name": "亀戸天神社 本殿"
        },
        "classification": {
          "category": "東京10社めぐり",
          "subcategory": "的野美青・山下瞳月",
          "method": "legacy-import",
          "status": "unreviewed"
        },
        "classificationCandidates": {
          "members": [],
          "projects": [],
          "contentTypes": []
        }
      }
    },
    {
      "type": "Feature",
      "geometry": {
        "type": "Point",
        "coordinates": [
          139.8209207,
          35.7029862
        ]
      },
      "properties": {
        "id": "tokyo10-35",
        "name": "亀戸天神社 受付所",
        "category": "東京10社めぐり",
        "subcategory": "的野美青・山下瞳月",
        "categoryColor": "#f59e0b",
        "address": "",
        "sceneTitle": "亀戸天神社 受付所",
        "sceneNote": "",
        "sourceLabel": "fumi Diary 2号店 (東京10社めぐりマップ)",
        "sourceUrl": "https://www.google.com/maps/d/viewer?mid=1EOjvzb1kdZoT-4NoJnzMx1_b6dR_UoM",
        "tags": [
          "東京10社",
          "的野美青",
          "山下瞳月",
          "神社"
        ],
        "images": [],
        "members": [
          "的野美青",
          "山下瞳月"
        ],
        "source": {
          "provider": "fumi Diary 2号店 (東京10社めぐりマップ)",
          "url": "https://www.google.com/maps/d/viewer?mid=1EOjvzb1kdZoT-4NoJnzMx1_b6dR_UoM",
          "mapId": "",
          "layer": "東京10社めぐり",
          "tags": [
            "東京10社",
            "的野美青",
            "山下瞳月",
            "神社"
          ],
          "name": "亀戸天神社 受付所"
        },
        "classification": {
          "category": "東京10社めぐり",
          "subcategory": "的野美青・山下瞳月",
          "method": "legacy-import",
          "status": "unreviewed"
        },
        "classificationCandidates": {
          "members": [],
          "projects": [],
          "contentTypes": []
        }
      }
    },
    {
      "type": "Feature",
      "geometry": {
        "type": "Point",
        "coordinates": [
          139.8205498,
          35.7028086
        ]
      },
      "properties": {
        "id": "tokyo10-36",
        "name": "亀戸天神社 絵馬掛所前",
        "category": "東京10社めぐり",
        "subcategory": "的野美青・山下瞳月",
        "categoryColor": "#f59e0b",
        "address": "",
        "sceneTitle": "亀戸天神社 絵馬掛所前",
        "sceneNote": "二社目クリア",
        "sourceLabel": "fumi Diary 2号店 (東京10社めぐりマップ)",
        "sourceUrl": "https://www.google.com/maps/d/viewer?mid=1EOjvzb1kdZoT-4NoJnzMx1_b6dR_UoM",
        "tags": [
          "東京10社",
          "的野美青",
          "山下瞳月",
          "神社"
        ],
        "images": [
          "https://pub-6d7574c4452b41519ab8adf1541d7f9e.r2.dev/seichi/tokyo10sha/3AAjQbR7MhBqK25LS7NQ1Vtyk4EAhrKlldBX7YfL_86343584.png",
          "https://pub-6d7574c4452b41519ab8adf1541d7f9e.r2.dev/seichi/tokyo10sha/3AAjQbR6MlCHts0YsQe8DqQ0mSzVjTGk9Mf1YKtx_2b82aec2.png",
          "https://pub-6d7574c4452b41519ab8adf1541d7f9e.r2.dev/seichi/tokyo10sha/3AAjQbR6xxmTVD_5WWV5m0iTxqpxLzthYlTWtHEd_6a284ecc.png"
        ],
        "members": [
          "的野美青",
          "山下瞳月"
        ],
        "source": {
          "provider": "fumi Diary 2号店 (東京10社めぐりマップ)",
          "url": "https://www.google.com/maps/d/viewer?mid=1EOjvzb1kdZoT-4NoJnzMx1_b6dR_UoM",
          "mapId": "",
          "layer": "東京10社めぐり",
          "tags": [
            "東京10社",
            "的野美青",
            "山下瞳月",
            "神社"
          ],
          "name": "亀戸天神社 絵馬掛所前"
        },
        "classification": {
          "category": "東京10社めぐり",
          "subcategory": "的野美青・山下瞳月",
          "method": "legacy-import",
          "status": "unreviewed"
        },
        "classificationCandidates": {
          "members": [],
          "projects": [],
          "contentTypes": []
        }
      }
    },
    {
      "type": "Feature",
      "geometry": {
        "type": "Point",
        "coordinates": [
          139.820704,
          35.702592
        ]
      },
      "properties": {
        "id": "tokyo10-37",
        "name": "亀戸天神社 女橋",
        "category": "東京10社めぐり",
        "subcategory": "的野美青・山下瞳月",
        "categoryColor": "#f59e0b",
        "address": "",
        "sceneTitle": "亀戸天神社 女橋",
        "sceneNote": "",
        "sourceLabel": "fumi Diary 2号店 (東京10社めぐりマップ)",
        "sourceUrl": "https://www.google.com/maps/d/viewer?mid=1EOjvzb1kdZoT-4NoJnzMx1_b6dR_UoM",
        "tags": [
          "東京10社",
          "的野美青",
          "山下瞳月",
          "神社"
        ],
        "images": [
          "https://pub-6d7574c4452b41519ab8adf1541d7f9e.r2.dev/seichi/tokyo10sha/3AAjQbR5J8d99rYarE7r_sryYwInKdSB2V047IoU_b3b1306f.png"
        ],
        "members": [
          "的野美青",
          "山下瞳月"
        ],
        "source": {
          "provider": "fumi Diary 2号店 (東京10社めぐりマップ)",
          "url": "https://www.google.com/maps/d/viewer?mid=1EOjvzb1kdZoT-4NoJnzMx1_b6dR_UoM",
          "mapId": "",
          "layer": "東京10社めぐり",
          "tags": [
            "東京10社",
            "的野美青",
            "山下瞳月",
            "神社"
          ],
          "name": "亀戸天神社 女橋"
        },
        "classification": {
          "category": "東京10社めぐり",
          "subcategory": "的野美青・山下瞳月",
          "method": "legacy-import",
          "status": "unreviewed"
        },
        "classificationCandidates": {
          "members": [],
          "projects": [],
          "contentTypes": []
        }
      }
    },
    {
      "type": "Feature",
      "geometry": {
        "type": "Point",
        "coordinates": [
          139.81924,
          35.701542
        ]
      },
      "properties": {
        "id": "tokyo10-38",
        "name": "天神橋",
        "category": "東京10社めぐり",
        "subcategory": "的野美青・山下瞳月",
        "categoryColor": "#f59e0b",
        "address": "",
        "sceneTitle": "天神橋",
        "sceneNote": "",
        "sourceLabel": "fumi Diary 2号店 (東京10社めぐりマップ)",
        "sourceUrl": "https://www.google.com/maps/d/viewer?mid=1EOjvzb1kdZoT-4NoJnzMx1_b6dR_UoM",
        "tags": [
          "東京10社",
          "的野美青",
          "山下瞳月",
          "神社"
        ],
        "images": [
          "https://pub-6d7574c4452b41519ab8adf1541d7f9e.r2.dev/seichi/tokyo10sha/3AAjQbR5304HcZBtG4DAG6jDSixk4VvyHCuCTutx_b1e6708e.png"
        ],
        "members": [
          "的野美青",
          "山下瞳月"
        ],
        "source": {
          "provider": "fumi Diary 2号店 (東京10社めぐりマップ)",
          "url": "https://www.google.com/maps/d/viewer?mid=1EOjvzb1kdZoT-4NoJnzMx1_b6dR_UoM",
          "mapId": "",
          "layer": "東京10社めぐり",
          "tags": [
            "東京10社",
            "的野美青",
            "山下瞳月",
            "神社"
          ],
          "name": "天神橋"
        },
        "classification": {
          "category": "東京10社めぐり",
          "subcategory": "的野美青・山下瞳月",
          "method": "legacy-import",
          "status": "unreviewed"
        },
        "classificationCandidates": {
          "members": [],
          "projects": [],
          "contentTypes": []
        }
      }
    },
    {
      "type": "Feature",
      "geometry": {
        "type": "Point",
        "coordinates": [
          139.8188874,
          35.7016242
        ]
      },
      "properties": {
        "id": "tokyo10-39",
        "name": "横十間川沿い",
        "category": "東京10社めぐり",
        "subcategory": "的野美青・山下瞳月",
        "categoryColor": "#f59e0b",
        "address": "",
        "sceneTitle": "横十間川沿い",
        "sceneNote": "",
        "sourceLabel": "fumi Diary 2号店 (東京10社めぐりマップ)",
        "sourceUrl": "https://www.google.com/maps/d/viewer?mid=1EOjvzb1kdZoT-4NoJnzMx1_b6dR_UoM",
        "tags": [
          "東京10社",
          "的野美青",
          "山下瞳月",
          "神社"
        ],
        "images": [
          "https://pub-6d7574c4452b41519ab8adf1541d7f9e.r2.dev/seichi/tokyo10sha/3AAjQbR4k5aSDcNeRAvacSu0L2hRX9cvcBuCXp-X_22c9760b.png"
        ],
        "members": [
          "的野美青",
          "山下瞳月"
        ],
        "source": {
          "provider": "fumi Diary 2号店 (東京10社めぐりマップ)",
          "url": "https://www.google.com/maps/d/viewer?mid=1EOjvzb1kdZoT-4NoJnzMx1_b6dR_UoM",
          "mapId": "",
          "layer": "東京10社めぐり",
          "tags": [
            "東京10社",
            "的野美青",
            "山下瞳月",
            "神社"
          ],
          "name": "横十間川沿い"
        },
        "classification": {
          "category": "東京10社めぐり",
          "subcategory": "的野美青・山下瞳月",
          "method": "legacy-import",
          "status": "unreviewed"
        },
        "classificationCandidates": {
          "members": [],
          "projects": [],
          "contentTypes": []
        }
      }
    },
    {
      "type": "Feature",
      "geometry": {
        "type": "Point",
        "coordinates": [
          139.8188013,
          35.7039304
        ]
      },
      "properties": {
        "id": "tokyo10-40",
        "name": "横十間川沿い",
        "category": "東京10社めぐり",
        "subcategory": "的野美青・山下瞳月",
        "categoryColor": "#f59e0b",
        "address": "",
        "sceneTitle": "横十間川沿い",
        "sceneNote": "",
        "sourceLabel": "fumi Diary 2号店 (東京10社めぐりマップ)",
        "sourceUrl": "https://www.google.com/maps/d/viewer?mid=1EOjvzb1kdZoT-4NoJnzMx1_b6dR_UoM",
        "tags": [
          "東京10社",
          "的野美青",
          "山下瞳月",
          "神社"
        ],
        "images": [
          "https://pub-6d7574c4452b41519ab8adf1541d7f9e.r2.dev/seichi/tokyo10sha/3AAjQbR6ZCrww22veozDrEe4abSnq3gATTHqJp67_be5bada5.png"
        ],
        "members": [
          "的野美青",
          "山下瞳月"
        ],
        "source": {
          "provider": "fumi Diary 2号店 (東京10社めぐりマップ)",
          "url": "https://www.google.com/maps/d/viewer?mid=1EOjvzb1kdZoT-4NoJnzMx1_b6dR_UoM",
          "mapId": "",
          "layer": "東京10社めぐり",
          "tags": [
            "東京10社",
            "的野美青",
            "山下瞳月",
            "神社"
          ],
          "name": "横十間川沿い"
        },
        "classification": {
          "category": "東京10社めぐり",
          "subcategory": "的野美青・山下瞳月",
          "method": "legacy-import",
          "status": "unreviewed"
        },
        "classificationCandidates": {
          "members": [],
          "projects": [],
          "contentTypes": []
        }
      }
    },
    {
      "type": "Feature",
      "geometry": {
        "type": "Point",
        "coordinates": [
          139.813549,
          35.708889
        ]
      },
      "properties": {
        "id": "tokyo10-41",
        "name": "押上駅前交差点 / 三菱UFJ銀行 押上駅前支店",
        "category": "東京10社めぐり",
        "subcategory": "的野美青・山下瞳月",
        "categoryColor": "#f59e0b",
        "address": "",
        "sceneTitle": "押上駅前交差点 / 三菱UFJ銀行 押上駅前支店",
        "sceneNote": "",
        "sourceLabel": "fumi Diary 2号店 (東京10社めぐりマップ)",
        "sourceUrl": "https://www.google.com/maps/d/viewer?mid=1EOjvzb1kdZoT-4NoJnzMx1_b6dR_UoM",
        "tags": [
          "東京10社",
          "的野美青",
          "山下瞳月",
          "神社"
        ],
        "images": [
          "https://pub-6d7574c4452b41519ab8adf1541d7f9e.r2.dev/seichi/tokyo10sha/3AAjQbR7Jo9aZCjrMxmElJt9ZkvBGYG1GXqGGkr2_99943eb6.png"
        ],
        "members": [
          "的野美青",
          "山下瞳月"
        ],
        "source": {
          "provider": "fumi Diary 2号店 (東京10社めぐりマップ)",
          "url": "https://www.google.com/maps/d/viewer?mid=1EOjvzb1kdZoT-4NoJnzMx1_b6dR_UoM",
          "mapId": "",
          "layer": "東京10社めぐり",
          "tags": [
            "東京10社",
            "的野美青",
            "山下瞳月",
            "神社"
          ],
          "name": "押上駅前交差点 / 三菱UFJ銀行 押上駅前支店"
        },
        "classification": {
          "category": "東京10社めぐり",
          "subcategory": "的野美青・山下瞳月",
          "method": "legacy-import",
          "status": "unreviewed"
        },
        "classificationCandidates": {
          "members": [],
          "projects": [],
          "contentTypes": []
        }
      }
    },
    {
      "type": "Feature",
      "geometry": {
        "type": "Point",
        "coordinates": [
          139.810885359048,
          35.7087943701537
        ]
      },
      "properties": {
        "id": "tokyo10-42",
        "name": "浅草通り",
        "category": "東京10社めぐり",
        "subcategory": "的野美青・山下瞳月",
        "categoryColor": "#f59e0b",
        "address": "",
        "sceneTitle": "浅草通り",
        "sceneNote": "",
        "sourceLabel": "fumi Diary 2号店 (東京10社めぐりマップ)",
        "sourceUrl": "https://www.google.com/maps/d/viewer?mid=1EOjvzb1kdZoT-4NoJnzMx1_b6dR_UoM",
        "tags": [
          "東京10社",
          "的野美青",
          "山下瞳月",
          "神社"
        ],
        "images": [
          "https://pub-6d7574c4452b41519ab8adf1541d7f9e.r2.dev/seichi/tokyo10sha/3AAjQbR7CswVLCAGUG3YLfP3XbcbfEtoW_wH8IB6_6e070bcd.png",
          "https://pub-6d7574c4452b41519ab8adf1541d7f9e.r2.dev/seichi/tokyo10sha/3AAjQbR5HT63VAhK3fOUHVtwK155AZImXXd_e0x2_e364f6db.png"
        ],
        "members": [
          "的野美青",
          "山下瞳月"
        ],
        "source": {
          "provider": "fumi Diary 2号店 (東京10社めぐりマップ)",
          "url": "https://www.google.com/maps/d/viewer?mid=1EOjvzb1kdZoT-4NoJnzMx1_b6dR_UoM",
          "mapId": "",
          "layer": "東京10社めぐり",
          "tags": [
            "東京10社",
            "的野美青",
            "山下瞳月",
            "神社"
          ],
          "name": "浅草通り"
        },
        "classification": {
          "category": "東京10社めぐり",
          "subcategory": "的野美青・山下瞳月",
          "method": "legacy-import",
          "status": "unreviewed"
        },
        "classificationCandidates": {
          "members": [],
          "projects": [],
          "contentTypes": []
        }
      }
    },
    {
      "type": "Feature",
      "geometry": {
        "type": "Point",
        "coordinates": [
          139.8097309,
          35.7089929
        ]
      },
      "properties": {
        "id": "tokyo10-43",
        "name": "浅草通り / ドミノ・ピザ押上店",
        "category": "東京10社めぐり",
        "subcategory": "的野美青・山下瞳月",
        "categoryColor": "#f59e0b",
        "address": "",
        "sceneTitle": "浅草通り / ドミノ・ピザ押上店",
        "sceneNote": "",
        "sourceLabel": "fumi Diary 2号店 (東京10社めぐりマップ)",
        "sourceUrl": "https://www.google.com/maps/d/viewer?mid=1EOjvzb1kdZoT-4NoJnzMx1_b6dR_UoM",
        "tags": [
          "東京10社",
          "的野美青",
          "山下瞳月",
          "神社"
        ],
        "images": [
          "https://pub-6d7574c4452b41519ab8adf1541d7f9e.r2.dev/seichi/tokyo10sha/3AAjQbR7rGQz0wHp7_t8rYdeaEgmTTaiyF8YxrEA_ff4a8eab.png"
        ],
        "members": [
          "的野美青",
          "山下瞳月"
        ],
        "source": {
          "provider": "fumi Diary 2号店 (東京10社めぐりマップ)",
          "url": "https://www.google.com/maps/d/viewer?mid=1EOjvzb1kdZoT-4NoJnzMx1_b6dR_UoM",
          "mapId": "",
          "layer": "東京10社めぐり",
          "tags": [
            "東京10社",
            "的野美青",
            "山下瞳月",
            "神社"
          ],
          "name": "浅草通り / ドミノ・ピザ押上店"
        },
        "classification": {
          "category": "東京10社めぐり",
          "subcategory": "的野美青・山下瞳月",
          "method": "legacy-import",
          "status": "unreviewed"
        },
        "classificationCandidates": {
          "members": [],
          "projects": [],
          "contentTypes": []
        }
      }
    },
    {
      "type": "Feature",
      "geometry": {
        "type": "Point",
        "coordinates": [
          139.808882757697,
          35.7089604854703
        ]
      },
      "properties": {
        "id": "tokyo10-44",
        "name": "浅草通り",
        "category": "東京10社めぐり",
        "subcategory": "的野美青・山下瞳月",
        "categoryColor": "#f59e0b",
        "address": "",
        "sceneTitle": "浅草通り",
        "sceneNote": "",
        "sourceLabel": "fumi Diary 2号店 (東京10社めぐりマップ)",
        "sourceUrl": "https://www.google.com/maps/d/viewer?mid=1EOjvzb1kdZoT-4NoJnzMx1_b6dR_UoM",
        "tags": [
          "東京10社",
          "的野美青",
          "山下瞳月",
          "神社"
        ],
        "images": [
          "https://pub-6d7574c4452b41519ab8adf1541d7f9e.r2.dev/seichi/tokyo10sha/3AAjQbR7JEwe5Nem_Ypwk3guB1MgEoJN2VhDra8d_bc933d51.png"
        ],
        "members": [
          "的野美青",
          "山下瞳月"
        ],
        "source": {
          "provider": "fumi Diary 2号店 (東京10社めぐりマップ)",
          "url": "https://www.google.com/maps/d/viewer?mid=1EOjvzb1kdZoT-4NoJnzMx1_b6dR_UoM",
          "mapId": "",
          "layer": "東京10社めぐり",
          "tags": [
            "東京10社",
            "的野美青",
            "山下瞳月",
            "神社"
          ],
          "name": "浅草通り"
        },
        "classification": {
          "category": "東京10社めぐり",
          "subcategory": "的野美青・山下瞳月",
          "method": "legacy-import",
          "status": "unreviewed"
        },
        "classificationCandidates": {
          "members": [],
          "projects": [],
          "contentTypes": []
        }
      }
    },
    {
      "type": "Feature",
      "geometry": {
        "type": "Point",
        "coordinates": [
          139.808271734915,
          35.7089288800388
        ]
      },
      "properties": {
        "id": "tokyo10-45",
        "name": "業平一丁目交差点",
        "category": "東京10社めぐり",
        "subcategory": "的野美青・山下瞳月",
        "categoryColor": "#f59e0b",
        "address": "",
        "sceneTitle": "業平一丁目交差点",
        "sceneNote": "",
        "sourceLabel": "fumi Diary 2号店 (東京10社めぐりマップ)",
        "sourceUrl": "https://www.google.com/maps/d/viewer?mid=1EOjvzb1kdZoT-4NoJnzMx1_b6dR_UoM",
        "tags": [
          "東京10社",
          "的野美青",
          "山下瞳月",
          "神社"
        ],
        "images": [
          "https://pub-6d7574c4452b41519ab8adf1541d7f9e.r2.dev/seichi/tokyo10sha/3AAjQbR5YeZbVqoRILsl1LgE6RlRBO2xeTGrNOWy_c9a9cb8d.png"
        ],
        "members": [
          "的野美青",
          "山下瞳月"
        ],
        "source": {
          "provider": "fumi Diary 2号店 (東京10社めぐりマップ)",
          "url": "https://www.google.com/maps/d/viewer?mid=1EOjvzb1kdZoT-4NoJnzMx1_b6dR_UoM",
          "mapId": "",
          "layer": "東京10社めぐり",
          "tags": [
            "東京10社",
            "的野美青",
            "山下瞳月",
            "神社"
          ],
          "name": "業平一丁目交差点"
        },
        "classification": {
          "category": "東京10社めぐり",
          "subcategory": "的野美青・山下瞳月",
          "method": "legacy-import",
          "status": "unreviewed"
        },
        "classificationCandidates": {
          "members": [],
          "projects": [],
          "contentTypes": []
        }
      }
    },
    {
      "type": "Feature",
      "geometry": {
        "type": "Point",
        "coordinates": [
          139.7995916,
          35.7096156
        ]
      },
      "properties": {
        "id": "tokyo10-46",
        "name": "吾妻橋",
        "category": "東京10社めぐり",
        "subcategory": "的野美青・山下瞳月",
        "categoryColor": "#f59e0b",
        "address": "",
        "sceneTitle": "吾妻橋",
        "sceneNote": "",
        "sourceLabel": "fumi Diary 2号店 (東京10社めぐりマップ)",
        "sourceUrl": "https://www.google.com/maps/d/viewer?mid=1EOjvzb1kdZoT-4NoJnzMx1_b6dR_UoM",
        "tags": [
          "東京10社",
          "的野美青",
          "山下瞳月",
          "神社"
        ],
        "images": [
          "https://pub-6d7574c4452b41519ab8adf1541d7f9e.r2.dev/seichi/tokyo10sha/3AAjQbR7NKo1L1kH-LyLaoIVnqUUKZhU0EoUh2Zz_83d87234.png"
        ],
        "members": [
          "的野美青",
          "山下瞳月"
        ],
        "source": {
          "provider": "fumi Diary 2号店 (東京10社めぐりマップ)",
          "url": "https://www.google.com/maps/d/viewer?mid=1EOjvzb1kdZoT-4NoJnzMx1_b6dR_UoM",
          "mapId": "",
          "layer": "東京10社めぐり",
          "tags": [
            "東京10社",
            "的野美青",
            "山下瞳月",
            "神社"
          ],
          "name": "吾妻橋"
        },
        "classification": {
          "category": "東京10社めぐり",
          "subcategory": "的野美青・山下瞳月",
          "method": "legacy-import",
          "status": "unreviewed"
        },
        "classificationCandidates": {
          "members": [],
          "projects": [],
          "contentTypes": []
        }
      }
    },
    {
      "type": "Feature",
      "geometry": {
        "type": "Point",
        "coordinates": [
          139.798647,
          35.7101724
        ]
      },
      "properties": {
        "id": "tokyo10-47",
        "name": "吾妻橋",
        "category": "東京10社めぐり",
        "subcategory": "的野美青・山下瞳月",
        "categoryColor": "#f59e0b",
        "address": "",
        "sceneTitle": "吾妻橋",
        "sceneNote": "",
        "sourceLabel": "fumi Diary 2号店 (東京10社めぐりマップ)",
        "sourceUrl": "https://www.google.com/maps/d/viewer?mid=1EOjvzb1kdZoT-4NoJnzMx1_b6dR_UoM",
        "tags": [
          "東京10社",
          "的野美青",
          "山下瞳月",
          "神社"
        ],
        "images": [
          "https://pub-6d7574c4452b41519ab8adf1541d7f9e.r2.dev/seichi/tokyo10sha/3AAjQbR6B5Ly3pWmdABP-j01GCwCaNQoo0sz25vJ_2f451a66.png"
        ],
        "members": [
          "的野美青",
          "山下瞳月"
        ],
        "source": {
          "provider": "fumi Diary 2号店 (東京10社めぐりマップ)",
          "url": "https://www.google.com/maps/d/viewer?mid=1EOjvzb1kdZoT-4NoJnzMx1_b6dR_UoM",
          "mapId": "",
          "layer": "東京10社めぐり",
          "tags": [
            "東京10社",
            "的野美青",
            "山下瞳月",
            "神社"
          ],
          "name": "吾妻橋"
        },
        "classification": {
          "category": "東京10社めぐり",
          "subcategory": "的野美青・山下瞳月",
          "method": "legacy-import",
          "status": "unreviewed"
        },
        "classificationCandidates": {
          "members": [],
          "projects": [],
          "contentTypes": []
        }
      }
    },
    {
      "type": "Feature",
      "geometry": {
        "type": "Point",
        "coordinates": [
          139.796389,
          35.710744
        ]
      },
      "properties": {
        "id": "tokyo10-48",
        "name": "雷門交差点",
        "category": "東京10社めぐり",
        "subcategory": "的野美青・山下瞳月",
        "categoryColor": "#f59e0b",
        "address": "",
        "sceneTitle": "雷門交差点",
        "sceneNote": "",
        "sourceLabel": "fumi Diary 2号店 (東京10社めぐりマップ)",
        "sourceUrl": "https://www.google.com/maps/d/viewer?mid=1EOjvzb1kdZoT-4NoJnzMx1_b6dR_UoM",
        "tags": [
          "東京10社",
          "的野美青",
          "山下瞳月",
          "神社"
        ],
        "images": [
          "https://pub-6d7574c4452b41519ab8adf1541d7f9e.r2.dev/seichi/tokyo10sha/3AAjQbR6DmsJhJvDLlBCTJUtLXEaFtU_R6t4W4XJ_2931ff60.png",
          "https://pub-6d7574c4452b41519ab8adf1541d7f9e.r2.dev/seichi/tokyo10sha/3AAjQbR6QsajtwvVY5E0NS4NmG6LeVxsEL7u4CB3_2ddf1518.png",
          "https://pub-6d7574c4452b41519ab8adf1541d7f9e.r2.dev/seichi/tokyo10sha/3AAjQbR7pflg7HBNcuxu-yRtgU0pMTwoqvHJqx_6_a79399c8.png"
        ],
        "members": [
          "的野美青",
          "山下瞳月"
        ],
        "source": {
          "provider": "fumi Diary 2号店 (東京10社めぐりマップ)",
          "url": "https://www.google.com/maps/d/viewer?mid=1EOjvzb1kdZoT-4NoJnzMx1_b6dR_UoM",
          "mapId": "",
          "layer": "東京10社めぐり",
          "tags": [
            "東京10社",
            "的野美青",
            "山下瞳月",
            "神社"
          ],
          "name": "雷門交差点"
        },
        "classification": {
          "category": "東京10社めぐり",
          "subcategory": "的野美青・山下瞳月",
          "method": "legacy-import",
          "status": "unreviewed"
        },
        "classificationCandidates": {
          "members": [],
          "projects": [],
          "contentTypes": []
        }
      }
    },
    {
      "type": "Feature",
      "geometry": {
        "type": "Point",
        "coordinates": [
          139.791965017742,
          35.7108515949091
        ]
      },
      "properties": {
        "id": "tokyo10-49",
        "name": "国際通り",
        "category": "東京10社めぐり",
        "subcategory": "的野美青・山下瞳月",
        "categoryColor": "#f59e0b",
        "address": "",
        "sceneTitle": "国際通り",
        "sceneNote": "",
        "sourceLabel": "fumi Diary 2号店 (東京10社めぐりマップ)",
        "sourceUrl": "https://www.google.com/maps/d/viewer?mid=1EOjvzb1kdZoT-4NoJnzMx1_b6dR_UoM",
        "tags": [
          "東京10社",
          "的野美青",
          "山下瞳月",
          "神社"
        ],
        "images": [
          "https://pub-6d7574c4452b41519ab8adf1541d7f9e.r2.dev/seichi/tokyo10sha/3AAjQbR4AqTomE6cKOY4dlChBtf1wC1D0I000_2u_92e2cf04.png"
        ],
        "members": [
          "的野美青",
          "山下瞳月"
        ],
        "source": {
          "provider": "fumi Diary 2号店 (東京10社めぐりマップ)",
          "url": "https://www.google.com/maps/d/viewer?mid=1EOjvzb1kdZoT-4NoJnzMx1_b6dR_UoM",
          "mapId": "",
          "layer": "東京10社めぐり",
          "tags": [
            "東京10社",
            "的野美青",
            "山下瞳月",
            "神社"
          ],
          "name": "国際通り"
        },
        "classification": {
          "category": "東京10社めぐり",
          "subcategory": "的野美青・山下瞳月",
          "method": "legacy-import",
          "status": "unreviewed"
        },
        "classificationCandidates": {
          "members": [],
          "projects": [],
          "contentTypes": []
        }
      }
    },
    {
      "type": "Feature",
      "geometry": {
        "type": "Point",
        "coordinates": [
          139.791808908389,
          35.7104015430621
        ]
      },
      "properties": {
        "id": "tokyo10-50",
        "name": "国際通り",
        "category": "東京10社めぐり",
        "subcategory": "的野美青・山下瞳月",
        "categoryColor": "#f59e0b",
        "address": "",
        "sceneTitle": "国際通り",
        "sceneNote": "",
        "sourceLabel": "fumi Diary 2号店 (東京10社めぐりマップ)",
        "sourceUrl": "https://www.google.com/maps/d/viewer?mid=1EOjvzb1kdZoT-4NoJnzMx1_b6dR_UoM",
        "tags": [
          "東京10社",
          "的野美青",
          "山下瞳月",
          "神社"
        ],
        "images": [
          "https://pub-6d7574c4452b41519ab8adf1541d7f9e.r2.dev/seichi/tokyo10sha/3AAjQbR4agYxQOD3akAAARlKl0qE4W4gbj5sQHTe_37d6503c.png"
        ],
        "members": [
          "的野美青",
          "山下瞳月"
        ],
        "source": {
          "provider": "fumi Diary 2号店 (東京10社めぐりマップ)",
          "url": "https://www.google.com/maps/d/viewer?mid=1EOjvzb1kdZoT-4NoJnzMx1_b6dR_UoM",
          "mapId": "",
          "layer": "東京10社めぐり",
          "tags": [
            "東京10社",
            "的野美青",
            "山下瞳月",
            "神社"
          ],
          "name": "国際通り"
        },
        "classification": {
          "category": "東京10社めぐり",
          "subcategory": "的野美青・山下瞳月",
          "method": "legacy-import",
          "status": "unreviewed"
        },
        "classificationCandidates": {
          "members": [],
          "projects": [],
          "contentTypes": []
        }
      }
    },
    {
      "type": "Feature",
      "geometry": {
        "type": "Point",
        "coordinates": [
          139.791697198643,
          35.7100631275935
        ]
      },
      "properties": {
        "id": "tokyo10-51",
        "name": "国際通り",
        "category": "東京10社めぐり",
        "subcategory": "的野美青・山下瞳月",
        "categoryColor": "#f59e0b",
        "address": "",
        "sceneTitle": "国際通り",
        "sceneNote": "",
        "sourceLabel": "fumi Diary 2号店 (東京10社めぐりマップ)",
        "sourceUrl": "https://www.google.com/maps/d/viewer?mid=1EOjvzb1kdZoT-4NoJnzMx1_b6dR_UoM",
        "tags": [
          "東京10社",
          "的野美青",
          "山下瞳月",
          "神社"
        ],
        "images": [
          "https://pub-6d7574c4452b41519ab8adf1541d7f9e.r2.dev/seichi/tokyo10sha/3AAjQbR4P4wome_Fe5uCkiUVTukZbdCSVnFw2-ZA_ef2bbde0.png"
        ],
        "members": [
          "的野美青",
          "山下瞳月"
        ],
        "source": {
          "provider": "fumi Diary 2号店 (東京10社めぐりマップ)",
          "url": "https://www.google.com/maps/d/viewer?mid=1EOjvzb1kdZoT-4NoJnzMx1_b6dR_UoM",
          "mapId": "",
          "layer": "東京10社めぐり",
          "tags": [
            "東京10社",
            "的野美青",
            "山下瞳月",
            "神社"
          ],
          "name": "国際通り"
        },
        "classification": {
          "category": "東京10社めぐり",
          "subcategory": "的野美青・山下瞳月",
          "method": "legacy-import",
          "status": "unreviewed"
        },
        "classificationCandidates": {
          "members": [],
          "projects": [],
          "contentTypes": []
        }
      }
    },
    {
      "type": "Feature",
      "geometry": {
        "type": "Point",
        "coordinates": [
          139.7916216,
          35.7097161
        ]
      },
      "properties": {
        "id": "tokyo10-52",
        "name": "寿四丁目交差点",
        "category": "東京10社めぐり",
        "subcategory": "的野美青・山下瞳月",
        "categoryColor": "#f59e0b",
        "address": "",
        "sceneTitle": "寿四丁目交差点",
        "sceneNote": "",
        "sourceLabel": "fumi Diary 2号店 (東京10社めぐりマップ)",
        "sourceUrl": "https://www.google.com/maps/d/viewer?mid=1EOjvzb1kdZoT-4NoJnzMx1_b6dR_UoM",
        "tags": [
          "東京10社",
          "的野美青",
          "山下瞳月",
          "神社"
        ],
        "images": [
          "https://pub-6d7574c4452b41519ab8adf1541d7f9e.r2.dev/seichi/tokyo10sha/3AAjQbR7Ga6m8GTU9QK_unYLXtZbx2Kq7yjvj0y8_43c9fb3e.png"
        ],
        "members": [
          "的野美青",
          "山下瞳月"
        ],
        "source": {
          "provider": "fumi Diary 2号店 (東京10社めぐりマップ)",
          "url": "https://www.google.com/maps/d/viewer?mid=1EOjvzb1kdZoT-4NoJnzMx1_b6dR_UoM",
          "mapId": "",
          "layer": "東京10社めぐり",
          "tags": [
            "東京10社",
            "的野美青",
            "山下瞳月",
            "神社"
          ],
          "name": "寿四丁目交差点"
        },
        "classification": {
          "category": "東京10社めぐり",
          "subcategory": "的野美青・山下瞳月",
          "method": "legacy-import",
          "status": "unreviewed"
        },
        "classificationCandidates": {
          "members": [],
          "projects": [],
          "contentTypes": []
        }
      }
    },
    {
      "type": "Feature",
      "geometry": {
        "type": "Point",
        "coordinates": [
          139.775538,
          35.7078183
        ]
      },
      "properties": {
        "id": "tokyo10-53",
        "name": "春日通り",
        "category": "東京10社めぐり",
        "subcategory": "的野美青・山下瞳月",
        "categoryColor": "#f59e0b",
        "address": "",
        "sceneTitle": "春日通り",
        "sceneNote": "",
        "sourceLabel": "fumi Diary 2号店 (東京10社めぐりマップ)",
        "sourceUrl": "https://www.google.com/maps/d/viewer?mid=1EOjvzb1kdZoT-4NoJnzMx1_b6dR_UoM",
        "tags": [
          "東京10社",
          "的野美青",
          "山下瞳月",
          "神社"
        ],
        "images": [
          "https://pub-6d7574c4452b41519ab8adf1541d7f9e.r2.dev/seichi/tokyo10sha/3AAjQbR4tAiq0nQoJv3qYH14pkvjKWCKYBCYcl0A_992e8c6e.png",
          "https://pub-6d7574c4452b41519ab8adf1541d7f9e.r2.dev/seichi/tokyo10sha/3AAjQbR7RgWk2M7EZiZbAruNfZVjSyOfEKuGaRwj_090e3180.png"
        ],
        "members": [
          "的野美青",
          "山下瞳月"
        ],
        "source": {
          "provider": "fumi Diary 2号店 (東京10社めぐりマップ)",
          "url": "https://www.google.com/maps/d/viewer?mid=1EOjvzb1kdZoT-4NoJnzMx1_b6dR_UoM",
          "mapId": "",
          "layer": "東京10社めぐり",
          "tags": [
            "東京10社",
            "的野美青",
            "山下瞳月",
            "神社"
          ],
          "name": "春日通り"
        },
        "classification": {
          "category": "東京10社めぐり",
          "subcategory": "的野美青・山下瞳月",
          "method": "legacy-import",
          "status": "unreviewed"
        },
        "classificationCandidates": {
          "members": [],
          "projects": [],
          "contentTypes": []
        }
      }
    },
    {
      "type": "Feature",
      "geometry": {
        "type": "Point",
        "coordinates": [
          139.775132,
          35.708125
        ]
      },
      "properties": {
        "id": "tokyo10-54",
        "name": "博多豚骨らぁ麺 一絆 御徒町本店",
        "category": "東京10社めぐり",
        "subcategory": "的野美青・山下瞳月",
        "categoryColor": "#f59e0b",
        "address": "",
        "sceneTitle": "博多豚骨らぁ麺 一絆 御徒町本店",
        "sceneNote": "一絆(いちばん) 山下瞳月: 豚骨素らぁ麺 青ネギなし 650円 的野美青: 豚骨素らぁ麺 650円",
        "sourceLabel": "fumi Diary 2号店 (東京10社めぐりマップ)",
        "sourceUrl": "https://www.google.com/maps/d/viewer?mid=1EOjvzb1kdZoT-4NoJnzMx1_b6dR_UoM",
        "tags": [
          "東京10社",
          "的野美青",
          "山下瞳月",
          "神社"
        ],
        "images": [
          "https://pub-6d7574c4452b41519ab8adf1541d7f9e.r2.dev/seichi/tokyo10sha/3AAjQbR4mFzP361LzGaZuRstkIIZL1E5zYGpRDin_f073325f.png",
          "https://pub-6d7574c4452b41519ab8adf1541d7f9e.r2.dev/seichi/tokyo10sha/3AAjQbR5QjKS6CY0TcDxA93jbcghYZQygeuMTOuo_3fd0dded.png",
          "https://pub-6d7574c4452b41519ab8adf1541d7f9e.r2.dev/seichi/tokyo10sha/3AAjQbR6L8C8CsKdhOnCnGcc58B4erBeplC56J6Q_2ea30e29.png",
          "https://pub-6d7574c4452b41519ab8adf1541d7f9e.r2.dev/seichi/tokyo10sha/3AAjQbR7WAHCpKvkujPMr2I6OPo4k9I6vTRo1Svr_f1662a22.png"
        ],
        "members": [
          "的野美青",
          "山下瞳月"
        ],
        "source": {
          "provider": "fumi Diary 2号店 (東京10社めぐりマップ)",
          "url": "https://www.google.com/maps/d/viewer?mid=1EOjvzb1kdZoT-4NoJnzMx1_b6dR_UoM",
          "mapId": "",
          "layer": "東京10社めぐり",
          "tags": [
            "東京10社",
            "的野美青",
            "山下瞳月",
            "神社"
          ],
          "name": "博多豚骨らぁ麺 一絆 御徒町本店"
        },
        "classification": {
          "category": "東京10社めぐり",
          "subcategory": "的野美青・山下瞳月",
          "method": "legacy-import",
          "status": "unreviewed"
        },
        "classificationCandidates": {
          "members": [],
          "projects": [],
          "contentTypes": []
        }
      }
    },
    {
      "type": "Feature",
      "geometry": {
        "type": "Point",
        "coordinates": [
          139.7738268,
          35.7091736
        ]
      },
      "properties": {
        "id": "tokyo10-55",
        "name": "上野広小路",
        "category": "東京10社めぐり",
        "subcategory": "的野美青・山下瞳月",
        "categoryColor": "#f59e0b",
        "address": "",
        "sceneTitle": "上野広小路",
        "sceneNote": "",
        "sourceLabel": "fumi Diary 2号店 (東京10社めぐりマップ)",
        "sourceUrl": "https://www.google.com/maps/d/viewer?mid=1EOjvzb1kdZoT-4NoJnzMx1_b6dR_UoM",
        "tags": [
          "東京10社",
          "的野美青",
          "山下瞳月",
          "神社"
        ],
        "images": [
          "https://pub-6d7574c4452b41519ab8adf1541d7f9e.r2.dev/seichi/tokyo10sha/3AAjQbR7ZXmY5J7b6c_bfTfNE3D4MX_x4h2Mfd-Y_e750a29a.png"
        ],
        "members": [
          "的野美青",
          "山下瞳月"
        ],
        "source": {
          "provider": "fumi Diary 2号店 (東京10社めぐりマップ)",
          "url": "https://www.google.com/maps/d/viewer?mid=1EOjvzb1kdZoT-4NoJnzMx1_b6dR_UoM",
          "mapId": "",
          "layer": "東京10社めぐり",
          "tags": [
            "東京10社",
            "的野美青",
            "山下瞳月",
            "神社"
          ],
          "name": "上野広小路"
        },
        "classification": {
          "category": "東京10社めぐり",
          "subcategory": "的野美青・山下瞳月",
          "method": "legacy-import",
          "status": "unreviewed"
        },
        "classificationCandidates": {
          "members": [],
          "projects": [],
          "contentTypes": []
        }
      }
    },
    {
      "type": "Feature",
      "geometry": {
        "type": "Point",
        "coordinates": [
          139.7723877,
          35.7100461
        ]
      },
      "properties": {
        "id": "tokyo10-56",
        "name": "上野恩賜公園",
        "category": "東京10社めぐり",
        "subcategory": "的野美青・山下瞳月",
        "categoryColor": "#f59e0b",
        "address": "",
        "sceneTitle": "上野恩賜公園",
        "sceneNote": "",
        "sourceLabel": "fumi Diary 2号店 (東京10社めぐりマップ)",
        "sourceUrl": "https://www.google.com/maps/d/viewer?mid=1EOjvzb1kdZoT-4NoJnzMx1_b6dR_UoM",
        "tags": [
          "東京10社",
          "的野美青",
          "山下瞳月",
          "神社"
        ],
        "images": [
          "https://pub-6d7574c4452b41519ab8adf1541d7f9e.r2.dev/seichi/tokyo10sha/3AAjQbR61o95rmffQZtUQ5F9iddPByZQRC5ddNpT_09590b2c.png"
        ],
        "members": [
          "的野美青",
          "山下瞳月"
        ],
        "source": {
          "provider": "fumi Diary 2号店 (東京10社めぐりマップ)",
          "url": "https://www.google.com/maps/d/viewer?mid=1EOjvzb1kdZoT-4NoJnzMx1_b6dR_UoM",
          "mapId": "",
          "layer": "東京10社めぐり",
          "tags": [
            "東京10社",
            "的野美青",
            "山下瞳月",
            "神社"
          ],
          "name": "上野恩賜公園"
        },
        "classification": {
          "category": "東京10社めぐり",
          "subcategory": "的野美青・山下瞳月",
          "method": "legacy-import",
          "status": "unreviewed"
        },
        "classificationCandidates": {
          "members": [],
          "projects": [],
          "contentTypes": []
        }
      }
    },
    {
      "type": "Feature",
      "geometry": {
        "type": "Point",
        "coordinates": [
          139.7718778,
          35.7099427
        ]
      },
      "properties": {
        "id": "tokyo10-57",
        "name": "上野恩賜公園",
        "category": "東京10社めぐり",
        "subcategory": "的野美青・山下瞳月",
        "categoryColor": "#f59e0b",
        "address": "",
        "sceneTitle": "上野恩賜公園",
        "sceneNote": "ひまわり発見",
        "sourceLabel": "fumi Diary 2号店 (東京10社めぐりマップ)",
        "sourceUrl": "https://www.google.com/maps/d/viewer?mid=1EOjvzb1kdZoT-4NoJnzMx1_b6dR_UoM",
        "tags": [
          "東京10社",
          "的野美青",
          "山下瞳月",
          "神社"
        ],
        "images": [
          "https://pub-6d7574c4452b41519ab8adf1541d7f9e.r2.dev/seichi/tokyo10sha/3AAjQbR7_Yt3qEx3zquZzSKQBHZUf6Ym52oCv8vM_63193570.png",
          "https://pub-6d7574c4452b41519ab8adf1541d7f9e.r2.dev/seichi/tokyo10sha/3AAjQbR5pLMgcjHrm1RX9TZMcR-svBEfmYTakeWb_76e9d901.png"
        ],
        "members": [
          "的野美青",
          "山下瞳月"
        ],
        "source": {
          "provider": "fumi Diary 2号店 (東京10社めぐりマップ)",
          "url": "https://www.google.com/maps/d/viewer?mid=1EOjvzb1kdZoT-4NoJnzMx1_b6dR_UoM",
          "mapId": "",
          "layer": "東京10社めぐり",
          "tags": [
            "東京10社",
            "的野美青",
            "山下瞳月",
            "神社"
          ],
          "name": "上野恩賜公園"
        },
        "classification": {
          "category": "東京10社めぐり",
          "subcategory": "的野美青・山下瞳月",
          "method": "legacy-import",
          "status": "unreviewed"
        },
        "classificationCandidates": {
          "members": [],
          "projects": [],
          "contentTypes": []
        }
      }
    },
    {
      "type": "Feature",
      "geometry": {
        "type": "Point",
        "coordinates": [
          139.76932,
          35.713006
        ]
      },
      "properties": {
        "id": "tokyo10-58",
        "name": "上野恩賜公園 不忍池 親水デッキ",
        "category": "東京10社めぐり",
        "subcategory": "的野美青・山下瞳月",
        "categoryColor": "#f59e0b",
        "address": "",
        "sceneTitle": "上野恩賜公園 不忍池 親水デッキ",
        "sceneNote": "",
        "sourceLabel": "fumi Diary 2号店 (東京10社めぐりマップ)",
        "sourceUrl": "https://www.google.com/maps/d/viewer?mid=1EOjvzb1kdZoT-4NoJnzMx1_b6dR_UoM",
        "tags": [
          "東京10社",
          "的野美青",
          "山下瞳月",
          "神社"
        ],
        "images": [
          "https://pub-6d7574c4452b41519ab8adf1541d7f9e.r2.dev/seichi/tokyo10sha/3AAjQbR6YqOjeSMGIzykqu6MNEBCnjYeLJByg7nH_cf1ffbba.png",
          "https://pub-6d7574c4452b41519ab8adf1541d7f9e.r2.dev/seichi/tokyo10sha/3AAjQbR6eMSM4j_LAgWEj5B034i_1GYT70oSd-MV_964c3420.png"
        ],
        "members": [
          "的野美青",
          "山下瞳月"
        ],
        "source": {
          "provider": "fumi Diary 2号店 (東京10社めぐりマップ)",
          "url": "https://www.google.com/maps/d/viewer?mid=1EOjvzb1kdZoT-4NoJnzMx1_b6dR_UoM",
          "mapId": "",
          "layer": "東京10社めぐり",
          "tags": [
            "東京10社",
            "的野美青",
            "山下瞳月",
            "神社"
          ],
          "name": "上野恩賜公園 不忍池 親水デッキ"
        },
        "classification": {
          "category": "東京10社めぐり",
          "subcategory": "的野美青・山下瞳月",
          "method": "legacy-import",
          "status": "unreviewed"
        },
        "classificationCandidates": {
          "members": [],
          "projects": [],
          "contentTypes": []
        }
      }
    },
    {
      "type": "Feature",
      "geometry": {
        "type": "Point",
        "coordinates": [
          139.767805,
          35.714767
        ]
      },
      "properties": {
        "id": "tokyo10-59",
        "name": "不忍池通り",
        "category": "東京10社めぐり",
        "subcategory": "的野美青・山下瞳月",
        "categoryColor": "#f59e0b",
        "address": "",
        "sceneTitle": "不忍池通り",
        "sceneNote": "",
        "sourceLabel": "fumi Diary 2号店 (東京10社めぐりマップ)",
        "sourceUrl": "https://www.google.com/maps/d/viewer?mid=1EOjvzb1kdZoT-4NoJnzMx1_b6dR_UoM",
        "tags": [
          "東京10社",
          "的野美青",
          "山下瞳月",
          "神社"
        ],
        "images": [
          "https://pub-6d7574c4452b41519ab8adf1541d7f9e.r2.dev/seichi/tokyo10sha/3AAjQbR5vzzR7JX3tV9ru9mxGOwtPfmO_RDUk_G7_d5dde695.png"
        ],
        "members": [
          "的野美青",
          "山下瞳月"
        ],
        "source": {
          "provider": "fumi Diary 2号店 (東京10社めぐりマップ)",
          "url": "https://www.google.com/maps/d/viewer?mid=1EOjvzb1kdZoT-4NoJnzMx1_b6dR_UoM",
          "mapId": "",
          "layer": "東京10社めぐり",
          "tags": [
            "東京10社",
            "的野美青",
            "山下瞳月",
            "神社"
          ],
          "name": "不忍池通り"
        },
        "classification": {
          "category": "東京10社めぐり",
          "subcategory": "的野美青・山下瞳月",
          "method": "legacy-import",
          "status": "unreviewed"
        },
        "classificationCandidates": {
          "members": [],
          "projects": [],
          "contentTypes": []
        }
      }
    },
    {
      "type": "Feature",
      "geometry": {
        "type": "Point",
        "coordinates": [
          139.7624007,
          35.7195751
        ]
      },
      "properties": {
        "id": "tokyo10-60",
        "name": "根津",
        "category": "東京10社めぐり",
        "subcategory": "的野美青・山下瞳月",
        "categoryColor": "#f59e0b",
        "address": "",
        "sceneTitle": "根津",
        "sceneNote": "",
        "sourceLabel": "fumi Diary 2号店 (東京10社めぐりマップ)",
        "sourceUrl": "https://www.google.com/maps/d/viewer?mid=1EOjvzb1kdZoT-4NoJnzMx1_b6dR_UoM",
        "tags": [
          "東京10社",
          "的野美青",
          "山下瞳月",
          "神社"
        ],
        "images": [
          "https://pub-6d7574c4452b41519ab8adf1541d7f9e.r2.dev/seichi/tokyo10sha/3AAjQbR5iOxdaoffMeP0gpQUjBy8A5F32Dw5kOxF_4e0ecd65.png"
        ],
        "members": [
          "的野美青",
          "山下瞳月"
        ],
        "source": {
          "provider": "fumi Diary 2号店 (東京10社めぐりマップ)",
          "url": "https://www.google.com/maps/d/viewer?mid=1EOjvzb1kdZoT-4NoJnzMx1_b6dR_UoM",
          "mapId": "",
          "layer": "東京10社めぐり",
          "tags": [
            "東京10社",
            "的野美青",
            "山下瞳月",
            "神社"
          ],
          "name": "根津"
        },
        "classification": {
          "category": "東京10社めぐり",
          "subcategory": "的野美青・山下瞳月",
          "method": "legacy-import",
          "status": "unreviewed"
        },
        "classificationCandidates": {
          "members": [],
          "projects": [],
          "contentTypes": []
        }
      }
    },
    {
      "type": "Feature",
      "geometry": {
        "type": "Point",
        "coordinates": [
          139.7617973,
          35.7192471
        ]
      },
      "properties": {
        "id": "tokyo10-61",
        "name": "根津神社 表参道前",
        "category": "東京10社めぐり",
        "subcategory": "的野美青・山下瞳月",
        "categoryColor": "#f59e0b",
        "address": "",
        "sceneTitle": "根津神社 表参道前",
        "sceneNote": "",
        "sourceLabel": "fumi Diary 2号店 (東京10社めぐりマップ)",
        "sourceUrl": "https://www.google.com/maps/d/viewer?mid=1EOjvzb1kdZoT-4NoJnzMx1_b6dR_UoM",
        "tags": [
          "東京10社",
          "的野美青",
          "山下瞳月",
          "神社"
        ],
        "images": [
          "https://pub-6d7574c4452b41519ab8adf1541d7f9e.r2.dev/seichi/tokyo10sha/3AAjQbR7x7Is42nwjM_iHBAPebi8cHbYOr4FG9dv_fbe3acde.png",
          "https://pub-6d7574c4452b41519ab8adf1541d7f9e.r2.dev/seichi/tokyo10sha/3AAjQbR6gYNXwxIkpu9MCscLtNtX5dVvqkzRz0s0_745b4c1d.png"
        ],
        "members": [
          "的野美青",
          "山下瞳月"
        ],
        "source": {
          "provider": "fumi Diary 2号店 (東京10社めぐりマップ)",
          "url": "https://www.google.com/maps/d/viewer?mid=1EOjvzb1kdZoT-4NoJnzMx1_b6dR_UoM",
          "mapId": "",
          "layer": "東京10社めぐり",
          "tags": [
            "東京10社",
            "的野美青",
            "山下瞳月",
            "神社"
          ],
          "name": "根津神社 表参道前"
        },
        "classification": {
          "category": "東京10社めぐり",
          "subcategory": "的野美青・山下瞳月",
          "method": "legacy-import",
          "status": "unreviewed"
        },
        "classificationCandidates": {
          "members": [],
          "projects": [],
          "contentTypes": []
        }
      }
    },
    {
      "type": "Feature",
      "geometry": {
        "type": "Point",
        "coordinates": [
          139.7607628,
          35.7201153
        ]
      },
      "properties": {
        "id": "tokyo10-62",
        "name": "根津神社 本殿",
        "category": "東京10社めぐり",
        "subcategory": "的野美青・山下瞳月",
        "categoryColor": "#f59e0b",
        "address": "",
        "sceneTitle": "根津神社 本殿",
        "sceneNote": "",
        "sourceLabel": "fumi Diary 2号店 (東京10社めぐりマップ)",
        "sourceUrl": "https://www.google.com/maps/d/viewer?mid=1EOjvzb1kdZoT-4NoJnzMx1_b6dR_UoM",
        "tags": [
          "東京10社",
          "的野美青",
          "山下瞳月",
          "神社"
        ],
        "images": [
          "https://pub-6d7574c4452b41519ab8adf1541d7f9e.r2.dev/seichi/tokyo10sha/3AAjQbR55kMWRieku7qURsBBv89G92wjOP2WNCgf_43c12dbc.png"
        ],
        "members": [
          "的野美青",
          "山下瞳月"
        ],
        "source": {
          "provider": "fumi Diary 2号店 (東京10社めぐりマップ)",
          "url": "https://www.google.com/maps/d/viewer?mid=1EOjvzb1kdZoT-4NoJnzMx1_b6dR_UoM",
          "mapId": "",
          "layer": "東京10社めぐり",
          "tags": [
            "東京10社",
            "的野美青",
            "山下瞳月",
            "神社"
          ],
          "name": "根津神社 本殿"
        },
        "classification": {
          "category": "東京10社めぐり",
          "subcategory": "的野美青・山下瞳月",
          "method": "legacy-import",
          "status": "unreviewed"
        },
        "classificationCandidates": {
          "members": [],
          "projects": [],
          "contentTypes": []
        }
      }
    },
    {
      "type": "Feature",
      "geometry": {
        "type": "Point",
        "coordinates": [
          139.7609365,
          35.7201812
        ]
      },
      "properties": {
        "id": "tokyo10-63",
        "name": "根津神社 授与所",
        "category": "東京10社めぐり",
        "subcategory": "的野美青・山下瞳月",
        "categoryColor": "#f59e0b",
        "address": "",
        "sceneTitle": "根津神社 授与所",
        "sceneNote": "",
        "sourceLabel": "fumi Diary 2号店 (東京10社めぐりマップ)",
        "sourceUrl": "https://www.google.com/maps/d/viewer?mid=1EOjvzb1kdZoT-4NoJnzMx1_b6dR_UoM",
        "tags": [
          "東京10社",
          "的野美青",
          "山下瞳月",
          "神社"
        ],
        "images": [],
        "members": [
          "的野美青",
          "山下瞳月"
        ],
        "source": {
          "provider": "fumi Diary 2号店 (東京10社めぐりマップ)",
          "url": "https://www.google.com/maps/d/viewer?mid=1EOjvzb1kdZoT-4NoJnzMx1_b6dR_UoM",
          "mapId": "",
          "layer": "東京10社めぐり",
          "tags": [
            "東京10社",
            "的野美青",
            "山下瞳月",
            "神社"
          ],
          "name": "根津神社 授与所"
        },
        "classification": {
          "category": "東京10社めぐり",
          "subcategory": "的野美青・山下瞳月",
          "method": "legacy-import",
          "status": "unreviewed"
        },
        "classificationCandidates": {
          "members": [],
          "projects": [],
          "contentTypes": []
        }
      }
    },
    {
      "type": "Feature",
      "geometry": {
        "type": "Point",
        "coordinates": [
          139.7608889,
          35.7199353
        ]
      },
      "properties": {
        "id": "tokyo10-64",
        "name": "根津神社 唐門",
        "category": "東京10社めぐり",
        "subcategory": "的野美青・山下瞳月",
        "categoryColor": "#f59e0b",
        "address": "",
        "sceneTitle": "根津神社 唐門",
        "sceneNote": "",
        "sourceLabel": "fumi Diary 2号店 (東京10社めぐりマップ)",
        "sourceUrl": "https://www.google.com/maps/d/viewer?mid=1EOjvzb1kdZoT-4NoJnzMx1_b6dR_UoM",
        "tags": [
          "東京10社",
          "的野美青",
          "山下瞳月",
          "神社"
        ],
        "images": [
          "https://pub-6d7574c4452b41519ab8adf1541d7f9e.r2.dev/seichi/tokyo10sha/3AAjQbR5UamdrFMuGcD0QRIAJV4j0Pmtd9WkOZaW_80fc932e.png",
          "https://pub-6d7574c4452b41519ab8adf1541d7f9e.r2.dev/seichi/tokyo10sha/3AAjQbR4bL5K-N65a1mJM1k-tjKOw0_bw9YpEu7c_14c2bad2.png",
          "https://pub-6d7574c4452b41519ab8adf1541d7f9e.r2.dev/seichi/tokyo10sha/3AAjQbR6bl8u5V-T1E7AH5P0OiyY-JQYqkV0hDCG_629bc254.png",
          "https://pub-6d7574c4452b41519ab8adf1541d7f9e.r2.dev/seichi/tokyo10sha/3AAjQbR5Vc2Mbt41YOxLnL33KfCTft7TX1UouYln_ce94a98a.png"
        ],
        "members": [
          "的野美青",
          "山下瞳月"
        ],
        "source": {
          "provider": "fumi Diary 2号店 (東京10社めぐりマップ)",
          "url": "https://www.google.com/maps/d/viewer?mid=1EOjvzb1kdZoT-4NoJnzMx1_b6dR_UoM",
          "mapId": "",
          "layer": "東京10社めぐり",
          "tags": [
            "東京10社",
            "的野美青",
            "山下瞳月",
            "神社"
          ],
          "name": "根津神社 唐門"
        },
        "classification": {
          "category": "東京10社めぐり",
          "subcategory": "的野美青・山下瞳月",
          "method": "legacy-import",
          "status": "unreviewed"
        },
        "classificationCandidates": {
          "members": [],
          "projects": [],
          "contentTypes": []
        }
      }
    },
    {
      "type": "Feature",
      "geometry": {
        "type": "Point",
        "coordinates": [
          139.7610681,
          35.7194017
        ]
      },
      "properties": {
        "id": "tokyo10-65",
        "name": "根津神社 神橋",
        "category": "東京10社めぐり",
        "subcategory": "的野美青・山下瞳月",
        "categoryColor": "#f59e0b",
        "address": "",
        "sceneTitle": "根津神社 神橋",
        "sceneNote": "三社目クリア",
        "sourceLabel": "fumi Diary 2号店 (東京10社めぐりマップ)",
        "sourceUrl": "https://www.google.com/maps/d/viewer?mid=1EOjvzb1kdZoT-4NoJnzMx1_b6dR_UoM",
        "tags": [
          "東京10社",
          "的野美青",
          "山下瞳月",
          "神社"
        ],
        "images": [
          "https://pub-6d7574c4452b41519ab8adf1541d7f9e.r2.dev/seichi/tokyo10sha/3AAjQbR7_HSDGP4oQFtDCnuFEgYQPJlwvvx9wHFh_1b929b26.png"
        ],
        "members": [
          "的野美青",
          "山下瞳月"
        ],
        "source": {
          "provider": "fumi Diary 2号店 (東京10社めぐりマップ)",
          "url": "https://www.google.com/maps/d/viewer?mid=1EOjvzb1kdZoT-4NoJnzMx1_b6dR_UoM",
          "mapId": "",
          "layer": "東京10社めぐり",
          "tags": [
            "東京10社",
            "的野美青",
            "山下瞳月",
            "神社"
          ],
          "name": "根津神社 神橋"
        },
        "classification": {
          "category": "東京10社めぐり",
          "subcategory": "的野美青・山下瞳月",
          "method": "legacy-import",
          "status": "unreviewed"
        },
        "classificationCandidates": {
          "members": [],
          "projects": [],
          "contentTypes": []
        }
      }
    },
    {
      "type": "Feature",
      "geometry": {
        "type": "Point",
        "coordinates": [
          139.762486,
          35.720517
        ]
      },
      "properties": {
        "id": "tokyo10-66",
        "name": "不忍池通り / 朝日根津八重垣マンション",
        "category": "東京10社めぐり",
        "subcategory": "的野美青・山下瞳月",
        "categoryColor": "#f59e0b",
        "address": "",
        "sceneTitle": "不忍池通り / 朝日根津八重垣マンション",
        "sceneNote": "",
        "sourceLabel": "fumi Diary 2号店 (東京10社めぐりマップ)",
        "sourceUrl": "https://www.google.com/maps/d/viewer?mid=1EOjvzb1kdZoT-4NoJnzMx1_b6dR_UoM",
        "tags": [
          "東京10社",
          "的野美青",
          "山下瞳月",
          "神社"
        ],
        "images": [
          "https://pub-6d7574c4452b41519ab8adf1541d7f9e.r2.dev/seichi/tokyo10sha/3AAjQbR5ggGXNCbBu7k_xh-sNN15hsGKFLZtdxW1_35bf4e83.png"
        ],
        "members": [
          "的野美青",
          "山下瞳月"
        ],
        "source": {
          "provider": "fumi Diary 2号店 (東京10社めぐりマップ)",
          "url": "https://www.google.com/maps/d/viewer?mid=1EOjvzb1kdZoT-4NoJnzMx1_b6dR_UoM",
          "mapId": "",
          "layer": "東京10社めぐり",
          "tags": [
            "東京10社",
            "的野美青",
            "山下瞳月",
            "神社"
          ],
          "name": "不忍池通り / 朝日根津八重垣マンション"
        },
        "classification": {
          "category": "東京10社めぐり",
          "subcategory": "的野美青・山下瞳月",
          "method": "legacy-import",
          "status": "unreviewed"
        },
        "classificationCandidates": {
          "members": [],
          "projects": [],
          "contentTypes": []
        }
      }
    },
    {
      "type": "Feature",
      "geometry": {
        "type": "Point",
        "coordinates": [
          139.7630958,
          35.7252702
        ]
      },
      "properties": {
        "id": "tokyo10-67",
        "name": "百舌珈琲店",
        "category": "東京10社めぐり",
        "subcategory": "的野美青・山下瞳月",
        "categoryColor": "#f59e0b",
        "address": "",
        "sceneTitle": "百舌珈琲店",
        "sceneNote": "野生の松田里奈ちゃんを発見",
        "sourceLabel": "fumi Diary 2号店 (東京10社めぐりマップ)",
        "sourceUrl": "https://www.google.com/maps/d/viewer?mid=1EOjvzb1kdZoT-4NoJnzMx1_b6dR_UoM",
        "tags": [
          "東京10社",
          "的野美青",
          "山下瞳月",
          "神社"
        ],
        "images": [
          "https://pub-6d7574c4452b41519ab8adf1541d7f9e.r2.dev/seichi/tokyo10sha/3AAjQbR74Bx13JcKddLzGiRS2XKBT8bg3J9rI8OV_de8498f5.png",
          "https://pub-6d7574c4452b41519ab8adf1541d7f9e.r2.dev/seichi/tokyo10sha/3AAjQbR4J3WTHuGgDSP9jnddWTDdLAoO0azd0AUY_34a2bc5f.png",
          "https://pub-6d7574c4452b41519ab8adf1541d7f9e.r2.dev/seichi/tokyo10sha/3AAjQbR6-5AHB8rOZnpj8dnjqDjdwhTzesV-lp7u_be5b95b2.png"
        ],
        "members": [
          "的野美青",
          "山下瞳月"
        ],
        "source": {
          "provider": "fumi Diary 2号店 (東京10社めぐりマップ)",
          "url": "https://www.google.com/maps/d/viewer?mid=1EOjvzb1kdZoT-4NoJnzMx1_b6dR_UoM",
          "mapId": "",
          "layer": "東京10社めぐり",
          "tags": [
            "東京10社",
            "的野美青",
            "山下瞳月",
            "神社"
          ],
          "name": "百舌珈琲店"
        },
        "classification": {
          "category": "東京10社めぐり",
          "subcategory": "的野美青・山下瞳月",
          "method": "legacy-import",
          "status": "unreviewed"
        },
        "classificationCandidates": {
          "members": [],
          "projects": [],
          "contentTypes": []
        }
      }
    },
    {
      "type": "Feature",
      "geometry": {
        "type": "Point",
        "coordinates": [
          139.739243,
          35.7326842
        ]
      },
      "properties": {
        "id": "tokyo10-68",
        "name": "巣鴨駅前交差点",
        "category": "東京10社めぐり",
        "subcategory": "的野美青・山下瞳月",
        "categoryColor": "#f59e0b",
        "address": "",
        "sceneTitle": "巣鴨駅前交差点",
        "sceneNote": "",
        "sourceLabel": "fumi Diary 2号店 (東京10社めぐりマップ)",
        "sourceUrl": "https://www.google.com/maps/d/viewer?mid=1EOjvzb1kdZoT-4NoJnzMx1_b6dR_UoM",
        "tags": [
          "東京10社",
          "的野美青",
          "山下瞳月",
          "神社"
        ],
        "images": [
          "https://pub-6d7574c4452b41519ab8adf1541d7f9e.r2.dev/seichi/tokyo10sha/3AAjQbR7AdEhqQIGqZieFY7PaFBeyOjAq2DIfKa6_a8ec7afb.png"
        ],
        "members": [
          "的野美青",
          "山下瞳月"
        ],
        "source": {
          "provider": "fumi Diary 2号店 (東京10社めぐりマップ)",
          "url": "https://www.google.com/maps/d/viewer?mid=1EOjvzb1kdZoT-4NoJnzMx1_b6dR_UoM",
          "mapId": "",
          "layer": "東京10社めぐり",
          "tags": [
            "東京10社",
            "的野美青",
            "山下瞳月",
            "神社"
          ],
          "name": "巣鴨駅前交差点"
        },
        "classification": {
          "category": "東京10社めぐり",
          "subcategory": "的野美青・山下瞳月",
          "method": "legacy-import",
          "status": "unreviewed"
        },
        "classificationCandidates": {
          "members": [],
          "projects": [],
          "contentTypes": []
        }
      }
    },
    {
      "type": "Feature",
      "geometry": {
        "type": "Point",
        "coordinates": [
          139.7372107,
          35.7343382
        ]
      },
      "properties": {
        "id": "tokyo10-69",
        "name": "白山通り / マクドナルド 巣鴨店",
        "category": "東京10社めぐり",
        "subcategory": "的野美青・山下瞳月",
        "categoryColor": "#f59e0b",
        "address": "",
        "sceneTitle": "白山通り / マクドナルド 巣鴨店",
        "sceneNote": "",
        "sourceLabel": "fumi Diary 2号店 (東京10社めぐりマップ)",
        "sourceUrl": "https://www.google.com/maps/d/viewer?mid=1EOjvzb1kdZoT-4NoJnzMx1_b6dR_UoM",
        "tags": [
          "東京10社",
          "的野美青",
          "山下瞳月",
          "神社"
        ],
        "images": [
          "https://pub-6d7574c4452b41519ab8adf1541d7f9e.r2.dev/seichi/tokyo10sha/3AAjQbR4dJJH9y2YbQGLpZ1E__qoycWVk7rVRQm9_6c8e2dd6.png"
        ],
        "members": [
          "的野美青",
          "山下瞳月"
        ],
        "source": {
          "provider": "fumi Diary 2号店 (東京10社めぐりマップ)",
          "url": "https://www.google.com/maps/d/viewer?mid=1EOjvzb1kdZoT-4NoJnzMx1_b6dR_UoM",
          "mapId": "",
          "layer": "東京10社めぐり",
          "tags": [
            "東京10社",
            "的野美青",
            "山下瞳月",
            "神社"
          ],
          "name": "白山通り / マクドナルド 巣鴨店"
        },
        "classification": {
          "category": "東京10社めぐり",
          "subcategory": "的野美青・山下瞳月",
          "method": "legacy-import",
          "status": "unreviewed"
        },
        "classificationCandidates": {
          "members": [],
          "projects": [],
          "contentTypes": []
        }
      }
    },
    {
      "type": "Feature",
      "geometry": {
        "type": "Point",
        "coordinates": [
          139.7369235,
          35.734601
        ]
      },
      "properties": {
        "id": "tokyo10-70",
        "name": "巣鴨地蔵通商店街",
        "category": "東京10社めぐり",
        "subcategory": "的野美青・山下瞳月",
        "categoryColor": "#f59e0b",
        "address": "",
        "sceneTitle": "巣鴨地蔵通商店街",
        "sceneNote": "",
        "sourceLabel": "fumi Diary 2号店 (東京10社めぐりマップ)",
        "sourceUrl": "https://www.google.com/maps/d/viewer?mid=1EOjvzb1kdZoT-4NoJnzMx1_b6dR_UoM",
        "tags": [
          "東京10社",
          "的野美青",
          "山下瞳月",
          "神社"
        ],
        "images": [
          "https://pub-6d7574c4452b41519ab8adf1541d7f9e.r2.dev/seichi/tokyo10sha/3AAjQbR4Q4mmDnxF2S5lkNRZ1IgfXNb0PleBBKqV_e19ac501.png"
        ],
        "members": [
          "的野美青",
          "山下瞳月"
        ],
        "source": {
          "provider": "fumi Diary 2号店 (東京10社めぐりマップ)",
          "url": "https://www.google.com/maps/d/viewer?mid=1EOjvzb1kdZoT-4NoJnzMx1_b6dR_UoM",
          "mapId": "",
          "layer": "東京10社めぐり",
          "tags": [
            "東京10社",
            "的野美青",
            "山下瞳月",
            "神社"
          ],
          "name": "巣鴨地蔵通商店街"
        },
        "classification": {
          "category": "東京10社めぐり",
          "subcategory": "的野美青・山下瞳月",
          "method": "legacy-import",
          "status": "unreviewed"
        },
        "classificationCandidates": {
          "members": [],
          "projects": [],
          "contentTypes": []
        }
      }
    },
    {
      "type": "Feature",
      "geometry": {
        "type": "Point",
        "coordinates": [
          139.7368433,
          35.7346006
        ]
      },
      "properties": {
        "id": "tokyo10-71",
        "name": "伊勢屋",
        "category": "東京10社めぐり",
        "subcategory": "的野美青・山下瞳月",
        "categoryColor": "#f59e0b",
        "address": "",
        "sceneTitle": "伊勢屋",
        "sceneNote": "",
        "sourceLabel": "fumi Diary 2号店 (東京10社めぐりマップ)",
        "sourceUrl": "https://www.google.com/maps/d/viewer?mid=1EOjvzb1kdZoT-4NoJnzMx1_b6dR_UoM",
        "tags": [
          "東京10社",
          "的野美青",
          "山下瞳月",
          "神社"
        ],
        "images": [
          "https://pub-6d7574c4452b41519ab8adf1541d7f9e.r2.dev/seichi/tokyo10sha/3AAjQbR4K3pqAvsJktBs4N3feYfelp9vhqIsPL88_c72c71c5.png"
        ],
        "members": [
          "的野美青",
          "山下瞳月"
        ],
        "source": {
          "provider": "fumi Diary 2号店 (東京10社めぐりマップ)",
          "url": "https://www.google.com/maps/d/viewer?mid=1EOjvzb1kdZoT-4NoJnzMx1_b6dR_UoM",
          "mapId": "",
          "layer": "東京10社めぐり",
          "tags": [
            "東京10社",
            "的野美青",
            "山下瞳月",
            "神社"
          ],
          "name": "伊勢屋"
        },
        "classification": {
          "category": "東京10社めぐり",
          "subcategory": "的野美青・山下瞳月",
          "method": "legacy-import",
          "status": "unreviewed"
        },
        "classificationCandidates": {
          "members": [],
          "projects": [],
          "contentTypes": []
        }
      }
    },
    {
      "type": "Feature",
      "geometry": {
        "type": "Point",
        "coordinates": [
          139.7366304,
          35.7347243
        ]
      },
      "properties": {
        "id": "tokyo10-72",
        "name": "雷神堂 巣鴨本店",
        "category": "東京10社めぐり",
        "subcategory": "的野美青・山下瞳月",
        "categoryColor": "#f59e0b",
        "address": "",
        "sceneTitle": "雷神堂 巣鴨本店",
        "sceneNote": "",
        "sourceLabel": "fumi Diary 2号店 (東京10社めぐりマップ)",
        "sourceUrl": "https://www.google.com/maps/d/viewer?mid=1EOjvzb1kdZoT-4NoJnzMx1_b6dR_UoM",
        "tags": [
          "東京10社",
          "的野美青",
          "山下瞳月",
          "神社"
        ],
        "images": [
          "https://pub-6d7574c4452b41519ab8adf1541d7f9e.r2.dev/seichi/tokyo10sha/3AAjQbR6b1CZVtBSERo04FLIofqKpIP9WGikP0k__6845e956.png",
          "https://pub-6d7574c4452b41519ab8adf1541d7f9e.r2.dev/seichi/tokyo10sha/3AAjQbR6W3USaRpVNXOgUBYK9DMxbtVORu9Fb90S_0c7a783b.png"
        ],
        "members": [
          "的野美青",
          "山下瞳月"
        ],
        "source": {
          "provider": "fumi Diary 2号店 (東京10社めぐりマップ)",
          "url": "https://www.google.com/maps/d/viewer?mid=1EOjvzb1kdZoT-4NoJnzMx1_b6dR_UoM",
          "mapId": "",
          "layer": "東京10社めぐり",
          "tags": [
            "東京10社",
            "的野美青",
            "山下瞳月",
            "神社"
          ],
          "name": "雷神堂 巣鴨本店"
        },
        "classification": {
          "category": "東京10社めぐり",
          "subcategory": "的野美青・山下瞳月",
          "method": "legacy-import",
          "status": "unreviewed"
        },
        "classificationCandidates": {
          "members": [],
          "projects": [],
          "contentTypes": []
        }
      }
    },
    {
      "type": "Feature",
      "geometry": {
        "type": "Point",
        "coordinates": [
          139.7362651,
          35.7348772
        ]
      },
      "properties": {
        "id": "tokyo10-73",
        "name": "玉屋 巣鴨",
        "category": "東京10社めぐり",
        "subcategory": "的野美青・山下瞳月",
        "categoryColor": "#f59e0b",
        "address": "",
        "sceneTitle": "玉屋 巣鴨",
        "sceneNote": "",
        "sourceLabel": "fumi Diary 2号店 (東京10社めぐりマップ)",
        "sourceUrl": "https://www.google.com/maps/d/viewer?mid=1EOjvzb1kdZoT-4NoJnzMx1_b6dR_UoM",
        "tags": [
          "東京10社",
          "的野美青",
          "山下瞳月",
          "神社"
        ],
        "images": [
          "https://pub-6d7574c4452b41519ab8adf1541d7f9e.r2.dev/seichi/tokyo10sha/3AAjQbR4K-gLWjM-zSnuVNkl3J0nmqokyO6YgSX4_93cfabc3.png"
        ],
        "members": [
          "的野美青",
          "山下瞳月"
        ],
        "source": {
          "provider": "fumi Diary 2号店 (東京10社めぐりマップ)",
          "url": "https://www.google.com/maps/d/viewer?mid=1EOjvzb1kdZoT-4NoJnzMx1_b6dR_UoM",
          "mapId": "",
          "layer": "東京10社めぐり",
          "tags": [
            "東京10社",
            "的野美青",
            "山下瞳月",
            "神社"
          ],
          "name": "玉屋 巣鴨"
        },
        "classification": {
          "category": "東京10社めぐり",
          "subcategory": "的野美青・山下瞳月",
          "method": "legacy-import",
          "status": "unreviewed"
        },
        "classificationCandidates": {
          "members": [],
          "projects": [],
          "contentTypes": []
        }
      }
    },
    {
      "type": "Feature",
      "geometry": {
        "type": "Point",
        "coordinates": [
          139.7359743,
          35.7351282
        ]
      },
      "properties": {
        "id": "tokyo10-74",
        "name": "巣鴨 笑店街カフェ (ガモール志學亭)",
        "category": "東京10社めぐり",
        "subcategory": "的野美青・山下瞳月",
        "categoryColor": "#f59e0b",
        "address": "",
        "sceneTitle": "巣鴨 笑店街カフェ (ガモール志學亭)",
        "sceneNote": "",
        "sourceLabel": "fumi Diary 2号店 (東京10社めぐりマップ)",
        "sourceUrl": "https://www.google.com/maps/d/viewer?mid=1EOjvzb1kdZoT-4NoJnzMx1_b6dR_UoM",
        "tags": [
          "東京10社",
          "的野美青",
          "山下瞳月",
          "神社"
        ],
        "images": [
          "https://pub-6d7574c4452b41519ab8adf1541d7f9e.r2.dev/seichi/tokyo10sha/3AAjQbR73vJNko5eQQqkwujuSL3xEKaUwwfjIIPv_b31349d7.png"
        ],
        "members": [
          "的野美青",
          "山下瞳月"
        ],
        "source": {
          "provider": "fumi Diary 2号店 (東京10社めぐりマップ)",
          "url": "https://www.google.com/maps/d/viewer?mid=1EOjvzb1kdZoT-4NoJnzMx1_b6dR_UoM",
          "mapId": "",
          "layer": "東京10社めぐり",
          "tags": [
            "東京10社",
            "的野美青",
            "山下瞳月",
            "神社"
          ],
          "name": "巣鴨 笑店街カフェ (ガモール志學亭)"
        },
        "classification": {
          "category": "東京10社めぐり",
          "subcategory": "的野美青・山下瞳月",
          "method": "legacy-import",
          "status": "unreviewed"
        },
        "classificationCandidates": {
          "members": [],
          "projects": [],
          "contentTypes": []
        }
      }
    },
    {
      "type": "Feature",
      "geometry": {
        "type": "Point",
        "coordinates": [
          139.7349363,
          35.7356171
        ]
      },
      "properties": {
        "id": "tokyo10-75",
        "name": "あんぱんの喜福堂",
        "category": "東京10社めぐり",
        "subcategory": "的野美青・山下瞳月",
        "categoryColor": "#f59e0b",
        "address": "",
        "sceneTitle": "あんぱんの喜福堂",
        "sceneNote": "クリームパンを食べました。",
        "sourceLabel": "fumi Diary 2号店 (東京10社めぐりマップ)",
        "sourceUrl": "https://www.google.com/maps/d/viewer?mid=1EOjvzb1kdZoT-4NoJnzMx1_b6dR_UoM",
        "tags": [
          "東京10社",
          "的野美青",
          "山下瞳月",
          "神社"
        ],
        "images": [
          "https://pub-6d7574c4452b41519ab8adf1541d7f9e.r2.dev/seichi/tokyo10sha/3AAjQbR6O0REQ7xSC7Xw5is-lpcu1t6-XrmNEgac_edc60625.png",
          "https://pub-6d7574c4452b41519ab8adf1541d7f9e.r2.dev/seichi/tokyo10sha/3AAjQbR6qq8UDBe0G2iymeWW7V-mgANmO1Bzx5uh_30f2f383.png",
          "https://pub-6d7574c4452b41519ab8adf1541d7f9e.r2.dev/seichi/tokyo10sha/3AAjQbR5Ch6_wifN1vHRfA7ROTGW3s-Z7LmGcfbB_6bdb0360.png",
          "https://pub-6d7574c4452b41519ab8adf1541d7f9e.r2.dev/seichi/tokyo10sha/3AAjQbR4Pjma9eyAJJogb2Sk3gxOYqdQm2iFMQy__51f4cda0.png"
        ],
        "members": [
          "的野美青",
          "山下瞳月"
        ],
        "source": {
          "provider": "fumi Diary 2号店 (東京10社めぐりマップ)",
          "url": "https://www.google.com/maps/d/viewer?mid=1EOjvzb1kdZoT-4NoJnzMx1_b6dR_UoM",
          "mapId": "",
          "layer": "東京10社めぐり",
          "tags": [
            "東京10社",
            "的野美青",
            "山下瞳月",
            "神社"
          ],
          "name": "あんぱんの喜福堂"
        },
        "classification": {
          "category": "東京10社めぐり",
          "subcategory": "的野美青・山下瞳月",
          "method": "legacy-import",
          "status": "unreviewed"
        },
        "classificationCandidates": {
          "members": [],
          "projects": [],
          "contentTypes": []
        }
      }
    },
    {
      "type": "Feature",
      "geometry": {
        "type": "Point",
        "coordinates": [
          139.7349757,
          35.7356897
        ]
      },
      "properties": {
        "id": "tokyo10-76",
        "name": "momo",
        "category": "東京10社めぐり",
        "subcategory": "的野美青・山下瞳月",
        "categoryColor": "#f59e0b",
        "address": "",
        "sceneTitle": "momo",
        "sceneNote": "",
        "sourceLabel": "fumi Diary 2号店 (東京10社めぐりマップ)",
        "sourceUrl": "https://www.google.com/maps/d/viewer?mid=1EOjvzb1kdZoT-4NoJnzMx1_b6dR_UoM",
        "tags": [
          "東京10社",
          "的野美青",
          "山下瞳月",
          "神社"
        ],
        "images": [
          "https://pub-6d7574c4452b41519ab8adf1541d7f9e.r2.dev/seichi/tokyo10sha/3AAjQbR44nNxLTDCBH9blA2GpXkYCo-3O6gLPklP_2d01036b.png"
        ],
        "members": [
          "的野美青",
          "山下瞳月"
        ],
        "source": {
          "provider": "fumi Diary 2号店 (東京10社めぐりマップ)",
          "url": "https://www.google.com/maps/d/viewer?mid=1EOjvzb1kdZoT-4NoJnzMx1_b6dR_UoM",
          "mapId": "",
          "layer": "東京10社めぐり",
          "tags": [
            "東京10社",
            "的野美青",
            "山下瞳月",
            "神社"
          ],
          "name": "momo"
        },
        "classification": {
          "category": "東京10社めぐり",
          "subcategory": "的野美青・山下瞳月",
          "method": "legacy-import",
          "status": "unreviewed"
        },
        "classificationCandidates": {
          "members": [],
          "projects": [],
          "contentTypes": []
        }
      }
    },
    {
      "type": "Feature",
      "geometry": {
        "type": "Point",
        "coordinates": [
          139.7347022,
          35.7362092
        ]
      },
      "properties": {
        "id": "tokyo10-77",
        "name": "すっぽん料理専門店 巣鴨三浦屋 本店",
        "category": "東京10社めぐり",
        "subcategory": "的野美青・山下瞳月",
        "categoryColor": "#f59e0b",
        "address": "",
        "sceneTitle": "すっぽん料理専門店 巣鴨三浦屋 本店",
        "sceneNote": "巣鴨系アイドル松田里奈 爆誕!",
        "sourceLabel": "fumi Diary 2号店 (東京10社めぐりマップ)",
        "sourceUrl": "https://www.google.com/maps/d/viewer?mid=1EOjvzb1kdZoT-4NoJnzMx1_b6dR_UoM",
        "tags": [
          "東京10社",
          "的野美青",
          "山下瞳月",
          "神社"
        ],
        "images": [
          "https://pub-6d7574c4452b41519ab8adf1541d7f9e.r2.dev/seichi/tokyo10sha/3AAjQbR7GugaEeBTxIlWkp-fL9NaZdP7KLrq17lU_e358787d.png"
        ],
        "members": [
          "的野美青",
          "山下瞳月"
        ],
        "source": {
          "provider": "fumi Diary 2号店 (東京10社めぐりマップ)",
          "url": "https://www.google.com/maps/d/viewer?mid=1EOjvzb1kdZoT-4NoJnzMx1_b6dR_UoM",
          "mapId": "",
          "layer": "東京10社めぐり",
          "tags": [
            "東京10社",
            "的野美青",
            "山下瞳月",
            "神社"
          ],
          "name": "すっぽん料理専門店 巣鴨三浦屋 本店"
        },
        "classification": {
          "category": "東京10社めぐり",
          "subcategory": "的野美青・山下瞳月",
          "method": "legacy-import",
          "status": "unreviewed"
        },
        "classificationCandidates": {
          "members": [],
          "projects": [],
          "contentTypes": []
        }
      }
    },
    {
      "type": "Feature",
      "geometry": {
        "type": "Point",
        "coordinates": [
          139.733381,
          35.7367891
        ]
      },
      "properties": {
        "id": "tokyo10-78",
        "name": "Salon de platinum",
        "category": "東京10社めぐり",
        "subcategory": "的野美青・山下瞳月",
        "categoryColor": "#f59e0b",
        "address": "",
        "sceneTitle": "Salon de platinum",
        "sceneNote": "",
        "sourceLabel": "fumi Diary 2号店 (東京10社めぐりマップ)",
        "sourceUrl": "https://www.google.com/maps/d/viewer?mid=1EOjvzb1kdZoT-4NoJnzMx1_b6dR_UoM",
        "tags": [
          "東京10社",
          "的野美青",
          "山下瞳月",
          "神社"
        ],
        "images": [
          "https://pub-6d7574c4452b41519ab8adf1541d7f9e.r2.dev/seichi/tokyo10sha/3AAjQbR7frIjBnaynILSELPRSOdY9hI4zfwSJ_PV_3407e55f.png",
          "https://pub-6d7574c4452b41519ab8adf1541d7f9e.r2.dev/seichi/tokyo10sha/3AAjQbR51O3u3Wn-MaSiP6xqR9Is-qaQAa3gSofZ_11509e0d.png",
          "https://pub-6d7574c4452b41519ab8adf1541d7f9e.r2.dev/seichi/tokyo10sha/3AAjQbR6as7Q8ZbX-7Zbim7-Hv2Dq_dgz9Mcq2JK_4991eb9e.png"
        ],
        "members": [
          "的野美青",
          "山下瞳月"
        ],
        "source": {
          "provider": "fumi Diary 2号店 (東京10社めぐりマップ)",
          "url": "https://www.google.com/maps/d/viewer?mid=1EOjvzb1kdZoT-4NoJnzMx1_b6dR_UoM",
          "mapId": "",
          "layer": "東京10社めぐり",
          "tags": [
            "東京10社",
            "的野美青",
            "山下瞳月",
            "神社"
          ],
          "name": "Salon de platinum"
        },
        "classification": {
          "category": "東京10社めぐり",
          "subcategory": "的野美青・山下瞳月",
          "method": "legacy-import",
          "status": "unreviewed"
        },
        "classificationCandidates": {
          "members": [],
          "projects": [],
          "contentTypes": []
        }
      }
    },
    {
      "type": "Feature",
      "geometry": {
        "type": "Point",
        "coordinates": [
          139.732779,
          35.7371502
        ]
      },
      "properties": {
        "id": "tokyo10-79",
        "name": "マミー化粧品店",
        "category": "東京10社めぐり",
        "subcategory": "的野美青・山下瞳月",
        "categoryColor": "#f59e0b",
        "address": "",
        "sceneTitle": "マミー化粧品店",
        "sceneNote": "",
        "sourceLabel": "fumi Diary 2号店 (東京10社めぐりマップ)",
        "sourceUrl": "https://www.google.com/maps/d/viewer?mid=1EOjvzb1kdZoT-4NoJnzMx1_b6dR_UoM",
        "tags": [
          "東京10社",
          "的野美青",
          "山下瞳月",
          "神社"
        ],
        "images": [
          "https://pub-6d7574c4452b41519ab8adf1541d7f9e.r2.dev/seichi/tokyo10sha/3AAjQbR50-r62n9kAYN1sStU-AVB6GkX_qX6W-qM_1c1b0bb8.png",
          "https://pub-6d7574c4452b41519ab8adf1541d7f9e.r2.dev/seichi/tokyo10sha/3AAjQbR7bvjkS-OwebjCvV-nf7IQB6qLh3AWxjar_c163e452.png"
        ],
        "members": [
          "的野美青",
          "山下瞳月"
        ],
        "source": {
          "provider": "fumi Diary 2号店 (東京10社めぐりマップ)",
          "url": "https://www.google.com/maps/d/viewer?mid=1EOjvzb1kdZoT-4NoJnzMx1_b6dR_UoM",
          "mapId": "",
          "layer": "東京10社めぐり",
          "tags": [
            "東京10社",
            "的野美青",
            "山下瞳月",
            "神社"
          ],
          "name": "マミー化粧品店"
        },
        "classification": {
          "category": "東京10社めぐり",
          "subcategory": "的野美青・山下瞳月",
          "method": "legacy-import",
          "status": "unreviewed"
        },
        "classificationCandidates": {
          "members": [],
          "projects": [],
          "contentTypes": []
        }
      }
    },
    {
      "type": "Feature",
      "geometry": {
        "type": "Point",
        "coordinates": [
          139.7323469,
          35.7375332
        ]
      },
      "properties": {
        "id": "tokyo10-80",
        "name": "地蔵通りみね歯科",
        "category": "東京10社めぐり",
        "subcategory": "的野美青・山下瞳月",
        "categoryColor": "#f59e0b",
        "address": "",
        "sceneTitle": "地蔵通りみね歯科",
        "sceneNote": "",
        "sourceLabel": "fumi Diary 2号店 (東京10社めぐりマップ)",
        "sourceUrl": "https://www.google.com/maps/d/viewer?mid=1EOjvzb1kdZoT-4NoJnzMx1_b6dR_UoM",
        "tags": [
          "東京10社",
          "的野美青",
          "山下瞳月",
          "神社"
        ],
        "images": [
          "https://pub-6d7574c4452b41519ab8adf1541d7f9e.r2.dev/seichi/tokyo10sha/3AAjQbR5Nn1btHbUMVbe6nhaIeG1MNtA-D5aXL_I_9a590172.png",
          "https://pub-6d7574c4452b41519ab8adf1541d7f9e.r2.dev/seichi/tokyo10sha/3AAjQbR66BZcit-q2vhadyhdUfjMW7Rgdmjw86vM_daa3fbd8.png"
        ],
        "members": [
          "的野美青",
          "山下瞳月"
        ],
        "source": {
          "provider": "fumi Diary 2号店 (東京10社めぐりマップ)",
          "url": "https://www.google.com/maps/d/viewer?mid=1EOjvzb1kdZoT-4NoJnzMx1_b6dR_UoM",
          "mapId": "",
          "layer": "東京10社めぐり",
          "tags": [
            "東京10社",
            "的野美青",
            "山下瞳月",
            "神社"
          ],
          "name": "地蔵通りみね歯科"
        },
        "classification": {
          "category": "東京10社めぐり",
          "subcategory": "的野美青・山下瞳月",
          "method": "legacy-import",
          "status": "unreviewed"
        },
        "classificationCandidates": {
          "members": [],
          "projects": [],
          "contentTypes": []
        }
      }
    },
    {
      "type": "Feature",
      "geometry": {
        "type": "Point",
        "coordinates": [
          139.7317878,
          35.7379075
        ]
      },
      "properties": {
        "id": "tokyo10-81",
        "name": "도깨비시장(おばけ市場、トッケビ市場) 韓国料理",
        "category": "東京10社めぐり",
        "subcategory": "的野美青・山下瞳月",
        "categoryColor": "#f59e0b",
        "address": "",
        "sceneTitle": "도깨비시장(おばけ市場、トッケビ市場) 韓国料理",
        "sceneNote": "的野美青と山下瞳月はスルーしました。 松田里奈は太巻きを食べてもらいました。",
        "sourceLabel": "fumi Diary 2号店 (東京10社めぐりマップ)",
        "sourceUrl": "https://www.google.com/maps/d/viewer?mid=1EOjvzb1kdZoT-4NoJnzMx1_b6dR_UoM",
        "tags": [
          "東京10社",
          "的野美青",
          "山下瞳月",
          "神社"
        ],
        "images": [
          "https://pub-6d7574c4452b41519ab8adf1541d7f9e.r2.dev/seichi/tokyo10sha/3AAjQbR6PHBv6ZiMtBXlVuBmW6ftipB0RAYxGa59_ea76f3d8.png",
          "https://pub-6d7574c4452b41519ab8adf1541d7f9e.r2.dev/seichi/tokyo10sha/3AAjQbR6joH4wYLcVG7svLqmIfjRPe3IblDQOkjs_7764e930.png",
          "https://pub-6d7574c4452b41519ab8adf1541d7f9e.r2.dev/seichi/tokyo10sha/3AAjQbR6RonGTWCNQLxlkwqHgGGRBGxvSvkcjbV4_7fe7b1e1.png"
        ],
        "members": [
          "的野美青",
          "山下瞳月"
        ],
        "source": {
          "provider": "fumi Diary 2号店 (東京10社めぐりマップ)",
          "url": "https://www.google.com/maps/d/viewer?mid=1EOjvzb1kdZoT-4NoJnzMx1_b6dR_UoM",
          "mapId": "",
          "layer": "東京10社めぐり",
          "tags": [
            "東京10社",
            "的野美青",
            "山下瞳月",
            "神社"
          ],
          "name": "도깨비시장(おばけ市場、トッケビ市場) 韓国料理"
        },
        "classification": {
          "category": "東京10社めぐり",
          "subcategory": "的野美青・山下瞳月",
          "method": "legacy-import",
          "status": "unreviewed"
        },
        "classificationCandidates": {
          "members": [],
          "projects": [],
          "contentTypes": []
        }
      }
    },
    {
      "type": "Feature",
      "geometry": {
        "type": "Point",
        "coordinates": [
          139.7304592,
          35.7390399
        ]
      },
      "properties": {
        "id": "tokyo10-82",
        "name": "眼鏡工房久保田・時計工房久保田",
        "category": "東京10社めぐり",
        "subcategory": "的野美青・山下瞳月",
        "categoryColor": "#f59e0b",
        "address": "",
        "sceneTitle": "眼鏡工房久保田・時計工房久保田",
        "sceneNote": "",
        "sourceLabel": "fumi Diary 2号店 (東京10社めぐりマップ)",
        "sourceUrl": "https://www.google.com/maps/d/viewer?mid=1EOjvzb1kdZoT-4NoJnzMx1_b6dR_UoM",
        "tags": [
          "東京10社",
          "的野美青",
          "山下瞳月",
          "神社"
        ],
        "images": [
          "https://pub-6d7574c4452b41519ab8adf1541d7f9e.r2.dev/seichi/tokyo10sha/3AAjQbR7kDyYtN7eqsjmvUUs6UHf5FAYXw_YkFgt_53541222.png"
        ],
        "members": [
          "的野美青",
          "山下瞳月"
        ],
        "source": {
          "provider": "fumi Diary 2号店 (東京10社めぐりマップ)",
          "url": "https://www.google.com/maps/d/viewer?mid=1EOjvzb1kdZoT-4NoJnzMx1_b6dR_UoM",
          "mapId": "",
          "layer": "東京10社めぐり",
          "tags": [
            "東京10社",
            "的野美青",
            "山下瞳月",
            "神社"
          ],
          "name": "眼鏡工房久保田・時計工房久保田"
        },
        "classification": {
          "category": "東京10社めぐり",
          "subcategory": "的野美青・山下瞳月",
          "method": "legacy-import",
          "status": "unreviewed"
        },
        "classificationCandidates": {
          "members": [],
          "projects": [],
          "contentTypes": []
        }
      }
    },
    {
      "type": "Feature",
      "geometry": {
        "type": "Point",
        "coordinates": [
          139.730317,
          35.739169
        ]
      },
      "properties": {
        "id": "tokyo10-83",
        "name": "庚申塚交差点 / 巣鴨地蔵通商店街北入り口",
        "category": "東京10社めぐり",
        "subcategory": "的野美青・山下瞳月",
        "categoryColor": "#f59e0b",
        "address": "",
        "sceneTitle": "庚申塚交差点 / 巣鴨地蔵通商店街北入り口",
        "sceneNote": "",
        "sourceLabel": "fumi Diary 2号店 (東京10社めぐりマップ)",
        "sourceUrl": "https://www.google.com/maps/d/viewer?mid=1EOjvzb1kdZoT-4NoJnzMx1_b6dR_UoM",
        "tags": [
          "東京10社",
          "的野美青",
          "山下瞳月",
          "神社"
        ],
        "images": [
          "https://pub-6d7574c4452b41519ab8adf1541d7f9e.r2.dev/seichi/tokyo10sha/3AAjQbR4UxeRmWAohi5KNi0uw6koWJXgilZPEHKr_f922c37d.png"
        ],
        "members": [
          "的野美青",
          "山下瞳月"
        ],
        "source": {
          "provider": "fumi Diary 2号店 (東京10社めぐりマップ)",
          "url": "https://www.google.com/maps/d/viewer?mid=1EOjvzb1kdZoT-4NoJnzMx1_b6dR_UoM",
          "mapId": "",
          "layer": "東京10社めぐり",
          "tags": [
            "東京10社",
            "的野美青",
            "山下瞳月",
            "神社"
          ],
          "name": "庚申塚交差点 / 巣鴨地蔵通商店街北入り口"
        },
        "classification": {
          "category": "東京10社めぐり",
          "subcategory": "的野美青・山下瞳月",
          "method": "legacy-import",
          "status": "unreviewed"
        },
        "classificationCandidates": {
          "members": [],
          "projects": [],
          "contentTypes": []
        }
      }
    },
    {
      "type": "Feature",
      "geometry": {
        "type": "Point",
        "coordinates": [
          139.729620666917,
          35.74233473038
        ]
      },
      "properties": {
        "id": "tokyo10-84",
        "name": "白山通 / ヴィラ・トリシクル",
        "category": "東京10社めぐり",
        "subcategory": "的野美青・山下瞳月",
        "categoryColor": "#f59e0b",
        "address": "",
        "sceneTitle": "白山通 / ヴィラ・トリシクル",
        "sceneNote": "",
        "sourceLabel": "fumi Diary 2号店 (東京10社めぐりマップ)",
        "sourceUrl": "https://www.google.com/maps/d/viewer?mid=1EOjvzb1kdZoT-4NoJnzMx1_b6dR_UoM",
        "tags": [
          "東京10社",
          "的野美青",
          "山下瞳月",
          "神社"
        ],
        "images": [
          "https://pub-6d7574c4452b41519ab8adf1541d7f9e.r2.dev/seichi/tokyo10sha/3AAjQbR4r01IwWMDybSQ743RL6kEDu7FmUq5N4wJ_a9dc3eb3.png"
        ],
        "members": [
          "的野美青",
          "山下瞳月"
        ],
        "source": {
          "provider": "fumi Diary 2号店 (東京10社めぐりマップ)",
          "url": "https://www.google.com/maps/d/viewer?mid=1EOjvzb1kdZoT-4NoJnzMx1_b6dR_UoM",
          "mapId": "",
          "layer": "東京10社めぐり",
          "tags": [
            "東京10社",
            "的野美青",
            "山下瞳月",
            "神社"
          ],
          "name": "白山通 / ヴィラ・トリシクル"
        },
        "classification": {
          "category": "東京10社めぐり",
          "subcategory": "的野美青・山下瞳月",
          "method": "legacy-import",
          "status": "unreviewed"
        },
        "classificationCandidates": {
          "members": [],
          "projects": [],
          "contentTypes": []
        }
      }
    },
    {
      "type": "Feature",
      "geometry": {
        "type": "Point",
        "coordinates": [
          139.729245,
          35.744886
        ]
      },
      "properties": {
        "id": "tokyo10-85",
        "name": "滝野川三丁目交差点",
        "category": "東京10社めぐり",
        "subcategory": "的野美青・山下瞳月",
        "categoryColor": "#f59e0b",
        "address": "",
        "sceneTitle": "滝野川三丁目交差点",
        "sceneNote": "王子神社の参拝時間に間に合わないから、この日はここで終了しました。",
        "sourceLabel": "fumi Diary 2号店 (東京10社めぐりマップ)",
        "sourceUrl": "https://www.google.com/maps/d/viewer?mid=1EOjvzb1kdZoT-4NoJnzMx1_b6dR_UoM",
        "tags": [
          "東京10社",
          "的野美青",
          "山下瞳月",
          "神社"
        ],
        "images": [
          "https://pub-6d7574c4452b41519ab8adf1541d7f9e.r2.dev/seichi/tokyo10sha/3AAjQbR4W81ljsClpmyDx2YQRhVerd5c2gFiDNTu_98556a47.png"
        ],
        "members": [
          "的野美青",
          "山下瞳月"
        ],
        "source": {
          "provider": "fumi Diary 2号店 (東京10社めぐりマップ)",
          "url": "https://www.google.com/maps/d/viewer?mid=1EOjvzb1kdZoT-4NoJnzMx1_b6dR_UoM",
          "mapId": "",
          "layer": "東京10社めぐり",
          "tags": [
            "東京10社",
            "的野美青",
            "山下瞳月",
            "神社"
          ],
          "name": "滝野川三丁目交差点"
        },
        "classification": {
          "category": "東京10社めぐり",
          "subcategory": "的野美青・山下瞳月",
          "method": "legacy-import",
          "status": "unreviewed"
        },
        "classificationCandidates": {
          "members": [],
          "projects": [],
          "contentTypes": []
        }
      }
    },
    {
      "type": "Feature",
      "geometry": {
        "type": "Point",
        "coordinates": [
          139.7293049,
          35.7449432
        ]
      },
      "properties": {
        "id": "tokyo10-86",
        "name": "滝野川三丁目交差点",
        "category": "東京10社めぐり",
        "subcategory": "的野美青・山下瞳月",
        "categoryColor": "#f59e0b",
        "address": "",
        "sceneTitle": "滝野川三丁目交差点",
        "sceneNote": "東京10社巡りを再開しました。",
        "sourceLabel": "fumi Diary 2号店 (東京10社めぐりマップ)",
        "sourceUrl": "https://www.google.com/maps/d/viewer?mid=1EOjvzb1kdZoT-4NoJnzMx1_b6dR_UoM",
        "tags": [
          "東京10社",
          "的野美青",
          "山下瞳月",
          "神社"
        ],
        "images": [
          "https://pub-6d7574c4452b41519ab8adf1541d7f9e.r2.dev/seichi/tokyo10sha/3AAjQbR5sY3NWvb1qZOmJT96FVmXAH8dS7UOUsjp_b5e00ef8.png"
        ],
        "members": [
          "的野美青",
          "山下瞳月"
        ],
        "source": {
          "provider": "fumi Diary 2号店 (東京10社めぐりマップ)",
          "url": "https://www.google.com/maps/d/viewer?mid=1EOjvzb1kdZoT-4NoJnzMx1_b6dR_UoM",
          "mapId": "",
          "layer": "東京10社めぐり",
          "tags": [
            "東京10社",
            "的野美青",
            "山下瞳月",
            "神社"
          ],
          "name": "滝野川三丁目交差点"
        },
        "classification": {
          "category": "東京10社めぐり",
          "subcategory": "的野美青・山下瞳月",
          "method": "legacy-import",
          "status": "unreviewed"
        },
        "classificationCandidates": {
          "members": [],
          "projects": [],
          "contentTypes": []
        }
      }
    },
    {
      "type": "Feature",
      "geometry": {
        "type": "Point",
        "coordinates": [
          139.72937,
          35.745138
        ]
      },
      "properties": {
        "id": "tokyo10-87",
        "name": "滝野川三丁目交差点",
        "category": "東京10社めぐり",
        "subcategory": "的野美青・山下瞳月",
        "categoryColor": "#f59e0b",
        "address": "",
        "sceneTitle": "滝野川三丁目交差点",
        "sceneNote": "",
        "sourceLabel": "fumi Diary 2号店 (東京10社めぐりマップ)",
        "sourceUrl": "https://www.google.com/maps/d/viewer?mid=1EOjvzb1kdZoT-4NoJnzMx1_b6dR_UoM",
        "tags": [
          "東京10社",
          "的野美青",
          "山下瞳月",
          "神社"
        ],
        "images": [
          "https://pub-6d7574c4452b41519ab8adf1541d7f9e.r2.dev/seichi/tokyo10sha/3AAjQbR7DaMhRK0ucw0-IvZwFo186qlXc2L6q8HY_c9818706.png",
          "https://pub-6d7574c4452b41519ab8adf1541d7f9e.r2.dev/seichi/tokyo10sha/3AAjQbR50hbWdpcUGdGix-l8sg0u6JnoU_QzZb_q_5afbee3b.png"
        ],
        "members": [
          "的野美青",
          "山下瞳月"
        ],
        "source": {
          "provider": "fumi Diary 2号店 (東京10社めぐりマップ)",
          "url": "https://www.google.com/maps/d/viewer?mid=1EOjvzb1kdZoT-4NoJnzMx1_b6dR_UoM",
          "mapId": "",
          "layer": "東京10社めぐり",
          "tags": [
            "東京10社",
            "的野美青",
            "山下瞳月",
            "神社"
          ],
          "name": "滝野川三丁目交差点"
        },
        "classification": {
          "category": "東京10社めぐり",
          "subcategory": "的野美青・山下瞳月",
          "method": "legacy-import",
          "status": "unreviewed"
        },
        "classificationCandidates": {
          "members": [],
          "projects": [],
          "contentTypes": []
        }
      }
    },
    {
      "type": "Feature",
      "geometry": {
        "type": "Point",
        "coordinates": [
          139.729638,
          35.7455
        ]
      },
      "properties": {
        "id": "tokyo10-88",
        "name": "明治通り",
        "category": "東京10社めぐり",
        "subcategory": "的野美青・山下瞳月",
        "categoryColor": "#f59e0b",
        "address": "",
        "sceneTitle": "明治通り",
        "sceneNote": "",
        "sourceLabel": "fumi Diary 2号店 (東京10社めぐりマップ)",
        "sourceUrl": "https://www.google.com/maps/d/viewer?mid=1EOjvzb1kdZoT-4NoJnzMx1_b6dR_UoM",
        "tags": [
          "東京10社",
          "的野美青",
          "山下瞳月",
          "神社"
        ],
        "images": [
          "https://pub-6d7574c4452b41519ab8adf1541d7f9e.r2.dev/seichi/tokyo10sha/3AAjQbR7yM1NkD4iQ1dzuUO2g_Ol4_6NfCWwe9Mv_3fd7df3f.png"
        ],
        "members": [
          "的野美青",
          "山下瞳月"
        ],
        "source": {
          "provider": "fumi Diary 2号店 (東京10社めぐりマップ)",
          "url": "https://www.google.com/maps/d/viewer?mid=1EOjvzb1kdZoT-4NoJnzMx1_b6dR_UoM",
          "mapId": "",
          "layer": "東京10社めぐり",
          "tags": [
            "東京10社",
            "的野美青",
            "山下瞳月",
            "神社"
          ],
          "name": "明治通り"
        },
        "classification": {
          "category": "東京10社めぐり",
          "subcategory": "的野美青・山下瞳月",
          "method": "legacy-import",
          "status": "unreviewed"
        },
        "classificationCandidates": {
          "members": [],
          "projects": [],
          "contentTypes": []
        }
      }
    },
    {
      "type": "Feature",
      "geometry": {
        "type": "Point",
        "coordinates": [
          139.7317041,
          35.7470716
        ]
      },
      "properties": {
        "id": "tokyo10-89",
        "name": "滝野川二丁目交差点",
        "category": "東京10社めぐり",
        "subcategory": "的野美青・山下瞳月",
        "categoryColor": "#f59e0b",
        "address": "",
        "sceneTitle": "滝野川二丁目交差点",
        "sceneNote": "",
        "sourceLabel": "fumi Diary 2号店 (東京10社めぐりマップ)",
        "sourceUrl": "https://www.google.com/maps/d/viewer?mid=1EOjvzb1kdZoT-4NoJnzMx1_b6dR_UoM",
        "tags": [
          "東京10社",
          "的野美青",
          "山下瞳月",
          "神社"
        ],
        "images": [
          "https://pub-6d7574c4452b41519ab8adf1541d7f9e.r2.dev/seichi/tokyo10sha/3AAjQbR4C4p2c8q4TSG7WktJAfUeuM4vOQIoFHF2_ce80644e.png"
        ],
        "members": [
          "的野美青",
          "山下瞳月"
        ],
        "source": {
          "provider": "fumi Diary 2号店 (東京10社めぐりマップ)",
          "url": "https://www.google.com/maps/d/viewer?mid=1EOjvzb1kdZoT-4NoJnzMx1_b6dR_UoM",
          "mapId": "",
          "layer": "東京10社めぐり",
          "tags": [
            "東京10社",
            "的野美青",
            "山下瞳月",
            "神社"
          ],
          "name": "滝野川二丁目交差点"
        },
        "classification": {
          "category": "東京10社めぐり",
          "subcategory": "的野美青・山下瞳月",
          "method": "legacy-import",
          "status": "unreviewed"
        },
        "classificationCandidates": {
          "members": [],
          "projects": [],
          "contentTypes": []
        }
      }
    },
    {
      "type": "Feature",
      "geometry": {
        "type": "Point",
        "coordinates": [
          139.732284182857,
          35.7475082367888
        ]
      },
      "properties": {
        "id": "tokyo10-90",
        "name": "明治通り",
        "category": "東京10社めぐり",
        "subcategory": "的野美青・山下瞳月",
        "categoryColor": "#f59e0b",
        "address": "",
        "sceneTitle": "明治通り",
        "sceneNote": "",
        "sourceLabel": "fumi Diary 2号店 (東京10社めぐりマップ)",
        "sourceUrl": "https://www.google.com/maps/d/viewer?mid=1EOjvzb1kdZoT-4NoJnzMx1_b6dR_UoM",
        "tags": [
          "東京10社",
          "的野美青",
          "山下瞳月",
          "神社"
        ],
        "images": [
          "https://pub-6d7574c4452b41519ab8adf1541d7f9e.r2.dev/seichi/tokyo10sha/3AAjQbR4b2xXzaEHNVoP0xs-S7rIo00xd9orTRq6_c3759cdd.png"
        ],
        "members": [
          "的野美青",
          "山下瞳月"
        ],
        "source": {
          "provider": "fumi Diary 2号店 (東京10社めぐりマップ)",
          "url": "https://www.google.com/maps/d/viewer?mid=1EOjvzb1kdZoT-4NoJnzMx1_b6dR_UoM",
          "mapId": "",
          "layer": "東京10社めぐり",
          "tags": [
            "東京10社",
            "的野美青",
            "山下瞳月",
            "神社"
          ],
          "name": "明治通り"
        },
        "classification": {
          "category": "東京10社めぐり",
          "subcategory": "的野美青・山下瞳月",
          "method": "legacy-import",
          "status": "unreviewed"
        },
        "classificationCandidates": {
          "members": [],
          "projects": [],
          "contentTypes": []
        }
      }
    },
    {
      "type": "Feature",
      "geometry": {
        "type": "Point",
        "coordinates": [
          139.732548583736,
          35.7477079211305
        ]
      },
      "properties": {
        "id": "tokyo10-91",
        "name": "明治通り",
        "category": "東京10社めぐり",
        "subcategory": "的野美青・山下瞳月",
        "categoryColor": "#f59e0b",
        "address": "",
        "sceneTitle": "明治通り",
        "sceneNote": "",
        "sourceLabel": "fumi Diary 2号店 (東京10社めぐりマップ)",
        "sourceUrl": "https://www.google.com/maps/d/viewer?mid=1EOjvzb1kdZoT-4NoJnzMx1_b6dR_UoM",
        "tags": [
          "東京10社",
          "的野美青",
          "山下瞳月",
          "神社"
        ],
        "images": [
          "https://pub-6d7574c4452b41519ab8adf1541d7f9e.r2.dev/seichi/tokyo10sha/3AAjQbR5VVdFQHb3-vlS-6bhuH2-aOhzWVUITxp9_188c23a6.png"
        ],
        "members": [
          "的野美青",
          "山下瞳月"
        ],
        "source": {
          "provider": "fumi Diary 2号店 (東京10社めぐりマップ)",
          "url": "https://www.google.com/maps/d/viewer?mid=1EOjvzb1kdZoT-4NoJnzMx1_b6dR_UoM",
          "mapId": "",
          "layer": "東京10社めぐり",
          "tags": [
            "東京10社",
            "的野美青",
            "山下瞳月",
            "神社"
          ],
          "name": "明治通り"
        },
        "classification": {
          "category": "東京10社めぐり",
          "subcategory": "的野美青・山下瞳月",
          "method": "legacy-import",
          "status": "unreviewed"
        },
        "classificationCandidates": {
          "members": [],
          "projects": [],
          "contentTypes": []
        }
      }
    },
    {
      "type": "Feature",
      "geometry": {
        "type": "Point",
        "coordinates": [
          139.732742894381,
          35.7478542141206
        ]
      },
      "properties": {
        "id": "tokyo10-92",
        "name": "明治通り",
        "category": "東京10社めぐり",
        "subcategory": "的野美青・山下瞳月",
        "categoryColor": "#f59e0b",
        "address": "",
        "sceneTitle": "明治通り",
        "sceneNote": "",
        "sourceLabel": "fumi Diary 2号店 (東京10社めぐりマップ)",
        "sourceUrl": "https://www.google.com/maps/d/viewer?mid=1EOjvzb1kdZoT-4NoJnzMx1_b6dR_UoM",
        "tags": [
          "東京10社",
          "的野美青",
          "山下瞳月",
          "神社"
        ],
        "images": [
          "https://pub-6d7574c4452b41519ab8adf1541d7f9e.r2.dev/seichi/tokyo10sha/3AAjQbR4uA2lS432q82428NSY8PX7AMUpRXDLWC-_9ecb3cf5.png"
        ],
        "members": [
          "的野美青",
          "山下瞳月"
        ],
        "source": {
          "provider": "fumi Diary 2号店 (東京10社めぐりマップ)",
          "url": "https://www.google.com/maps/d/viewer?mid=1EOjvzb1kdZoT-4NoJnzMx1_b6dR_UoM",
          "mapId": "",
          "layer": "東京10社めぐり",
          "tags": [
            "東京10社",
            "的野美青",
            "山下瞳月",
            "神社"
          ],
          "name": "明治通り"
        },
        "classification": {
          "category": "東京10社めぐり",
          "subcategory": "的野美青・山下瞳月",
          "method": "legacy-import",
          "status": "unreviewed"
        },
        "classificationCandidates": {
          "members": [],
          "projects": [],
          "contentTypes": []
        }
      }
    },
    {
      "type": "Feature",
      "geometry": {
        "type": "Point",
        "coordinates": [
          139.733484436915,
          35.7483991067368
        ]
      },
      "properties": {
        "id": "tokyo10-93",
        "name": "明治通り",
        "category": "東京10社めぐり",
        "subcategory": "的野美青・山下瞳月",
        "categoryColor": "#f59e0b",
        "address": "",
        "sceneTitle": "明治通り",
        "sceneNote": "",
        "sourceLabel": "fumi Diary 2号店 (東京10社めぐりマップ)",
        "sourceUrl": "https://www.google.com/maps/d/viewer?mid=1EOjvzb1kdZoT-4NoJnzMx1_b6dR_UoM",
        "tags": [
          "東京10社",
          "的野美青",
          "山下瞳月",
          "神社"
        ],
        "images": [
          "https://pub-6d7574c4452b41519ab8adf1541d7f9e.r2.dev/seichi/tokyo10sha/3AAjQbR6VzfYYvn0Lett2GwD6z0Ix3CW58zYTqAF_bfbebd26.png"
        ],
        "members": [
          "的野美青",
          "山下瞳月"
        ],
        "source": {
          "provider": "fumi Diary 2号店 (東京10社めぐりマップ)",
          "url": "https://www.google.com/maps/d/viewer?mid=1EOjvzb1kdZoT-4NoJnzMx1_b6dR_UoM",
          "mapId": "",
          "layer": "東京10社めぐり",
          "tags": [
            "東京10社",
            "的野美青",
            "山下瞳月",
            "神社"
          ],
          "name": "明治通り"
        },
        "classification": {
          "category": "東京10社めぐり",
          "subcategory": "的野美青・山下瞳月",
          "method": "legacy-import",
          "status": "unreviewed"
        },
        "classificationCandidates": {
          "members": [],
          "projects": [],
          "contentTypes": []
        }
      }
    },
    {
      "type": "Feature",
      "geometry": {
        "type": "Point",
        "coordinates": [
          139.7352375,
          35.7528737
        ]
      },
      "properties": {
        "id": "tokyo10-94",
        "name": "アップルパーク 王子本町第3",
        "category": "東京10社めぐり",
        "subcategory": "的野美青・山下瞳月",
        "categoryColor": "#f59e0b",
        "address": "",
        "sceneTitle": "アップルパーク 王子本町第3",
        "sceneNote": "",
        "sourceLabel": "fumi Diary 2号店 (東京10社めぐりマップ)",
        "sourceUrl": "https://www.google.com/maps/d/viewer?mid=1EOjvzb1kdZoT-4NoJnzMx1_b6dR_UoM",
        "tags": [
          "東京10社",
          "的野美青",
          "山下瞳月",
          "神社"
        ],
        "images": [
          "https://pub-6d7574c4452b41519ab8adf1541d7f9e.r2.dev/seichi/tokyo10sha/3AAjQbR7lJu7qKnLVSD0KitrqHBWejUNQayNJ4wo_3d7fb92e.png"
        ],
        "members": [
          "的野美青",
          "山下瞳月"
        ],
        "source": {
          "provider": "fumi Diary 2号店 (東京10社めぐりマップ)",
          "url": "https://www.google.com/maps/d/viewer?mid=1EOjvzb1kdZoT-4NoJnzMx1_b6dR_UoM",
          "mapId": "",
          "layer": "東京10社めぐり",
          "tags": [
            "東京10社",
            "的野美青",
            "山下瞳月",
            "神社"
          ],
          "name": "アップルパーク 王子本町第3"
        },
        "classification": {
          "category": "東京10社めぐり",
          "subcategory": "的野美青・山下瞳月",
          "method": "legacy-import",
          "status": "unreviewed"
        },
        "classificationCandidates": {
          "members": [],
          "projects": [],
          "contentTypes": []
        }
      }
    },
    {
      "type": "Feature",
      "geometry": {
        "type": "Point",
        "coordinates": [
          139.7353079,
          35.7530854
        ]
      },
      "properties": {
        "id": "tokyo10-95",
        "name": "王子神社 鳥居",
        "category": "東京10社めぐり",
        "subcategory": "的野美青・山下瞳月",
        "categoryColor": "#f59e0b",
        "address": "",
        "sceneTitle": "王子神社 鳥居",
        "sceneNote": "",
        "sourceLabel": "fumi Diary 2号店 (東京10社めぐりマップ)",
        "sourceUrl": "https://www.google.com/maps/d/viewer?mid=1EOjvzb1kdZoT-4NoJnzMx1_b6dR_UoM",
        "tags": [
          "東京10社",
          "的野美青",
          "山下瞳月",
          "神社"
        ],
        "images": [
          "https://pub-6d7574c4452b41519ab8adf1541d7f9e.r2.dev/seichi/tokyo10sha/3AAjQbR4GGpNgA6Z22bz_bEt0_BXl1H02go84il4_5c4b97c7.png",
          "https://pub-6d7574c4452b41519ab8adf1541d7f9e.r2.dev/seichi/tokyo10sha/3AAjQbR7A-XjvtUa1SbLcAN62tu_6hDv4awqqJUr_f2729e1c.png"
        ],
        "members": [
          "的野美青",
          "山下瞳月"
        ],
        "source": {
          "provider": "fumi Diary 2号店 (東京10社めぐりマップ)",
          "url": "https://www.google.com/maps/d/viewer?mid=1EOjvzb1kdZoT-4NoJnzMx1_b6dR_UoM",
          "mapId": "",
          "layer": "東京10社めぐり",
          "tags": [
            "東京10社",
            "的野美青",
            "山下瞳月",
            "神社"
          ],
          "name": "王子神社 鳥居"
        },
        "classification": {
          "category": "東京10社めぐり",
          "subcategory": "的野美青・山下瞳月",
          "method": "legacy-import",
          "status": "unreviewed"
        },
        "classificationCandidates": {
          "members": [],
          "projects": [],
          "contentTypes": []
        }
      }
    },
    {
      "type": "Feature",
      "geometry": {
        "type": "Point",
        "coordinates": [
          139.7357657,
          35.7532582
        ]
      },
      "properties": {
        "id": "tokyo10-96",
        "name": "王子神社 本殿",
        "category": "東京10社めぐり",
        "subcategory": "的野美青・山下瞳月",
        "categoryColor": "#f59e0b",
        "address": "",
        "sceneTitle": "王子神社 本殿",
        "sceneNote": "",
        "sourceLabel": "fumi Diary 2号店 (東京10社めぐりマップ)",
        "sourceUrl": "https://www.google.com/maps/d/viewer?mid=1EOjvzb1kdZoT-4NoJnzMx1_b6dR_UoM",
        "tags": [
          "東京10社",
          "的野美青",
          "山下瞳月",
          "神社"
        ],
        "images": [
          "https://pub-6d7574c4452b41519ab8adf1541d7f9e.r2.dev/seichi/tokyo10sha/3AAjQbR6v1NXIEUJqEUmRx9RsiI7drqXuTIuVBg-_48746434.png"
        ],
        "members": [
          "的野美青",
          "山下瞳月"
        ],
        "source": {
          "provider": "fumi Diary 2号店 (東京10社めぐりマップ)",
          "url": "https://www.google.com/maps/d/viewer?mid=1EOjvzb1kdZoT-4NoJnzMx1_b6dR_UoM",
          "mapId": "",
          "layer": "東京10社めぐり",
          "tags": [
            "東京10社",
            "的野美青",
            "山下瞳月",
            "神社"
          ],
          "name": "王子神社 本殿"
        },
        "classification": {
          "category": "東京10社めぐり",
          "subcategory": "的野美青・山下瞳月",
          "method": "legacy-import",
          "status": "unreviewed"
        },
        "classificationCandidates": {
          "members": [],
          "projects": [],
          "contentTypes": []
        }
      }
    },
    {
      "type": "Feature",
      "geometry": {
        "type": "Point",
        "coordinates": [
          139.7358251,
          35.7531367
        ]
      },
      "properties": {
        "id": "tokyo10-97",
        "name": "王子神社 授与所",
        "category": "東京10社めぐり",
        "subcategory": "的野美青・山下瞳月",
        "categoryColor": "#f59e0b",
        "address": "",
        "sceneTitle": "王子神社 授与所",
        "sceneNote": "",
        "sourceLabel": "fumi Diary 2号店 (東京10社めぐりマップ)",
        "sourceUrl": "https://www.google.com/maps/d/viewer?mid=1EOjvzb1kdZoT-4NoJnzMx1_b6dR_UoM",
        "tags": [
          "東京10社",
          "的野美青",
          "山下瞳月",
          "神社"
        ],
        "images": [],
        "members": [
          "的野美青",
          "山下瞳月"
        ],
        "source": {
          "provider": "fumi Diary 2号店 (東京10社めぐりマップ)",
          "url": "https://www.google.com/maps/d/viewer?mid=1EOjvzb1kdZoT-4NoJnzMx1_b6dR_UoM",
          "mapId": "",
          "layer": "東京10社めぐり",
          "tags": [
            "東京10社",
            "的野美青",
            "山下瞳月",
            "神社"
          ],
          "name": "王子神社 授与所"
        },
        "classification": {
          "category": "東京10社めぐり",
          "subcategory": "的野美青・山下瞳月",
          "method": "legacy-import",
          "status": "unreviewed"
        },
        "classificationCandidates": {
          "members": [],
          "projects": [],
          "contentTypes": []
        }
      }
    },
    {
      "type": "Feature",
      "geometry": {
        "type": "Point",
        "coordinates": [
          139.7356045,
          35.753184
        ]
      },
      "properties": {
        "id": "tokyo10-98",
        "name": "王子神社 参道",
        "category": "東京10社めぐり",
        "subcategory": "的野美青・山下瞳月",
        "categoryColor": "#f59e0b",
        "address": "",
        "sceneTitle": "王子神社 参道",
        "sceneNote": "四社目クリア",
        "sourceLabel": "fumi Diary 2号店 (東京10社めぐりマップ)",
        "sourceUrl": "https://www.google.com/maps/d/viewer?mid=1EOjvzb1kdZoT-4NoJnzMx1_b6dR_UoM",
        "tags": [
          "東京10社",
          "的野美青",
          "山下瞳月",
          "神社"
        ],
        "images": [
          "https://pub-6d7574c4452b41519ab8adf1541d7f9e.r2.dev/seichi/tokyo10sha/3AAjQbR7upSwYNU91imSplUrEio6XB59CmFZQEfN_8d8b1bd7.png"
        ],
        "members": [
          "的野美青",
          "山下瞳月"
        ],
        "source": {
          "provider": "fumi Diary 2号店 (東京10社めぐりマップ)",
          "url": "https://www.google.com/maps/d/viewer?mid=1EOjvzb1kdZoT-4NoJnzMx1_b6dR_UoM",
          "mapId": "",
          "layer": "東京10社めぐり",
          "tags": [
            "東京10社",
            "的野美青",
            "山下瞳月",
            "神社"
          ],
          "name": "王子神社 参道"
        },
        "classification": {
          "category": "東京10社めぐり",
          "subcategory": "的野美青・山下瞳月",
          "method": "legacy-import",
          "status": "unreviewed"
        },
        "classificationCandidates": {
          "members": [],
          "projects": [],
          "contentTypes": []
        }
      }
    },
    {
      "type": "Feature",
      "geometry": {
        "type": "Point",
        "coordinates": [
          139.736134,
          35.752301
        ]
      },
      "properties": {
        "id": "tokyo10-99",
        "name": "旧岩槻街道",
        "category": "東京10社めぐり",
        "subcategory": "的野美青・山下瞳月",
        "categoryColor": "#f59e0b",
        "address": "",
        "sceneTitle": "旧岩槻街道",
        "sceneNote": "",
        "sourceLabel": "fumi Diary 2号店 (東京10社めぐりマップ)",
        "sourceUrl": "https://www.google.com/maps/d/viewer?mid=1EOjvzb1kdZoT-4NoJnzMx1_b6dR_UoM",
        "tags": [
          "東京10社",
          "的野美青",
          "山下瞳月",
          "神社"
        ],
        "images": [
          "https://pub-6d7574c4452b41519ab8adf1541d7f9e.r2.dev/seichi/tokyo10sha/3AAjQbR6JWuhwQKOAEcXRWTohKHT_njJL2W8G_xK_6abaa879.png"
        ],
        "members": [
          "的野美青",
          "山下瞳月"
        ],
        "source": {
          "provider": "fumi Diary 2号店 (東京10社めぐりマップ)",
          "url": "https://www.google.com/maps/d/viewer?mid=1EOjvzb1kdZoT-4NoJnzMx1_b6dR_UoM",
          "mapId": "",
          "layer": "東京10社めぐり",
          "tags": [
            "東京10社",
            "的野美青",
            "山下瞳月",
            "神社"
          ],
          "name": "旧岩槻街道"
        },
        "classification": {
          "category": "東京10社めぐり",
          "subcategory": "的野美青・山下瞳月",
          "method": "legacy-import",
          "status": "unreviewed"
        },
        "classificationCandidates": {
          "members": [],
          "projects": [],
          "contentTypes": []
        }
      }
    },
    {
      "type": "Feature",
      "geometry": {
        "type": "Point",
        "coordinates": [
          139.736867,
          35.751307
        ]
      },
      "properties": {
        "id": "tokyo10-100",
        "name": "明治通り",
        "category": "東京10社めぐり",
        "subcategory": "的野美青・山下瞳月",
        "categoryColor": "#f59e0b",
        "address": "",
        "sceneTitle": "明治通り",
        "sceneNote": "",
        "sourceLabel": "fumi Diary 2号店 (東京10社めぐりマップ)",
        "sourceUrl": "https://www.google.com/maps/d/viewer?mid=1EOjvzb1kdZoT-4NoJnzMx1_b6dR_UoM",
        "tags": [
          "東京10社",
          "的野美青",
          "山下瞳月",
          "神社"
        ],
        "images": [
          "https://pub-6d7574c4452b41519ab8adf1541d7f9e.r2.dev/seichi/tokyo10sha/3AAjQbR5WQPfx-Yf-dlJ69_e44bOijgpaL7A0ptk_7b174918.png"
        ],
        "members": [
          "的野美青",
          "山下瞳月"
        ],
        "source": {
          "provider": "fumi Diary 2号店 (東京10社めぐりマップ)",
          "url": "https://www.google.com/maps/d/viewer?mid=1EOjvzb1kdZoT-4NoJnzMx1_b6dR_UoM",
          "mapId": "",
          "layer": "東京10社めぐり",
          "tags": [
            "東京10社",
            "的野美青",
            "山下瞳月",
            "神社"
          ],
          "name": "明治通り"
        },
        "classification": {
          "category": "東京10社めぐり",
          "subcategory": "的野美青・山下瞳月",
          "method": "legacy-import",
          "status": "unreviewed"
        },
        "classificationCandidates": {
          "members": [],
          "projects": [],
          "contentTypes": []
        }
      }
    },
    {
      "type": "Feature",
      "geometry": {
        "type": "Point",
        "coordinates": [
          139.7373989,
          35.7505993
        ]
      },
      "properties": {
        "id": "tokyo10-101",
        "name": "飛鳥山交差点",
        "category": "東京10社めぐり",
        "subcategory": "的野美青・山下瞳月",
        "categoryColor": "#f59e0b",
        "address": "",
        "sceneTitle": "飛鳥山交差点",
        "sceneNote": "",
        "sourceLabel": "fumi Diary 2号店 (東京10社めぐりマップ)",
        "sourceUrl": "https://www.google.com/maps/d/viewer?mid=1EOjvzb1kdZoT-4NoJnzMx1_b6dR_UoM",
        "tags": [
          "東京10社",
          "的野美青",
          "山下瞳月",
          "神社"
        ],
        "images": [
          "https://pub-6d7574c4452b41519ab8adf1541d7f9e.r2.dev/seichi/tokyo10sha/3AAjQbR6lInFsy_mdwXHnIgZKMhcDnhgFxZ3qtYB_412942d2.png"
        ],
        "members": [
          "的野美青",
          "山下瞳月"
        ],
        "source": {
          "provider": "fumi Diary 2号店 (東京10社めぐりマップ)",
          "url": "https://www.google.com/maps/d/viewer?mid=1EOjvzb1kdZoT-4NoJnzMx1_b6dR_UoM",
          "mapId": "",
          "layer": "東京10社めぐり",
          "tags": [
            "東京10社",
            "的野美青",
            "山下瞳月",
            "神社"
          ],
          "name": "飛鳥山交差点"
        },
        "classification": {
          "category": "東京10社めぐり",
          "subcategory": "的野美青・山下瞳月",
          "method": "legacy-import",
          "status": "unreviewed"
        },
        "classificationCandidates": {
          "members": [],
          "projects": [],
          "contentTypes": []
        }
      }
    },
    {
      "type": "Feature",
      "geometry": {
        "type": "Point",
        "coordinates": [
          139.7467973,
          35.7363712
        ]
      },
      "properties": {
        "id": "tokyo10-102",
        "name": "駒込橋",
        "category": "東京10社めぐり",
        "subcategory": "的野美青・山下瞳月",
        "categoryColor": "#f59e0b",
        "address": "",
        "sceneTitle": "駒込橋",
        "sceneNote": "",
        "sourceLabel": "fumi Diary 2号店 (東京10社めぐりマップ)",
        "sourceUrl": "https://www.google.com/maps/d/viewer?mid=1EOjvzb1kdZoT-4NoJnzMx1_b6dR_UoM",
        "tags": [
          "東京10社",
          "的野美青",
          "山下瞳月",
          "神社"
        ],
        "images": [
          "https://pub-6d7574c4452b41519ab8adf1541d7f9e.r2.dev/seichi/tokyo10sha/3AAjQbR4HKk2QiDFLZ51stx0sEbQGp_B7N4TdIVo_cfe03b73.png"
        ],
        "members": [
          "的野美青",
          "山下瞳月"
        ],
        "source": {
          "provider": "fumi Diary 2号店 (東京10社めぐりマップ)",
          "url": "https://www.google.com/maps/d/viewer?mid=1EOjvzb1kdZoT-4NoJnzMx1_b6dR_UoM",
          "mapId": "",
          "layer": "東京10社めぐり",
          "tags": [
            "東京10社",
            "的野美青",
            "山下瞳月",
            "神社"
          ],
          "name": "駒込橋"
        },
        "classification": {
          "category": "東京10社めぐり",
          "subcategory": "的野美青・山下瞳月",
          "method": "legacy-import",
          "status": "unreviewed"
        },
        "classificationCandidates": {
          "members": [],
          "projects": [],
          "contentTypes": []
        }
      }
    },
    {
      "type": "Feature",
      "geometry": {
        "type": "Point",
        "coordinates": [
          139.752533,
          35.722504
        ]
      },
      "properties": {
        "id": "tokyo10-103",
        "name": "白山上交差点",
        "category": "東京10社めぐり",
        "subcategory": "的野美青・山下瞳月",
        "categoryColor": "#f59e0b",
        "address": "",
        "sceneTitle": "白山上交差点",
        "sceneNote": "",
        "sourceLabel": "fumi Diary 2号店 (東京10社めぐりマップ)",
        "sourceUrl": "https://www.google.com/maps/d/viewer?mid=1EOjvzb1kdZoT-4NoJnzMx1_b6dR_UoM",
        "tags": [
          "東京10社",
          "的野美青",
          "山下瞳月",
          "神社"
        ],
        "images": [
          "https://pub-6d7574c4452b41519ab8adf1541d7f9e.r2.dev/seichi/tokyo10sha/3AAjQbR5Oz6z8MjuMnx72FA3J7fHpQGRZ1VKWwhK_c1631b12.png"
        ],
        "members": [
          "的野美青",
          "山下瞳月"
        ],
        "source": {
          "provider": "fumi Diary 2号店 (東京10社めぐりマップ)",
          "url": "https://www.google.com/maps/d/viewer?mid=1EOjvzb1kdZoT-4NoJnzMx1_b6dR_UoM",
          "mapId": "",
          "layer": "東京10社めぐり",
          "tags": [
            "東京10社",
            "的野美青",
            "山下瞳月",
            "神社"
          ],
          "name": "白山上交差点"
        },
        "classification": {
          "category": "東京10社めぐり",
          "subcategory": "的野美青・山下瞳月",
          "method": "legacy-import",
          "status": "unreviewed"
        },
        "classificationCandidates": {
          "members": [],
          "projects": [],
          "contentTypes": []
        }
      }
    },
    {
      "type": "Feature",
      "geometry": {
        "type": "Point",
        "coordinates": [
          139.751293277343,
          35.7218900910669
        ]
      },
      "properties": {
        "id": "tokyo10-104",
        "name": "白山5丁目",
        "category": "東京10社めぐり",
        "subcategory": "的野美青・山下瞳月",
        "categoryColor": "#f59e0b",
        "address": "",
        "sceneTitle": "白山5丁目",
        "sceneNote": "",
        "sourceLabel": "fumi Diary 2号店 (東京10社めぐりマップ)",
        "sourceUrl": "https://www.google.com/maps/d/viewer?mid=1EOjvzb1kdZoT-4NoJnzMx1_b6dR_UoM",
        "tags": [
          "東京10社",
          "的野美青",
          "山下瞳月",
          "神社"
        ],
        "images": [
          "https://pub-6d7574c4452b41519ab8adf1541d7f9e.r2.dev/seichi/tokyo10sha/3AAjQbR5LZzOnJXucb5vnhD7krhl_St3SFs9BFpY_c62c0b4e.png"
        ],
        "members": [
          "的野美青",
          "山下瞳月"
        ],
        "source": {
          "provider": "fumi Diary 2号店 (東京10社めぐりマップ)",
          "url": "https://www.google.com/maps/d/viewer?mid=1EOjvzb1kdZoT-4NoJnzMx1_b6dR_UoM",
          "mapId": "",
          "layer": "東京10社めぐり",
          "tags": [
            "東京10社",
            "的野美青",
            "山下瞳月",
            "神社"
          ],
          "name": "白山5丁目"
        },
        "classification": {
          "category": "東京10社めぐり",
          "subcategory": "的野美青・山下瞳月",
          "method": "legacy-import",
          "status": "unreviewed"
        },
        "classificationCandidates": {
          "members": [],
          "projects": [],
          "contentTypes": []
        }
      }
    },
    {
      "type": "Feature",
      "geometry": {
        "type": "Point",
        "coordinates": [
          139.7510252,
          35.7218739
        ]
      },
      "properties": {
        "id": "tokyo10-105",
        "name": "白山神社 鳥居",
        "category": "東京10社めぐり",
        "subcategory": "的野美青・山下瞳月",
        "categoryColor": "#f59e0b",
        "address": "",
        "sceneTitle": "白山神社 鳥居",
        "sceneNote": "",
        "sourceLabel": "fumi Diary 2号店 (東京10社めぐりマップ)",
        "sourceUrl": "https://www.google.com/maps/d/viewer?mid=1EOjvzb1kdZoT-4NoJnzMx1_b6dR_UoM",
        "tags": [
          "東京10社",
          "的野美青",
          "山下瞳月",
          "神社"
        ],
        "images": [
          "https://pub-6d7574c4452b41519ab8adf1541d7f9e.r2.dev/seichi/tokyo10sha/3AAjQbR4QXtK5CDr7zelx3yOZ-aL7hLXVQl8PIeS_9363307a.png"
        ],
        "members": [
          "的野美青",
          "山下瞳月"
        ],
        "source": {
          "provider": "fumi Diary 2号店 (東京10社めぐりマップ)",
          "url": "https://www.google.com/maps/d/viewer?mid=1EOjvzb1kdZoT-4NoJnzMx1_b6dR_UoM",
          "mapId": "",
          "layer": "東京10社めぐり",
          "tags": [
            "東京10社",
            "的野美青",
            "山下瞳月",
            "神社"
          ],
          "name": "白山神社 鳥居"
        },
        "classification": {
          "category": "東京10社めぐり",
          "subcategory": "的野美青・山下瞳月",
          "method": "legacy-import",
          "status": "unreviewed"
        },
        "classificationCandidates": {
          "members": [],
          "projects": [],
          "contentTypes": []
        }
      }
    },
    {
      "type": "Feature",
      "geometry": {
        "type": "Point",
        "coordinates": [
          139.7505959,
          35.7218432
        ]
      },
      "properties": {
        "id": "tokyo10-106",
        "name": "白山神社 本殿",
        "category": "東京10社めぐり",
        "subcategory": "的野美青・山下瞳月",
        "categoryColor": "#f59e0b",
        "address": "",
        "sceneTitle": "白山神社 本殿",
        "sceneNote": "",
        "sourceLabel": "fumi Diary 2号店 (東京10社めぐりマップ)",
        "sourceUrl": "https://www.google.com/maps/d/viewer?mid=1EOjvzb1kdZoT-4NoJnzMx1_b6dR_UoM",
        "tags": [
          "東京10社",
          "的野美青",
          "山下瞳月",
          "神社"
        ],
        "images": [
          "https://pub-6d7574c4452b41519ab8adf1541d7f9e.r2.dev/seichi/tokyo10sha/3AAjQbR7P2_Yh4yp5DRoyxxv_z54KyaINOgECKJe_5a82125a.png",
          "https://pub-6d7574c4452b41519ab8adf1541d7f9e.r2.dev/seichi/tokyo10sha/3AAjQbR78wd69Fv9ZuGsufzn2sHDNdqaoSLoe84B_f2c41ca7.png"
        ],
        "members": [
          "的野美青",
          "山下瞳月"
        ],
        "source": {
          "provider": "fumi Diary 2号店 (東京10社めぐりマップ)",
          "url": "https://www.google.com/maps/d/viewer?mid=1EOjvzb1kdZoT-4NoJnzMx1_b6dR_UoM",
          "mapId": "",
          "layer": "東京10社めぐり",
          "tags": [
            "東京10社",
            "的野美青",
            "山下瞳月",
            "神社"
          ],
          "name": "白山神社 本殿"
        },
        "classification": {
          "category": "東京10社めぐり",
          "subcategory": "的野美青・山下瞳月",
          "method": "legacy-import",
          "status": "unreviewed"
        },
        "classificationCandidates": {
          "members": [],
          "projects": [],
          "contentTypes": []
        }
      }
    },
    {
      "type": "Feature",
      "geometry": {
        "type": "Point",
        "coordinates": [
          139.7507749,
          35.721883
        ]
      },
      "properties": {
        "id": "tokyo10-107",
        "name": "白山神社 授与所",
        "category": "東京10社めぐり",
        "subcategory": "的野美青・山下瞳月",
        "categoryColor": "#f59e0b",
        "address": "",
        "sceneTitle": "白山神社 授与所",
        "sceneNote": "",
        "sourceLabel": "fumi Diary 2号店 (東京10社めぐりマップ)",
        "sourceUrl": "https://www.google.com/maps/d/viewer?mid=1EOjvzb1kdZoT-4NoJnzMx1_b6dR_UoM",
        "tags": [
          "東京10社",
          "的野美青",
          "山下瞳月",
          "神社"
        ],
        "images": [],
        "members": [
          "的野美青",
          "山下瞳月"
        ],
        "source": {
          "provider": "fumi Diary 2号店 (東京10社めぐりマップ)",
          "url": "https://www.google.com/maps/d/viewer?mid=1EOjvzb1kdZoT-4NoJnzMx1_b6dR_UoM",
          "mapId": "",
          "layer": "東京10社めぐり",
          "tags": [
            "東京10社",
            "的野美青",
            "山下瞳月",
            "神社"
          ],
          "name": "白山神社 授与所"
        },
        "classification": {
          "category": "東京10社めぐり",
          "subcategory": "的野美青・山下瞳月",
          "method": "legacy-import",
          "status": "unreviewed"
        },
        "classificationCandidates": {
          "members": [],
          "projects": [],
          "contentTypes": []
        }
      }
    },
    {
      "type": "Feature",
      "geometry": {
        "type": "Point",
        "coordinates": [
          139.7511829,
          35.7218644
        ]
      },
      "properties": {
        "id": "tokyo10-108",
        "name": "BRANZ文京白山前",
        "category": "東京10社めぐり",
        "subcategory": "的野美青・山下瞳月",
        "categoryColor": "#f59e0b",
        "address": "",
        "sceneTitle": "BRANZ文京白山前",
        "sceneNote": "五社目クリア",
        "sourceLabel": "fumi Diary 2号店 (東京10社めぐりマップ)",
        "sourceUrl": "https://www.google.com/maps/d/viewer?mid=1EOjvzb1kdZoT-4NoJnzMx1_b6dR_UoM",
        "tags": [
          "東京10社",
          "的野美青",
          "山下瞳月",
          "神社"
        ],
        "images": [
          "https://pub-6d7574c4452b41519ab8adf1541d7f9e.r2.dev/seichi/tokyo10sha/3AAjQbR7dVIKcg3TXY-Ea-5LkpnVsf6qI47qyLN9_82f34421.png"
        ],
        "members": [
          "的野美青",
          "山下瞳月"
        ],
        "source": {
          "provider": "fumi Diary 2号店 (東京10社めぐりマップ)",
          "url": "https://www.google.com/maps/d/viewer?mid=1EOjvzb1kdZoT-4NoJnzMx1_b6dR_UoM",
          "mapId": "",
          "layer": "東京10社めぐり",
          "tags": [
            "東京10社",
            "的野美青",
            "山下瞳月",
            "神社"
          ],
          "name": "BRANZ文京白山前"
        },
        "classification": {
          "category": "東京10社めぐり",
          "subcategory": "的野美青・山下瞳月",
          "method": "legacy-import",
          "status": "unreviewed"
        },
        "classificationCandidates": {
          "members": [],
          "projects": [],
          "contentTypes": []
        }
      }
    },
    {
      "type": "Feature",
      "geometry": {
        "type": "Point",
        "coordinates": [
          139.753329,
          35.721277
        ]
      },
      "properties": {
        "id": "tokyo10-109",
        "name": "中山道",
        "category": "東京10社めぐり",
        "subcategory": "的野美青・山下瞳月",
        "categoryColor": "#f59e0b",
        "address": "",
        "sceneTitle": "中山道",
        "sceneNote": "",
        "sourceLabel": "fumi Diary 2号店 (東京10社めぐりマップ)",
        "sourceUrl": "https://www.google.com/maps/d/viewer?mid=1EOjvzb1kdZoT-4NoJnzMx1_b6dR_UoM",
        "tags": [
          "東京10社",
          "的野美青",
          "山下瞳月",
          "神社"
        ],
        "images": [
          "https://pub-6d7574c4452b41519ab8adf1541d7f9e.r2.dev/seichi/tokyo10sha/3AAjQbR7HF888QwSKWOy92E_qzlPmlEXOXBDb6TR_e17049ad.png"
        ],
        "members": [
          "的野美青",
          "山下瞳月"
        ],
        "source": {
          "provider": "fumi Diary 2号店 (東京10社めぐりマップ)",
          "url": "https://www.google.com/maps/d/viewer?mid=1EOjvzb1kdZoT-4NoJnzMx1_b6dR_UoM",
          "mapId": "",
          "layer": "東京10社めぐり",
          "tags": [
            "東京10社",
            "的野美青",
            "山下瞳月",
            "神社"
          ],
          "name": "中山道"
        },
        "classification": {
          "category": "東京10社めぐり",
          "subcategory": "的野美青・山下瞳月",
          "method": "legacy-import",
          "status": "unreviewed"
        },
        "classificationCandidates": {
          "members": [],
          "projects": [],
          "contentTypes": []
        }
      }
    },
    {
      "type": "Feature",
      "geometry": {
        "type": "Point",
        "coordinates": [
          139.753501,
          35.720965
        ]
      },
      "properties": {
        "id": "tokyo10-110",
        "name": "中山道",
        "category": "東京10社めぐり",
        "subcategory": "的野美青・山下瞳月",
        "categoryColor": "#f59e0b",
        "address": "",
        "sceneTitle": "中山道",
        "sceneNote": "",
        "sourceLabel": "fumi Diary 2号店 (東京10社めぐりマップ)",
        "sourceUrl": "https://www.google.com/maps/d/viewer?mid=1EOjvzb1kdZoT-4NoJnzMx1_b6dR_UoM",
        "tags": [
          "東京10社",
          "的野美青",
          "山下瞳月",
          "神社"
        ],
        "images": [
          "https://pub-6d7574c4452b41519ab8adf1541d7f9e.r2.dev/seichi/tokyo10sha/3AAjQbR5bhEug3hHyCdQvOM1IU9KMyMv3fdqvJUm_cff9d80f.png"
        ],
        "members": [
          "的野美青",
          "山下瞳月"
        ],
        "source": {
          "provider": "fumi Diary 2号店 (東京10社めぐりマップ)",
          "url": "https://www.google.com/maps/d/viewer?mid=1EOjvzb1kdZoT-4NoJnzMx1_b6dR_UoM",
          "mapId": "",
          "layer": "東京10社めぐり",
          "tags": [
            "東京10社",
            "的野美青",
            "山下瞳月",
            "神社"
          ],
          "name": "中山道"
        },
        "classification": {
          "category": "東京10社めぐり",
          "subcategory": "的野美青・山下瞳月",
          "method": "legacy-import",
          "status": "unreviewed"
        },
        "classificationCandidates": {
          "members": [],
          "projects": [],
          "contentTypes": []
        }
      }
    },
    {
      "type": "Feature",
      "geometry": {
        "type": "Point",
        "coordinates": [
          139.753781,
          35.720444
        ]
      },
      "properties": {
        "id": "tokyo10-111",
        "name": "白山一丁目交差点",
        "category": "東京10社めぐり",
        "subcategory": "的野美青・山下瞳月",
        "categoryColor": "#f59e0b",
        "address": "",
        "sceneTitle": "白山一丁目交差点",
        "sceneNote": "",
        "sourceLabel": "fumi Diary 2号店 (東京10社めぐりマップ)",
        "sourceUrl": "https://www.google.com/maps/d/viewer?mid=1EOjvzb1kdZoT-4NoJnzMx1_b6dR_UoM",
        "tags": [
          "東京10社",
          "的野美青",
          "山下瞳月",
          "神社"
        ],
        "images": [
          "https://pub-6d7574c4452b41519ab8adf1541d7f9e.r2.dev/seichi/tokyo10sha/3AAjQbR7BXnvmDwHiOk8iqEJrsR2CWcdBzwQ50nZ_a66b9e25.png"
        ],
        "members": [
          "的野美青",
          "山下瞳月"
        ],
        "source": {
          "provider": "fumi Diary 2号店 (東京10社めぐりマップ)",
          "url": "https://www.google.com/maps/d/viewer?mid=1EOjvzb1kdZoT-4NoJnzMx1_b6dR_UoM",
          "mapId": "",
          "layer": "東京10社めぐり",
          "tags": [
            "東京10社",
            "的野美青",
            "山下瞳月",
            "神社"
          ],
          "name": "白山一丁目交差点"
        },
        "classification": {
          "category": "東京10社めぐり",
          "subcategory": "的野美青・山下瞳月",
          "method": "legacy-import",
          "status": "unreviewed"
        },
        "classificationCandidates": {
          "members": [],
          "projects": [],
          "contentTypes": []
        }
      }
    },
    {
      "type": "Feature",
      "geometry": {
        "type": "Point",
        "coordinates": [
          139.758901,
          35.715443
        ]
      },
      "properties": {
        "id": "tokyo10-112",
        "name": "本富士警察署 弥生町交番",
        "category": "東京10社めぐり",
        "subcategory": "的野美青・山下瞳月",
        "categoryColor": "#f59e0b",
        "address": "",
        "sceneTitle": "本富士警察署 弥生町交番",
        "sceneNote": "",
        "sourceLabel": "fumi Diary 2号店 (東京10社めぐりマップ)",
        "sourceUrl": "https://www.google.com/maps/d/viewer?mid=1EOjvzb1kdZoT-4NoJnzMx1_b6dR_UoM",
        "tags": [
          "東京10社",
          "的野美青",
          "山下瞳月",
          "神社"
        ],
        "images": [
          "https://pub-6d7574c4452b41519ab8adf1541d7f9e.r2.dev/seichi/tokyo10sha/3AAjQbR4aij860QncbJ-5Y5kkwRrCS16bwQ8aV6B_d39afdc6.png"
        ],
        "members": [
          "的野美青",
          "山下瞳月"
        ],
        "source": {
          "provider": "fumi Diary 2号店 (東京10社めぐりマップ)",
          "url": "https://www.google.com/maps/d/viewer?mid=1EOjvzb1kdZoT-4NoJnzMx1_b6dR_UoM",
          "mapId": "",
          "layer": "東京10社めぐり",
          "tags": [
            "東京10社",
            "的野美青",
            "山下瞳月",
            "神社"
          ],
          "name": "本富士警察署 弥生町交番"
        },
        "classification": {
          "category": "東京10社めぐり",
          "subcategory": "的野美青・山下瞳月",
          "method": "legacy-import",
          "status": "unreviewed"
        },
        "classificationCandidates": {
          "members": [],
          "projects": [],
          "contentTypes": []
        }
      }
    },
    {
      "type": "Feature",
      "geometry": {
        "type": "Point",
        "coordinates": [
          139.7589286,
          35.7152848
        ]
      },
      "properties": {
        "id": "tokyo10-113",
        "name": "東京大学",
        "category": "東京10社めぐり",
        "subcategory": "的野美青・山下瞳月",
        "categoryColor": "#f59e0b",
        "address": "",
        "sceneTitle": "東京大学",
        "sceneNote": "的野美青は靴に違和感を感じました。",
        "sourceLabel": "fumi Diary 2号店 (東京10社めぐりマップ)",
        "sourceUrl": "https://www.google.com/maps/d/viewer?mid=1EOjvzb1kdZoT-4NoJnzMx1_b6dR_UoM",
        "tags": [
          "東京10社",
          "的野美青",
          "山下瞳月",
          "神社"
        ],
        "images": [
          "https://pub-6d7574c4452b41519ab8adf1541d7f9e.r2.dev/seichi/tokyo10sha/3AAjQbR5wtfKHg3YaHr6fZH_MWdYXy-UiWvsLMbK_afa6f8d3.png",
          "https://pub-6d7574c4452b41519ab8adf1541d7f9e.r2.dev/seichi/tokyo10sha/3AAjQbR6revnJP1r5ARXpKyopnW52CFXHP5YeQ7c_33e28562.png",
          "https://pub-6d7574c4452b41519ab8adf1541d7f9e.r2.dev/seichi/tokyo10sha/3AAjQbR4mFR01p_L44ikxOZqY8Rzc6slt0mSdExF_e15f9b0d.png"
        ],
        "members": [
          "的野美青",
          "山下瞳月"
        ],
        "source": {
          "provider": "fumi Diary 2号店 (東京10社めぐりマップ)",
          "url": "https://www.google.com/maps/d/viewer?mid=1EOjvzb1kdZoT-4NoJnzMx1_b6dR_UoM",
          "mapId": "",
          "layer": "東京10社めぐり",
          "tags": [
            "東京10社",
            "的野美青",
            "山下瞳月",
            "神社"
          ],
          "name": "東京大学"
        },
        "classification": {
          "category": "東京10社めぐり",
          "subcategory": "的野美青・山下瞳月",
          "method": "legacy-import",
          "status": "unreviewed"
        },
        "classificationCandidates": {
          "members": [],
          "projects": [],
          "contentTypes": []
        }
      }
    },
    {
      "type": "Feature",
      "geometry": {
        "type": "Point",
        "coordinates": [
          139.75903,
          35.714998
        ]
      },
      "properties": {
        "id": "tokyo10-114",
        "name": "東京大学",
        "category": "東京10社めぐり",
        "subcategory": "的野美青・山下瞳月",
        "categoryColor": "#f59e0b",
        "address": "",
        "sceneTitle": "東京大学",
        "sceneNote": "靴を交換しました。",
        "sourceLabel": "fumi Diary 2号店 (東京10社めぐりマップ)",
        "sourceUrl": "https://www.google.com/maps/d/viewer?mid=1EOjvzb1kdZoT-4NoJnzMx1_b6dR_UoM",
        "tags": [
          "東京10社",
          "的野美青",
          "山下瞳月",
          "神社"
        ],
        "images": [
          "https://pub-6d7574c4452b41519ab8adf1541d7f9e.r2.dev/seichi/tokyo10sha/3AAjQbR7ajrh1oj6jD38RD9Z-lfGqO9ILnSYKGNg_ef57a61b.png"
        ],
        "members": [
          "的野美青",
          "山下瞳月"
        ],
        "source": {
          "provider": "fumi Diary 2号店 (東京10社めぐりマップ)",
          "url": "https://www.google.com/maps/d/viewer?mid=1EOjvzb1kdZoT-4NoJnzMx1_b6dR_UoM",
          "mapId": "",
          "layer": "東京10社めぐり",
          "tags": [
            "東京10社",
            "的野美青",
            "山下瞳月",
            "神社"
          ],
          "name": "東京大学"
        },
        "classification": {
          "category": "東京10社めぐり",
          "subcategory": "的野美青・山下瞳月",
          "method": "legacy-import",
          "status": "unreviewed"
        },
        "classificationCandidates": {
          "members": [],
          "projects": [],
          "contentTypes": []
        }
      }
    },
    {
      "type": "Feature",
      "geometry": {
        "type": "Point",
        "coordinates": [
          139.759509,
          35.7129819
        ]
      },
      "properties": {
        "id": "tokyo10-115",
        "name": "東京大学 正門",
        "category": "東京10社めぐり",
        "subcategory": "的野美青・山下瞳月",
        "categoryColor": "#f59e0b",
        "address": "",
        "sceneTitle": "東京大学 正門",
        "sceneNote": "",
        "sourceLabel": "fumi Diary 2号店 (東京10社めぐりマップ)",
        "sourceUrl": "https://www.google.com/maps/d/viewer?mid=1EOjvzb1kdZoT-4NoJnzMx1_b6dR_UoM",
        "tags": [
          "東京10社",
          "的野美青",
          "山下瞳月",
          "神社"
        ],
        "images": [
          "https://pub-6d7574c4452b41519ab8adf1541d7f9e.r2.dev/seichi/tokyo10sha/3AAjQbR7xz2dc7WD4J6YLOx06Zg3yFajnwuh0bIJ_05fae76f.png",
          "https://pub-6d7574c4452b41519ab8adf1541d7f9e.r2.dev/seichi/tokyo10sha/3AAjQbR5qfP4JdCkpJUhhSwH_A6aipaSq8zeFyiJ_0ed24d0f.png"
        ],
        "members": [
          "的野美青",
          "山下瞳月"
        ],
        "source": {
          "provider": "fumi Diary 2号店 (東京10社めぐりマップ)",
          "url": "https://www.google.com/maps/d/viewer?mid=1EOjvzb1kdZoT-4NoJnzMx1_b6dR_UoM",
          "mapId": "",
          "layer": "東京10社めぐり",
          "tags": [
            "東京10社",
            "的野美青",
            "山下瞳月",
            "神社"
          ],
          "name": "東京大学 正門"
        },
        "classification": {
          "category": "東京10社めぐり",
          "subcategory": "的野美青・山下瞳月",
          "method": "legacy-import",
          "status": "unreviewed"
        },
        "classificationCandidates": {
          "members": [],
          "projects": [],
          "contentTypes": []
        }
      }
    },
    {
      "type": "Feature",
      "geometry": {
        "type": "Point",
        "coordinates": [
          139.759698,
          35.712334
        ]
      },
      "properties": {
        "id": "tokyo10-116",
        "name": "東京大学 避難場所看板",
        "category": "東京10社めぐり",
        "subcategory": "的野美青・山下瞳月",
        "categoryColor": "#f59e0b",
        "address": "",
        "sceneTitle": "東京大学 避難場所看板",
        "sceneNote": "めっちゃかっこいいやん!",
        "sourceLabel": "fumi Diary 2号店 (東京10社めぐりマップ)",
        "sourceUrl": "https://www.google.com/maps/d/viewer?mid=1EOjvzb1kdZoT-4NoJnzMx1_b6dR_UoM",
        "tags": [
          "東京10社",
          "的野美青",
          "山下瞳月",
          "神社"
        ],
        "images": [
          "https://pub-6d7574c4452b41519ab8adf1541d7f9e.r2.dev/seichi/tokyo10sha/3AAjQbR71hnTtgIcnqzUl3pKJKSPcBzRWJd6geFF_e1c265b8.png"
        ],
        "members": [
          "的野美青",
          "山下瞳月"
        ],
        "source": {
          "provider": "fumi Diary 2号店 (東京10社めぐりマップ)",
          "url": "https://www.google.com/maps/d/viewer?mid=1EOjvzb1kdZoT-4NoJnzMx1_b6dR_UoM",
          "mapId": "",
          "layer": "東京10社めぐり",
          "tags": [
            "東京10社",
            "的野美青",
            "山下瞳月",
            "神社"
          ],
          "name": "東京大学 避難場所看板"
        },
        "classification": {
          "category": "東京10社めぐり",
          "subcategory": "的野美青・山下瞳月",
          "method": "legacy-import",
          "status": "unreviewed"
        },
        "classificationCandidates": {
          "members": [],
          "projects": [],
          "contentTypes": []
        }
      }
    },
    {
      "type": "Feature",
      "geometry": {
        "type": "Point",
        "coordinates": [
          139.760137,
          35.710604
        ]
      },
      "properties": {
        "id": "tokyo10-117",
        "name": "東京大学 赤門",
        "category": "東京10社めぐり",
        "subcategory": "的野美青・山下瞳月",
        "categoryColor": "#f59e0b",
        "address": "",
        "sceneTitle": "東京大学 赤門",
        "sceneNote": "",
        "sourceLabel": "fumi Diary 2号店 (東京10社めぐりマップ)",
        "sourceUrl": "https://www.google.com/maps/d/viewer?mid=1EOjvzb1kdZoT-4NoJnzMx1_b6dR_UoM",
        "tags": [
          "東京10社",
          "的野美青",
          "山下瞳月",
          "神社"
        ],
        "images": [
          "https://pub-6d7574c4452b41519ab8adf1541d7f9e.r2.dev/seichi/tokyo10sha/3AAjQbR6yt2zpezGlNmj4hwYcVo3x8hLskIkI8Zl_0d88acf1.png"
        ],
        "members": [
          "的野美青",
          "山下瞳月"
        ],
        "source": {
          "provider": "fumi Diary 2号店 (東京10社めぐりマップ)",
          "url": "https://www.google.com/maps/d/viewer?mid=1EOjvzb1kdZoT-4NoJnzMx1_b6dR_UoM",
          "mapId": "",
          "layer": "東京10社めぐり",
          "tags": [
            "東京10社",
            "的野美青",
            "山下瞳月",
            "神社"
          ],
          "name": "東京大学 赤門"
        },
        "classification": {
          "category": "東京10社めぐり",
          "subcategory": "的野美青・山下瞳月",
          "method": "legacy-import",
          "status": "unreviewed"
        },
        "classificationCandidates": {
          "members": [],
          "projects": [],
          "contentTypes": []
        }
      }
    },
    {
      "type": "Feature",
      "geometry": {
        "type": "Point",
        "coordinates": [
          139.761825602291,
          35.704487327318
        ]
      },
      "properties": {
        "id": "tokyo10-118",
        "name": "本郷通り",
        "category": "東京10社めぐり",
        "subcategory": "的野美青・山下瞳月",
        "categoryColor": "#f59e0b",
        "address": "",
        "sceneTitle": "本郷通り",
        "sceneNote": "山下瞳月、目盛りのある信号機を見たことがないです。",
        "sourceLabel": "fumi Diary 2号店 (東京10社めぐりマップ)",
        "sourceUrl": "https://www.google.com/maps/d/viewer?mid=1EOjvzb1kdZoT-4NoJnzMx1_b6dR_UoM",
        "tags": [
          "東京10社",
          "的野美青",
          "山下瞳月",
          "神社"
        ],
        "images": [
          "https://pub-6d7574c4452b41519ab8adf1541d7f9e.r2.dev/seichi/tokyo10sha/3AAjQbR7UWunHrwsov2CyEQ6n3xy9ndI7y9e9IJx_91bf0794.png",
          "https://pub-6d7574c4452b41519ab8adf1541d7f9e.r2.dev/seichi/tokyo10sha/3AAjQbR4h8A5PwnWVHU8YKEhMAtwy2VKJEfXp5is_907fa9b4.png"
        ],
        "members": [
          "的野美青",
          "山下瞳月"
        ],
        "source": {
          "provider": "fumi Diary 2号店 (東京10社めぐりマップ)",
          "url": "https://www.google.com/maps/d/viewer?mid=1EOjvzb1kdZoT-4NoJnzMx1_b6dR_UoM",
          "mapId": "",
          "layer": "東京10社めぐり",
          "tags": [
            "東京10社",
            "的野美青",
            "山下瞳月",
            "神社"
          ],
          "name": "本郷通り"
        },
        "classification": {
          "category": "東京10社めぐり",
          "subcategory": "的野美青・山下瞳月",
          "method": "legacy-import",
          "status": "unreviewed"
        },
        "classificationCandidates": {
          "members": [],
          "projects": [],
          "contentTypes": []
        }
      }
    },
    {
      "type": "Feature",
      "geometry": {
        "type": "Point",
        "coordinates": [
          139.7620631,
          35.704251
        ]
      },
      "properties": {
        "id": "tokyo10-119",
        "name": "本郷通り",
        "category": "東京10社めぐり",
        "subcategory": "的野美青・山下瞳月",
        "categoryColor": "#f59e0b",
        "address": "",
        "sceneTitle": "本郷通り",
        "sceneNote": "",
        "sourceLabel": "fumi Diary 2号店 (東京10社めぐりマップ)",
        "sourceUrl": "https://www.google.com/maps/d/viewer?mid=1EOjvzb1kdZoT-4NoJnzMx1_b6dR_UoM",
        "tags": [
          "東京10社",
          "的野美青",
          "山下瞳月",
          "神社"
        ],
        "images": [
          "https://pub-6d7574c4452b41519ab8adf1541d7f9e.r2.dev/seichi/tokyo10sha/3AAjQbR7PQR4ruU9_UphDxpXCiFLqiTwJOxeCQA0_c4de33a8.png"
        ],
        "members": [
          "的野美青",
          "山下瞳月"
        ],
        "source": {
          "provider": "fumi Diary 2号店 (東京10社めぐりマップ)",
          "url": "https://www.google.com/maps/d/viewer?mid=1EOjvzb1kdZoT-4NoJnzMx1_b6dR_UoM",
          "mapId": "",
          "layer": "東京10社めぐり",
          "tags": [
            "東京10社",
            "的野美青",
            "山下瞳月",
            "神社"
          ],
          "name": "本郷通り"
        },
        "classification": {
          "category": "東京10社めぐり",
          "subcategory": "的野美青・山下瞳月",
          "method": "legacy-import",
          "status": "unreviewed"
        },
        "classificationCandidates": {
          "members": [],
          "projects": [],
          "contentTypes": []
        }
      }
    },
    {
      "type": "Feature",
      "geometry": {
        "type": "Point",
        "coordinates": [
          139.762198274368,
          35.7041655479809
        ]
      },
      "properties": {
        "id": "tokyo10-120",
        "name": "本郷通り",
        "category": "東京10社めぐり",
        "subcategory": "的野美青・山下瞳月",
        "categoryColor": "#f59e0b",
        "address": "",
        "sceneTitle": "本郷通り",
        "sceneNote": "",
        "sourceLabel": "fumi Diary 2号店 (東京10社めぐりマップ)",
        "sourceUrl": "https://www.google.com/maps/d/viewer?mid=1EOjvzb1kdZoT-4NoJnzMx1_b6dR_UoM",
        "tags": [
          "東京10社",
          "的野美青",
          "山下瞳月",
          "神社"
        ],
        "images": [
          "https://pub-6d7574c4452b41519ab8adf1541d7f9e.r2.dev/seichi/tokyo10sha/3AAjQbR5WCUSmSgy9YWo4xXyjsJifaXKAXAv7dHS_73fd48e7.png",
          "https://pub-6d7574c4452b41519ab8adf1541d7f9e.r2.dev/seichi/tokyo10sha/3AAjQbR7vybSgn9SKiDwKT1pFf9GXh7Cst9ITlT8_0c1a64c7.png"
        ],
        "members": [
          "的野美青",
          "山下瞳月"
        ],
        "source": {
          "provider": "fumi Diary 2号店 (東京10社めぐりマップ)",
          "url": "https://www.google.com/maps/d/viewer?mid=1EOjvzb1kdZoT-4NoJnzMx1_b6dR_UoM",
          "mapId": "",
          "layer": "東京10社めぐり",
          "tags": [
            "東京10社",
            "的野美青",
            "山下瞳月",
            "神社"
          ],
          "name": "本郷通り"
        },
        "classification": {
          "category": "東京10社めぐり",
          "subcategory": "的野美青・山下瞳月",
          "method": "legacy-import",
          "status": "unreviewed"
        },
        "classificationCandidates": {
          "members": [],
          "projects": [],
          "contentTypes": []
        }
      }
    },
    {
      "type": "Feature",
      "geometry": {
        "type": "Point",
        "coordinates": [
          139.762856536221,
          35.7037176776314
        ]
      },
      "properties": {
        "id": "tokyo10-121",
        "name": "本郷通り",
        "category": "東京10社めぐり",
        "subcategory": "的野美青・山下瞳月",
        "categoryColor": "#f59e0b",
        "address": "",
        "sceneTitle": "本郷通り",
        "sceneNote": "",
        "sourceLabel": "fumi Diary 2号店 (東京10社めぐりマップ)",
        "sourceUrl": "https://www.google.com/maps/d/viewer?mid=1EOjvzb1kdZoT-4NoJnzMx1_b6dR_UoM",
        "tags": [
          "東京10社",
          "的野美青",
          "山下瞳月",
          "神社"
        ],
        "images": [
          "https://pub-6d7574c4452b41519ab8adf1541d7f9e.r2.dev/seichi/tokyo10sha/3AAjQbR70DytQcW8CdDsS3b1cNOBUEKV4miL3JrK_43d2b7f4.png"
        ],
        "members": [
          "的野美青",
          "山下瞳月"
        ],
        "source": {
          "provider": "fumi Diary 2号店 (東京10社めぐりマップ)",
          "url": "https://www.google.com/maps/d/viewer?mid=1EOjvzb1kdZoT-4NoJnzMx1_b6dR_UoM",
          "mapId": "",
          "layer": "東京10社めぐり",
          "tags": [
            "東京10社",
            "的野美青",
            "山下瞳月",
            "神社"
          ],
          "name": "本郷通り"
        },
        "classification": {
          "category": "東京10社めぐり",
          "subcategory": "的野美青・山下瞳月",
          "method": "legacy-import",
          "status": "unreviewed"
        },
        "classificationCandidates": {
          "members": [],
          "projects": [],
          "contentTypes": []
        }
      }
    },
    {
      "type": "Feature",
      "geometry": {
        "type": "Point",
        "coordinates": [
          139.76323170214,
          35.7034744142674
        ]
      },
      "properties": {
        "id": "tokyo10-122",
        "name": "本郷通り",
        "category": "東京10社めぐり",
        "subcategory": "的野美青・山下瞳月",
        "categoryColor": "#f59e0b",
        "address": "",
        "sceneTitle": "本郷通り",
        "sceneNote": "",
        "sourceLabel": "fumi Diary 2号店 (東京10社めぐりマップ)",
        "sourceUrl": "https://www.google.com/maps/d/viewer?mid=1EOjvzb1kdZoT-4NoJnzMx1_b6dR_UoM",
        "tags": [
          "東京10社",
          "的野美青",
          "山下瞳月",
          "神社"
        ],
        "images": [
          "https://pub-6d7574c4452b41519ab8adf1541d7f9e.r2.dev/seichi/tokyo10sha/3AAjQbR7MefgvwDEHiNz8dOV6LCTsSqVIYcJea5Z_9e3b0ed1.png",
          "https://pub-6d7574c4452b41519ab8adf1541d7f9e.r2.dev/seichi/tokyo10sha/3AAjQbR4bSOZuH2uGNNdQbQUs6M7yd9CUkodkD3d_99e39ed4.png"
        ],
        "members": [
          "的野美青",
          "山下瞳月"
        ],
        "source": {
          "provider": "fumi Diary 2号店 (東京10社めぐりマップ)",
          "url": "https://www.google.com/maps/d/viewer?mid=1EOjvzb1kdZoT-4NoJnzMx1_b6dR_UoM",
          "mapId": "",
          "layer": "東京10社めぐり",
          "tags": [
            "東京10社",
            "的野美青",
            "山下瞳月",
            "神社"
          ],
          "name": "本郷通り"
        },
        "classification": {
          "category": "東京10社めぐり",
          "subcategory": "的野美青・山下瞳月",
          "method": "legacy-import",
          "status": "unreviewed"
        },
        "classificationCandidates": {
          "members": [],
          "projects": [],
          "contentTypes": []
        }
      }
    },
    {
      "type": "Feature",
      "geometry": {
        "type": "Point",
        "coordinates": [
          139.7633843,
          35.7033808
        ]
      },
      "properties": {
        "id": "tokyo10-123",
        "name": "本郷通り",
        "category": "東京10社めぐり",
        "subcategory": "的野美青・山下瞳月",
        "categoryColor": "#f59e0b",
        "address": "",
        "sceneTitle": "本郷通り",
        "sceneNote": "",
        "sourceLabel": "fumi Diary 2号店 (東京10社めぐりマップ)",
        "sourceUrl": "https://www.google.com/maps/d/viewer?mid=1EOjvzb1kdZoT-4NoJnzMx1_b6dR_UoM",
        "tags": [
          "東京10社",
          "的野美青",
          "山下瞳月",
          "神社"
        ],
        "images": [
          "https://pub-6d7574c4452b41519ab8adf1541d7f9e.r2.dev/seichi/tokyo10sha/3AAjQbR51ygsMg9xPQG3lgL-nTsjXi96mPShWsdT_61b4d7e9.png"
        ],
        "members": [
          "的野美青",
          "山下瞳月"
        ],
        "source": {
          "provider": "fumi Diary 2号店 (東京10社めぐりマップ)",
          "url": "https://www.google.com/maps/d/viewer?mid=1EOjvzb1kdZoT-4NoJnzMx1_b6dR_UoM",
          "mapId": "",
          "layer": "東京10社めぐり",
          "tags": [
            "東京10社",
            "的野美青",
            "山下瞳月",
            "神社"
          ],
          "name": "本郷通り"
        },
        "classification": {
          "category": "東京10社めぐり",
          "subcategory": "的野美青・山下瞳月",
          "method": "legacy-import",
          "status": "unreviewed"
        },
        "classificationCandidates": {
          "members": [],
          "projects": [],
          "contentTypes": []
        }
      }
    },
    {
      "type": "Feature",
      "geometry": {
        "type": "Point",
        "coordinates": [
          139.763809,
          35.703352
        ]
      },
      "properties": {
        "id": "tokyo10-124",
        "name": "サッカーミュージアム入口交差点",
        "category": "東京10社めぐり",
        "subcategory": "的野美青・山下瞳月",
        "categoryColor": "#f59e0b",
        "address": "",
        "sceneTitle": "サッカーミュージアム入口交差点",
        "sceneNote": "",
        "sourceLabel": "fumi Diary 2号店 (東京10社めぐりマップ)",
        "sourceUrl": "https://www.google.com/maps/d/viewer?mid=1EOjvzb1kdZoT-4NoJnzMx1_b6dR_UoM",
        "tags": [
          "東京10社",
          "的野美青",
          "山下瞳月",
          "神社"
        ],
        "images": [
          "https://pub-6d7574c4452b41519ab8adf1541d7f9e.r2.dev/seichi/tokyo10sha/3AAjQbR7L2tPOuHOOnlsvbGm5OTpFqzZ6bXe6zH9_cc1eec52.png",
          "https://pub-6d7574c4452b41519ab8adf1541d7f9e.r2.dev/seichi/tokyo10sha/3AAjQbR6tGiZv1t_d_6FYfp9ipcXxrAh0e6e9Jib_8b925ebb.png",
          "https://pub-6d7574c4452b41519ab8adf1541d7f9e.r2.dev/seichi/tokyo10sha/3AAjQbR4sto49bfAN4or5SxkLeL4Y7weVjd7OeAY_61e89ea2.png",
          "https://pub-6d7574c4452b41519ab8adf1541d7f9e.r2.dev/seichi/tokyo10sha/3AAjQbR5joTBGmRG_V5wd4v1nmUPfxai_aZr7eJj_07a03d6a.png"
        ],
        "members": [
          "的野美青",
          "山下瞳月"
        ],
        "source": {
          "provider": "fumi Diary 2号店 (東京10社めぐりマップ)",
          "url": "https://www.google.com/maps/d/viewer?mid=1EOjvzb1kdZoT-4NoJnzMx1_b6dR_UoM",
          "mapId": "",
          "layer": "東京10社めぐり",
          "tags": [
            "東京10社",
            "的野美青",
            "山下瞳月",
            "神社"
          ],
          "name": "サッカーミュージアム入口交差点"
        },
        "classification": {
          "category": "東京10社めぐり",
          "subcategory": "的野美青・山下瞳月",
          "method": "legacy-import",
          "status": "unreviewed"
        },
        "classificationCandidates": {
          "members": [],
          "projects": [],
          "contentTypes": []
        }
      }
    },
    {
      "type": "Feature",
      "geometry": {
        "type": "Point",
        "coordinates": [
          139.766565,
          35.701302
        ]
      },
      "properties": {
        "id": "tokyo10-125",
        "name": "中山道",
        "category": "東京10社めぐり",
        "subcategory": "的野美青・山下瞳月",
        "categoryColor": "#f59e0b",
        "address": "",
        "sceneTitle": "中山道",
        "sceneNote": "",
        "sourceLabel": "fumi Diary 2号店 (東京10社めぐりマップ)",
        "sourceUrl": "https://www.google.com/maps/d/viewer?mid=1EOjvzb1kdZoT-4NoJnzMx1_b6dR_UoM",
        "tags": [
          "東京10社",
          "的野美青",
          "山下瞳月",
          "神社"
        ],
        "images": [
          "https://pub-6d7574c4452b41519ab8adf1541d7f9e.r2.dev/seichi/tokyo10sha/3AAjQbR5YoAV7ieeHOiL7igr7b2xjIrnw4_iggMb_77eb2185.png"
        ],
        "members": [
          "的野美青",
          "山下瞳月"
        ],
        "source": {
          "provider": "fumi Diary 2号店 (東京10社めぐりマップ)",
          "url": "https://www.google.com/maps/d/viewer?mid=1EOjvzb1kdZoT-4NoJnzMx1_b6dR_UoM",
          "mapId": "",
          "layer": "東京10社めぐり",
          "tags": [
            "東京10社",
            "的野美青",
            "山下瞳月",
            "神社"
          ],
          "name": "中山道"
        },
        "classification": {
          "category": "東京10社めぐり",
          "subcategory": "的野美青・山下瞳月",
          "method": "legacy-import",
          "status": "unreviewed"
        },
        "classificationCandidates": {
          "members": [],
          "projects": [],
          "contentTypes": []
        }
      }
    },
    {
      "type": "Feature",
      "geometry": {
        "type": "Point",
        "coordinates": [
          139.767023,
          35.7010771
        ]
      },
      "properties": {
        "id": "tokyo10-126",
        "name": "天野屋",
        "category": "東京10社めぐり",
        "subcategory": "的野美青・山下瞳月",
        "categoryColor": "#f59e0b",
        "address": "",
        "sceneTitle": "天野屋",
        "sceneNote": "",
        "sourceLabel": "fumi Diary 2号店 (東京10社めぐりマップ)",
        "sourceUrl": "https://www.google.com/maps/d/viewer?mid=1EOjvzb1kdZoT-4NoJnzMx1_b6dR_UoM",
        "tags": [
          "東京10社",
          "的野美青",
          "山下瞳月",
          "神社"
        ],
        "images": [
          "https://pub-6d7574c4452b41519ab8adf1541d7f9e.r2.dev/seichi/tokyo10sha/3AAjQbR5FNlhO2i5X_9J4Fd2xhbe3qF3BP5oMUZq_80679457.png"
        ],
        "members": [
          "的野美青",
          "山下瞳月"
        ],
        "source": {
          "provider": "fumi Diary 2号店 (東京10社めぐりマップ)",
          "url": "https://www.google.com/maps/d/viewer?mid=1EOjvzb1kdZoT-4NoJnzMx1_b6dR_UoM",
          "mapId": "",
          "layer": "東京10社めぐり",
          "tags": [
            "東京10社",
            "的野美青",
            "山下瞳月",
            "神社"
          ],
          "name": "天野屋"
        },
        "classification": {
          "category": "東京10社めぐり",
          "subcategory": "的野美青・山下瞳月",
          "method": "legacy-import",
          "status": "unreviewed"
        },
        "classificationCandidates": {
          "members": [],
          "projects": [],
          "contentTypes": []
        }
      }
    },
    {
      "type": "Feature",
      "geometry": {
        "type": "Point",
        "coordinates": [
          139.7671303,
          35.701094
        ]
      },
      "properties": {
        "id": "tokyo10-127",
        "name": "神田神社 鳥居",
        "category": "東京10社めぐり",
        "subcategory": "的野美青・山下瞳月",
        "categoryColor": "#f59e0b",
        "address": "",
        "sceneTitle": "神田神社 鳥居",
        "sceneNote": "",
        "sourceLabel": "fumi Diary 2号店 (東京10社めぐりマップ)",
        "sourceUrl": "https://www.google.com/maps/d/viewer?mid=1EOjvzb1kdZoT-4NoJnzMx1_b6dR_UoM",
        "tags": [
          "東京10社",
          "的野美青",
          "山下瞳月",
          "神社"
        ],
        "images": [
          "https://pub-6d7574c4452b41519ab8adf1541d7f9e.r2.dev/seichi/tokyo10sha/3AAjQbR5eFpbVFGvxwV8KRiqbapucrXrapG-3Otv_5c7a685c.png"
        ],
        "members": [
          "的野美青",
          "山下瞳月"
        ],
        "source": {
          "provider": "fumi Diary 2号店 (東京10社めぐりマップ)",
          "url": "https://www.google.com/maps/d/viewer?mid=1EOjvzb1kdZoT-4NoJnzMx1_b6dR_UoM",
          "mapId": "",
          "layer": "東京10社めぐり",
          "tags": [
            "東京10社",
            "的野美青",
            "山下瞳月",
            "神社"
          ],
          "name": "神田神社 鳥居"
        },
        "classification": {
          "category": "東京10社めぐり",
          "subcategory": "的野美青・山下瞳月",
          "method": "legacy-import",
          "status": "unreviewed"
        },
        "classificationCandidates": {
          "members": [],
          "projects": [],
          "contentTypes": []
        }
      }
    },
    {
      "type": "Feature",
      "geometry": {
        "type": "Point",
        "coordinates": [
          139.7678264,
          35.7019233
        ]
      },
      "properties": {
        "id": "tokyo10-128",
        "name": "神田神社 御神殿",
        "category": "東京10社めぐり",
        "subcategory": "的野美青・山下瞳月",
        "categoryColor": "#f59e0b",
        "address": "",
        "sceneTitle": "神田神社 御神殿",
        "sceneNote": "",
        "sourceLabel": "fumi Diary 2号店 (東京10社めぐりマップ)",
        "sourceUrl": "https://www.google.com/maps/d/viewer?mid=1EOjvzb1kdZoT-4NoJnzMx1_b6dR_UoM",
        "tags": [
          "東京10社",
          "的野美青",
          "山下瞳月",
          "神社"
        ],
        "images": [
          "https://pub-6d7574c4452b41519ab8adf1541d7f9e.r2.dev/seichi/tokyo10sha/3AAjQbR6q3AyaTNknlVpUxChCJ40ybt9B8p_UcyY_072bc332.png",
          "https://pub-6d7574c4452b41519ab8adf1541d7f9e.r2.dev/seichi/tokyo10sha/3AAjQbR7cp8FjTV4q6GBqTcRBQIhbUaN6rCNhLGe_df0a8644.png"
        ],
        "members": [
          "的野美青",
          "山下瞳月"
        ],
        "source": {
          "provider": "fumi Diary 2号店 (東京10社めぐりマップ)",
          "url": "https://www.google.com/maps/d/viewer?mid=1EOjvzb1kdZoT-4NoJnzMx1_b6dR_UoM",
          "mapId": "",
          "layer": "東京10社めぐり",
          "tags": [
            "東京10社",
            "的野美青",
            "山下瞳月",
            "神社"
          ],
          "name": "神田神社 御神殿"
        },
        "classification": {
          "category": "東京10社めぐり",
          "subcategory": "的野美青・山下瞳月",
          "method": "legacy-import",
          "status": "unreviewed"
        },
        "classificationCandidates": {
          "members": [],
          "projects": [],
          "contentTypes": []
        }
      }
    },
    {
      "type": "Feature",
      "geometry": {
        "type": "Point",
        "coordinates": [
          139.767681,
          35.701868
        ]
      },
      "properties": {
        "id": "tokyo10-129",
        "name": "神田神社 授与所",
        "category": "東京10社めぐり",
        "subcategory": "的野美青・山下瞳月",
        "categoryColor": "#f59e0b",
        "address": "",
        "sceneTitle": "神田神社 授与所",
        "sceneNote": "",
        "sourceLabel": "fumi Diary 2号店 (東京10社めぐりマップ)",
        "sourceUrl": "https://www.google.com/maps/d/viewer?mid=1EOjvzb1kdZoT-4NoJnzMx1_b6dR_UoM",
        "tags": [
          "東京10社",
          "的野美青",
          "山下瞳月",
          "神社"
        ],
        "images": [],
        "members": [
          "的野美青",
          "山下瞳月"
        ],
        "source": {
          "provider": "fumi Diary 2号店 (東京10社めぐりマップ)",
          "url": "https://www.google.com/maps/d/viewer?mid=1EOjvzb1kdZoT-4NoJnzMx1_b6dR_UoM",
          "mapId": "",
          "layer": "東京10社めぐり",
          "tags": [
            "東京10社",
            "的野美青",
            "山下瞳月",
            "神社"
          ],
          "name": "神田神社 授与所"
        },
        "classification": {
          "category": "東京10社めぐり",
          "subcategory": "的野美青・山下瞳月",
          "method": "legacy-import",
          "status": "unreviewed"
        },
        "classificationCandidates": {
          "members": [],
          "projects": [],
          "contentTypes": []
        }
      }
    },
    {
      "type": "Feature",
      "geometry": {
        "type": "Point",
        "coordinates": [
          139.767447,
          35.7017728
        ]
      },
      "properties": {
        "id": "tokyo10-130",
        "name": "神田神社",
        "category": "東京10社めぐり",
        "subcategory": "的野美青・山下瞳月",
        "categoryColor": "#f59e0b",
        "address": "",
        "sceneTitle": "神田神社",
        "sceneNote": "六社目クリア",
        "sourceLabel": "fumi Diary 2号店 (東京10社めぐりマップ)",
        "sourceUrl": "https://www.google.com/maps/d/viewer?mid=1EOjvzb1kdZoT-4NoJnzMx1_b6dR_UoM",
        "tags": [
          "東京10社",
          "的野美青",
          "山下瞳月",
          "神社"
        ],
        "images": [
          "https://pub-6d7574c4452b41519ab8adf1541d7f9e.r2.dev/seichi/tokyo10sha/3AAjQbR6Qsbt2NU739SmGkrKq3Fcz8EBzULnh1ZA_4d1a73a2.png"
        ],
        "members": [
          "的野美青",
          "山下瞳月"
        ],
        "source": {
          "provider": "fumi Diary 2号店 (東京10社めぐりマップ)",
          "url": "https://www.google.com/maps/d/viewer?mid=1EOjvzb1kdZoT-4NoJnzMx1_b6dR_UoM",
          "mapId": "",
          "layer": "東京10社めぐり",
          "tags": [
            "東京10社",
            "的野美青",
            "山下瞳月",
            "神社"
          ],
          "name": "神田神社"
        },
        "classification": {
          "category": "東京10社めぐり",
          "subcategory": "的野美青・山下瞳月",
          "method": "legacy-import",
          "status": "unreviewed"
        },
        "classificationCandidates": {
          "members": [],
          "projects": [],
          "contentTypes": []
        }
      }
    },
    {
      "type": "Feature",
      "geometry": {
        "type": "Point",
        "coordinates": [
          139.767368,
          35.701349
        ]
      },
      "properties": {
        "id": "tokyo10-131",
        "name": "神田神社 表参道",
        "category": "東京10社めぐり",
        "subcategory": "的野美青・山下瞳月",
        "categoryColor": "#f59e0b",
        "address": "",
        "sceneTitle": "神田神社 表参道",
        "sceneNote": "",
        "sourceLabel": "fumi Diary 2号店 (東京10社めぐりマップ)",
        "sourceUrl": "https://www.google.com/maps/d/viewer?mid=1EOjvzb1kdZoT-4NoJnzMx1_b6dR_UoM",
        "tags": [
          "東京10社",
          "的野美青",
          "山下瞳月",
          "神社"
        ],
        "images": [
          "https://pub-6d7574c4452b41519ab8adf1541d7f9e.r2.dev/seichi/tokyo10sha/3AAjQbR4hh-Nq3WESTf741Hx5ecj4EDWoN61ksnK_f99e32e0.png"
        ],
        "members": [
          "的野美青",
          "山下瞳月"
        ],
        "source": {
          "provider": "fumi Diary 2号店 (東京10社めぐりマップ)",
          "url": "https://www.google.com/maps/d/viewer?mid=1EOjvzb1kdZoT-4NoJnzMx1_b6dR_UoM",
          "mapId": "",
          "layer": "東京10社めぐり",
          "tags": [
            "東京10社",
            "的野美青",
            "山下瞳月",
            "神社"
          ],
          "name": "神田神社 表参道"
        },
        "classification": {
          "category": "東京10社めぐり",
          "subcategory": "的野美青・山下瞳月",
          "method": "legacy-import",
          "status": "unreviewed"
        },
        "classificationCandidates": {
          "members": [],
          "projects": [],
          "contentTypes": []
        }
      }
    },
    {
      "type": "Feature",
      "geometry": {
        "type": "Point",
        "coordinates": [
          139.7661089,
          35.7011654
        ]
      },
      "properties": {
        "id": "tokyo10-132",
        "name": "本郷通り",
        "category": "東京10社めぐり",
        "subcategory": "的野美青・山下瞳月",
        "categoryColor": "#f59e0b",
        "address": "",
        "sceneTitle": "本郷通り",
        "sceneNote": "",
        "sourceLabel": "fumi Diary 2号店 (東京10社めぐりマップ)",
        "sourceUrl": "https://www.google.com/maps/d/viewer?mid=1EOjvzb1kdZoT-4NoJnzMx1_b6dR_UoM",
        "tags": [
          "東京10社",
          "的野美青",
          "山下瞳月",
          "神社"
        ],
        "images": [
          "https://pub-6d7574c4452b41519ab8adf1541d7f9e.r2.dev/seichi/tokyo10sha/3AAjQbR4NA0WE3_yDdSoAn4yhq1B7NtVeseJwOFa_f7cc1cf0.png"
        ],
        "members": [
          "的野美青",
          "山下瞳月"
        ],
        "source": {
          "provider": "fumi Diary 2号店 (東京10社めぐりマップ)",
          "url": "https://www.google.com/maps/d/viewer?mid=1EOjvzb1kdZoT-4NoJnzMx1_b6dR_UoM",
          "mapId": "",
          "layer": "東京10社めぐり",
          "tags": [
            "東京10社",
            "的野美青",
            "山下瞳月",
            "神社"
          ],
          "name": "本郷通り"
        },
        "classification": {
          "category": "東京10社めぐり",
          "subcategory": "的野美青・山下瞳月",
          "method": "legacy-import",
          "status": "unreviewed"
        },
        "classificationCandidates": {
          "members": [],
          "projects": [],
          "contentTypes": []
        }
      }
    },
    {
      "type": "Feature",
      "geometry": {
        "type": "Point",
        "coordinates": [
          139.765895,
          35.700681
        ]
      },
      "properties": {
        "id": "tokyo10-133",
        "name": "湯島聖堂",
        "category": "東京10社めぐり",
        "subcategory": "的野美青・山下瞳月",
        "categoryColor": "#f59e0b",
        "address": "",
        "sceneTitle": "湯島聖堂",
        "sceneNote": "",
        "sourceLabel": "fumi Diary 2号店 (東京10社めぐりマップ)",
        "sourceUrl": "https://www.google.com/maps/d/viewer?mid=1EOjvzb1kdZoT-4NoJnzMx1_b6dR_UoM",
        "tags": [
          "東京10社",
          "的野美青",
          "山下瞳月",
          "神社"
        ],
        "images": [
          "https://pub-6d7574c4452b41519ab8adf1541d7f9e.r2.dev/seichi/tokyo10sha/3AAjQbR5XoWL6Vtmzr59D_Cri0h8r2yQvxFwXmml_e0687e16.png"
        ],
        "members": [
          "的野美青",
          "山下瞳月"
        ],
        "source": {
          "provider": "fumi Diary 2号店 (東京10社めぐりマップ)",
          "url": "https://www.google.com/maps/d/viewer?mid=1EOjvzb1kdZoT-4NoJnzMx1_b6dR_UoM",
          "mapId": "",
          "layer": "東京10社めぐり",
          "tags": [
            "東京10社",
            "的野美青",
            "山下瞳月",
            "神社"
          ],
          "name": "湯島聖堂"
        },
        "classification": {
          "category": "東京10社めぐり",
          "subcategory": "的野美青・山下瞳月",
          "method": "legacy-import",
          "status": "unreviewed"
        },
        "classificationCandidates": {
          "members": [],
          "projects": [],
          "contentTypes": []
        }
      }
    },
    {
      "type": "Feature",
      "geometry": {
        "type": "Point",
        "coordinates": [
          139.765616,
          35.699583
        ]
      },
      "properties": {
        "id": "tokyo10-134",
        "name": "聖橋",
        "category": "東京10社めぐり",
        "subcategory": "的野美青・山下瞳月",
        "categoryColor": "#f59e0b",
        "address": "",
        "sceneTitle": "聖橋",
        "sceneNote": "",
        "sourceLabel": "fumi Diary 2号店 (東京10社めぐりマップ)",
        "sourceUrl": "https://www.google.com/maps/d/viewer?mid=1EOjvzb1kdZoT-4NoJnzMx1_b6dR_UoM",
        "tags": [
          "東京10社",
          "的野美青",
          "山下瞳月",
          "神社"
        ],
        "images": [
          "https://pub-6d7574c4452b41519ab8adf1541d7f9e.r2.dev/seichi/tokyo10sha/3AAjQbR7wrjEai2QG20Sk2gGCavVQL5toTHQTpp9_7b51bb58.png",
          "https://pub-6d7574c4452b41519ab8adf1541d7f9e.r2.dev/seichi/tokyo10sha/3AAjQbR4Aw94qul7-Zp5lfqsLsHUqNK4D4rHmix-_de66a9cd.png"
        ],
        "members": [
          "的野美青",
          "山下瞳月"
        ],
        "source": {
          "provider": "fumi Diary 2号店 (東京10社めぐりマップ)",
          "url": "https://www.google.com/maps/d/viewer?mid=1EOjvzb1kdZoT-4NoJnzMx1_b6dR_UoM",
          "mapId": "",
          "layer": "東京10社めぐり",
          "tags": [
            "東京10社",
            "的野美青",
            "山下瞳月",
            "神社"
          ],
          "name": "聖橋"
        },
        "classification": {
          "category": "東京10社めぐり",
          "subcategory": "的野美青・山下瞳月",
          "method": "legacy-import",
          "status": "unreviewed"
        },
        "classificationCandidates": {
          "members": [],
          "projects": [],
          "contentTypes": []
        }
      }
    },
    {
      "type": "Feature",
      "geometry": {
        "type": "Point",
        "coordinates": [
          139.765745,
          35.699104
        ]
      },
      "properties": {
        "id": "tokyo10-135",
        "name": "聖橋交差点 / 御茶ノ水ソラシティ前",
        "category": "東京10社めぐり",
        "subcategory": "的野美青・山下瞳月",
        "categoryColor": "#f59e0b",
        "address": "",
        "sceneTitle": "聖橋交差点 / 御茶ノ水ソラシティ前",
        "sceneNote": "山下瞳月初めてのカード配り成功! 15枚配ることに成功",
        "sourceLabel": "fumi Diary 2号店 (東京10社めぐりマップ)",
        "sourceUrl": "https://www.google.com/maps/d/viewer?mid=1EOjvzb1kdZoT-4NoJnzMx1_b6dR_UoM",
        "tags": [
          "東京10社",
          "的野美青",
          "山下瞳月",
          "神社"
        ],
        "images": [
          "https://pub-6d7574c4452b41519ab8adf1541d7f9e.r2.dev/seichi/tokyo10sha/3AAjQbR4cIDyXh0jZ4fx_4H9WfrEuDnVZcU5u3il_fa044a60.png",
          "https://pub-6d7574c4452b41519ab8adf1541d7f9e.r2.dev/seichi/tokyo10sha/3AAjQbR5Uem1snoVstlh0G1SGzyAY0WOUsribkBQ_6192d495.png",
          "https://pub-6d7574c4452b41519ab8adf1541d7f9e.r2.dev/seichi/tokyo10sha/3AAjQbR5xY_1_s6gye2tnNbJoTjPxusZzLrVqLVD_18201136.png",
          "https://pub-6d7574c4452b41519ab8adf1541d7f9e.r2.dev/seichi/tokyo10sha/3AAjQbR7mnmIjbXpKFdJ38V1UKL1_538dhW_8sFg_26165683.png",
          "https://pub-6d7574c4452b41519ab8adf1541d7f9e.r2.dev/seichi/tokyo10sha/3AAjQbR5lWI-ON2REigv8-uJ4t3XQqTot3aMA1S1_102f6618.png"
        ],
        "members": [
          "的野美青",
          "山下瞳月"
        ],
        "source": {
          "provider": "fumi Diary 2号店 (東京10社めぐりマップ)",
          "url": "https://www.google.com/maps/d/viewer?mid=1EOjvzb1kdZoT-4NoJnzMx1_b6dR_UoM",
          "mapId": "",
          "layer": "東京10社めぐり",
          "tags": [
            "東京10社",
            "的野美青",
            "山下瞳月",
            "神社"
          ],
          "name": "聖橋交差点 / 御茶ノ水ソラシティ前"
        },
        "classification": {
          "category": "東京10社めぐり",
          "subcategory": "的野美青・山下瞳月",
          "method": "legacy-import",
          "status": "unreviewed"
        },
        "classificationCandidates": {
          "members": [],
          "projects": [],
          "contentTypes": []
        }
      }
    },
    {
      "type": "Feature",
      "geometry": {
        "type": "Point",
        "coordinates": [
          139.7657923,
          35.6988711
        ]
      },
      "properties": {
        "id": "tokyo10-136",
        "name": "新御茶ノ水駅 B2出口",
        "category": "東京10社めぐり",
        "subcategory": "的野美青・山下瞳月",
        "categoryColor": "#f59e0b",
        "address": "",
        "sceneTitle": "新御茶ノ水駅 B2出口",
        "sceneNote": "",
        "sourceLabel": "fumi Diary 2号店 (東京10社めぐりマップ)",
        "sourceUrl": "https://www.google.com/maps/d/viewer?mid=1EOjvzb1kdZoT-4NoJnzMx1_b6dR_UoM",
        "tags": [
          "東京10社",
          "的野美青",
          "山下瞳月",
          "神社"
        ],
        "images": [
          "https://pub-6d7574c4452b41519ab8adf1541d7f9e.r2.dev/seichi/tokyo10sha/3AAjQbR7wKDIq6_5cjasrk16A4ejJhWgxrY21xLh_2f64d063.png"
        ],
        "members": [
          "的野美青",
          "山下瞳月"
        ],
        "source": {
          "provider": "fumi Diary 2号店 (東京10社めぐりマップ)",
          "url": "https://www.google.com/maps/d/viewer?mid=1EOjvzb1kdZoT-4NoJnzMx1_b6dR_UoM",
          "mapId": "",
          "layer": "東京10社めぐり",
          "tags": [
            "東京10社",
            "的野美青",
            "山下瞳月",
            "神社"
          ],
          "name": "新御茶ノ水駅 B2出口"
        },
        "classification": {
          "category": "東京10社めぐり",
          "subcategory": "的野美青・山下瞳月",
          "method": "legacy-import",
          "status": "unreviewed"
        },
        "classificationCandidates": {
          "members": [],
          "projects": [],
          "contentTypes": []
        }
      }
    },
    {
      "type": "Feature",
      "geometry": {
        "type": "Point",
        "coordinates": [
          139.7661006,
          35.6981089
        ]
      },
      "properties": {
        "id": "tokyo10-137",
        "name": "本郷通り",
        "category": "東京10社めぐり",
        "subcategory": "的野美青・山下瞳月",
        "categoryColor": "#f59e0b",
        "address": "",
        "sceneTitle": "本郷通り",
        "sceneNote": "山下瞳月、ぽちゃぽちゃって言われました。",
        "sourceLabel": "fumi Diary 2号店 (東京10社めぐりマップ)",
        "sourceUrl": "https://www.google.com/maps/d/viewer?mid=1EOjvzb1kdZoT-4NoJnzMx1_b6dR_UoM",
        "tags": [
          "東京10社",
          "的野美青",
          "山下瞳月",
          "神社"
        ],
        "images": [
          "https://pub-6d7574c4452b41519ab8adf1541d7f9e.r2.dev/seichi/tokyo10sha/3AAjQbR5a--PD_dV5kx6BxpRijVtevJx_NN5LIaC_a61363bb.png"
        ],
        "members": [
          "的野美青",
          "山下瞳月"
        ],
        "source": {
          "provider": "fumi Diary 2号店 (東京10社めぐりマップ)",
          "url": "https://www.google.com/maps/d/viewer?mid=1EOjvzb1kdZoT-4NoJnzMx1_b6dR_UoM",
          "mapId": "",
          "layer": "東京10社めぐり",
          "tags": [
            "東京10社",
            "的野美青",
            "山下瞳月",
            "神社"
          ],
          "name": "本郷通り"
        },
        "classification": {
          "category": "東京10社めぐり",
          "subcategory": "的野美青・山下瞳月",
          "method": "legacy-import",
          "status": "unreviewed"
        },
        "classificationCandidates": {
          "members": [],
          "projects": [],
          "contentTypes": []
        }
      }
    },
    {
      "type": "Feature",
      "geometry": {
        "type": "Point",
        "coordinates": [
          139.765984608319,
          35.6977489411787
        ]
      },
      "properties": {
        "id": "tokyo10-138",
        "name": "本郷通り",
        "category": "東京10社めぐり",
        "subcategory": "的野美青・山下瞳月",
        "categoryColor": "#f59e0b",
        "address": "",
        "sceneTitle": "本郷通り",
        "sceneNote": "ぽちゃぽちゃって、顔やからだつきがふくらとして愛らしいさまです。",
        "sourceLabel": "fumi Diary 2号店 (東京10社めぐりマップ)",
        "sourceUrl": "https://www.google.com/maps/d/viewer?mid=1EOjvzb1kdZoT-4NoJnzMx1_b6dR_UoM",
        "tags": [
          "東京10社",
          "的野美青",
          "山下瞳月",
          "神社"
        ],
        "images": [
          "https://pub-6d7574c4452b41519ab8adf1541d7f9e.r2.dev/seichi/tokyo10sha/3AAjQbR5srjOJe4-Fglcw2_zr-MQku3uBTgqx59A_253e6247.png",
          "https://pub-6d7574c4452b41519ab8adf1541d7f9e.r2.dev/seichi/tokyo10sha/3AAjQbR6gX_GfTMm2eBpRXkfCCnGabHGrWzvk53L_25c45496.png"
        ],
        "members": [
          "的野美青",
          "山下瞳月"
        ],
        "source": {
          "provider": "fumi Diary 2号店 (東京10社めぐりマップ)",
          "url": "https://www.google.com/maps/d/viewer?mid=1EOjvzb1kdZoT-4NoJnzMx1_b6dR_UoM",
          "mapId": "",
          "layer": "東京10社めぐり",
          "tags": [
            "東京10社",
            "的野美青",
            "山下瞳月",
            "神社"
          ],
          "name": "本郷通り"
        },
        "classification": {
          "category": "東京10社めぐり",
          "subcategory": "的野美青・山下瞳月",
          "method": "legacy-import",
          "status": "unreviewed"
        },
        "classificationCandidates": {
          "members": [],
          "projects": [],
          "contentTypes": []
        }
      }
    },
    {
      "type": "Feature",
      "geometry": {
        "type": "Point",
        "coordinates": [
          139.7646076,
          35.6901707
        ]
      },
      "properties": {
        "id": "tokyo10-139",
        "name": "本郷通り / 京阪大手町ビル",
        "category": "東京10社めぐり",
        "subcategory": "的野美青・山下瞳月",
        "categoryColor": "#f59e0b",
        "address": "",
        "sceneTitle": "本郷通り / 京阪大手町ビル",
        "sceneNote": "",
        "sourceLabel": "fumi Diary 2号店 (東京10社めぐりマップ)",
        "sourceUrl": "https://www.google.com/maps/d/viewer?mid=1EOjvzb1kdZoT-4NoJnzMx1_b6dR_UoM",
        "tags": [
          "東京10社",
          "的野美青",
          "山下瞳月",
          "神社"
        ],
        "images": [
          "https://pub-6d7574c4452b41519ab8adf1541d7f9e.r2.dev/seichi/tokyo10sha/3AAjQbR7eqYRK5e5Vf8L8byOxeYkUfdbjjgKnPgT_1152c25d.png",
          "https://pub-6d7574c4452b41519ab8adf1541d7f9e.r2.dev/seichi/tokyo10sha/3AAjQbR4fOmuqwLNBnXkkFEnhO7UlebBKhUO9GPB_14eb4d2c.png",
          "https://pub-6d7574c4452b41519ab8adf1541d7f9e.r2.dev/seichi/tokyo10sha/3AAjQbR7KdOsNo92cPGUlKvKyS9zDcAxMn0eavLw_1134a51d.png"
        ],
        "members": [
          "的野美青",
          "山下瞳月"
        ],
        "source": {
          "provider": "fumi Diary 2号店 (東京10社めぐりマップ)",
          "url": "https://www.google.com/maps/d/viewer?mid=1EOjvzb1kdZoT-4NoJnzMx1_b6dR_UoM",
          "mapId": "",
          "layer": "東京10社めぐり",
          "tags": [
            "東京10社",
            "的野美青",
            "山下瞳月",
            "神社"
          ],
          "name": "本郷通り / 京阪大手町ビル"
        },
        "classification": {
          "category": "東京10社めぐり",
          "subcategory": "的野美青・山下瞳月",
          "method": "legacy-import",
          "status": "unreviewed"
        },
        "classificationCandidates": {
          "members": [],
          "projects": [],
          "contentTypes": []
        }
      }
    },
    {
      "type": "Feature",
      "geometry": {
        "type": "Point",
        "coordinates": [
          139.7647166,
          35.6898094
        ]
      },
      "properties": {
        "id": "tokyo10-140",
        "name": "錦町有楽町線",
        "category": "東京10社めぐり",
        "subcategory": "的野美青・山下瞳月",
        "categoryColor": "#f59e0b",
        "address": "",
        "sceneTitle": "錦町有楽町線",
        "sceneNote": "",
        "sourceLabel": "fumi Diary 2号店 (東京10社めぐりマップ)",
        "sourceUrl": "https://www.google.com/maps/d/viewer?mid=1EOjvzb1kdZoT-4NoJnzMx1_b6dR_UoM",
        "tags": [
          "東京10社",
          "的野美青",
          "山下瞳月",
          "神社"
        ],
        "images": [
          "https://pub-6d7574c4452b41519ab8adf1541d7f9e.r2.dev/seichi/tokyo10sha/3AAjQbR7gux8tmgeGifub3tnKRMSOlEAI9Ch9Kkc_e93c8203.png"
        ],
        "members": [
          "的野美青",
          "山下瞳月"
        ],
        "source": {
          "provider": "fumi Diary 2号店 (東京10社めぐりマップ)",
          "url": "https://www.google.com/maps/d/viewer?mid=1EOjvzb1kdZoT-4NoJnzMx1_b6dR_UoM",
          "mapId": "",
          "layer": "東京10社めぐり",
          "tags": [
            "東京10社",
            "的野美青",
            "山下瞳月",
            "神社"
          ],
          "name": "錦町有楽町線"
        },
        "classification": {
          "category": "東京10社めぐり",
          "subcategory": "的野美青・山下瞳月",
          "method": "legacy-import",
          "status": "unreviewed"
        },
        "classificationCandidates": {
          "members": [],
          "projects": [],
          "contentTypes": []
        }
      }
    },
    {
      "type": "Feature",
      "geometry": {
        "type": "Point",
        "coordinates": [
          139.766529,
          35.688879
        ]
      },
      "properties": {
        "id": "tokyo10-141",
        "name": "鎌倉橋",
        "category": "東京10社めぐり",
        "subcategory": "的野美青・山下瞳月",
        "categoryColor": "#f59e0b",
        "address": "",
        "sceneTitle": "鎌倉橋",
        "sceneNote": "",
        "sourceLabel": "fumi Diary 2号店 (東京10社めぐりマップ)",
        "sourceUrl": "https://www.google.com/maps/d/viewer?mid=1EOjvzb1kdZoT-4NoJnzMx1_b6dR_UoM",
        "tags": [
          "東京10社",
          "的野美青",
          "山下瞳月",
          "神社"
        ],
        "images": [
          "https://pub-6d7574c4452b41519ab8adf1541d7f9e.r2.dev/seichi/tokyo10sha/3AAjQbR6Bu0X89nPBduKfWDgRechx_5CNpRSMD-D_b5092682.png"
        ],
        "members": [
          "的野美青",
          "山下瞳月"
        ],
        "source": {
          "provider": "fumi Diary 2号店 (東京10社めぐりマップ)",
          "url": "https://www.google.com/maps/d/viewer?mid=1EOjvzb1kdZoT-4NoJnzMx1_b6dR_UoM",
          "mapId": "",
          "layer": "東京10社めぐり",
          "tags": [
            "東京10社",
            "的野美青",
            "山下瞳月",
            "神社"
          ],
          "name": "鎌倉橋"
        },
        "classification": {
          "category": "東京10社めぐり",
          "subcategory": "的野美青・山下瞳月",
          "method": "legacy-import",
          "status": "unreviewed"
        },
        "classificationCandidates": {
          "members": [],
          "projects": [],
          "contentTypes": []
        }
      }
    },
    {
      "type": "Feature",
      "geometry": {
        "type": "Point",
        "coordinates": [
          139.766289,
          35.686383
        ]
      },
      "properties": {
        "id": "tokyo10-142",
        "name": "アーバンネット大手町ビル前",
        "category": "東京10社めぐり",
        "subcategory": "的野美青・山下瞳月",
        "categoryColor": "#f59e0b",
        "address": "",
        "sceneTitle": "アーバンネット大手町ビル前",
        "sceneNote": "",
        "sourceLabel": "fumi Diary 2号店 (東京10社めぐりマップ)",
        "sourceUrl": "https://www.google.com/maps/d/viewer?mid=1EOjvzb1kdZoT-4NoJnzMx1_b6dR_UoM",
        "tags": [
          "東京10社",
          "的野美青",
          "山下瞳月",
          "神社"
        ],
        "images": [
          "https://pub-6d7574c4452b41519ab8adf1541d7f9e.r2.dev/seichi/tokyo10sha/3AAjQbR7JaBxfIkZlPewM1w1gl1fO3k6hH3SVmSi_e0b6b115.png"
        ],
        "members": [
          "的野美青",
          "山下瞳月"
        ],
        "source": {
          "provider": "fumi Diary 2号店 (東京10社めぐりマップ)",
          "url": "https://www.google.com/maps/d/viewer?mid=1EOjvzb1kdZoT-4NoJnzMx1_b6dR_UoM",
          "mapId": "",
          "layer": "東京10社めぐり",
          "tags": [
            "東京10社",
            "的野美青",
            "山下瞳月",
            "神社"
          ],
          "name": "アーバンネット大手町ビル前"
        },
        "classification": {
          "category": "東京10社めぐり",
          "subcategory": "的野美青・山下瞳月",
          "method": "legacy-import",
          "status": "unreviewed"
        },
        "classificationCandidates": {
          "members": [],
          "projects": [],
          "contentTypes": []
        }
      }
    },
    {
      "type": "Feature",
      "geometry": {
        "type": "Point",
        "coordinates": [
          139.764736980917,
          35.6813642543398
        ]
      },
      "properties": {
        "id": "tokyo10-143",
        "name": "東京駅丸の内駅前広場",
        "category": "東京10社めぐり",
        "subcategory": "的野美青・山下瞳月",
        "categoryColor": "#f59e0b",
        "address": "",
        "sceneTitle": "東京駅丸の内駅前広場",
        "sceneNote": "",
        "sourceLabel": "fumi Diary 2号店 (東京10社めぐりマップ)",
        "sourceUrl": "https://www.google.com/maps/d/viewer?mid=1EOjvzb1kdZoT-4NoJnzMx1_b6dR_UoM",
        "tags": [
          "東京10社",
          "的野美青",
          "山下瞳月",
          "神社"
        ],
        "images": [
          "https://pub-6d7574c4452b41519ab8adf1541d7f9e.r2.dev/seichi/tokyo10sha/3AAjQbR7n9K3sVVenIBrwag7_J0dyYyLh31D_-i-_232f38c9.png"
        ],
        "members": [
          "的野美青",
          "山下瞳月"
        ],
        "source": {
          "provider": "fumi Diary 2号店 (東京10社めぐりマップ)",
          "url": "https://www.google.com/maps/d/viewer?mid=1EOjvzb1kdZoT-4NoJnzMx1_b6dR_UoM",
          "mapId": "",
          "layer": "東京10社めぐり",
          "tags": [
            "東京10社",
            "的野美青",
            "山下瞳月",
            "神社"
          ],
          "name": "東京駅丸の内駅前広場"
        },
        "classification": {
          "category": "東京10社めぐり",
          "subcategory": "的野美青・山下瞳月",
          "method": "legacy-import",
          "status": "unreviewed"
        },
        "classificationCandidates": {
          "members": [],
          "projects": [],
          "contentTypes": []
        }
      }
    },
    {
      "type": "Feature",
      "geometry": {
        "type": "Point",
        "coordinates": [
          139.749783,
          35.673116
        ]
      },
      "properties": {
        "id": "tokyo10-144",
        "name": "霞が関バス停 2番のりば 小滝橋車庫行",
        "category": "東京10社めぐり",
        "subcategory": "的野美青・山下瞳月",
        "categoryColor": "#f59e0b",
        "address": "",
        "sceneTitle": "霞が関バス停 2番のりば 小滝橋車庫行",
        "sceneNote": "",
        "sourceLabel": "fumi Diary 2号店 (東京10社めぐりマップ)",
        "sourceUrl": "https://www.google.com/maps/d/viewer?mid=1EOjvzb1kdZoT-4NoJnzMx1_b6dR_UoM",
        "tags": [
          "東京10社",
          "的野美青",
          "山下瞳月",
          "神社"
        ],
        "images": [
          "https://pub-6d7574c4452b41519ab8adf1541d7f9e.r2.dev/seichi/tokyo10sha/3AAjQbR6FoE8cF8fQp9GXZBmEKqIox46KT_HrU_h_e17d0e95.png"
        ],
        "members": [
          "的野美青",
          "山下瞳月"
        ],
        "source": {
          "provider": "fumi Diary 2号店 (東京10社めぐりマップ)",
          "url": "https://www.google.com/maps/d/viewer?mid=1EOjvzb1kdZoT-4NoJnzMx1_b6dR_UoM",
          "mapId": "",
          "layer": "東京10社めぐり",
          "tags": [
            "東京10社",
            "的野美青",
            "山下瞳月",
            "神社"
          ],
          "name": "霞が関バス停 2番のりば 小滝橋車庫行"
        },
        "classification": {
          "category": "東京10社めぐり",
          "subcategory": "的野美青・山下瞳月",
          "method": "legacy-import",
          "status": "unreviewed"
        },
        "classificationCandidates": {
          "members": [],
          "projects": [],
          "contentTypes": []
        }
      }
    },
    {
      "type": "Feature",
      "geometry": {
        "type": "Point",
        "coordinates": [
          139.747872,
          35.673591
        ]
      },
      "properties": {
        "id": "tokyo10-145",
        "name": "六本木通り",
        "category": "東京10社めぐり",
        "subcategory": "的野美青・山下瞳月",
        "categoryColor": "#f59e0b",
        "address": "",
        "sceneTitle": "六本木通り",
        "sceneNote": "国会議事堂を見ました。",
        "sourceLabel": "fumi Diary 2号店 (東京10社めぐりマップ)",
        "sourceUrl": "https://www.google.com/maps/d/viewer?mid=1EOjvzb1kdZoT-4NoJnzMx1_b6dR_UoM",
        "tags": [
          "東京10社",
          "的野美青",
          "山下瞳月",
          "神社"
        ],
        "images": [
          "https://pub-6d7574c4452b41519ab8adf1541d7f9e.r2.dev/seichi/tokyo10sha/3AAjQbR4ikJIYkDOYkuKACFjMPykvuyRs_if4C7-_90a4ac9c.png"
        ],
        "members": [
          "的野美青",
          "山下瞳月"
        ],
        "source": {
          "provider": "fumi Diary 2号店 (東京10社めぐりマップ)",
          "url": "https://www.google.com/maps/d/viewer?mid=1EOjvzb1kdZoT-4NoJnzMx1_b6dR_UoM",
          "mapId": "",
          "layer": "東京10社めぐり",
          "tags": [
            "東京10社",
            "的野美青",
            "山下瞳月",
            "神社"
          ],
          "name": "六本木通り"
        },
        "classification": {
          "category": "東京10社めぐり",
          "subcategory": "的野美青・山下瞳月",
          "method": "legacy-import",
          "status": "unreviewed"
        },
        "classificationCandidates": {
          "members": [],
          "projects": [],
          "contentTypes": []
        }
      }
    },
    {
      "type": "Feature",
      "geometry": {
        "type": "Point",
        "coordinates": [
          139.7477095,
          35.6734088
        ]
      },
      "properties": {
        "id": "tokyo10-146",
        "name": "六本木通り",
        "category": "東京10社めぐり",
        "subcategory": "的野美青・山下瞳月",
        "categoryColor": "#f59e0b",
        "address": "",
        "sceneTitle": "六本木通り",
        "sceneNote": "",
        "sourceLabel": "fumi Diary 2号店 (東京10社めぐりマップ)",
        "sourceUrl": "https://www.google.com/maps/d/viewer?mid=1EOjvzb1kdZoT-4NoJnzMx1_b6dR_UoM",
        "tags": [
          "東京10社",
          "的野美青",
          "山下瞳月",
          "神社"
        ],
        "images": [
          "https://pub-6d7574c4452b41519ab8adf1541d7f9e.r2.dev/seichi/tokyo10sha/3AAjQbR6ucnLT8ilukWFDVvw8J0fz9lyJTzCFZDE_a2b46a6a.png"
        ],
        "members": [
          "的野美青",
          "山下瞳月"
        ],
        "source": {
          "provider": "fumi Diary 2号店 (東京10社めぐりマップ)",
          "url": "https://www.google.com/maps/d/viewer?mid=1EOjvzb1kdZoT-4NoJnzMx1_b6dR_UoM",
          "mapId": "",
          "layer": "東京10社めぐり",
          "tags": [
            "東京10社",
            "的野美青",
            "山下瞳月",
            "神社"
          ],
          "name": "六本木通り"
        },
        "classification": {
          "category": "東京10社めぐり",
          "subcategory": "的野美青・山下瞳月",
          "method": "legacy-import",
          "status": "unreviewed"
        },
        "classificationCandidates": {
          "members": [],
          "projects": [],
          "contentTypes": []
        }
      }
    },
    {
      "type": "Feature",
      "geometry": {
        "type": "Point",
        "coordinates": [
          139.739663,
          35.673306
        ]
      },
      "properties": {
        "id": "tokyo10-147",
        "name": "外堀通り",
        "category": "東京10社めぐり",
        "subcategory": "的野美青・山下瞳月",
        "categoryColor": "#f59e0b",
        "address": "",
        "sceneTitle": "外堀通り",
        "sceneNote": "",
        "sourceLabel": "fumi Diary 2号店 (東京10社めぐりマップ)",
        "sourceUrl": "https://www.google.com/maps/d/viewer?mid=1EOjvzb1kdZoT-4NoJnzMx1_b6dR_UoM",
        "tags": [
          "東京10社",
          "的野美青",
          "山下瞳月",
          "神社"
        ],
        "images": [
          "https://pub-6d7574c4452b41519ab8adf1541d7f9e.r2.dev/seichi/tokyo10sha/3AAjQbR67eq_HOiidp5auW8BqZ0IsAIYBFisBjtp_96682e8c.png"
        ],
        "members": [
          "的野美青",
          "山下瞳月"
        ],
        "source": {
          "provider": "fumi Diary 2号店 (東京10社めぐりマップ)",
          "url": "https://www.google.com/maps/d/viewer?mid=1EOjvzb1kdZoT-4NoJnzMx1_b6dR_UoM",
          "mapId": "",
          "layer": "東京10社めぐり",
          "tags": [
            "東京10社",
            "的野美青",
            "山下瞳月",
            "神社"
          ],
          "name": "外堀通り"
        },
        "classification": {
          "category": "東京10社めぐり",
          "subcategory": "的野美青・山下瞳月",
          "method": "legacy-import",
          "status": "unreviewed"
        },
        "classificationCandidates": {
          "members": [],
          "projects": [],
          "contentTypes": []
        }
      }
    },
    {
      "type": "Feature",
      "geometry": {
        "type": "Point",
        "coordinates": [
          139.7395006,
          35.6735625
        ]
      },
      "properties": {
        "id": "tokyo10-148",
        "name": "日枝神社 山王鳥居",
        "category": "東京10社めぐり",
        "subcategory": "的野美青・山下瞳月",
        "categoryColor": "#f59e0b",
        "address": "",
        "sceneTitle": "日枝神社 山王鳥居",
        "sceneNote": "",
        "sourceLabel": "fumi Diary 2号店 (東京10社めぐりマップ)",
        "sourceUrl": "https://www.google.com/maps/d/viewer?mid=1EOjvzb1kdZoT-4NoJnzMx1_b6dR_UoM",
        "tags": [
          "東京10社",
          "的野美青",
          "山下瞳月",
          "神社"
        ],
        "images": [
          "https://pub-6d7574c4452b41519ab8adf1541d7f9e.r2.dev/seichi/tokyo10sha/3AAjQbR5fnxddfdg9RSkiibHBpD281KxV5mVGZqg_f37bba43.png"
        ],
        "members": [
          "的野美青",
          "山下瞳月"
        ],
        "source": {
          "provider": "fumi Diary 2号店 (東京10社めぐりマップ)",
          "url": "https://www.google.com/maps/d/viewer?mid=1EOjvzb1kdZoT-4NoJnzMx1_b6dR_UoM",
          "mapId": "",
          "layer": "東京10社めぐり",
          "tags": [
            "東京10社",
            "的野美青",
            "山下瞳月",
            "神社"
          ],
          "name": "日枝神社 山王鳥居"
        },
        "classification": {
          "category": "東京10社めぐり",
          "subcategory": "的野美青・山下瞳月",
          "method": "legacy-import",
          "status": "unreviewed"
        },
        "classificationCandidates": {
          "members": [],
          "projects": [],
          "contentTypes": []
        }
      }
    },
    {
      "type": "Feature",
      "geometry": {
        "type": "Point",
        "coordinates": [
          139.7398506,
          35.6742162
        ]
      },
      "properties": {
        "id": "tokyo10-149",
        "name": "日枝神社 社務所横",
        "category": "東京10社めぐり",
        "subcategory": "的野美青・山下瞳月",
        "categoryColor": "#f59e0b",
        "address": "",
        "sceneTitle": "日枝神社 社務所横",
        "sceneNote": "中嶋優月が待ってます。",
        "sourceLabel": "fumi Diary 2号店 (東京10社めぐりマップ)",
        "sourceUrl": "https://www.google.com/maps/d/viewer?mid=1EOjvzb1kdZoT-4NoJnzMx1_b6dR_UoM",
        "tags": [
          "東京10社",
          "的野美青",
          "山下瞳月",
          "神社"
        ],
        "images": [
          "https://pub-6d7574c4452b41519ab8adf1541d7f9e.r2.dev/seichi/tokyo10sha/3AAjQbR7ijUAMjPMiJIqDOc6_o8TZVyMq2_eqf7p_6d4a8179.png",
          "https://pub-6d7574c4452b41519ab8adf1541d7f9e.r2.dev/seichi/tokyo10sha/3AAjQbR7Tpi2T3eJ9m5bKcGchV-x7_nFnsVRWqHv_3dd44870.png",
          "https://pub-6d7574c4452b41519ab8adf1541d7f9e.r2.dev/seichi/tokyo10sha/3AAjQbR5IS7scWNN_TJloebtu4MOvlTcoWZAym03_241680f8.png",
          "https://pub-6d7574c4452b41519ab8adf1541d7f9e.r2.dev/seichi/tokyo10sha/3AAjQbR5_xfjoOoFMpI-VVZEeWPuZBevdyhUY6T1_e11a16e6.png",
          "https://pub-6d7574c4452b41519ab8adf1541d7f9e.r2.dev/seichi/tokyo10sha/3AAjQbR6TRQq_IwPRe4omPEVavAuJgjnk-4diVBR_53aa189f.png"
        ],
        "members": [
          "的野美青",
          "山下瞳月"
        ],
        "source": {
          "provider": "fumi Diary 2号店 (東京10社めぐりマップ)",
          "url": "https://www.google.com/maps/d/viewer?mid=1EOjvzb1kdZoT-4NoJnzMx1_b6dR_UoM",
          "mapId": "",
          "layer": "東京10社めぐり",
          "tags": [
            "東京10社",
            "的野美青",
            "山下瞳月",
            "神社"
          ],
          "name": "日枝神社 社務所横"
        },
        "classification": {
          "category": "東京10社めぐり",
          "subcategory": "的野美青・山下瞳月",
          "method": "legacy-import",
          "status": "unreviewed"
        },
        "classificationCandidates": {
          "members": [],
          "projects": [],
          "contentTypes": []
        }
      }
    },
    {
      "type": "Feature",
      "geometry": {
        "type": "Point",
        "coordinates": [
          139.7397456,
          35.6747023
        ]
      },
      "properties": {
        "id": "tokyo10-150",
        "name": "日枝神社 本殿",
        "category": "東京10社めぐり",
        "subcategory": "的野美青・山下瞳月",
        "categoryColor": "#f59e0b",
        "address": "",
        "sceneTitle": "日枝神社 本殿",
        "sceneNote": "",
        "sourceLabel": "fumi Diary 2号店 (東京10社めぐりマップ)",
        "sourceUrl": "https://www.google.com/maps/d/viewer?mid=1EOjvzb1kdZoT-4NoJnzMx1_b6dR_UoM",
        "tags": [
          "東京10社",
          "的野美青",
          "山下瞳月",
          "神社"
        ],
        "images": [
          "https://pub-6d7574c4452b41519ab8adf1541d7f9e.r2.dev/seichi/tokyo10sha/3AAjQbR6aID66b3bAGzCZIIYt6k5yaXvMT1hkEFs_19d42657.png",
          "https://pub-6d7574c4452b41519ab8adf1541d7f9e.r2.dev/seichi/tokyo10sha/3AAjQbR4nxkMZUMsoMDsQNu71D6u-w8Zy6H9YLzs_21cbbb0f.png"
        ],
        "members": [
          "的野美青",
          "山下瞳月"
        ],
        "source": {
          "provider": "fumi Diary 2号店 (東京10社めぐりマップ)",
          "url": "https://www.google.com/maps/d/viewer?mid=1EOjvzb1kdZoT-4NoJnzMx1_b6dR_UoM",
          "mapId": "",
          "layer": "東京10社めぐり",
          "tags": [
            "東京10社",
            "的野美青",
            "山下瞳月",
            "神社"
          ],
          "name": "日枝神社 本殿"
        },
        "classification": {
          "category": "東京10社めぐり",
          "subcategory": "的野美青・山下瞳月",
          "method": "legacy-import",
          "status": "unreviewed"
        },
        "classificationCandidates": {
          "members": [],
          "projects": [],
          "contentTypes": []
        }
      }
    },
    {
      "type": "Feature",
      "geometry": {
        "type": "Point",
        "coordinates": [
          139.7398171,
          35.6745984
        ]
      },
      "properties": {
        "id": "tokyo10-151",
        "name": "日枝神社 授与所",
        "category": "東京10社めぐり",
        "subcategory": "的野美青・山下瞳月",
        "categoryColor": "#f59e0b",
        "address": "",
        "sceneTitle": "日枝神社 授与所",
        "sceneNote": "",
        "sourceLabel": "fumi Diary 2号店 (東京10社めぐりマップ)",
        "sourceUrl": "https://www.google.com/maps/d/viewer?mid=1EOjvzb1kdZoT-4NoJnzMx1_b6dR_UoM",
        "tags": [
          "東京10社",
          "的野美青",
          "山下瞳月",
          "神社"
        ],
        "images": [],
        "members": [
          "的野美青",
          "山下瞳月"
        ],
        "source": {
          "provider": "fumi Diary 2号店 (東京10社めぐりマップ)",
          "url": "https://www.google.com/maps/d/viewer?mid=1EOjvzb1kdZoT-4NoJnzMx1_b6dR_UoM",
          "mapId": "",
          "layer": "東京10社めぐり",
          "tags": [
            "東京10社",
            "的野美青",
            "山下瞳月",
            "神社"
          ],
          "name": "日枝神社 授与所"
        },
        "classification": {
          "category": "東京10社めぐり",
          "subcategory": "的野美青・山下瞳月",
          "method": "legacy-import",
          "status": "unreviewed"
        },
        "classificationCandidates": {
          "members": [],
          "projects": [],
          "contentTypes": []
        }
      }
    },
    {
      "type": "Feature",
      "geometry": {
        "type": "Point",
        "coordinates": [
          139.7402302,
          35.674691
        ]
      },
      "properties": {
        "id": "tokyo10-152",
        "name": "日枝神社 神門前",
        "category": "東京10社めぐり",
        "subcategory": "的野美青・山下瞳月",
        "categoryColor": "#f59e0b",
        "address": "",
        "sceneTitle": "日枝神社 神門前",
        "sceneNote": "七社目クリア",
        "sourceLabel": "fumi Diary 2号店 (東京10社めぐりマップ)",
        "sourceUrl": "https://www.google.com/maps/d/viewer?mid=1EOjvzb1kdZoT-4NoJnzMx1_b6dR_UoM",
        "tags": [
          "東京10社",
          "的野美青",
          "山下瞳月",
          "神社"
        ],
        "images": [
          "https://pub-6d7574c4452b41519ab8adf1541d7f9e.r2.dev/seichi/tokyo10sha/3AAjQbR6zPgkHJFPXENFId5-gtVZV50pTOSaeJVM_d9f405f0.png",
          "https://pub-6d7574c4452b41519ab8adf1541d7f9e.r2.dev/seichi/tokyo10sha/3AAjQbR5TzYjC96vMM8h3OSH9YwwDaS_IwUupU5m_f7e2858c.png"
        ],
        "members": [
          "的野美青",
          "山下瞳月"
        ],
        "source": {
          "provider": "fumi Diary 2号店 (東京10社めぐりマップ)",
          "url": "https://www.google.com/maps/d/viewer?mid=1EOjvzb1kdZoT-4NoJnzMx1_b6dR_UoM",
          "mapId": "",
          "layer": "東京10社めぐり",
          "tags": [
            "東京10社",
            "的野美青",
            "山下瞳月",
            "神社"
          ],
          "name": "日枝神社 神門前"
        },
        "classification": {
          "category": "東京10社めぐり",
          "subcategory": "的野美青・山下瞳月",
          "method": "legacy-import",
          "status": "unreviewed"
        },
        "classificationCandidates": {
          "members": [],
          "projects": [],
          "contentTypes": []
        }
      }
    },
    {
      "type": "Feature",
      "geometry": {
        "type": "Point",
        "coordinates": [
          139.737356,
          35.672802
        ]
      },
      "properties": {
        "id": "tokyo10-153",
        "name": "赤坂2・14プラザビル",
        "category": "東京10社めぐり",
        "subcategory": "的野美青・山下瞳月",
        "categoryColor": "#f59e0b",
        "address": "",
        "sceneTitle": "赤坂2・14プラザビル",
        "sceneNote": "",
        "sourceLabel": "fumi Diary 2号店 (東京10社めぐりマップ)",
        "sourceUrl": "https://www.google.com/maps/d/viewer?mid=1EOjvzb1kdZoT-4NoJnzMx1_b6dR_UoM",
        "tags": [
          "東京10社",
          "的野美青",
          "山下瞳月",
          "神社"
        ],
        "images": [
          "https://pub-6d7574c4452b41519ab8adf1541d7f9e.r2.dev/seichi/tokyo10sha/3AAjQbR75b93Gaww9aazHZnE9-oKRaEs61IUY1cU_263d89ca.png"
        ],
        "members": [
          "的野美青",
          "山下瞳月"
        ],
        "source": {
          "provider": "fumi Diary 2号店 (東京10社めぐりマップ)",
          "url": "https://www.google.com/maps/d/viewer?mid=1EOjvzb1kdZoT-4NoJnzMx1_b6dR_UoM",
          "mapId": "",
          "layer": "東京10社めぐり",
          "tags": [
            "東京10社",
            "的野美青",
            "山下瞳月",
            "神社"
          ],
          "name": "赤坂2・14プラザビル"
        },
        "classification": {
          "category": "東京10社めぐり",
          "subcategory": "的野美青・山下瞳月",
          "method": "legacy-import",
          "status": "unreviewed"
        },
        "classificationCandidates": {
          "members": [],
          "projects": [],
          "contentTypes": []
        }
      }
    },
    {
      "type": "Feature",
      "geometry": {
        "type": "Point",
        "coordinates": [
          139.736687,
          35.668576
        ]
      },
      "properties": {
        "id": "tokyo10-154",
        "name": "氷川坂",
        "category": "東京10社めぐり",
        "subcategory": "的野美青・山下瞳月",
        "categoryColor": "#f59e0b",
        "address": "",
        "sceneTitle": "氷川坂",
        "sceneNote": "",
        "sourceLabel": "fumi Diary 2号店 (東京10社めぐりマップ)",
        "sourceUrl": "https://www.google.com/maps/d/viewer?mid=1EOjvzb1kdZoT-4NoJnzMx1_b6dR_UoM",
        "tags": [
          "東京10社",
          "的野美青",
          "山下瞳月",
          "神社"
        ],
        "images": [
          "https://pub-6d7574c4452b41519ab8adf1541d7f9e.r2.dev/seichi/tokyo10sha/3AAjQbR6x7U4CX8S11OvoRDy6cE8rG4byasxng-b_811532cb.png"
        ],
        "members": [
          "的野美青",
          "山下瞳月"
        ],
        "source": {
          "provider": "fumi Diary 2号店 (東京10社めぐりマップ)",
          "url": "https://www.google.com/maps/d/viewer?mid=1EOjvzb1kdZoT-4NoJnzMx1_b6dR_UoM",
          "mapId": "",
          "layer": "東京10社めぐり",
          "tags": [
            "東京10社",
            "的野美青",
            "山下瞳月",
            "神社"
          ],
          "name": "氷川坂"
        },
        "classification": {
          "category": "東京10社めぐり",
          "subcategory": "的野美青・山下瞳月",
          "method": "legacy-import",
          "status": "unreviewed"
        },
        "classificationCandidates": {
          "members": [],
          "projects": [],
          "contentTypes": []
        }
      }
    },
    {
      "type": "Feature",
      "geometry": {
        "type": "Point",
        "coordinates": [
          139.736722331611,
          35.6684691516005
        ]
      },
      "properties": {
        "id": "tokyo10-155",
        "name": "赤坂氷川神社 氷川坂入口",
        "category": "東京10社めぐり",
        "subcategory": "的野美青・山下瞳月",
        "categoryColor": "#f59e0b",
        "address": "",
        "sceneTitle": "赤坂氷川神社 氷川坂入口",
        "sceneNote": "",
        "sourceLabel": "fumi Diary 2号店 (東京10社めぐりマップ)",
        "sourceUrl": "https://www.google.com/maps/d/viewer?mid=1EOjvzb1kdZoT-4NoJnzMx1_b6dR_UoM",
        "tags": [
          "東京10社",
          "的野美青",
          "山下瞳月",
          "神社"
        ],
        "images": [
          "https://pub-6d7574c4452b41519ab8adf1541d7f9e.r2.dev/seichi/tokyo10sha/3AAjQbR6HNP7VbVsTISel_T9DiEkCPCT32s6ehrw_b998dc8c.png"
        ],
        "members": [
          "的野美青",
          "山下瞳月"
        ],
        "source": {
          "provider": "fumi Diary 2号店 (東京10社めぐりマップ)",
          "url": "https://www.google.com/maps/d/viewer?mid=1EOjvzb1kdZoT-4NoJnzMx1_b6dR_UoM",
          "mapId": "",
          "layer": "東京10社めぐり",
          "tags": [
            "東京10社",
            "的野美青",
            "山下瞳月",
            "神社"
          ],
          "name": "赤坂氷川神社 氷川坂入口"
        },
        "classification": {
          "category": "東京10社めぐり",
          "subcategory": "的野美青・山下瞳月",
          "method": "legacy-import",
          "status": "unreviewed"
        },
        "classificationCandidates": {
          "members": [],
          "projects": [],
          "contentTypes": []
        }
      }
    },
    {
      "type": "Feature",
      "geometry": {
        "type": "Point",
        "coordinates": [
          139.735587,
          35.66818
        ]
      },
      "properties": {
        "id": "tokyo10-156",
        "name": "赤坂氷川神社 社殿",
        "category": "東京10社めぐり",
        "subcategory": "的野美青・山下瞳月",
        "categoryColor": "#f59e0b",
        "address": "",
        "sceneTitle": "赤坂氷川神社 社殿",
        "sceneNote": "",
        "sourceLabel": "fumi Diary 2号店 (東京10社めぐりマップ)",
        "sourceUrl": "https://www.google.com/maps/d/viewer?mid=1EOjvzb1kdZoT-4NoJnzMx1_b6dR_UoM",
        "tags": [
          "東京10社",
          "的野美青",
          "山下瞳月",
          "神社"
        ],
        "images": [
          "https://pub-6d7574c4452b41519ab8adf1541d7f9e.r2.dev/seichi/tokyo10sha/3AAjQbR7Pe8AZSJo2MEV2vB7RrVN7LdUG9NB6ohU_e29cc558.png"
        ],
        "members": [
          "的野美青",
          "山下瞳月"
        ],
        "source": {
          "provider": "fumi Diary 2号店 (東京10社めぐりマップ)",
          "url": "https://www.google.com/maps/d/viewer?mid=1EOjvzb1kdZoT-4NoJnzMx1_b6dR_UoM",
          "mapId": "",
          "layer": "東京10社めぐり",
          "tags": [
            "東京10社",
            "的野美青",
            "山下瞳月",
            "神社"
          ],
          "name": "赤坂氷川神社 社殿"
        },
        "classification": {
          "category": "東京10社めぐり",
          "subcategory": "的野美青・山下瞳月",
          "method": "legacy-import",
          "status": "unreviewed"
        },
        "classificationCandidates": {
          "members": [],
          "projects": [],
          "contentTypes": []
        }
      }
    },
    {
      "type": "Feature",
      "geometry": {
        "type": "Point",
        "coordinates": [
          139.735652,
          35.6682
        ]
      },
      "properties": {
        "id": "tokyo10-157",
        "name": "赤坂氷川神社 授与所",
        "category": "東京10社めぐり",
        "subcategory": "的野美青・山下瞳月",
        "categoryColor": "#f59e0b",
        "address": "",
        "sceneTitle": "赤坂氷川神社 授与所",
        "sceneNote": "",
        "sourceLabel": "fumi Diary 2号店 (東京10社めぐりマップ)",
        "sourceUrl": "https://www.google.com/maps/d/viewer?mid=1EOjvzb1kdZoT-4NoJnzMx1_b6dR_UoM",
        "tags": [
          "東京10社",
          "的野美青",
          "山下瞳月",
          "神社"
        ],
        "images": [
          "https://pub-6d7574c4452b41519ab8adf1541d7f9e.r2.dev/seichi/tokyo10sha/3AAjQbR4HESPRvlAjPR_xBgg5_tDu5dF9sH2b-Qy_1da931e5.png",
          "https://pub-6d7574c4452b41519ab8adf1541d7f9e.r2.dev/seichi/tokyo10sha/3AAjQbR793aQteay2cqWbuGmN_BvrFr2XURG5or__8d43efb5.png"
        ],
        "members": [
          "的野美青",
          "山下瞳月"
        ],
        "source": {
          "provider": "fumi Diary 2号店 (東京10社めぐりマップ)",
          "url": "https://www.google.com/maps/d/viewer?mid=1EOjvzb1kdZoT-4NoJnzMx1_b6dR_UoM",
          "mapId": "",
          "layer": "東京10社めぐり",
          "tags": [
            "東京10社",
            "的野美青",
            "山下瞳月",
            "神社"
          ],
          "name": "赤坂氷川神社 授与所"
        },
        "classification": {
          "category": "東京10社めぐり",
          "subcategory": "的野美青・山下瞳月",
          "method": "legacy-import",
          "status": "unreviewed"
        },
        "classificationCandidates": {
          "members": [],
          "projects": [],
          "contentTypes": []
        }
      }
    },
    {
      "type": "Feature",
      "geometry": {
        "type": "Point",
        "coordinates": [
          139.7356004,
          35.6681405
        ]
      },
      "properties": {
        "id": "tokyo10-158",
        "name": "赤坂氷川神社",
        "category": "東京10社めぐり",
        "subcategory": "的野美青・山下瞳月",
        "categoryColor": "#f59e0b",
        "address": "",
        "sceneTitle": "赤坂氷川神社",
        "sceneNote": "",
        "sourceLabel": "fumi Diary 2号店 (東京10社めぐりマップ)",
        "sourceUrl": "https://www.google.com/maps/d/viewer?mid=1EOjvzb1kdZoT-4NoJnzMx1_b6dR_UoM",
        "tags": [
          "東京10社",
          "的野美青",
          "山下瞳月",
          "神社"
        ],
        "images": [
          "https://pub-6d7574c4452b41519ab8adf1541d7f9e.r2.dev/seichi/tokyo10sha/3AAjQbR7FAN6MwoznYNrWwYIiY9IYjGs9cNim1Gm_79d4d92a.png",
          "https://pub-6d7574c4452b41519ab8adf1541d7f9e.r2.dev/seichi/tokyo10sha/3AAjQbR5eEdZhW6TCbLad63uIj4Q1Ufu13AYXJ9Q_7d6a2013.png",
          "https://pub-6d7574c4452b41519ab8adf1541d7f9e.r2.dev/seichi/tokyo10sha/3AAjQbR7hxvhIg-Vu68sadeONbbTMmo3t0-3XRO4_69ce88fa.png",
          "https://pub-6d7574c4452b41519ab8adf1541d7f9e.r2.dev/seichi/tokyo10sha/3AAjQbR7Abtj9fEcpUdiK53KkAm8R80Sg4aGztN2_d5500b62.png",
          "https://pub-6d7574c4452b41519ab8adf1541d7f9e.r2.dev/seichi/tokyo10sha/3AAjQbR7V9TtfiOyNOnMKsDiUsNgCrgrRSZOjaLM_1a54b048.png"
        ],
        "members": [
          "的野美青",
          "山下瞳月"
        ],
        "source": {
          "provider": "fumi Diary 2号店 (東京10社めぐりマップ)",
          "url": "https://www.google.com/maps/d/viewer?mid=1EOjvzb1kdZoT-4NoJnzMx1_b6dR_UoM",
          "mapId": "",
          "layer": "東京10社めぐり",
          "tags": [
            "東京10社",
            "的野美青",
            "山下瞳月",
            "神社"
          ],
          "name": "赤坂氷川神社"
        },
        "classification": {
          "category": "東京10社めぐり",
          "subcategory": "的野美青・山下瞳月",
          "method": "legacy-import",
          "status": "unreviewed"
        },
        "classificationCandidates": {
          "members": [],
          "projects": [],
          "contentTypes": []
        }
      }
    },
    {
      "type": "Feature",
      "geometry": {
        "type": "Point",
        "coordinates": [
          139.7356647,
          35.6658043
        ]
      },
      "properties": {
        "id": "tokyo10-159",
        "name": "日蓮宗 妙像寺",
        "category": "東京10社めぐり",
        "subcategory": "的野美青・山下瞳月",
        "categoryColor": "#f59e0b",
        "address": "",
        "sceneTitle": "日蓮宗 妙像寺",
        "sceneNote": "",
        "sourceLabel": "fumi Diary 2号店 (東京10社めぐりマップ)",
        "sourceUrl": "https://www.google.com/maps/d/viewer?mid=1EOjvzb1kdZoT-4NoJnzMx1_b6dR_UoM",
        "tags": [
          "東京10社",
          "的野美青",
          "山下瞳月",
          "神社"
        ],
        "images": [
          "https://pub-6d7574c4452b41519ab8adf1541d7f9e.r2.dev/seichi/tokyo10sha/3AAjQbR6sRY_CpWFXlyasv-eBX1HaDW85FSnpXrE_40a85020.png"
        ],
        "members": [
          "的野美青",
          "山下瞳月"
        ],
        "source": {
          "provider": "fumi Diary 2号店 (東京10社めぐりマップ)",
          "url": "https://www.google.com/maps/d/viewer?mid=1EOjvzb1kdZoT-4NoJnzMx1_b6dR_UoM",
          "mapId": "",
          "layer": "東京10社めぐり",
          "tags": [
            "東京10社",
            "的野美青",
            "山下瞳月",
            "神社"
          ],
          "name": "日蓮宗 妙像寺"
        },
        "classification": {
          "category": "東京10社めぐり",
          "subcategory": "的野美青・山下瞳月",
          "method": "legacy-import",
          "status": "unreviewed"
        },
        "classificationCandidates": {
          "members": [],
          "projects": [],
          "contentTypes": []
        }
      }
    },
    {
      "type": "Feature",
      "geometry": {
        "type": "Point",
        "coordinates": [
          139.736168,
          35.665007
        ]
      },
      "properties": {
        "id": "tokyo10-160",
        "name": "六本木通り",
        "category": "東京10社めぐり",
        "subcategory": "的野美青・山下瞳月",
        "categoryColor": "#f59e0b",
        "address": "",
        "sceneTitle": "六本木通り",
        "sceneNote": "",
        "sourceLabel": "fumi Diary 2号店 (東京10社めぐりマップ)",
        "sourceUrl": "https://www.google.com/maps/d/viewer?mid=1EOjvzb1kdZoT-4NoJnzMx1_b6dR_UoM",
        "tags": [
          "東京10社",
          "的野美青",
          "山下瞳月",
          "神社"
        ],
        "images": [
          "https://pub-6d7574c4452b41519ab8adf1541d7f9e.r2.dev/seichi/tokyo10sha/3AAjQbR5eHOE5pZrd_WRwY78sL7Fa-zNND8quckM_ff11d697.png"
        ],
        "members": [
          "的野美青",
          "山下瞳月"
        ],
        "source": {
          "provider": "fumi Diary 2号店 (東京10社めぐりマップ)",
          "url": "https://www.google.com/maps/d/viewer?mid=1EOjvzb1kdZoT-4NoJnzMx1_b6dR_UoM",
          "mapId": "",
          "layer": "東京10社めぐり",
          "tags": [
            "東京10社",
            "的野美青",
            "山下瞳月",
            "神社"
          ],
          "name": "六本木通り"
        },
        "classification": {
          "category": "東京10社めぐり",
          "subcategory": "的野美青・山下瞳月",
          "method": "legacy-import",
          "status": "unreviewed"
        },
        "classificationCandidates": {
          "members": [],
          "projects": [],
          "contentTypes": []
        }
      }
    },
    {
      "type": "Feature",
      "geometry": {
        "type": "Point",
        "coordinates": [
          139.735755,
          35.664815
        ]
      },
      "properties": {
        "id": "tokyo10-161",
        "name": "六本木通り",
        "category": "東京10社めぐり",
        "subcategory": "的野美青・山下瞳月",
        "categoryColor": "#f59e0b",
        "address": "",
        "sceneTitle": "六本木通り",
        "sceneNote": "",
        "sourceLabel": "fumi Diary 2号店 (東京10社めぐりマップ)",
        "sourceUrl": "https://www.google.com/maps/d/viewer?mid=1EOjvzb1kdZoT-4NoJnzMx1_b6dR_UoM",
        "tags": [
          "東京10社",
          "的野美青",
          "山下瞳月",
          "神社"
        ],
        "images": [
          "https://pub-6d7574c4452b41519ab8adf1541d7f9e.r2.dev/seichi/tokyo10sha/3AAjQbR7r1Kxz19t6LJ-_04BaomfXHITgK8PnhjT_8849ccbb.png"
        ],
        "members": [
          "的野美青",
          "山下瞳月"
        ],
        "source": {
          "provider": "fumi Diary 2号店 (東京10社めぐりマップ)",
          "url": "https://www.google.com/maps/d/viewer?mid=1EOjvzb1kdZoT-4NoJnzMx1_b6dR_UoM",
          "mapId": "",
          "layer": "東京10社めぐり",
          "tags": [
            "東京10社",
            "的野美青",
            "山下瞳月",
            "神社"
          ],
          "name": "六本木通り"
        },
        "classification": {
          "category": "東京10社めぐり",
          "subcategory": "的野美青・山下瞳月",
          "method": "legacy-import",
          "status": "unreviewed"
        },
        "classificationCandidates": {
          "members": [],
          "projects": [],
          "contentTypes": []
        }
      }
    },
    {
      "type": "Feature",
      "geometry": {
        "type": "Point",
        "coordinates": [
          139.7356028,
          35.6618145
        ]
      },
      "properties": {
        "id": "tokyo10-162",
        "name": "わ蔵 六本木店",
        "category": "東京10社めぐり",
        "subcategory": "的野美青・山下瞳月",
        "categoryColor": "#f59e0b",
        "address": "",
        "sceneTitle": "わ蔵 六本木店",
        "sceneNote": "たぶん わくらーめん 950円",
        "sourceLabel": "fumi Diary 2号店 (東京10社めぐりマップ)",
        "sourceUrl": "https://www.google.com/maps/d/viewer?mid=1EOjvzb1kdZoT-4NoJnzMx1_b6dR_UoM",
        "tags": [
          "東京10社",
          "的野美青",
          "山下瞳月",
          "神社"
        ],
        "images": [
          "https://pub-6d7574c4452b41519ab8adf1541d7f9e.r2.dev/seichi/tokyo10sha/3AAjQbR7N-RviZnoKxZwjBbgCTA1zYSIVzp3nAJA_d973278f.png",
          "https://pub-6d7574c4452b41519ab8adf1541d7f9e.r2.dev/seichi/tokyo10sha/3AAjQbR779taHM203bwIaOgt0mDdMmXSaA2Ilgy__1c22289a.png",
          "https://pub-6d7574c4452b41519ab8adf1541d7f9e.r2.dev/seichi/tokyo10sha/3AAjQbR7FlqJ366gr_dBD3eXrkr_t8sTziLdw3H-_d54df005.png"
        ],
        "members": [
          "的野美青",
          "山下瞳月"
        ],
        "source": {
          "provider": "fumi Diary 2号店 (東京10社めぐりマップ)",
          "url": "https://www.google.com/maps/d/viewer?mid=1EOjvzb1kdZoT-4NoJnzMx1_b6dR_UoM",
          "mapId": "",
          "layer": "東京10社めぐり",
          "tags": [
            "東京10社",
            "的野美青",
            "山下瞳月",
            "神社"
          ],
          "name": "わ蔵 六本木店"
        },
        "classification": {
          "category": "東京10社めぐり",
          "subcategory": "的野美青・山下瞳月",
          "method": "legacy-import",
          "status": "unreviewed"
        },
        "classificationCandidates": {
          "members": [],
          "projects": [],
          "contentTypes": []
        }
      }
    },
    {
      "type": "Feature",
      "geometry": {
        "type": "Point",
        "coordinates": [
          139.737647,
          35.6611493
        ]
      },
      "properties": {
        "id": "tokyo10-163",
        "name": "飯倉片町交差点",
        "category": "東京10社めぐり",
        "subcategory": "的野美青・山下瞳月",
        "categoryColor": "#f59e0b",
        "address": "",
        "sceneTitle": "飯倉片町交差点",
        "sceneNote": "",
        "sourceLabel": "fumi Diary 2号店 (東京10社めぐりマップ)",
        "sourceUrl": "https://www.google.com/maps/d/viewer?mid=1EOjvzb1kdZoT-4NoJnzMx1_b6dR_UoM",
        "tags": [
          "東京10社",
          "的野美青",
          "山下瞳月",
          "神社"
        ],
        "images": [
          "https://pub-6d7574c4452b41519ab8adf1541d7f9e.r2.dev/seichi/tokyo10sha/3AAjQbR4PwLOiILlWoP6Dko1povuCJSFWjAWh2-N_3e941456.png"
        ],
        "members": [
          "的野美青",
          "山下瞳月"
        ],
        "source": {
          "provider": "fumi Diary 2号店 (東京10社めぐりマップ)",
          "url": "https://www.google.com/maps/d/viewer?mid=1EOjvzb1kdZoT-4NoJnzMx1_b6dR_UoM",
          "mapId": "",
          "layer": "東京10社めぐり",
          "tags": [
            "東京10社",
            "的野美青",
            "山下瞳月",
            "神社"
          ],
          "name": "飯倉片町交差点"
        },
        "classification": {
          "category": "東京10社めぐり",
          "subcategory": "的野美青・山下瞳月",
          "method": "legacy-import",
          "status": "unreviewed"
        },
        "classificationCandidates": {
          "members": [],
          "projects": [],
          "contentTypes": []
        }
      }
    },
    {
      "type": "Feature",
      "geometry": {
        "type": "Point",
        "coordinates": [
          139.7380824,
          35.6610134
        ]
      },
      "properties": {
        "id": "tokyo10-164",
        "name": "飯倉片町交差点",
        "category": "東京10社めぐり",
        "subcategory": "的野美青・山下瞳月",
        "categoryColor": "#f59e0b",
        "address": "",
        "sceneTitle": "飯倉片町交差点",
        "sceneNote": "13:30",
        "sourceLabel": "fumi Diary 2号店 (東京10社めぐりマップ)",
        "sourceUrl": "https://www.google.com/maps/d/viewer?mid=1EOjvzb1kdZoT-4NoJnzMx1_b6dR_UoM",
        "tags": [
          "東京10社",
          "的野美青",
          "山下瞳月",
          "神社"
        ],
        "images": [
          "https://pub-6d7574c4452b41519ab8adf1541d7f9e.r2.dev/seichi/tokyo10sha/3AAjQbR751QMC6dpC6oGm5kCcUjrIBHV58Coyfmq_2a872d30.png",
          "https://pub-6d7574c4452b41519ab8adf1541d7f9e.r2.dev/seichi/tokyo10sha/3AAjQbR66HOWqi3PdzD3VA67Ks79ICp1pvdO1x_v_084a4211.png"
        ],
        "members": [
          "的野美青",
          "山下瞳月"
        ],
        "source": {
          "provider": "fumi Diary 2号店 (東京10社めぐりマップ)",
          "url": "https://www.google.com/maps/d/viewer?mid=1EOjvzb1kdZoT-4NoJnzMx1_b6dR_UoM",
          "mapId": "",
          "layer": "東京10社めぐり",
          "tags": [
            "東京10社",
            "的野美青",
            "山下瞳月",
            "神社"
          ],
          "name": "飯倉片町交差点"
        },
        "classification": {
          "category": "東京10社めぐり",
          "subcategory": "的野美青・山下瞳月",
          "method": "legacy-import",
          "status": "unreviewed"
        },
        "classificationCandidates": {
          "members": [],
          "projects": [],
          "contentTypes": []
        }
      }
    },
    {
      "type": "Feature",
      "geometry": {
        "type": "Point",
        "coordinates": [
          139.743303,
          35.658463
        ]
      },
      "properties": {
        "id": "tokyo10-165",
        "name": "桜田通り",
        "category": "東京10社めぐり",
        "subcategory": "的野美青・山下瞳月",
        "categoryColor": "#f59e0b",
        "address": "",
        "sceneTitle": "桜田通り",
        "sceneNote": "ビルの間に東京タワーが見えます。",
        "sourceLabel": "fumi Diary 2号店 (東京10社めぐりマップ)",
        "sourceUrl": "https://www.google.com/maps/d/viewer?mid=1EOjvzb1kdZoT-4NoJnzMx1_b6dR_UoM",
        "tags": [
          "東京10社",
          "的野美青",
          "山下瞳月",
          "神社"
        ],
        "images": [
          "https://pub-6d7574c4452b41519ab8adf1541d7f9e.r2.dev/seichi/tokyo10sha/3AAjQbR7Z7pqNW6r-gjbiSPnd0ltv0Bi3RfFkaSX_e2cf862c.png"
        ],
        "members": [
          "的野美青",
          "山下瞳月"
        ],
        "source": {
          "provider": "fumi Diary 2号店 (東京10社めぐりマップ)",
          "url": "https://www.google.com/maps/d/viewer?mid=1EOjvzb1kdZoT-4NoJnzMx1_b6dR_UoM",
          "mapId": "",
          "layer": "東京10社めぐり",
          "tags": [
            "東京10社",
            "的野美青",
            "山下瞳月",
            "神社"
          ],
          "name": "桜田通り"
        },
        "classification": {
          "category": "東京10社めぐり",
          "subcategory": "的野美青・山下瞳月",
          "method": "legacy-import",
          "status": "unreviewed"
        },
        "classificationCandidates": {
          "members": [],
          "projects": [],
          "contentTypes": []
        }
      }
    },
    {
      "type": "Feature",
      "geometry": {
        "type": "Point",
        "coordinates": [
          139.744537724636,
          35.6563093863078
        ]
      },
      "properties": {
        "id": "tokyo10-166",
        "name": "東麻布一丁目交差点 / 桜田通り",
        "category": "東京10社めぐり",
        "subcategory": "的野美青・山下瞳月",
        "categoryColor": "#f59e0b",
        "address": "",
        "sceneTitle": "東麻布一丁目交差点 / 桜田通り",
        "sceneNote": "",
        "sourceLabel": "fumi Diary 2号店 (東京10社めぐりマップ)",
        "sourceUrl": "https://www.google.com/maps/d/viewer?mid=1EOjvzb1kdZoT-4NoJnzMx1_b6dR_UoM",
        "tags": [
          "東京10社",
          "的野美青",
          "山下瞳月",
          "神社"
        ],
        "images": [
          "https://pub-6d7574c4452b41519ab8adf1541d7f9e.r2.dev/seichi/tokyo10sha/3AAjQbR520K98LD7_6BoNihDwQDcGENL6XtlKJfK_8ab0dd32.png"
        ],
        "members": [
          "的野美青",
          "山下瞳月"
        ],
        "source": {
          "provider": "fumi Diary 2号店 (東京10社めぐりマップ)",
          "url": "https://www.google.com/maps/d/viewer?mid=1EOjvzb1kdZoT-4NoJnzMx1_b6dR_UoM",
          "mapId": "",
          "layer": "東京10社めぐり",
          "tags": [
            "東京10社",
            "的野美青",
            "山下瞳月",
            "神社"
          ],
          "name": "東麻布一丁目交差点 / 桜田通り"
        },
        "classification": {
          "category": "東京10社めぐり",
          "subcategory": "的野美青・山下瞳月",
          "method": "legacy-import",
          "status": "unreviewed"
        },
        "classificationCandidates": {
          "members": [],
          "projects": [],
          "contentTypes": []
        }
      }
    },
    {
      "type": "Feature",
      "geometry": {
        "type": "Point",
        "coordinates": [
          139.750102,
          35.655172
        ]
      },
      "properties": {
        "id": "tokyo10-167",
        "name": "芝公園12号地",
        "category": "東京10社めぐり",
        "subcategory": "的野美青・山下瞳月",
        "categoryColor": "#f59e0b",
        "address": "",
        "sceneTitle": "芝公園12号地",
        "sceneNote": "",
        "sourceLabel": "fumi Diary 2号店 (東京10社めぐりマップ)",
        "sourceUrl": "https://www.google.com/maps/d/viewer?mid=1EOjvzb1kdZoT-4NoJnzMx1_b6dR_UoM",
        "tags": [
          "東京10社",
          "的野美青",
          "山下瞳月",
          "神社"
        ],
        "images": [
          "https://pub-6d7574c4452b41519ab8adf1541d7f9e.r2.dev/seichi/tokyo10sha/3AAjQbR5gqSkiicevBo4AHEI7G3-KvtQ7ZPvPjOl_6adc23ec.png"
        ],
        "members": [
          "的野美青",
          "山下瞳月"
        ],
        "source": {
          "provider": "fumi Diary 2号店 (東京10社めぐりマップ)",
          "url": "https://www.google.com/maps/d/viewer?mid=1EOjvzb1kdZoT-4NoJnzMx1_b6dR_UoM",
          "mapId": "",
          "layer": "東京10社めぐり",
          "tags": [
            "東京10社",
            "的野美青",
            "山下瞳月",
            "神社"
          ],
          "name": "芝公園12号地"
        },
        "classification": {
          "category": "東京10社めぐり",
          "subcategory": "的野美青・山下瞳月",
          "method": "legacy-import",
          "status": "unreviewed"
        },
        "classificationCandidates": {
          "members": [],
          "projects": [],
          "contentTypes": []
        }
      }
    },
    {
      "type": "Feature",
      "geometry": {
        "type": "Point",
        "coordinates": [
          139.750595,
          35.657056
        ]
      },
      "properties": {
        "id": "tokyo10-168",
        "name": "芝公園10号地",
        "category": "東京10社めぐり",
        "subcategory": "的野美青・山下瞳月",
        "categoryColor": "#f59e0b",
        "address": "",
        "sceneTitle": "芝公園10号地",
        "sceneNote": "キャンペンーンカード配り再開",
        "sourceLabel": "fumi Diary 2号店 (東京10社めぐりマップ)",
        "sourceUrl": "https://www.google.com/maps/d/viewer?mid=1EOjvzb1kdZoT-4NoJnzMx1_b6dR_UoM",
        "tags": [
          "東京10社",
          "的野美青",
          "山下瞳月",
          "神社"
        ],
        "images": [
          "https://pub-6d7574c4452b41519ab8adf1541d7f9e.r2.dev/seichi/tokyo10sha/3AAjQbR5ajA253Tn95PFde-f7lMXUAl_lyGYQ8LT_e075092c.png"
        ],
        "members": [
          "的野美青",
          "山下瞳月"
        ],
        "source": {
          "provider": "fumi Diary 2号店 (東京10社めぐりマップ)",
          "url": "https://www.google.com/maps/d/viewer?mid=1EOjvzb1kdZoT-4NoJnzMx1_b6dR_UoM",
          "mapId": "",
          "layer": "東京10社めぐり",
          "tags": [
            "東京10社",
            "的野美青",
            "山下瞳月",
            "神社"
          ],
          "name": "芝公園10号地"
        },
        "classification": {
          "category": "東京10社めぐり",
          "subcategory": "的野美青・山下瞳月",
          "method": "legacy-import",
          "status": "unreviewed"
        },
        "classificationCandidates": {
          "members": [],
          "projects": [],
          "contentTypes": []
        }
      }
    },
    {
      "type": "Feature",
      "geometry": {
        "type": "Point",
        "coordinates": [
          139.7536201,
          35.6575993
        ]
      },
      "properties": {
        "id": "tokyo10-169",
        "name": "芝大神宮 表参道",
        "category": "東京10社めぐり",
        "subcategory": "的野美青・山下瞳月",
        "categoryColor": "#f59e0b",
        "address": "",
        "sceneTitle": "芝大神宮 表参道",
        "sceneNote": "",
        "sourceLabel": "fumi Diary 2号店 (東京10社めぐりマップ)",
        "sourceUrl": "https://www.google.com/maps/d/viewer?mid=1EOjvzb1kdZoT-4NoJnzMx1_b6dR_UoM",
        "tags": [
          "東京10社",
          "的野美青",
          "山下瞳月",
          "神社"
        ],
        "images": [
          "https://pub-6d7574c4452b41519ab8adf1541d7f9e.r2.dev/seichi/tokyo10sha/3AAjQbR7I9-2HdZTfUPUOywjoGZ8KcKn9VGi7yzw_477003bf.png",
          "https://pub-6d7574c4452b41519ab8adf1541d7f9e.r2.dev/seichi/tokyo10sha/3AAjQbR6MXDvDIxcNuaJgZj_dDFsUpi1OW1yRqyK_eefb5bf1.png",
          "https://pub-6d7574c4452b41519ab8adf1541d7f9e.r2.dev/seichi/tokyo10sha/3AAjQbR6KhPnfadVBOUnpA6B7AgtAFrpaiZElRiX_1831d754.png"
        ],
        "members": [
          "的野美青",
          "山下瞳月"
        ],
        "source": {
          "provider": "fumi Diary 2号店 (東京10社めぐりマップ)",
          "url": "https://www.google.com/maps/d/viewer?mid=1EOjvzb1kdZoT-4NoJnzMx1_b6dR_UoM",
          "mapId": "",
          "layer": "東京10社めぐり",
          "tags": [
            "東京10社",
            "的野美青",
            "山下瞳月",
            "神社"
          ],
          "name": "芝大神宮 表参道"
        },
        "classification": {
          "category": "東京10社めぐり",
          "subcategory": "的野美青・山下瞳月",
          "method": "legacy-import",
          "status": "unreviewed"
        },
        "classificationCandidates": {
          "members": [],
          "projects": [],
          "contentTypes": []
        }
      }
    },
    {
      "type": "Feature",
      "geometry": {
        "type": "Point",
        "coordinates": [
          139.7531263,
          35.6576205
        ]
      },
      "properties": {
        "id": "tokyo10-170",
        "name": "芝大神宮 本殿",
        "category": "東京10社めぐり",
        "subcategory": "的野美青・山下瞳月",
        "categoryColor": "#f59e0b",
        "address": "",
        "sceneTitle": "芝大神宮 本殿",
        "sceneNote": "",
        "sourceLabel": "fumi Diary 2号店 (東京10社めぐりマップ)",
        "sourceUrl": "https://www.google.com/maps/d/viewer?mid=1EOjvzb1kdZoT-4NoJnzMx1_b6dR_UoM",
        "tags": [
          "東京10社",
          "的野美青",
          "山下瞳月",
          "神社"
        ],
        "images": [
          "https://pub-6d7574c4452b41519ab8adf1541d7f9e.r2.dev/seichi/tokyo10sha/3AAjQbR5GAlFrHOuKlW3srqWcs-qIo7dW5qtqC90_3bacd606.png",
          "https://pub-6d7574c4452b41519ab8adf1541d7f9e.r2.dev/seichi/tokyo10sha/3AAjQbR4qAQdAnJ93rziGdX-bDVBTlxl9Rol2UuC_16aa5802.png"
        ],
        "members": [
          "的野美青",
          "山下瞳月"
        ],
        "source": {
          "provider": "fumi Diary 2号店 (東京10社めぐりマップ)",
          "url": "https://www.google.com/maps/d/viewer?mid=1EOjvzb1kdZoT-4NoJnzMx1_b6dR_UoM",
          "mapId": "",
          "layer": "東京10社めぐり",
          "tags": [
            "東京10社",
            "的野美青",
            "山下瞳月",
            "神社"
          ],
          "name": "芝大神宮 本殿"
        },
        "classification": {
          "category": "東京10社めぐり",
          "subcategory": "的野美青・山下瞳月",
          "method": "legacy-import",
          "status": "unreviewed"
        },
        "classificationCandidates": {
          "members": [],
          "projects": [],
          "contentTypes": []
        }
      }
    },
    {
      "type": "Feature",
      "geometry": {
        "type": "Point",
        "coordinates": [
          139.7531732,
          35.657675
        ]
      },
      "properties": {
        "id": "tokyo10-171",
        "name": "芝大神宮 授与所",
        "category": "東京10社めぐり",
        "subcategory": "的野美青・山下瞳月",
        "categoryColor": "#f59e0b",
        "address": "",
        "sceneTitle": "芝大神宮 授与所",
        "sceneNote": "",
        "sourceLabel": "fumi Diary 2号店 (東京10社めぐりマップ)",
        "sourceUrl": "https://www.google.com/maps/d/viewer?mid=1EOjvzb1kdZoT-4NoJnzMx1_b6dR_UoM",
        "tags": [
          "東京10社",
          "的野美青",
          "山下瞳月",
          "神社"
        ],
        "images": [],
        "members": [
          "的野美青",
          "山下瞳月"
        ],
        "source": {
          "provider": "fumi Diary 2号店 (東京10社めぐりマップ)",
          "url": "https://www.google.com/maps/d/viewer?mid=1EOjvzb1kdZoT-4NoJnzMx1_b6dR_UoM",
          "mapId": "",
          "layer": "東京10社めぐり",
          "tags": [
            "東京10社",
            "的野美青",
            "山下瞳月",
            "神社"
          ],
          "name": "芝大神宮 授与所"
        },
        "classification": {
          "category": "東京10社めぐり",
          "subcategory": "的野美青・山下瞳月",
          "method": "legacy-import",
          "status": "unreviewed"
        },
        "classificationCandidates": {
          "members": [],
          "projects": [],
          "contentTypes": []
        }
      }
    },
    {
      "type": "Feature",
      "geometry": {
        "type": "Point",
        "coordinates": [
          139.7531638,
          35.6574898
        ]
      },
      "properties": {
        "id": "tokyo10-172",
        "name": "芝大神宮",
        "category": "東京10社めぐり",
        "subcategory": "的野美青・山下瞳月",
        "categoryColor": "#f59e0b",
        "address": "",
        "sceneTitle": "芝大神宮",
        "sceneNote": "九社目クリア (精確の場所は確定しません)",
        "sourceLabel": "fumi Diary 2号店 (東京10社めぐりマップ)",
        "sourceUrl": "https://www.google.com/maps/d/viewer?mid=1EOjvzb1kdZoT-4NoJnzMx1_b6dR_UoM",
        "tags": [
          "東京10社",
          "的野美青",
          "山下瞳月",
          "神社"
        ],
        "images": [
          "https://pub-6d7574c4452b41519ab8adf1541d7f9e.r2.dev/seichi/tokyo10sha/3AAjQbR4ez2v5H9LoOTEuyXbf1RBRWDAjqtpcBtF_25620ae1.png",
          "https://pub-6d7574c4452b41519ab8adf1541d7f9e.r2.dev/seichi/tokyo10sha/3AAjQbR4DFEbvFezYS4bCDiVkDmyYTTqfjK59ZxT_e031f305.png",
          "https://pub-6d7574c4452b41519ab8adf1541d7f9e.r2.dev/seichi/tokyo10sha/3AAjQbR6zx3lqnMu2yCBZ9bMmFvKYOv_HcOM-lDf_16300e57.png",
          "https://pub-6d7574c4452b41519ab8adf1541d7f9e.r2.dev/seichi/tokyo10sha/3AAjQbR4wFR7jZSzRmhHxksCJ1bu0HktLQTZ2NaQ_a024d92f.png",
          "https://pub-6d7574c4452b41519ab8adf1541d7f9e.r2.dev/seichi/tokyo10sha/3AAjQbR6o-n531QBJbP5vlp4pQjGzlr7Dog4QTkj_f62207d8.png",
          "https://pub-6d7574c4452b41519ab8adf1541d7f9e.r2.dev/seichi/tokyo10sha/3AAjQbR7KCbxsR9r3IgeFhufMccZvgeJIWLQBP2d_e51b6dbe.png"
        ],
        "members": [
          "的野美青",
          "山下瞳月"
        ],
        "source": {
          "provider": "fumi Diary 2号店 (東京10社めぐりマップ)",
          "url": "https://www.google.com/maps/d/viewer?mid=1EOjvzb1kdZoT-4NoJnzMx1_b6dR_UoM",
          "mapId": "",
          "layer": "東京10社めぐり",
          "tags": [
            "東京10社",
            "的野美青",
            "山下瞳月",
            "神社"
          ],
          "name": "芝大神宮"
        },
        "classification": {
          "category": "東京10社めぐり",
          "subcategory": "的野美青・山下瞳月",
          "method": "legacy-import",
          "status": "unreviewed"
        },
        "classificationCandidates": {
          "members": [],
          "projects": [],
          "contentTypes": []
        }
      }
    },
    {
      "type": "Feature",
      "geometry": {
        "type": "Point",
        "coordinates": [
          139.752549,
          35.65308
        ]
      },
      "properties": {
        "id": "tokyo10-173",
        "name": "芝商店会 芝辛・激辛ストリート",
        "category": "東京10社めぐり",
        "subcategory": "的野美青・山下瞳月",
        "categoryColor": "#f59e0b",
        "address": "",
        "sceneTitle": "芝商店会 芝辛・激辛ストリート",
        "sceneNote": "",
        "sourceLabel": "fumi Diary 2号店 (東京10社めぐりマップ)",
        "sourceUrl": "https://www.google.com/maps/d/viewer?mid=1EOjvzb1kdZoT-4NoJnzMx1_b6dR_UoM",
        "tags": [
          "東京10社",
          "的野美青",
          "山下瞳月",
          "神社"
        ],
        "images": [
          "https://pub-6d7574c4452b41519ab8adf1541d7f9e.r2.dev/seichi/tokyo10sha/3AAjQbR4sss_LsGqBvS4ErG8Mx5DXfylwExKwBax_d8756de6.png"
        ],
        "members": [
          "的野美青",
          "山下瞳月"
        ],
        "source": {
          "provider": "fumi Diary 2号店 (東京10社めぐりマップ)",
          "url": "https://www.google.com/maps/d/viewer?mid=1EOjvzb1kdZoT-4NoJnzMx1_b6dR_UoM",
          "mapId": "",
          "layer": "東京10社めぐり",
          "tags": [
            "東京10社",
            "的野美青",
            "山下瞳月",
            "神社"
          ],
          "name": "芝商店会 芝辛・激辛ストリート"
        },
        "classification": {
          "category": "東京10社めぐり",
          "subcategory": "的野美青・山下瞳月",
          "method": "legacy-import",
          "status": "unreviewed"
        },
        "classificationCandidates": {
          "members": [],
          "projects": [],
          "contentTypes": []
        }
      }
    },
    {
      "type": "Feature",
      "geometry": {
        "type": "Point",
        "coordinates": [
          139.752503,
          35.6527679
        ]
      },
      "properties": {
        "id": "tokyo10-174",
        "name": "ペナン レストラン / 芝商店会 芝辛・激辛ストリート",
        "category": "東京10社めぐり",
        "subcategory": "的野美青・山下瞳月",
        "categoryColor": "#f59e0b",
        "address": "",
        "sceneTitle": "ペナン レストラン / 芝商店会 芝辛・激辛ストリート",
        "sceneNote": "",
        "sourceLabel": "fumi Diary 2号店 (東京10社めぐりマップ)",
        "sourceUrl": "https://www.google.com/maps/d/viewer?mid=1EOjvzb1kdZoT-4NoJnzMx1_b6dR_UoM",
        "tags": [
          "東京10社",
          "的野美青",
          "山下瞳月",
          "神社"
        ],
        "images": [
          "https://pub-6d7574c4452b41519ab8adf1541d7f9e.r2.dev/seichi/tokyo10sha/3AAjQbR5fg4ZhIb2pQm8Y21jue6RvbpNHbEhnfkn_9a25ee2d.png"
        ],
        "members": [
          "的野美青",
          "山下瞳月"
        ],
        "source": {
          "provider": "fumi Diary 2号店 (東京10社めぐりマップ)",
          "url": "https://www.google.com/maps/d/viewer?mid=1EOjvzb1kdZoT-4NoJnzMx1_b6dR_UoM",
          "mapId": "",
          "layer": "東京10社めぐり",
          "tags": [
            "東京10社",
            "的野美青",
            "山下瞳月",
            "神社"
          ],
          "name": "ペナン レストラン / 芝商店会 芝辛・激辛ストリート"
        },
        "classification": {
          "category": "東京10社めぐり",
          "subcategory": "的野美青・山下瞳月",
          "method": "legacy-import",
          "status": "unreviewed"
        },
        "classificationCandidates": {
          "members": [],
          "projects": [],
          "contentTypes": []
        }
      }
    },
    {
      "type": "Feature",
      "geometry": {
        "type": "Point",
        "coordinates": [
          139.752481,
          35.652537
        ]
      },
      "properties": {
        "id": "tokyo10-175",
        "name": "芝商店会 芝辛・激辛ストリート",
        "category": "東京10社めぐり",
        "subcategory": "的野美青・山下瞳月",
        "categoryColor": "#f59e0b",
        "address": "",
        "sceneTitle": "芝商店会 芝辛・激辛ストリート",
        "sceneNote": "森田ひかるを発見しました。",
        "sourceLabel": "fumi Diary 2号店 (東京10社めぐりマップ)",
        "sourceUrl": "https://www.google.com/maps/d/viewer?mid=1EOjvzb1kdZoT-4NoJnzMx1_b6dR_UoM",
        "tags": [
          "東京10社",
          "的野美青",
          "山下瞳月",
          "神社"
        ],
        "images": [
          "https://pub-6d7574c4452b41519ab8adf1541d7f9e.r2.dev/seichi/tokyo10sha/3AAjQbR5rBLitM27buUEAWoz8Nr0ppK3sVI224g4_1d7e5800.png"
        ],
        "members": [
          "的野美青",
          "山下瞳月"
        ],
        "source": {
          "provider": "fumi Diary 2号店 (東京10社めぐりマップ)",
          "url": "https://www.google.com/maps/d/viewer?mid=1EOjvzb1kdZoT-4NoJnzMx1_b6dR_UoM",
          "mapId": "",
          "layer": "東京10社めぐり",
          "tags": [
            "東京10社",
            "的野美青",
            "山下瞳月",
            "神社"
          ],
          "name": "芝商店会 芝辛・激辛ストリート"
        },
        "classification": {
          "category": "東京10社めぐり",
          "subcategory": "的野美青・山下瞳月",
          "method": "legacy-import",
          "status": "unreviewed"
        },
        "classificationCandidates": {
          "members": [],
          "projects": [],
          "contentTypes": []
        }
      }
    },
    {
      "type": "Feature",
      "geometry": {
        "type": "Point",
        "coordinates": [
          139.7524793,
          35.6521014
        ]
      },
      "properties": {
        "id": "tokyo10-176",
        "name": "芝商店会 芝辛・激辛ストリート",
        "category": "東京10社めぐり",
        "subcategory": "的野美青・山下瞳月",
        "categoryColor": "#f59e0b",
        "address": "",
        "sceneTitle": "芝商店会 芝辛・激辛ストリート",
        "sceneNote": "",
        "sourceLabel": "fumi Diary 2号店 (東京10社めぐりマップ)",
        "sourceUrl": "https://www.google.com/maps/d/viewer?mid=1EOjvzb1kdZoT-4NoJnzMx1_b6dR_UoM",
        "tags": [
          "東京10社",
          "的野美青",
          "山下瞳月",
          "神社"
        ],
        "images": [
          "https://pub-6d7574c4452b41519ab8adf1541d7f9e.r2.dev/seichi/tokyo10sha/3AAjQbR7O2CLtwzONgSdzs5G4vLZY7w_inAbSCbp_c47b2cb3.png"
        ],
        "members": [
          "的野美青",
          "山下瞳月"
        ],
        "source": {
          "provider": "fumi Diary 2号店 (東京10社めぐりマップ)",
          "url": "https://www.google.com/maps/d/viewer?mid=1EOjvzb1kdZoT-4NoJnzMx1_b6dR_UoM",
          "mapId": "",
          "layer": "東京10社めぐり",
          "tags": [
            "東京10社",
            "的野美青",
            "山下瞳月",
            "神社"
          ],
          "name": "芝商店会 芝辛・激辛ストリート"
        },
        "classification": {
          "category": "東京10社めぐり",
          "subcategory": "的野美青・山下瞳月",
          "method": "legacy-import",
          "status": "unreviewed"
        },
        "classificationCandidates": {
          "members": [],
          "projects": [],
          "contentTypes": []
        }
      }
    },
    {
      "type": "Feature",
      "geometry": {
        "type": "Point",
        "coordinates": [
          139.75225937313,
          35.6499612038773
        ]
      },
      "properties": {
        "id": "tokyo10-177",
        "name": "中国料理 生駒軒 / 芝商店会 芝辛・激辛ストリート",
        "category": "東京10社めぐり",
        "subcategory": "的野美青・山下瞳月",
        "categoryColor": "#f59e0b",
        "address": "",
        "sceneTitle": "中国料理 生駒軒 / 芝商店会 芝辛・激辛ストリート",
        "sceneNote": "",
        "sourceLabel": "fumi Diary 2号店 (東京10社めぐりマップ)",
        "sourceUrl": "https://www.google.com/maps/d/viewer?mid=1EOjvzb1kdZoT-4NoJnzMx1_b6dR_UoM",
        "tags": [
          "東京10社",
          "的野美青",
          "山下瞳月",
          "神社"
        ],
        "images": [
          "https://pub-6d7574c4452b41519ab8adf1541d7f9e.r2.dev/seichi/tokyo10sha/3AAjQbR65hlDFD-7o8yzW6uTmMkluaUL5Pc2nLmf_cbc2f776.png"
        ],
        "members": [
          "的野美青",
          "山下瞳月"
        ],
        "source": {
          "provider": "fumi Diary 2号店 (東京10社めぐりマップ)",
          "url": "https://www.google.com/maps/d/viewer?mid=1EOjvzb1kdZoT-4NoJnzMx1_b6dR_UoM",
          "mapId": "",
          "layer": "東京10社めぐり",
          "tags": [
            "東京10社",
            "的野美青",
            "山下瞳月",
            "神社"
          ],
          "name": "中国料理 生駒軒 / 芝商店会 芝辛・激辛ストリート"
        },
        "classification": {
          "category": "東京10社めぐり",
          "subcategory": "的野美青・山下瞳月",
          "method": "legacy-import",
          "status": "unreviewed"
        },
        "classificationCandidates": {
          "members": [],
          "projects": [],
          "contentTypes": []
        }
      }
    },
    {
      "type": "Feature",
      "geometry": {
        "type": "Point",
        "coordinates": [
          139.7525859,
          35.6490054
        ]
      },
      "properties": {
        "id": "tokyo10-178",
        "name": "第一京浜国道",
        "category": "東京10社めぐり",
        "subcategory": "的野美青・山下瞳月",
        "categoryColor": "#f59e0b",
        "address": "",
        "sceneTitle": "第一京浜国道",
        "sceneNote": "",
        "sourceLabel": "fumi Diary 2号店 (東京10社めぐりマップ)",
        "sourceUrl": "https://www.google.com/maps/d/viewer?mid=1EOjvzb1kdZoT-4NoJnzMx1_b6dR_UoM",
        "tags": [
          "東京10社",
          "的野美青",
          "山下瞳月",
          "神社"
        ],
        "images": [
          "https://pub-6d7574c4452b41519ab8adf1541d7f9e.r2.dev/seichi/tokyo10sha/3AAjQbR6BCxO5wVBI3cuhSRUzEKTL9BHkCdjm2K4_8d47ac4a.png"
        ],
        "members": [
          "的野美青",
          "山下瞳月"
        ],
        "source": {
          "provider": "fumi Diary 2号店 (東京10社めぐりマップ)",
          "url": "https://www.google.com/maps/d/viewer?mid=1EOjvzb1kdZoT-4NoJnzMx1_b6dR_UoM",
          "mapId": "",
          "layer": "東京10社めぐり",
          "tags": [
            "東京10社",
            "的野美青",
            "山下瞳月",
            "神社"
          ],
          "name": "第一京浜国道"
        },
        "classification": {
          "category": "東京10社めぐり",
          "subcategory": "的野美青・山下瞳月",
          "method": "legacy-import",
          "status": "unreviewed"
        },
        "classificationCandidates": {
          "members": [],
          "projects": [],
          "contentTypes": []
        }
      }
    },
    {
      "type": "Feature",
      "geometry": {
        "type": "Point",
        "coordinates": [
          139.750307,
          35.648079
        ]
      },
      "properties": {
        "id": "tokyo10-179",
        "name": "第一京浜国道",
        "category": "東京10社めぐり",
        "subcategory": "的野美青・山下瞳月",
        "categoryColor": "#f59e0b",
        "address": "",
        "sceneTitle": "第一京浜国道",
        "sceneNote": "",
        "sourceLabel": "fumi Diary 2号店 (東京10社めぐりマップ)",
        "sourceUrl": "https://www.google.com/maps/d/viewer?mid=1EOjvzb1kdZoT-4NoJnzMx1_b6dR_UoM",
        "tags": [
          "東京10社",
          "的野美青",
          "山下瞳月",
          "神社"
        ],
        "images": [
          "https://pub-6d7574c4452b41519ab8adf1541d7f9e.r2.dev/seichi/tokyo10sha/3AAjQbR79FgMryrmOVC2AlaMTeA2Q3qE1iwkUdbw_2e84cd5f.png",
          "https://pub-6d7574c4452b41519ab8adf1541d7f9e.r2.dev/seichi/tokyo10sha/3AAjQbR4AoFdXzsZqdYdMTOo3rC26o-0i0PXxpHy_4c337db7.png"
        ],
        "members": [
          "的野美青",
          "山下瞳月"
        ],
        "source": {
          "provider": "fumi Diary 2号店 (東京10社めぐりマップ)",
          "url": "https://www.google.com/maps/d/viewer?mid=1EOjvzb1kdZoT-4NoJnzMx1_b6dR_UoM",
          "mapId": "",
          "layer": "東京10社めぐり",
          "tags": [
            "東京10社",
            "的野美青",
            "山下瞳月",
            "神社"
          ],
          "name": "第一京浜国道"
        },
        "classification": {
          "category": "東京10社めぐり",
          "subcategory": "的野美青・山下瞳月",
          "method": "legacy-import",
          "status": "unreviewed"
        },
        "classificationCandidates": {
          "members": [],
          "projects": [],
          "contentTypes": []
        }
      }
    },
    {
      "type": "Feature",
      "geometry": {
        "type": "Point",
        "coordinates": [
          139.748818,
          35.647435
        ]
      },
      "properties": {
        "id": "tokyo10-180",
        "name": "芝五丁目交差点 / 第一京浜国道",
        "category": "東京10社めぐり",
        "subcategory": "的野美青・山下瞳月",
        "categoryColor": "#f59e0b",
        "address": "",
        "sceneTitle": "芝五丁目交差点 / 第一京浜国道",
        "sceneNote": "",
        "sourceLabel": "fumi Diary 2号店 (東京10社めぐりマップ)",
        "sourceUrl": "https://www.google.com/maps/d/viewer?mid=1EOjvzb1kdZoT-4NoJnzMx1_b6dR_UoM",
        "tags": [
          "東京10社",
          "的野美青",
          "山下瞳月",
          "神社"
        ],
        "images": [
          "https://pub-6d7574c4452b41519ab8adf1541d7f9e.r2.dev/seichi/tokyo10sha/3AAjQbR4_ARXLqeSITaa4z-hwZLAIxHAt3MXiTKo_459c42f1.png"
        ],
        "members": [
          "的野美青",
          "山下瞳月"
        ],
        "source": {
          "provider": "fumi Diary 2号店 (東京10社めぐりマップ)",
          "url": "https://www.google.com/maps/d/viewer?mid=1EOjvzb1kdZoT-4NoJnzMx1_b6dR_UoM",
          "mapId": "",
          "layer": "東京10社めぐり",
          "tags": [
            "東京10社",
            "的野美青",
            "山下瞳月",
            "神社"
          ],
          "name": "芝五丁目交差点 / 第一京浜国道"
        },
        "classification": {
          "category": "東京10社めぐり",
          "subcategory": "的野美青・山下瞳月",
          "method": "legacy-import",
          "status": "unreviewed"
        },
        "classificationCandidates": {
          "members": [],
          "projects": [],
          "contentTypes": []
        }
      }
    },
    {
      "type": "Feature",
      "geometry": {
        "type": "Point",
        "coordinates": [
          139.748438589573,
          35.6472530152629
        ]
      },
      "properties": {
        "id": "tokyo10-181",
        "name": "第一京浜国道",
        "category": "東京10社めぐり",
        "subcategory": "的野美青・山下瞳月",
        "categoryColor": "#f59e0b",
        "address": "",
        "sceneTitle": "第一京浜国道",
        "sceneNote": "",
        "sourceLabel": "fumi Diary 2号店 (東京10社めぐりマップ)",
        "sourceUrl": "https://www.google.com/maps/d/viewer?mid=1EOjvzb1kdZoT-4NoJnzMx1_b6dR_UoM",
        "tags": [
          "東京10社",
          "的野美青",
          "山下瞳月",
          "神社"
        ],
        "images": [
          "https://pub-6d7574c4452b41519ab8adf1541d7f9e.r2.dev/seichi/tokyo10sha/3AAjQbR4T9ItXDOqa9Fa3U6wNsD5MT_dOIqw8I-u_db2d6974.png",
          "https://pub-6d7574c4452b41519ab8adf1541d7f9e.r2.dev/seichi/tokyo10sha/3AAjQbR7ribr7SU8tGZsZYFiwd4A3t8k31O_43lo_ca6bb68a.png",
          "https://pub-6d7574c4452b41519ab8adf1541d7f9e.r2.dev/seichi/tokyo10sha/3AAjQbR56BYLPyUdsqYbUuKtpPe_L2wesMio2Avk_588050d4.png"
        ],
        "members": [
          "的野美青",
          "山下瞳月"
        ],
        "source": {
          "provider": "fumi Diary 2号店 (東京10社めぐりマップ)",
          "url": "https://www.google.com/maps/d/viewer?mid=1EOjvzb1kdZoT-4NoJnzMx1_b6dR_UoM",
          "mapId": "",
          "layer": "東京10社めぐり",
          "tags": [
            "東京10社",
            "的野美青",
            "山下瞳月",
            "神社"
          ],
          "name": "第一京浜国道"
        },
        "classification": {
          "category": "東京10社めぐり",
          "subcategory": "的野美青・山下瞳月",
          "method": "legacy-import",
          "status": "unreviewed"
        },
        "classificationCandidates": {
          "members": [],
          "projects": [],
          "contentTypes": []
        }
      }
    },
    {
      "type": "Feature",
      "geometry": {
        "type": "Point",
        "coordinates": [
          139.746156,
          35.646189
        ]
      },
      "properties": {
        "id": "tokyo10-182",
        "name": "第一京浜国道",
        "category": "東京10社めぐり",
        "subcategory": "的野美青・山下瞳月",
        "categoryColor": "#f59e0b",
        "address": "",
        "sceneTitle": "第一京浜国道",
        "sceneNote": "",
        "sourceLabel": "fumi Diary 2号店 (東京10社めぐりマップ)",
        "sourceUrl": "https://www.google.com/maps/d/viewer?mid=1EOjvzb1kdZoT-4NoJnzMx1_b6dR_UoM",
        "tags": [
          "東京10社",
          "的野美青",
          "山下瞳月",
          "神社"
        ],
        "images": [
          "https://pub-6d7574c4452b41519ab8adf1541d7f9e.r2.dev/seichi/tokyo10sha/3AAjQbR5Yqj2Dz-XX9nvbF-kPTSKXEyb6GIQRrCK_c0e09ea7.png",
          "https://pub-6d7574c4452b41519ab8adf1541d7f9e.r2.dev/seichi/tokyo10sha/3AAjQbR7KOhyDAY3QLEWjSCNKq0ecTHc4seC_Olp_777b6182.png"
        ],
        "members": [
          "的野美青",
          "山下瞳月"
        ],
        "source": {
          "provider": "fumi Diary 2号店 (東京10社めぐりマップ)",
          "url": "https://www.google.com/maps/d/viewer?mid=1EOjvzb1kdZoT-4NoJnzMx1_b6dR_UoM",
          "mapId": "",
          "layer": "東京10社めぐり",
          "tags": [
            "東京10社",
            "的野美青",
            "山下瞳月",
            "神社"
          ],
          "name": "第一京浜国道"
        },
        "classification": {
          "category": "東京10社めぐり",
          "subcategory": "的野美青・山下瞳月",
          "method": "legacy-import",
          "status": "unreviewed"
        },
        "classificationCandidates": {
          "members": [],
          "projects": [],
          "contentTypes": []
        }
      }
    },
    {
      "type": "Feature",
      "geometry": {
        "type": "Point",
        "coordinates": [
          139.7454743,
          35.6457878
        ]
      },
      "properties": {
        "id": "tokyo10-183",
        "name": "第一京浜国道",
        "category": "東京10社めぐり",
        "subcategory": "的野美青・山下瞳月",
        "categoryColor": "#f59e0b",
        "address": "",
        "sceneTitle": "第一京浜国道",
        "sceneNote": "",
        "sourceLabel": "fumi Diary 2号店 (東京10社めぐりマップ)",
        "sourceUrl": "https://www.google.com/maps/d/viewer?mid=1EOjvzb1kdZoT-4NoJnzMx1_b6dR_UoM",
        "tags": [
          "東京10社",
          "的野美青",
          "山下瞳月",
          "神社"
        ],
        "images": [
          "https://pub-6d7574c4452b41519ab8adf1541d7f9e.r2.dev/seichi/tokyo10sha/3AAjQbR7a2Kzxpks-45TIL2epsFqIarNMwr-xtAO_dce71a1c.png"
        ],
        "members": [
          "的野美青",
          "山下瞳月"
        ],
        "source": {
          "provider": "fumi Diary 2号店 (東京10社めぐりマップ)",
          "url": "https://www.google.com/maps/d/viewer?mid=1EOjvzb1kdZoT-4NoJnzMx1_b6dR_UoM",
          "mapId": "",
          "layer": "東京10社めぐり",
          "tags": [
            "東京10社",
            "的野美青",
            "山下瞳月",
            "神社"
          ],
          "name": "第一京浜国道"
        },
        "classification": {
          "category": "東京10社めぐり",
          "subcategory": "的野美青・山下瞳月",
          "method": "legacy-import",
          "status": "unreviewed"
        },
        "classificationCandidates": {
          "members": [],
          "projects": [],
          "contentTypes": []
        }
      }
    },
    {
      "type": "Feature",
      "geometry": {
        "type": "Point",
        "coordinates": [
          139.737571719816,
          35.6324691240651
        ]
      },
      "properties": {
        "id": "tokyo10-184",
        "name": "第一京浜国道",
        "category": "東京10社めぐり",
        "subcategory": "的野美青・山下瞳月",
        "categoryColor": "#f59e0b",
        "address": "",
        "sceneTitle": "第一京浜国道",
        "sceneNote": "",
        "sourceLabel": "fumi Diary 2号店 (東京10社めぐりマップ)",
        "sourceUrl": "https://www.google.com/maps/d/viewer?mid=1EOjvzb1kdZoT-4NoJnzMx1_b6dR_UoM",
        "tags": [
          "東京10社",
          "的野美青",
          "山下瞳月",
          "神社"
        ],
        "images": [
          "https://pub-6d7574c4452b41519ab8adf1541d7f9e.r2.dev/seichi/tokyo10sha/3AAjQbR5deMJWrclgtQJ5tXmqmzGmt8NVuqACuDm_86a876fc.png"
        ],
        "members": [
          "的野美青",
          "山下瞳月"
        ],
        "source": {
          "provider": "fumi Diary 2号店 (東京10社めぐりマップ)",
          "url": "https://www.google.com/maps/d/viewer?mid=1EOjvzb1kdZoT-4NoJnzMx1_b6dR_UoM",
          "mapId": "",
          "layer": "東京10社めぐり",
          "tags": [
            "東京10社",
            "的野美青",
            "山下瞳月",
            "神社"
          ],
          "name": "第一京浜国道"
        },
        "classification": {
          "category": "東京10社めぐり",
          "subcategory": "的野美青・山下瞳月",
          "method": "legacy-import",
          "status": "unreviewed"
        },
        "classificationCandidates": {
          "members": [],
          "projects": [],
          "contentTypes": []
        }
      }
    },
    {
      "type": "Feature",
      "geometry": {
        "type": "Point",
        "coordinates": [
          139.737683826082,
          35.6287714799796
        ]
      },
      "properties": {
        "id": "tokyo10-185",
        "name": "品川駅",
        "category": "東京10社めぐり",
        "subcategory": "的野美青・山下瞳月",
        "categoryColor": "#f59e0b",
        "address": "",
        "sceneTitle": "品川駅",
        "sceneNote": "",
        "sourceLabel": "fumi Diary 2号店 (東京10社めぐりマップ)",
        "sourceUrl": "https://www.google.com/maps/d/viewer?mid=1EOjvzb1kdZoT-4NoJnzMx1_b6dR_UoM",
        "tags": [
          "東京10社",
          "的野美青",
          "山下瞳月",
          "神社"
        ],
        "images": [
          "https://pub-6d7574c4452b41519ab8adf1541d7f9e.r2.dev/seichi/tokyo10sha/3AAjQbR6twMHLPyDHXtp7UI-th_IIour4KnWGEBK_4053cc88.png",
          "https://pub-6d7574c4452b41519ab8adf1541d7f9e.r2.dev/seichi/tokyo10sha/3AAjQbR4zfUDerZpXr7uTtntHA6gr2J4QHWr0Qbq_d5d6f247.png"
        ],
        "members": [
          "的野美青",
          "山下瞳月"
        ],
        "source": {
          "provider": "fumi Diary 2号店 (東京10社めぐりマップ)",
          "url": "https://www.google.com/maps/d/viewer?mid=1EOjvzb1kdZoT-4NoJnzMx1_b6dR_UoM",
          "mapId": "",
          "layer": "東京10社めぐり",
          "tags": [
            "東京10社",
            "的野美青",
            "山下瞳月",
            "神社"
          ],
          "name": "品川駅"
        },
        "classification": {
          "category": "東京10社めぐり",
          "subcategory": "的野美青・山下瞳月",
          "method": "legacy-import",
          "status": "unreviewed"
        },
        "classificationCandidates": {
          "members": [],
          "projects": [],
          "contentTypes": []
        }
      }
    },
    {
      "type": "Feature",
      "geometry": {
        "type": "Point",
        "coordinates": [
          139.7379232,
          35.626643
        ]
      },
      "properties": {
        "id": "tokyo10-186",
        "name": "第一京浜国道",
        "category": "東京10社めぐり",
        "subcategory": "的野美青・山下瞳月",
        "categoryColor": "#f59e0b",
        "address": "",
        "sceneTitle": "第一京浜国道",
        "sceneNote": "雨が降ってきました。",
        "sourceLabel": "fumi Diary 2号店 (東京10社めぐりマップ)",
        "sourceUrl": "https://www.google.com/maps/d/viewer?mid=1EOjvzb1kdZoT-4NoJnzMx1_b6dR_UoM",
        "tags": [
          "東京10社",
          "的野美青",
          "山下瞳月",
          "神社"
        ],
        "images": [
          "https://pub-6d7574c4452b41519ab8adf1541d7f9e.r2.dev/seichi/tokyo10sha/3AAjQbR6FBbY3FUCv2Ow8fv1W3nUusK47818ADiS_ac36c143.png"
        ],
        "members": [
          "的野美青",
          "山下瞳月"
        ],
        "source": {
          "provider": "fumi Diary 2号店 (東京10社めぐりマップ)",
          "url": "https://www.google.com/maps/d/viewer?mid=1EOjvzb1kdZoT-4NoJnzMx1_b6dR_UoM",
          "mapId": "",
          "layer": "東京10社めぐり",
          "tags": [
            "東京10社",
            "的野美青",
            "山下瞳月",
            "神社"
          ],
          "name": "第一京浜国道"
        },
        "classification": {
          "category": "東京10社めぐり",
          "subcategory": "的野美青・山下瞳月",
          "method": "legacy-import",
          "status": "unreviewed"
        },
        "classificationCandidates": {
          "members": [],
          "projects": [],
          "contentTypes": []
        }
      }
    },
    {
      "type": "Feature",
      "geometry": {
        "type": "Point",
        "coordinates": [
          139.738302493066,
          35.6254307240324
        ]
      },
      "properties": {
        "id": "tokyo10-187",
        "name": "第一京浜国道",
        "category": "東京10社めぐり",
        "subcategory": "的野美青・山下瞳月",
        "categoryColor": "#f59e0b",
        "address": "",
        "sceneTitle": "第一京浜国道",
        "sceneNote": "",
        "sourceLabel": "fumi Diary 2号店 (東京10社めぐりマップ)",
        "sourceUrl": "https://www.google.com/maps/d/viewer?mid=1EOjvzb1kdZoT-4NoJnzMx1_b6dR_UoM",
        "tags": [
          "東京10社",
          "的野美青",
          "山下瞳月",
          "神社"
        ],
        "images": [
          "https://pub-6d7574c4452b41519ab8adf1541d7f9e.r2.dev/seichi/tokyo10sha/3AAjQbR7CSVnL1aZzOkDqDAGFoBgZoyjISCebxh8_e139a2df.png",
          "https://pub-6d7574c4452b41519ab8adf1541d7f9e.r2.dev/seichi/tokyo10sha/3AAjQbR7rOuFsTnO15TIN0YRQchYfeUkedV8G_qL_8a7e6647.png"
        ],
        "members": [
          "的野美青",
          "山下瞳月"
        ],
        "source": {
          "provider": "fumi Diary 2号店 (東京10社めぐりマップ)",
          "url": "https://www.google.com/maps/d/viewer?mid=1EOjvzb1kdZoT-4NoJnzMx1_b6dR_UoM",
          "mapId": "",
          "layer": "東京10社めぐり",
          "tags": [
            "東京10社",
            "的野美青",
            "山下瞳月",
            "神社"
          ],
          "name": "第一京浜国道"
        },
        "classification": {
          "category": "東京10社めぐり",
          "subcategory": "的野美青・山下瞳月",
          "method": "legacy-import",
          "status": "unreviewed"
        },
        "classificationCandidates": {
          "members": [],
          "projects": [],
          "contentTypes": []
        }
      }
    },
    {
      "type": "Feature",
      "geometry": {
        "type": "Point",
        "coordinates": [
          139.7384541,
          35.625004
        ]
      },
      "properties": {
        "id": "tokyo10-188",
        "name": "第一京浜国道",
        "category": "東京10社めぐり",
        "subcategory": "的野美青・山下瞳月",
        "categoryColor": "#f59e0b",
        "address": "",
        "sceneTitle": "第一京浜国道",
        "sceneNote": "",
        "sourceLabel": "fumi Diary 2号店 (東京10社めぐりマップ)",
        "sourceUrl": "https://www.google.com/maps/d/viewer?mid=1EOjvzb1kdZoT-4NoJnzMx1_b6dR_UoM",
        "tags": [
          "東京10社",
          "的野美青",
          "山下瞳月",
          "神社"
        ],
        "images": [
          "https://pub-6d7574c4452b41519ab8adf1541d7f9e.r2.dev/seichi/tokyo10sha/3AAjQbR5NC2Vkc3I83mLDO8Kt38Sxm3-ytFX5375_ee5664ec.png"
        ],
        "members": [
          "的野美青",
          "山下瞳月"
        ],
        "source": {
          "provider": "fumi Diary 2号店 (東京10社めぐりマップ)",
          "url": "https://www.google.com/maps/d/viewer?mid=1EOjvzb1kdZoT-4NoJnzMx1_b6dR_UoM",
          "mapId": "",
          "layer": "東京10社めぐり",
          "tags": [
            "東京10社",
            "的野美青",
            "山下瞳月",
            "神社"
          ],
          "name": "第一京浜国道"
        },
        "classification": {
          "category": "東京10社めぐり",
          "subcategory": "的野美青・山下瞳月",
          "method": "legacy-import",
          "status": "unreviewed"
        },
        "classificationCandidates": {
          "members": [],
          "projects": [],
          "contentTypes": []
        }
      }
    },
    {
      "type": "Feature",
      "geometry": {
        "type": "Point",
        "coordinates": [
          139.7384853,
          35.6248068
        ]
      },
      "properties": {
        "id": "tokyo10-189",
        "name": "第一京浜国道",
        "category": "東京10社めぐり",
        "subcategory": "的野美青・山下瞳月",
        "categoryColor": "#f59e0b",
        "address": "",
        "sceneTitle": "第一京浜国道",
        "sceneNote": "",
        "sourceLabel": "fumi Diary 2号店 (東京10社めぐりマップ)",
        "sourceUrl": "https://www.google.com/maps/d/viewer?mid=1EOjvzb1kdZoT-4NoJnzMx1_b6dR_UoM",
        "tags": [
          "東京10社",
          "的野美青",
          "山下瞳月",
          "神社"
        ],
        "images": [
          "https://pub-6d7574c4452b41519ab8adf1541d7f9e.r2.dev/seichi/tokyo10sha/3AAjQbR7W1SS_G477eLgwsr0c3LALpd8vpVY-lXg_241a2ce6.png"
        ],
        "members": [
          "的野美青",
          "山下瞳月"
        ],
        "source": {
          "provider": "fumi Diary 2号店 (東京10社めぐりマップ)",
          "url": "https://www.google.com/maps/d/viewer?mid=1EOjvzb1kdZoT-4NoJnzMx1_b6dR_UoM",
          "mapId": "",
          "layer": "東京10社めぐり",
          "tags": [
            "東京10社",
            "的野美青",
            "山下瞳月",
            "神社"
          ],
          "name": "第一京浜国道"
        },
        "classification": {
          "category": "東京10社めぐり",
          "subcategory": "的野美青・山下瞳月",
          "method": "legacy-import",
          "status": "unreviewed"
        },
        "classificationCandidates": {
          "members": [],
          "projects": [],
          "contentTypes": []
        }
      }
    },
    {
      "type": "Feature",
      "geometry": {
        "type": "Point",
        "coordinates": [
          139.7392749,
          35.6234163
        ]
      },
      "properties": {
        "id": "tokyo10-190",
        "name": "北品川本通り商店会",
        "category": "東京10社めぐり",
        "subcategory": "的野美青・山下瞳月",
        "categoryColor": "#f59e0b",
        "address": "",
        "sceneTitle": "北品川本通り商店会",
        "sceneNote": "",
        "sourceLabel": "fumi Diary 2号店 (東京10社めぐりマップ)",
        "sourceUrl": "https://www.google.com/maps/d/viewer?mid=1EOjvzb1kdZoT-4NoJnzMx1_b6dR_UoM",
        "tags": [
          "東京10社",
          "的野美青",
          "山下瞳月",
          "神社"
        ],
        "images": [
          "https://pub-6d7574c4452b41519ab8adf1541d7f9e.r2.dev/seichi/tokyo10sha/3AAjQbR7lR-bqnSgp9o4yv8DhyR5mQi47EIWNxzH_a1ae11e3.png",
          "https://pub-6d7574c4452b41519ab8adf1541d7f9e.r2.dev/seichi/tokyo10sha/3AAjQbR4hIgNZS_4gsqv7ABeCq3jysnUiFugx9VY_1aff2acb.png"
        ],
        "members": [
          "的野美青",
          "山下瞳月"
        ],
        "source": {
          "provider": "fumi Diary 2号店 (東京10社めぐりマップ)",
          "url": "https://www.google.com/maps/d/viewer?mid=1EOjvzb1kdZoT-4NoJnzMx1_b6dR_UoM",
          "mapId": "",
          "layer": "東京10社めぐり",
          "tags": [
            "東京10社",
            "的野美青",
            "山下瞳月",
            "神社"
          ],
          "name": "北品川本通り商店会"
        },
        "classification": {
          "category": "東京10社めぐり",
          "subcategory": "的野美青・山下瞳月",
          "method": "legacy-import",
          "status": "unreviewed"
        },
        "classificationCandidates": {
          "members": [],
          "projects": [],
          "contentTypes": []
        }
      }
    },
    {
      "type": "Feature",
      "geometry": {
        "type": "Point",
        "coordinates": [
          139.739415154791,
          35.6231711806998
        ]
      },
      "properties": {
        "id": "tokyo10-191",
        "name": "北品川本通り商店会",
        "category": "東京10社めぐり",
        "subcategory": "的野美青・山下瞳月",
        "categoryColor": "#f59e0b",
        "address": "",
        "sceneTitle": "北品川本通り商店会",
        "sceneNote": "",
        "sourceLabel": "fumi Diary 2号店 (東京10社めぐりマップ)",
        "sourceUrl": "https://www.google.com/maps/d/viewer?mid=1EOjvzb1kdZoT-4NoJnzMx1_b6dR_UoM",
        "tags": [
          "東京10社",
          "的野美青",
          "山下瞳月",
          "神社"
        ],
        "images": [
          "https://pub-6d7574c4452b41519ab8adf1541d7f9e.r2.dev/seichi/tokyo10sha/3AAjQbR6wdcNhhGPsN-LHpw69mKvudn2RGyrDikM_c32e066b.png"
        ],
        "members": [
          "的野美青",
          "山下瞳月"
        ],
        "source": {
          "provider": "fumi Diary 2号店 (東京10社めぐりマップ)",
          "url": "https://www.google.com/maps/d/viewer?mid=1EOjvzb1kdZoT-4NoJnzMx1_b6dR_UoM",
          "mapId": "",
          "layer": "東京10社めぐり",
          "tags": [
            "東京10社",
            "的野美青",
            "山下瞳月",
            "神社"
          ],
          "name": "北品川本通り商店会"
        },
        "classification": {
          "category": "東京10社めぐり",
          "subcategory": "的野美青・山下瞳月",
          "method": "legacy-import",
          "status": "unreviewed"
        },
        "classificationCandidates": {
          "members": [],
          "projects": [],
          "contentTypes": []
        }
      }
    },
    {
      "type": "Feature",
      "geometry": {
        "type": "Point",
        "coordinates": [
          139.739616093339,
          35.6227384551571
        ]
      },
      "properties": {
        "id": "tokyo10-192",
        "name": "北品川本通り商店会",
        "category": "東京10社めぐり",
        "subcategory": "的野美青・山下瞳月",
        "categoryColor": "#f59e0b",
        "address": "",
        "sceneTitle": "北品川本通り商店会",
        "sceneNote": "",
        "sourceLabel": "fumi Diary 2号店 (東京10社めぐりマップ)",
        "sourceUrl": "https://www.google.com/maps/d/viewer?mid=1EOjvzb1kdZoT-4NoJnzMx1_b6dR_UoM",
        "tags": [
          "東京10社",
          "的野美青",
          "山下瞳月",
          "神社"
        ],
        "images": [
          "https://pub-6d7574c4452b41519ab8adf1541d7f9e.r2.dev/seichi/tokyo10sha/3AAjQbR5pY8P9FQI2wV-Xxx7PvJwv9dYgthmPq6s_ccb3c59a.png",
          "https://pub-6d7574c4452b41519ab8adf1541d7f9e.r2.dev/seichi/tokyo10sha/3AAjQbR769TQ8X0ksEEq2XI4YdPk_3USzy-otaSq_b43c3175.png"
        ],
        "members": [
          "的野美青",
          "山下瞳月"
        ],
        "source": {
          "provider": "fumi Diary 2号店 (東京10社めぐりマップ)",
          "url": "https://www.google.com/maps/d/viewer?mid=1EOjvzb1kdZoT-4NoJnzMx1_b6dR_UoM",
          "mapId": "",
          "layer": "東京10社めぐり",
          "tags": [
            "東京10社",
            "的野美青",
            "山下瞳月",
            "神社"
          ],
          "name": "北品川本通り商店会"
        },
        "classification": {
          "category": "東京10社めぐり",
          "subcategory": "的野美青・山下瞳月",
          "method": "legacy-import",
          "status": "unreviewed"
        },
        "classificationCandidates": {
          "members": [],
          "projects": [],
          "contentTypes": []
        }
      }
    },
    {
      "type": "Feature",
      "geometry": {
        "type": "Point",
        "coordinates": [
          139.739888,
          35.6222731
        ]
      },
      "properties": {
        "id": "tokyo10-193",
        "name": "八百半商店",
        "category": "東京10社めぐり",
        "subcategory": "的野美青・山下瞳月",
        "categoryColor": "#f59e0b",
        "address": "",
        "sceneTitle": "八百半商店",
        "sceneNote": "的野美青が英語スキル発揮でカード配り成功!",
        "sourceLabel": "fumi Diary 2号店 (東京10社めぐりマップ)",
        "sourceUrl": "https://www.google.com/maps/d/viewer?mid=1EOjvzb1kdZoT-4NoJnzMx1_b6dR_UoM",
        "tags": [
          "東京10社",
          "的野美青",
          "山下瞳月",
          "神社"
        ],
        "images": [
          "https://pub-6d7574c4452b41519ab8adf1541d7f9e.r2.dev/seichi/tokyo10sha/3AAjQbR7Ig7QyEXpwyYvDiwI-QAzTYD2xlKJKhdZ_5025fd93.png",
          "https://pub-6d7574c4452b41519ab8adf1541d7f9e.r2.dev/seichi/tokyo10sha/3AAjQbR75j-96LofCRmyD0qVDRFi1lFPl70bk48Y_aec6e612.png",
          "https://pub-6d7574c4452b41519ab8adf1541d7f9e.r2.dev/seichi/tokyo10sha/3AAjQbR7hFVmqRvtYHWg5shBthkLofc0IQuuGY5n_6a6c0886.png",
          "https://pub-6d7574c4452b41519ab8adf1541d7f9e.r2.dev/seichi/tokyo10sha/3AAjQbR5FEmP-8YAyHT8HZLV10-1KPJDFLJFqjY0_090b60c6.png",
          "https://pub-6d7574c4452b41519ab8adf1541d7f9e.r2.dev/seichi/tokyo10sha/3AAjQbR45uHBF9pbrYWD1mxkEnp7cP3OI_CAJ-Ov_b0d7e0b8.png",
          "https://pub-6d7574c4452b41519ab8adf1541d7f9e.r2.dev/seichi/tokyo10sha/3AAjQbR5KPJeoYyPASVT13UDRJa3yVzNeXNtN5Qp_a288e0ba.png"
        ],
        "members": [
          "的野美青",
          "山下瞳月"
        ],
        "source": {
          "provider": "fumi Diary 2号店 (東京10社めぐりマップ)",
          "url": "https://www.google.com/maps/d/viewer?mid=1EOjvzb1kdZoT-4NoJnzMx1_b6dR_UoM",
          "mapId": "",
          "layer": "東京10社めぐり",
          "tags": [
            "東京10社",
            "的野美青",
            "山下瞳月",
            "神社"
          ],
          "name": "八百半商店"
        },
        "classification": {
          "category": "東京10社めぐり",
          "subcategory": "的野美青・山下瞳月",
          "method": "legacy-import",
          "status": "unreviewed"
        },
        "classificationCandidates": {
          "members": [],
          "projects": [],
          "contentTypes": []
        }
      }
    },
    {
      "type": "Feature",
      "geometry": {
        "type": "Point",
        "coordinates": [
          139.7400024,
          35.6221451
        ]
      },
      "properties": {
        "id": "tokyo10-194",
        "name": "北品川本通り商店会",
        "category": "東京10社めぐり",
        "subcategory": "的野美青・山下瞳月",
        "categoryColor": "#f59e0b",
        "address": "",
        "sceneTitle": "北品川本通り商店会",
        "sceneNote": "",
        "sourceLabel": "fumi Diary 2号店 (東京10社めぐりマップ)",
        "sourceUrl": "https://www.google.com/maps/d/viewer?mid=1EOjvzb1kdZoT-4NoJnzMx1_b6dR_UoM",
        "tags": [
          "東京10社",
          "的野美青",
          "山下瞳月",
          "神社"
        ],
        "images": [
          "https://pub-6d7574c4452b41519ab8adf1541d7f9e.r2.dev/seichi/tokyo10sha/3AAjQbR4WvOEEnXrTfRZ7jJV6vq1JQiUCXaNf85A_b2457593.png"
        ],
        "members": [
          "的野美青",
          "山下瞳月"
        ],
        "source": {
          "provider": "fumi Diary 2号店 (東京10社めぐりマップ)",
          "url": "https://www.google.com/maps/d/viewer?mid=1EOjvzb1kdZoT-4NoJnzMx1_b6dR_UoM",
          "mapId": "",
          "layer": "東京10社めぐり",
          "tags": [
            "東京10社",
            "的野美青",
            "山下瞳月",
            "神社"
          ],
          "name": "北品川本通り商店会"
        },
        "classification": {
          "category": "東京10社めぐり",
          "subcategory": "的野美青・山下瞳月",
          "method": "legacy-import",
          "status": "unreviewed"
        },
        "classificationCandidates": {
          "members": [],
          "projects": [],
          "contentTypes": []
        }
      }
    },
    {
      "type": "Feature",
      "geometry": {
        "type": "Point",
        "coordinates": [
          139.740484,
          35.6215191
        ]
      },
      "properties": {
        "id": "tokyo10-195",
        "name": "北品川本通り商店会",
        "category": "東京10社めぐり",
        "subcategory": "的野美青・山下瞳月",
        "categoryColor": "#f59e0b",
        "address": "",
        "sceneTitle": "北品川本通り商店会",
        "sceneNote": "",
        "sourceLabel": "fumi Diary 2号店 (東京10社めぐりマップ)",
        "sourceUrl": "https://www.google.com/maps/d/viewer?mid=1EOjvzb1kdZoT-4NoJnzMx1_b6dR_UoM",
        "tags": [
          "東京10社",
          "的野美青",
          "山下瞳月",
          "神社"
        ],
        "images": [
          "https://pub-6d7574c4452b41519ab8adf1541d7f9e.r2.dev/seichi/tokyo10sha/3AAjQbR7if91Q5zfhJKrIxN3Pst4GaS1-Jz0HLdZ_eea4c75c.png"
        ],
        "members": [
          "的野美青",
          "山下瞳月"
        ],
        "source": {
          "provider": "fumi Diary 2号店 (東京10社めぐりマップ)",
          "url": "https://www.google.com/maps/d/viewer?mid=1EOjvzb1kdZoT-4NoJnzMx1_b6dR_UoM",
          "mapId": "",
          "layer": "東京10社めぐり",
          "tags": [
            "東京10社",
            "的野美青",
            "山下瞳月",
            "神社"
          ],
          "name": "北品川本通り商店会"
        },
        "classification": {
          "category": "東京10社めぐり",
          "subcategory": "的野美青・山下瞳月",
          "method": "legacy-import",
          "status": "unreviewed"
        },
        "classificationCandidates": {
          "members": [],
          "projects": [],
          "contentTypes": []
        }
      }
    },
    {
      "type": "Feature",
      "geometry": {
        "type": "Point",
        "coordinates": [
          139.740494,
          35.6214815
        ]
      },
      "properties": {
        "id": "tokyo10-196",
        "name": "家尾福青果店",
        "category": "東京10社めぐり",
        "subcategory": "的野美青・山下瞳月",
        "categoryColor": "#f59e0b",
        "address": "",
        "sceneTitle": "家尾福青果店",
        "sceneNote": "カードを配りました。",
        "sourceLabel": "fumi Diary 2号店 (東京10社めぐりマップ)",
        "sourceUrl": "https://www.google.com/maps/d/viewer?mid=1EOjvzb1kdZoT-4NoJnzMx1_b6dR_UoM",
        "tags": [
          "東京10社",
          "的野美青",
          "山下瞳月",
          "神社"
        ],
        "images": [
          "https://pub-6d7574c4452b41519ab8adf1541d7f9e.r2.dev/seichi/tokyo10sha/3AAjQbR6it29Ey2ho37SEEJI4zkRV-JrlcrcpWA__12ba579e.png",
          "https://pub-6d7574c4452b41519ab8adf1541d7f9e.r2.dev/seichi/tokyo10sha/3AAjQbR5e865TauqEayK-yjPFfi9xH76HeltmeDQ_48b3e532.png",
          "https://pub-6d7574c4452b41519ab8adf1541d7f9e.r2.dev/seichi/tokyo10sha/3AAjQbR6fOS0yVm7OdU8TAAS5oRgRBMos4zsUFq5_e72d6c9e.png",
          "https://pub-6d7574c4452b41519ab8adf1541d7f9e.r2.dev/seichi/tokyo10sha/3AAjQbR7o9S35iv78a-VQOWe7h7VPWVP6XQLTtA6_2ebbb2ad.png"
        ],
        "members": [
          "的野美青",
          "山下瞳月"
        ],
        "source": {
          "provider": "fumi Diary 2号店 (東京10社めぐりマップ)",
          "url": "https://www.google.com/maps/d/viewer?mid=1EOjvzb1kdZoT-4NoJnzMx1_b6dR_UoM",
          "mapId": "",
          "layer": "東京10社めぐり",
          "tags": [
            "東京10社",
            "的野美青",
            "山下瞳月",
            "神社"
          ],
          "name": "家尾福青果店"
        },
        "classification": {
          "category": "東京10社めぐり",
          "subcategory": "的野美青・山下瞳月",
          "method": "legacy-import",
          "status": "unreviewed"
        },
        "classificationCandidates": {
          "members": [],
          "projects": [],
          "contentTypes": []
        }
      }
    },
    {
      "type": "Feature",
      "geometry": {
        "type": "Point",
        "coordinates": [
          139.7407594,
          35.621161
        ]
      },
      "properties": {
        "id": "tokyo10-197",
        "name": "関生花店",
        "category": "東京10社めぐり",
        "subcategory": "的野美青・山下瞳月",
        "categoryColor": "#f59e0b",
        "address": "",
        "sceneTitle": "関生花店",
        "sceneNote": "",
        "sourceLabel": "fumi Diary 2号店 (東京10社めぐりマップ)",
        "sourceUrl": "https://www.google.com/maps/d/viewer?mid=1EOjvzb1kdZoT-4NoJnzMx1_b6dR_UoM",
        "tags": [
          "東京10社",
          "的野美青",
          "山下瞳月",
          "神社"
        ],
        "images": [
          "https://pub-6d7574c4452b41519ab8adf1541d7f9e.r2.dev/seichi/tokyo10sha/3AAjQbR4b2BWxEeNxE_mUSQuf_WdD9Um6S2uYd-2_bd50ee8c.png",
          "https://pub-6d7574c4452b41519ab8adf1541d7f9e.r2.dev/seichi/tokyo10sha/3AAjQbR7z7Su2A2cF34qVfeVRhJfYYyWMq11KCd0_6e61990b.png"
        ],
        "members": [
          "的野美青",
          "山下瞳月"
        ],
        "source": {
          "provider": "fumi Diary 2号店 (東京10社めぐりマップ)",
          "url": "https://www.google.com/maps/d/viewer?mid=1EOjvzb1kdZoT-4NoJnzMx1_b6dR_UoM",
          "mapId": "",
          "layer": "東京10社めぐり",
          "tags": [
            "東京10社",
            "的野美青",
            "山下瞳月",
            "神社"
          ],
          "name": "関生花店"
        },
        "classification": {
          "category": "東京10社めぐり",
          "subcategory": "的野美青・山下瞳月",
          "method": "legacy-import",
          "status": "unreviewed"
        },
        "classificationCandidates": {
          "members": [],
          "projects": [],
          "contentTypes": []
        }
      }
    },
    {
      "type": "Feature",
      "geometry": {
        "type": "Point",
        "coordinates": [
          139.7411248,
          35.6208215
        ]
      },
      "properties": {
        "id": "tokyo10-198",
        "name": "北品川本通り商店会",
        "category": "東京10社めぐり",
        "subcategory": "的野美青・山下瞳月",
        "categoryColor": "#f59e0b",
        "address": "",
        "sceneTitle": "北品川本通り商店会",
        "sceneNote": "",
        "sourceLabel": "fumi Diary 2号店 (東京10社めぐりマップ)",
        "sourceUrl": "https://www.google.com/maps/d/viewer?mid=1EOjvzb1kdZoT-4NoJnzMx1_b6dR_UoM",
        "tags": [
          "東京10社",
          "的野美青",
          "山下瞳月",
          "神社"
        ],
        "images": [
          "https://pub-6d7574c4452b41519ab8adf1541d7f9e.r2.dev/seichi/tokyo10sha/3AAjQbR71utM-VP-0GMjC3y1zNGgJmH1uQBpFvIw_440fd1a1.png"
        ],
        "members": [
          "的野美青",
          "山下瞳月"
        ],
        "source": {
          "provider": "fumi Diary 2号店 (東京10社めぐりマップ)",
          "url": "https://www.google.com/maps/d/viewer?mid=1EOjvzb1kdZoT-4NoJnzMx1_b6dR_UoM",
          "mapId": "",
          "layer": "東京10社めぐり",
          "tags": [
            "東京10社",
            "的野美青",
            "山下瞳月",
            "神社"
          ],
          "name": "北品川本通り商店会"
        },
        "classification": {
          "category": "東京10社めぐり",
          "subcategory": "的野美青・山下瞳月",
          "method": "legacy-import",
          "status": "unreviewed"
        },
        "classificationCandidates": {
          "members": [],
          "projects": [],
          "contentTypes": []
        }
      }
    },
    {
      "type": "Feature",
      "geometry": {
        "type": "Point",
        "coordinates": [
          139.741174,
          35.620726
        ]
      },
      "properties": {
        "id": "tokyo10-199",
        "name": "北品川本通り商店会",
        "category": "東京10社めぐり",
        "subcategory": "的野美青・山下瞳月",
        "categoryColor": "#f59e0b",
        "address": "",
        "sceneTitle": "北品川本通り商店会",
        "sceneNote": "",
        "sourceLabel": "fumi Diary 2号店 (東京10社めぐりマップ)",
        "sourceUrl": "https://www.google.com/maps/d/viewer?mid=1EOjvzb1kdZoT-4NoJnzMx1_b6dR_UoM",
        "tags": [
          "東京10社",
          "的野美青",
          "山下瞳月",
          "神社"
        ],
        "images": [
          "https://pub-6d7574c4452b41519ab8adf1541d7f9e.r2.dev/seichi/tokyo10sha/3AAjQbR5trhNNtGLL7eh47U9zmRU17DqFRpCNY8p_cfb7319b.png"
        ],
        "members": [
          "的野美青",
          "山下瞳月"
        ],
        "source": {
          "provider": "fumi Diary 2号店 (東京10社めぐりマップ)",
          "url": "https://www.google.com/maps/d/viewer?mid=1EOjvzb1kdZoT-4NoJnzMx1_b6dR_UoM",
          "mapId": "",
          "layer": "東京10社めぐり",
          "tags": [
            "東京10社",
            "的野美青",
            "山下瞳月",
            "神社"
          ],
          "name": "北品川本通り商店会"
        },
        "classification": {
          "category": "東京10社めぐり",
          "subcategory": "的野美青・山下瞳月",
          "method": "legacy-import",
          "status": "unreviewed"
        },
        "classificationCandidates": {
          "members": [],
          "projects": [],
          "contentTypes": []
        }
      }
    },
    {
      "type": "Feature",
      "geometry": {
        "type": "Point",
        "coordinates": [
          139.7413182,
          35.6206427
        ]
      },
      "properties": {
        "id": "tokyo10-200",
        "name": "北品川本通り商店会",
        "category": "東京10社めぐり",
        "subcategory": "的野美青・山下瞳月",
        "categoryColor": "#f59e0b",
        "address": "",
        "sceneTitle": "北品川本通り商店会",
        "sceneNote": "あと2枚",
        "sourceLabel": "fumi Diary 2号店 (東京10社めぐりマップ)",
        "sourceUrl": "https://www.google.com/maps/d/viewer?mid=1EOjvzb1kdZoT-4NoJnzMx1_b6dR_UoM",
        "tags": [
          "東京10社",
          "的野美青",
          "山下瞳月",
          "神社"
        ],
        "images": [
          "https://pub-6d7574c4452b41519ab8adf1541d7f9e.r2.dev/seichi/tokyo10sha/3AAjQbR5qxCE2LsXCd3c9hAeSxWmzMGI4xQU9kJr_daa737df.png"
        ],
        "members": [
          "的野美青",
          "山下瞳月"
        ],
        "source": {
          "provider": "fumi Diary 2号店 (東京10社めぐりマップ)",
          "url": "https://www.google.com/maps/d/viewer?mid=1EOjvzb1kdZoT-4NoJnzMx1_b6dR_UoM",
          "mapId": "",
          "layer": "東京10社めぐり",
          "tags": [
            "東京10社",
            "的野美青",
            "山下瞳月",
            "神社"
          ],
          "name": "北品川本通り商店会"
        },
        "classification": {
          "category": "東京10社めぐり",
          "subcategory": "的野美青・山下瞳月",
          "method": "legacy-import",
          "status": "unreviewed"
        },
        "classificationCandidates": {
          "members": [],
          "projects": [],
          "contentTypes": []
        }
      }
    },
    {
      "type": "Feature",
      "geometry": {
        "type": "Point",
        "coordinates": [
          139.7427327,
          35.6193807
        ]
      },
      "properties": {
        "id": "tokyo10-201",
        "name": "KAIDO books&coffee",
        "category": "東京10社めぐり",
        "subcategory": "的野美青・山下瞳月",
        "categoryColor": "#f59e0b",
        "address": "",
        "sceneTitle": "KAIDO books&coffee",
        "sceneNote": "キャンペーンカード100枚配布達成!",
        "sourceLabel": "fumi Diary 2号店 (東京10社めぐりマップ)",
        "sourceUrl": "https://www.google.com/maps/d/viewer?mid=1EOjvzb1kdZoT-4NoJnzMx1_b6dR_UoM",
        "tags": [
          "東京10社",
          "的野美青",
          "山下瞳月",
          "神社"
        ],
        "images": [
          "https://pub-6d7574c4452b41519ab8adf1541d7f9e.r2.dev/seichi/tokyo10sha/3AAjQbR6BPWiWh00nIGKSByiMEySao6qBxnwbhwy_6389569a.png",
          "https://pub-6d7574c4452b41519ab8adf1541d7f9e.r2.dev/seichi/tokyo10sha/3AAjQbR7H2kizqGV5EZTRPpMl1LeXEbD63o3WgRG_f72fb570.png",
          "https://pub-6d7574c4452b41519ab8adf1541d7f9e.r2.dev/seichi/tokyo10sha/3AAjQbR5eSU6Uh3zFKkkcqZn9gKzoeJMdvinOn0Y_c75c3f29.png",
          "https://pub-6d7574c4452b41519ab8adf1541d7f9e.r2.dev/seichi/tokyo10sha/3AAjQbR7uvwKXzOA7enzUspj4qR2PnFQxVHs4hEQ_390e355f.png"
        ],
        "members": [
          "的野美青",
          "山下瞳月"
        ],
        "source": {
          "provider": "fumi Diary 2号店 (東京10社めぐりマップ)",
          "url": "https://www.google.com/maps/d/viewer?mid=1EOjvzb1kdZoT-4NoJnzMx1_b6dR_UoM",
          "mapId": "",
          "layer": "東京10社めぐり",
          "tags": [
            "東京10社",
            "的野美青",
            "山下瞳月",
            "神社"
          ],
          "name": "KAIDO books&coffee"
        },
        "classification": {
          "category": "東京10社めぐり",
          "subcategory": "的野美青・山下瞳月",
          "method": "legacy-import",
          "status": "unreviewed"
        },
        "classificationCandidates": {
          "members": [],
          "projects": [],
          "contentTypes": []
        }
      }
    },
    {
      "type": "Feature",
      "geometry": {
        "type": "Point",
        "coordinates": [
          139.74375534853,
          35.6183287805319
        ]
      },
      "properties": {
        "id": "tokyo10-202",
        "name": "北馬場参道通り",
        "category": "東京10社めぐり",
        "subcategory": "的野美青・山下瞳月",
        "categoryColor": "#f59e0b",
        "address": "",
        "sceneTitle": "北馬場参道通り",
        "sceneNote": "あと一社",
        "sourceLabel": "fumi Diary 2号店 (東京10社めぐりマップ)",
        "sourceUrl": "https://www.google.com/maps/d/viewer?mid=1EOjvzb1kdZoT-4NoJnzMx1_b6dR_UoM",
        "tags": [
          "東京10社",
          "的野美青",
          "山下瞳月",
          "神社"
        ],
        "images": [
          "https://pub-6d7574c4452b41519ab8adf1541d7f9e.r2.dev/seichi/tokyo10sha/3AAjQbR4Sc8V8nT9uhLtguPBDgeHMJH4jlp6xQ76_8a15cfe8.png",
          "https://pub-6d7574c4452b41519ab8adf1541d7f9e.r2.dev/seichi/tokyo10sha/3AAjQbR5WCGQtjM8g-cBrKytuAR89ZMNrme20ggJ_7b71c73c.png"
        ],
        "members": [
          "的野美青",
          "山下瞳月"
        ],
        "source": {
          "provider": "fumi Diary 2号店 (東京10社めぐりマップ)",
          "url": "https://www.google.com/maps/d/viewer?mid=1EOjvzb1kdZoT-4NoJnzMx1_b6dR_UoM",
          "mapId": "",
          "layer": "東京10社めぐり",
          "tags": [
            "東京10社",
            "的野美青",
            "山下瞳月",
            "神社"
          ],
          "name": "北馬場参道通り"
        },
        "classification": {
          "category": "東京10社めぐり",
          "subcategory": "的野美青・山下瞳月",
          "method": "legacy-import",
          "status": "unreviewed"
        },
        "classificationCandidates": {
          "members": [],
          "projects": [],
          "contentTypes": []
        }
      }
    },
    {
      "type": "Feature",
      "geometry": {
        "type": "Point",
        "coordinates": [
          139.7423058,
          35.6183007
        ]
      },
      "properties": {
        "id": "tokyo10-203",
        "name": "北馬場参道通り",
        "category": "東京10社めぐり",
        "subcategory": "的野美青・山下瞳月",
        "categoryColor": "#f59e0b",
        "address": "",
        "sceneTitle": "北馬場参道通り",
        "sceneNote": "",
        "sourceLabel": "fumi Diary 2号店 (東京10社めぐりマップ)",
        "sourceUrl": "https://www.google.com/maps/d/viewer?mid=1EOjvzb1kdZoT-4NoJnzMx1_b6dR_UoM",
        "tags": [
          "東京10社",
          "的野美青",
          "山下瞳月",
          "神社"
        ],
        "images": [
          "https://pub-6d7574c4452b41519ab8adf1541d7f9e.r2.dev/seichi/tokyo10sha/3AAjQbR54Khqi8O_lEfnEcDEi3b5ZDAX_Cyy1wLj_f30d6d59.png"
        ],
        "members": [
          "的野美青",
          "山下瞳月"
        ],
        "source": {
          "provider": "fumi Diary 2号店 (東京10社めぐりマップ)",
          "url": "https://www.google.com/maps/d/viewer?mid=1EOjvzb1kdZoT-4NoJnzMx1_b6dR_UoM",
          "mapId": "",
          "layer": "東京10社めぐり",
          "tags": [
            "東京10社",
            "的野美青",
            "山下瞳月",
            "神社"
          ],
          "name": "北馬場参道通り"
        },
        "classification": {
          "category": "東京10社めぐり",
          "subcategory": "的野美青・山下瞳月",
          "method": "legacy-import",
          "status": "unreviewed"
        },
        "classificationCandidates": {
          "members": [],
          "projects": [],
          "contentTypes": []
        }
      }
    },
    {
      "type": "Feature",
      "geometry": {
        "type": "Point",
        "coordinates": [
          139.7408264,
          35.6183219
        ]
      },
      "properties": {
        "id": "tokyo10-204",
        "name": "北品川三丁目交差点",
        "category": "東京10社めぐり",
        "subcategory": "的野美青・山下瞳月",
        "categoryColor": "#f59e0b",
        "address": "",
        "sceneTitle": "北品川三丁目交差点",
        "sceneNote": "",
        "sourceLabel": "fumi Diary 2号店 (東京10社めぐりマップ)",
        "sourceUrl": "https://www.google.com/maps/d/viewer?mid=1EOjvzb1kdZoT-4NoJnzMx1_b6dR_UoM",
        "tags": [
          "東京10社",
          "的野美青",
          "山下瞳月",
          "神社"
        ],
        "images": [
          "https://pub-6d7574c4452b41519ab8adf1541d7f9e.r2.dev/seichi/tokyo10sha/3AAjQbR5zQM_flhP1CkycWzTiBen6vu61oOf7E9O_ed1b5e31.png",
          "https://pub-6d7574c4452b41519ab8adf1541d7f9e.r2.dev/seichi/tokyo10sha/3AAjQbR7R2dQgPrH0yzxCnPYurUZAaC3vJCxOwQH_3981f857.png"
        ],
        "members": [
          "的野美青",
          "山下瞳月"
        ],
        "source": {
          "provider": "fumi Diary 2号店 (東京10社めぐりマップ)",
          "url": "https://www.google.com/maps/d/viewer?mid=1EOjvzb1kdZoT-4NoJnzMx1_b6dR_UoM",
          "mapId": "",
          "layer": "東京10社めぐり",
          "tags": [
            "東京10社",
            "的野美青",
            "山下瞳月",
            "神社"
          ],
          "name": "北品川三丁目交差点"
        },
        "classification": {
          "category": "東京10社めぐり",
          "subcategory": "的野美青・山下瞳月",
          "method": "legacy-import",
          "status": "unreviewed"
        },
        "classificationCandidates": {
          "members": [],
          "projects": [],
          "contentTypes": []
        }
      }
    },
    {
      "type": "Feature",
      "geometry": {
        "type": "Point",
        "coordinates": [
          139.7405476,
          35.6183976
        ]
      },
      "properties": {
        "id": "tokyo10-205",
        "name": "品川神社",
        "category": "東京10社めぐり",
        "subcategory": "的野美青・山下瞳月",
        "categoryColor": "#f59e0b",
        "address": "",
        "sceneTitle": "品川神社",
        "sceneNote": "",
        "sourceLabel": "fumi Diary 2号店 (東京10社めぐりマップ)",
        "sourceUrl": "https://www.google.com/maps/d/viewer?mid=1EOjvzb1kdZoT-4NoJnzMx1_b6dR_UoM",
        "tags": [
          "東京10社",
          "的野美青",
          "山下瞳月",
          "神社"
        ],
        "images": [
          "https://pub-6d7574c4452b41519ab8adf1541d7f9e.r2.dev/seichi/tokyo10sha/3AAjQbR7wIQB3KC7AQpeILBb050tw7RveTlNn0r-_0f70590d.png"
        ],
        "members": [
          "的野美青",
          "山下瞳月"
        ],
        "source": {
          "provider": "fumi Diary 2号店 (東京10社めぐりマップ)",
          "url": "https://www.google.com/maps/d/viewer?mid=1EOjvzb1kdZoT-4NoJnzMx1_b6dR_UoM",
          "mapId": "",
          "layer": "東京10社めぐり",
          "tags": [
            "東京10社",
            "的野美青",
            "山下瞳月",
            "神社"
          ],
          "name": "品川神社"
        },
        "classification": {
          "category": "東京10社めぐり",
          "subcategory": "的野美青・山下瞳月",
          "method": "legacy-import",
          "status": "unreviewed"
        },
        "classificationCandidates": {
          "members": [],
          "projects": [],
          "contentTypes": []
        }
      }
    },
    {
      "type": "Feature",
      "geometry": {
        "type": "Point",
        "coordinates": [
          139.7397111,
          35.6184787
        ]
      },
      "properties": {
        "id": "tokyo10-206",
        "name": "品川神社 本殿",
        "category": "東京10社めぐり",
        "subcategory": "的野美青・山下瞳月",
        "categoryColor": "#f59e0b",
        "address": "",
        "sceneTitle": "品川神社 本殿",
        "sceneNote": "",
        "sourceLabel": "fumi Diary 2号店 (東京10社めぐりマップ)",
        "sourceUrl": "https://www.google.com/maps/d/viewer?mid=1EOjvzb1kdZoT-4NoJnzMx1_b6dR_UoM",
        "tags": [
          "東京10社",
          "的野美青",
          "山下瞳月",
          "神社"
        ],
        "images": [
          "https://pub-6d7574c4452b41519ab8adf1541d7f9e.r2.dev/seichi/tokyo10sha/3AAjQbR5C7ww7o312lJMG4d53lYXekXJqPRBr_ms_4d9027f5.png",
          "https://pub-6d7574c4452b41519ab8adf1541d7f9e.r2.dev/seichi/tokyo10sha/3AAjQbR6tAGDK3QU5nzAm5Tj8U5laL928z_ck145_713a66c1.png"
        ],
        "members": [
          "的野美青",
          "山下瞳月"
        ],
        "source": {
          "provider": "fumi Diary 2号店 (東京10社めぐりマップ)",
          "url": "https://www.google.com/maps/d/viewer?mid=1EOjvzb1kdZoT-4NoJnzMx1_b6dR_UoM",
          "mapId": "",
          "layer": "東京10社めぐり",
          "tags": [
            "東京10社",
            "的野美青",
            "山下瞳月",
            "神社"
          ],
          "name": "品川神社 本殿"
        },
        "classification": {
          "category": "東京10社めぐり",
          "subcategory": "的野美青・山下瞳月",
          "method": "legacy-import",
          "status": "unreviewed"
        },
        "classificationCandidates": {
          "members": [],
          "projects": [],
          "contentTypes": []
        }
      }
    },
    {
      "type": "Feature",
      "geometry": {
        "type": "Point",
        "coordinates": [
          139.739803,
          35.6183838
        ]
      },
      "properties": {
        "id": "tokyo10-207",
        "name": "品川神社 授与所",
        "category": "東京10社めぐり",
        "subcategory": "的野美青・山下瞳月",
        "categoryColor": "#f59e0b",
        "address": "",
        "sceneTitle": "品川神社 授与所",
        "sceneNote": "",
        "sourceLabel": "fumi Diary 2号店 (東京10社めぐりマップ)",
        "sourceUrl": "https://www.google.com/maps/d/viewer?mid=1EOjvzb1kdZoT-4NoJnzMx1_b6dR_UoM",
        "tags": [
          "東京10社",
          "的野美青",
          "山下瞳月",
          "神社"
        ],
        "images": [],
        "members": [
          "的野美青",
          "山下瞳月"
        ],
        "source": {
          "provider": "fumi Diary 2号店 (東京10社めぐりマップ)",
          "url": "https://www.google.com/maps/d/viewer?mid=1EOjvzb1kdZoT-4NoJnzMx1_b6dR_UoM",
          "mapId": "",
          "layer": "東京10社めぐり",
          "tags": [
            "東京10社",
            "的野美青",
            "山下瞳月",
            "神社"
          ],
          "name": "品川神社 授与所"
        },
        "classification": {
          "category": "東京10社めぐり",
          "subcategory": "的野美青・山下瞳月",
          "method": "legacy-import",
          "status": "unreviewed"
        },
        "classificationCandidates": {
          "members": [],
          "projects": [],
          "contentTypes": []
        }
      }
    },
    {
      "type": "Feature",
      "geometry": {
        "type": "Point",
        "coordinates": [
          139.7399291,
          35.6185749
        ]
      },
      "properties": {
        "id": "tokyo10-208",
        "name": "品川神社 神楽殿",
        "category": "東京10社めぐり",
        "subcategory": "的野美青・山下瞳月",
        "categoryColor": "#f59e0b",
        "address": "",
        "sceneTitle": "品川神社 神楽殿",
        "sceneNote": "16:37 東京十社めぐり達成",
        "sourceLabel": "fumi Diary 2号店 (東京10社めぐりマップ)",
        "sourceUrl": "https://www.google.com/maps/d/viewer?mid=1EOjvzb1kdZoT-4NoJnzMx1_b6dR_UoM",
        "tags": [
          "東京10社",
          "的野美青",
          "山下瞳月",
          "神社"
        ],
        "images": [
          "https://pub-6d7574c4452b41519ab8adf1541d7f9e.r2.dev/seichi/tokyo10sha/3AAjQbR5L3-yJb0iv6smJ8UmYMicBmkdia8QWRq7_f9a8ca74.png",
          "https://pub-6d7574c4452b41519ab8adf1541d7f9e.r2.dev/seichi/tokyo10sha/3AAjQbR4Z40jed04OoARZBgGIjlw9xph7tAs_y-O_d40060a9.png",
          "https://pub-6d7574c4452b41519ab8adf1541d7f9e.r2.dev/seichi/tokyo10sha/3AAjQbR5O-uNhnoqMwqQ6fGjh-LD8qxrPA8S7n1K_8421b1c4.png"
        ],
        "members": [
          "的野美青",
          "山下瞳月"
        ],
        "source": {
          "provider": "fumi Diary 2号店 (東京10社めぐりマップ)",
          "url": "https://www.google.com/maps/d/viewer?mid=1EOjvzb1kdZoT-4NoJnzMx1_b6dR_UoM",
          "mapId": "",
          "layer": "東京10社めぐり",
          "tags": [
            "東京10社",
            "的野美青",
            "山下瞳月",
            "神社"
          ],
          "name": "品川神社 神楽殿"
        },
        "classification": {
          "category": "東京10社めぐり",
          "subcategory": "的野美青・山下瞳月",
          "method": "legacy-import",
          "status": "unreviewed"
        },
        "classificationCandidates": {
          "members": [],
          "projects": [],
          "contentTypes": []
        }
      }
    },
    {
      "type": "Feature",
      "geometry": {
        "type": "Point",
        "coordinates": [
          139.7397976,
          35.6184337
        ]
      },
      "properties": {
        "id": "tokyo10-209",
        "name": "品川神社 絵馬掛け",
        "category": "東京10社めぐり",
        "subcategory": "的野美青・山下瞳月",
        "categoryColor": "#f59e0b",
        "address": "",
        "sceneTitle": "品川神社 絵馬掛け",
        "sceneNote": "",
        "sourceLabel": "fumi Diary 2号店 (東京10社めぐりマップ)",
        "sourceUrl": "https://www.google.com/maps/d/viewer?mid=1EOjvzb1kdZoT-4NoJnzMx1_b6dR_UoM",
        "tags": [
          "東京10社",
          "的野美青",
          "山下瞳月",
          "神社"
        ],
        "images": [
          "https://pub-6d7574c4452b41519ab8adf1541d7f9e.r2.dev/seichi/tokyo10sha/3AAjQbR7XMaLC7-sMmh_0GJF6iJhddTXmSO5IdBo_d29a69fe.png",
          "https://pub-6d7574c4452b41519ab8adf1541d7f9e.r2.dev/seichi/tokyo10sha/3AAjQbR4k_hFXKPvBqZKL1XC6A4bq2kP84txfyxi_e598a856.png",
          "https://pub-6d7574c4452b41519ab8adf1541d7f9e.r2.dev/seichi/tokyo10sha/3AAjQbR4gMdG53hrcuZjIaL4c6fIWPgWc87-gVJu_ba9b861b.png"
        ],
        "members": [
          "的野美青",
          "山下瞳月"
        ],
        "source": {
          "provider": "fumi Diary 2号店 (東京10社めぐりマップ)",
          "url": "https://www.google.com/maps/d/viewer?mid=1EOjvzb1kdZoT-4NoJnzMx1_b6dR_UoM",
          "mapId": "",
          "layer": "東京10社めぐり",
          "tags": [
            "東京10社",
            "的野美青",
            "山下瞳月",
            "神社"
          ],
          "name": "品川神社 絵馬掛け"
        },
        "classification": {
          "category": "東京10社めぐり",
          "subcategory": "的野美青・山下瞳月",
          "method": "legacy-import",
          "status": "unreviewed"
        },
        "classificationCandidates": {
          "members": [],
          "projects": [],
          "contentTypes": []
        }
      }
    },
    {
      "type": "Feature",
      "geometry": {
        "type": "Point",
        "coordinates": [
          139.7398398,
          35.6185067
        ]
      },
      "properties": {
        "id": "tokyo10-210",
        "name": "品川神社",
        "category": "東京10社めぐり",
        "subcategory": "的野美青・山下瞳月",
        "categoryColor": "#f59e0b",
        "address": "",
        "sceneTitle": "品川神社",
        "sceneNote": "10枚目シングルヒット祈願大成功!",
        "sourceLabel": "fumi Diary 2号店 (東京10社めぐりマップ)",
        "sourceUrl": "https://www.google.com/maps/d/viewer?mid=1EOjvzb1kdZoT-4NoJnzMx1_b6dR_UoM",
        "tags": [
          "東京10社",
          "的野美青",
          "山下瞳月",
          "神社"
        ],
        "images": [
          "https://pub-6d7574c4452b41519ab8adf1541d7f9e.r2.dev/seichi/tokyo10sha/3AAjQbR6wUiZjfI0nMhB2YGsYiovdte64kEsv6L__de37e080.png",
          "https://pub-6d7574c4452b41519ab8adf1541d7f9e.r2.dev/seichi/tokyo10sha/3AAjQbR54n88zy_elXhwmP3d1ue-J-sqOzGXbELZ_c0e75f57.png",
          "https://pub-6d7574c4452b41519ab8adf1541d7f9e.r2.dev/seichi/tokyo10sha/3AAjQbR7-8tqGguCqK_8F6hpw-7gfJ2yGBg6iE2X_9d96a390.png",
          "https://pub-6d7574c4452b41519ab8adf1541d7f9e.r2.dev/seichi/tokyo10sha/3AAjQbR5V1vbiVO9-Zc1TU4y1LldHp5mWi9Krl2O_33867d32.png"
        ],
        "members": [
          "的野美青",
          "山下瞳月"
        ],
        "source": {
          "provider": "fumi Diary 2号店 (東京10社めぐりマップ)",
          "url": "https://www.google.com/maps/d/viewer?mid=1EOjvzb1kdZoT-4NoJnzMx1_b6dR_UoM",
          "mapId": "",
          "layer": "東京10社めぐり",
          "tags": [
            "東京10社",
            "的野美青",
            "山下瞳月",
            "神社"
          ],
          "name": "品川神社"
        },
        "classification": {
          "category": "東京10社めぐり",
          "subcategory": "的野美青・山下瞳月",
          "method": "legacy-import",
          "status": "unreviewed"
        },
        "classificationCandidates": {
          "members": [],
          "projects": [],
          "contentTypes": []
        }
      }
    }
  ]
}
